castid,castname
1,50 Cent
2,6ix9ine
3,A Martinez
4,A. Brian Daniels
5,A. Patrice Moreau
6,A.J. Cook
7,Aakash Sinha
8,Aaliyah
9,Aaliyah Lopez
10,Aalok Mehta
11,Aaron Abrams
12,Aaron Altaras
13,Aaron Ashmore
14,Aaron Augustus
15,Aaron Beelner
16,Aaron Blakely
17,Aaron Burns
18,Aaron Cohen
19,Aaron Costa Ganis
20,Aaron Crippen
21,Aaron Dalla Villa
22,Aaron Dessner
23,Aaron Douglas
24,Aaron Eckhart
25,Aaron Fisher
26,Aaron Gain
27,Aaron Glenane
28,Aaron Groben
29,Aaron Jackson
30,Aaron Jay Rome
31,Aaron Johnson
32,Aaron Joshua
33,Aaron Larsen
34,Aaron McCusker
35,Aaron Miller
36,Aaron Monaghan
37,Aaron Moorhead
38,Aaron Neil
39,Aaron Neville
40,Aaron Paul
41,Aaron Paul Stewart
42,Aaron Pearl
43,Aaron Pedersen
44,Aaron Phagura
45,Aaron Pierre
46,Aaron Poole
47,Aaron Russo
48,Aaron Stanford
49,Aaron Swartz
50,Aaron Taylor-Johnson
51,Aaron Tveit
52,Aaron V. Williamson
53,Aaron W Reed
54,Aaron Wan
55,Aaron Yoo
56,Aarti Kulkarni
57,Aasif Mandvi
58,Aat Ceelen
59,Abbas Kiarostami
60,Abbey Lee
61,Abbey Lincoln
62,Abbi Jacobson
63,Abbie Cobb
64,Abbie Cornish
65,Abbie Gayle
66,Abby Craden
67,Abby Elliott
68,Abby Linne
69,Abby Quinn
70,Abby Ryder Fortson
71,Abby Stretch
72,Abby Travis
73,Abby Trott
74,Abdelhamid Hefny Ahmed
75,Abdellatif Chaouqi
76,Abdelmalik Dhaflaoui
77,Abdou Balde
78,Abdoul Karim Konaté
79,Abdul Alshareef
80,Abdul Aziz
81,Abdul Hakim Joy
82,Abdul Quadir Amin
83,Abdulaziz Shtian
84,Abdulhamit Gul
85,Abdulla Basha
86,Abdulwahab Tahhan
87,Abe Clifford-Barr
88,Abe Cohen
89,Abel Becerra
90,Abel Djilali
91,Abel Ferrara
92,Abel Jafri
93,Abel Ledesma
94,Abel Perez
95,Abel Tekeste
96,Abhishek Kale
97,Abhishek Khandekar
98,Abigail Breslin
99,Abigail Coburn
100,Abigail Cowen
101,Abigail Friend
102,Abigail Johns
103,Abigail Marlowe
104,Abigail Rice
105,Abolfazl Shirzad
106,Abra
107,Abraham Benrubi
108,Abraham Clinkscales
109,Abraham Popoola
110,Abril Zamora
111,Abu Bakr Al-Baghdadi
112,Abu Fallah
113,Abu Osama
114,Abílio Bejinha
115,Ace Bhatti
116,Ace Gibson
117,Acei Martin
118,Achille Brugnini
119,Achraf Koutet
120,Ad
121,Ada Lichtman
122,Adain Bradley
123,Adalyn Jones
124,Adam Aalderks
125,Adam Abdalrhman
126,Adam Arkin
127,Adam Astill
128,Adam Bakri
129,Adam Baldwin
130,Adam Bartley
131,Adam Basil
132,Adam Beach
133,Adam Bengis
134,Adam Bernett
135,Adam Bessa
136,Adam Bousdoukos
137,Adam Boyer
138,Adam Brazy
139,Adam Brody
140,Adam Brooks
141,Adam Brown
142,Adam Budron
143,Adam Busch
144,Adam Butcher
145,Adam Buxton
146,Adam Byard
147,Adam Campbell
148,Adam Carolla
149,Adam Collins
150,Adam Daveline
151,Adam David Thompson
152,Adam DeVine
153,Adam Dietrich
154,Adam Driver
155,Adam Dunlap
156,Adam Emanuel Propp
157,Adam Ferency
158,Adam G. Sevani
159,Adam G. Simon
160,Adam Ganne
161,Adam Garcia
162,Adam Gillen
163,Adam Godley
164,Adam Goldberg
165,Adam Greaves-Neal
166,Adam Gussow
167,Adam Hardman
168,Adam Harrington
169,Adam Hicks
170,Adam Horovitz
171,Adam Hugill
172,Adam Hurtig
173,Adam James
174,Adam Johnson
175,Adam Kern
176,Adam Kroloff
177,Adam Lamberg
178,Adam Lambert
179,Adam Lawrence
180,Adam Lazarus
181,Adam Levine
182,Adam Long
183,Adam Lustick
184,Adam Mayfield
185,Adam Meir
186,Adam Mitchell
187,Adam Nagaitis
188,Adam Nayman
189,Adam Nee
190,Adam Neumann
191,Adam O'Brian
192,Adam Ovadia
193,Adam Pally
194,Adam Pearson
195,Adam Phillips
196,Adam Ratcliffe
197,Adam Robitel
198,Adam Rodriguez
199,Adam Sandler
200,Adam Scott
201,Adam Shambour
202,Adam Shapiro
203,Adam Sietz
204,Adam St
205,Adam Stafford
206,Adam Szyszkowski
207,Adam Teper
208,Adam Torres
209,Adam Trese
210,Adam Tuominen
211,Adam Wingard
212,Adam Wolf Mayerson
213,Adam Woronowicz
214,Adam Yauch
215,Adam Young
216,Adama Barry
217,Adamo Dionisi
218,Adan Canto
219,Adan Jodorowsky
220,Adarsh Gourav
221,Adassa
222,Adda Senani
223,Addison Rae
224,Addison Riecke
225,Addison Timlin
226,Addison Tymec
227,Adea Lennox
228,Adeeb Safadi
229,Adeel Akhtar
230,Adel Ali Mohamed
231,Adel Karam
232,Adelaide Clemens
233,Adelayo Adedayo
234,Adele Haenel
235,Adelfa Calvo
236,Adelind Horan
237,Adem Karaduman
238,Adepero Oduye
239,Adetomiwa Edun
240,Adewale Akinnuoye-Agbaje
241,Adhir Kalyan
242,Adi Boutrous
243,Adi Shankar
244,Adia Dillon
245,Adib Alkhalidey
246,Adil Hussain
247,Adil Ray
248,Adilé David
249,Adina Cohen
250,Adina Howard
251,Adina Pintilie
252,Adit Dileep
253,Adithi Kalkunte
254,Aditya Geddada
255,Aditya Modak
256,Adiz Rajabov
257,Adnan Kundi
258,Adobuere Ebiama
259,Adolf Hitler
260,Adolfo Alvarez
261,Adria Arjona
262,Adrian Alonso
263,Adrian Cioflâncã
264,Adrian Collins
265,Adrian Dunbar
266,Adrian Egolf
267,Adrian Favela
268,Adrian Grenier
269,Adrian Holmes
270,Adrian Lamo
271,Adrian Lester
272,Adrian Lichter
273,Adrian M. Mompoint
274,Adrian Makala
275,Adrian Martinez
276,Adrian McLoughlin
277,Adrian Pasdar
278,Adrian Paul
279,Adrian Purcarescu
280,Adrian Rawlins
281,Adrian Scarborough
282,Adrian Schiller
283,Adrian Sparks
284,Adrian Voo
285,Adrian Wheeler
286,Adriana Barraza
287,Adriana Costine
288,Adriana Crivici
289,Adriana Matoshi
290,Adriana Ugarte
291,Adriane Lenox
292,Adrianne Palicki
293,Adriano Carvalho
294,Adriano Chiaramida
295,Adriano Giannini
296,Adriano Tardiolo
297,Adrien Bellemare
298,Adrien Brody
299,Adrien Dorval
300,Adrienne Shelly
301,Adriyan Rae
302,Ady Barkan
303,Adèle Wismes
304,Aenne Schwarz
305,Aeriél Miranda
306,Affion Crockett
307,Afi Okaidja
308,Afiya Bennett
309,Afrika Bambaataa
310,Agam Darshi
311,Agata Buzek
312,Agata Kulesza
313,Agata Trzebuchowska
314,Agathe Bosch
315,Agathe de La Boulaye
316,Agathe Dronne
317,Agathe Rousselle
318,Aggeliki Papoulia
319,Agneeta Thacker
320,Agnes Binagwaho
321,Agnes Brekke
322,Agnes Bruckner
323,Agnes Kittelsen
324,Agnes Olech
325,Agnese Graziani
326,Agnieszka Grochowska
327,Agnieszka Mandat-Grabka
328,Agnieszka Michalska
329,Agnès Varda
330,Agustina Mu
331,Agustina Quinci
332,Agustí Villaronga
333,Agustín Almodóvar
334,Agustín Silva
335,Agyness Deyn
336,Ah In Yoo
337,Ahmad Cage
338,Ahmad Khan Mahmoodzada
339,Ahmad Shuja
340,Ahmed Abdelhafiz
341,Ahmed Ahmed
342,Ahmed Bakare
343,Ahmed Dash
344,Ahmed Lucan
345,Ahmed Selim
346,Ahmir-Khalib Thompson
347,Ahna O'Reilly
348,Ai Kayano
349,Ai Kobayashi
350,Ai Weiwei
351,Ai-Chan Carrier
352,Aida Folch
353,Aida Loos
354,Aida Turturro
355,Aidan Dee
356,Aidan Devine
357,Aidan Fiske
358,Aidan Gillen
359,Aidan Gouveia
360,Aidan Langford
361,Aidan Pierce Brennan
362,Aidan Quinn
363,Aidan Turner
364,Aidan White
365,Aidan Whytock
366,Aideen Wylde
367,Aiden Akpan
368,Aiden Arthur
369,Aiden Longworth
370,Aiden Malik
371,Aiden McCullough
372,Aidy Bryant
373,Ailbhe Cowley
374,Aileen Henry
375,Aileen Wuornos
376,Aimee Carrero
377,Aimee Cassettari
378,Aimee Garcia
379,Aimee Horne
380,Aimee Lou Wood
381,Aimee Mullins
382,Aimee Teegarden
383,Aimee-Ffion Edwards
384,Aimée Kelly
385,Aino Annuddin
386,Aino Jawo
387,Airlie Dodds
388,Aisha Hinds
389,Aisholpan
390,Aishwarya Rai
391,Aisling Bea
392,Aisling Franciosi
393,Aislinn Derbez
394,Aitana Sánchez-Gijón
395,Aiyanna Miorin
396,Aiysha Hart
397,AJ Bowen
398,AJ Dee
399,AJ Meijer
400,AJ Slaght
401,Aja Naomi King
402,Ajay Chhabra
403,Ajay Naidu
404,Ajinkya Deo
405,Ajiona Alexus
406,Aju Makita
407,Akari Kitô
408,Akash Sinha
409,Akemi Look
410,Aki Avni
411,Aki Kato
412,Aki Maeda
413,Aki Omoshaybi
414,Akiko Iwase
415,Akilas Karazisis
416,Akin Aksu
417,Akin Gazi
418,Akio Ôtsuka
419,Akira Akbar
420,Akira Emoto
421,Akira Ishida
422,Akira Takayama
423,Akito Inui
424,Akron Watson
425,Aksel Hennie
426,Akshay Kumar
427,Al Bollands
428,Al Elliott
429,Al Gore
430,Al Goulem
431,Al Madrigal
432,Al Maini
433,Al Mukadam
434,Al Pacino
435,Al Sapienza
436,Al Sharpton
437,Al Weaver
438,Al-Jaleel Knox
439,Alaa Chouchnieh
440,Alain Bergala
441,Alain Chabat
442,Alain Delon
443,Alain Desjacques
444,Alain Ducasse
445,Alain Eloy
446,Alain Goulem
447,Alain Honorez
448,Alain Libolt
449,Alain Moussi
450,Alain Uy
451,Alaina Huffman
452,Alaina Warren Zachary
453,Alan Aisenberg
454,Alan Alda
455,Alan Arkin
456,Alan Aubert
457,Alan Barnette
458,Alan Bates
459,Alan Blumenfeld
460,Alan Campbell
461,Alan Cumming
462,Alan Daicz
463,Alan David
464,Alan Dukes
465,Alan Emrys
466,Alan Ford
467,Alan H. King
468,Alan Hecht
469,Alan Howley
470,Alan Jacobs
471,Alan Mandell
472,Alan Martinez
473,Alan Menken
474,Alan Pietruszewski
475,Alan Rickman
476,Alan Ritchson
477,Alan Rosenberg
478,Alan Ruck
479,Alan S. Kim
480,Alan Thicke
481,Alan Tudyk
482,Alan Van Sprang
483,Alan Williams
484,Alana Carithers
485,Alana Fagan
486,Alana Haim
487,Alana-Ashley Marques
488,Alanna Renee Tyler-Tompkins
489,Alanna Ubach
490,Alano Miller
491,Alaska L. McFadden
492,Alaska Thunderfuck
493,Alassane Sy
494,Alastair Mackenzie
495,Alaïs Lawson
496,Alba August
497,Alba Baptista
498,Alba Irene Lemus
499,Alba Rohrwacher
500,Alban Ivanov
501,Alberic Prados
502,Albert Birney
503,Albert Brooks
504,Albert Delpy
505,Albert Dupontel
506,Albert Finney
507,Albert Hammond Jr.
508,Albert Jones
509,Albert Rudbeck Lindhardt
510,Albert Speer
511,Albert Tsai
512,Albertine N'Guessan
513,Alberto Bonilla
514,Alberto Jiménez
515,Alberto Testone
516,Albie Atkinson
517,Albin Grenholm
518,Albrecht Zander
519,Alden Ehrenreich
520,Aldis Hodge
521,Aldo Ottobrino
522,Ale Ulman
523,Aleandro Florio
524,Alec Atkins
525,Alec Baldwin
526,Alec James
527,Alec Mansky
528,Alec Mapa
529,Alec Newman
530,Alec Secareanu
531,Alec Tincher
532,Alec Utgoff
533,Aled Pugh
534,Aleisha Allen
535,Alejandra Camacho
536,Alejandra Howard
537,Alejandro Agresti
538,Alejandro Barrios
539,Alejandro Castro Arias
540,Alejandro De Mesa
541,Alejandro Edda
542,Alejandro Goic
543,Alejandro Hernandez
544,Alejandro Huitzil
545,Alejandro Jodorowsky
546,Alejandro Patiño
547,Alejandro Verdin
548,Alek Skarlatos
549,Alek Wek
550,Aleks Le
551,Aleks Mikic
552,Aleks Paunovic
553,Aleksa Palladino
554,Aleksandar Jovanovic
555,Aleksander Fabisiak
556,Aleksander Mincer
557,Aleksandr Baluyev
558,Aleksandr Bashirov
559,Aleksandr Domogarov
560,Aleksandr Gorchilin
561,Aleksandr Kuznetsov
562,Aleksandra Justa
563,Aleksandra Konieczna
564,Aleksei Guskov
565,Aleksey Barabash
566,Aleksey Fateev
567,Aleksey Kravchenko
568,Aleksey Maslodudov
569,Aleksey Rozin
570,Aleksey Serebryakov
571,Aleksey Vertkov
572,Aleksia Landeau
573,Alena Dzebo
574,Alena Yiv
575,Aleque Reid
576,Alessandra Ambrosio
577,Alessandra Scarci
578,Alessandra Tognini
579,Alessandro Cimadamore
580,Alessandro Fabrizi
581,Alessandro Foschetti
582,Alessandro Gassman
583,Alessandro Genovesi
584,Alessandro Juliani
585,Alessandro Nivola
586,Alessandro Pezzali
587,Alessandro Prato
588,Alessandro Sperduti
589,Alessia Cara
590,Alessio Boni
591,Alessio Di Domenicantonio
592,Alessio Praticò
593,Alessio Rigo de Righi
594,Alessio Valentini
595,Alex Abbad
596,Alex Alembe
597,Alex Anfanger
598,Alex Anlos
599,Alex Beckett
600,Alex Beh
601,Alex Bogdan
602,Alex Breaux
603,Alex Calleja
604,Alex Calloway
605,Alex Cardillo
606,Alex Cartañá
607,Alex Cintrón
608,Alex Clatworthy
609,Alex Cranmer
610,Alex D. Jennings
611,Alex D. Linz
612,Alex Delescu
613,Alex Descas
614,Alex Duncan
615,Alex Emanuel
616,Alex Esmail
617,Alex Esola
618,Alex Etel
619,Alex Ferns
620,Alex Fitzalan
621,Alex Frost
622,Alex Gaumond
623,Alex Godbout
624,Alex Gravenstein
625,Alex Hafner
626,Alex Harrouch
627,Alex Hassell
628,Alex Hernandez
629,Alex Hirsch
630,Alex Holdridge
631,Alex Honnold
632,Alex Hurt
633,Alex Jayne Go
634,Alex Jennings
635,Alex Jones
636,Alex Jordan
637,Alex Kapranos
638,Alex Karpovsky
639,Alex Kauffman
640,Alex Kendrick
641,Alex Kis
642,Alex Knight
643,Alex Kramer
644,Alex Kruz
645,Alex Lawther
646,Alex LeVine
647,Alex Lewis
648,Alex MacNicoll
649,Alex MacQueen
650,Alex Manette
651,Alex Martos
652,Alex McCauley
653,Alex Meraz
654,Alex Michaeletos
655,Alex Moffat
656,Alex Morf
657,Alex Moss
658,Alex Neustaedter
659,Alex Nicole McConnell
660,Alex O'Loughlin
661,Alex Perez
662,Alex Pettyfer
663,Alex Pinder
664,Alex R. Hibbert
665,Alex Reid
666,Alex Reznik
667,Alex Roe
668,Alex Russell
669,Alex Shaffer
670,Alex Sharp
671,Alex Trebek
672,Alex van Dyk
673,Alex van Warmerdam
674,Alex Veadov
675,Alex Weisman
676,Alex Winter
677,Alex Wolff
678,Alex Wong
679,Alex Ziwak
680,Alexa Bodden
681,Alexa Davalos
682,Alexa Davies
683,Alexa Demie
684,Alexa Giuffre
685,Alexa Havins
686,Alexa Mansour
687,Alexa PenaVega
688,Alexa Vega
689,Alexa Whitaker
690,Alexander Alayon
691,Alexander Arnold
692,Alexander Babara
693,Alexander Behrang Keshtkar
694,Alexander Beyer
695,Alexander Biglane
696,Alexander Black
697,Alexander Cerpentier
698,Alexander Chaplin
699,Alexander Dimitrov
700,Alexander DiPersia
701,Alexander Dominguez
702,Alexander Dsiadevich
703,Alexander England
704,Alexander Fehling
705,Alexander Forsyth
706,Alexander Gould
707,Alexander Hamilton
708,Alexander Hodge
709,Alexander Koch
710,Alexander Low
711,Alexander Lowe
712,Alexander Ludwig
713,Alexander Maskelyne
714,Alexander McQueen
715,Alexander Morton
716,Alexander Nix
717,Alexander Nunez
718,Alexander Petrov
719,Alexander Roberts
720,Alexander Salzberger
721,Alexander Scheer
722,Alexander Siddig
723,Alexander Skarsgård
724,Alexander Zwart
725,Alexandra Billings
726,Alexandra Borbély
727,Alexandra Bregman
728,Alexandra Chalupa
729,Alexandra Daddario
730,Alexandra Dinu
731,Alexandra Essoe
732,Alexandra Evans
733,Alexandra Holden
734,Alexandra Klim
735,Alexandra Lemâtre
736,Alexandra Maria Lara
737,Alexandra Mary Reimer
738,Alexandra Masangkay
739,Alexandra Matusko
740,Alexandra Moen
741,Alexandra Park
742,Alexandra Petrachuk
743,Alexandra Rapaport
744,Alexandra Roach
745,Alexandra Ruddy
746,Alexandra Shipp
747,Alexandra Szucs
748,Alexandra Vaz
749,Alexandra Vino
750,Alexandre Alverca
751,Alexandre Bagot
752,Alexandre Bourgeois
753,Alexandre Bélanger
754,Alexandre Chen
755,Alexandre Desplat
756,Alexandre Goyette
757,Alexandre Haulet
758,Alexandre Landry
759,Alexandre Rodrigues
760,Alexandre Trocki
761,Alexandre Willaume
762,Alexandria Goddard
763,Alexandria Ocasio-Cortez
764,Alexandru Bogdan
765,Alexandru Dabija
766,Alexandru Potocean
767,Alexei Navalny
768,Alexei Romanoff
769,Alexi Pappas
770,Alexia Barlier
771,Alexia Chardard
772,Alexia Depicker
773,Alexia Fast
774,Alexia Murray
775,Alexia Rae Castillo
776,Alexia Rasmussen
777,Alexis Adler
778,Alexis Bledel
779,Alexis Chikaeze
780,Alexis Denisof
781,Alexis Dziena
782,Alexis G. Zall
783,Alexis Julemont
784,Alexis Kara Hancey
785,Alexis Knapp
786,Alexis Louder
787,Alexis Légaré
788,Alexis Manenti
789,Alexis Marie Wint
790,Alexis Raben
791,Alexis Templeton
792,Alexis West
793,Alexis Zegerman
794,Alexxis Lemire
795,Aleyse Shannon
796,Alfie Allen
797,Alfie Dobson
798,Alfie Kennedy
799,Alfonso Arau
800,Alfonso Arfi
801,Alfonso Santagata
802,Alfonso Velazquez
803,Alfre Woodard
804,Alfred Molina
805,Alfred Mrva
806,Alfred Vatne
807,Alfredo Castro
808,Alfredo Narciso
809,Alfredo Quiroz
810,Alfredo Tavares
811,Alfredo Turitto
812,Alga Smith
813,Algee Smith
814,Algenis Perez Soto
815,Algis Arlauskas
816,Ali Abdallah Al Kamzari
817,Ali Ahmad Sa'Id Esber
818,Ali Ahn
819,Ali Arfan
820,Ali Assadi
821,Ali Badshah
822,Ali Barouti
823,Ali Burch
824,Ali Cobrin
825,Ali Eagle
826,Ali Fazal
827,Ali Ghabeshi
828,Ali Hassan
829,Ali Hillis
830,Ali Johnson
831,Ali Kazmi
832,Ali Kousheshi
833,Ali Larter
834,Ali Liebert
835,Ali Mosaffa
836,Ali Nassirian
837,Ali Skovbye
838,Ali Subhi
839,Ali Suliman
840,Ali Wong
841,Ali Zijlstra
842,Alia Shawkat
843,Alice Assef
844,Alice Aufray
845,Alice Bailey Johnson
846,Alice Barrett
847,Alice Braga
848,Alice Butaud
849,Alice Chaston
850,Alice Cooper
851,Alice Dardenne
852,Alice de Broqueville
853,Alice de Lencquesaing
854,Alice Dwyer
855,Alice Englert
856,Alice Eve
857,Alice Feetham
858,Alice Gabriner
859,Alice Guy
860,Alice Keohavong
861,Alice Kremelberg
862,Alice Krige
863,Alice Lanesbury
864,Alice Langlois
865,Alice Lee
866,Alice Lowe
867,Alice May Connolly
868,Alice McCarthy
869,Alice McMillan
870,Alice Meiringer
871,Alice Sanders
872,Alice Taglioni
873,Alice Waters
874,Alicia Borrachero
875,Alicia Coppola
876,Alicia Ester
877,Alicia Fulford-Wierzbicki
878,Alicia Guerra
879,Alicia Hava
880,Alicia Johnston
881,Alicia Rosato
882,Alicia Sanz
883,Alicia Silverstone
884,Alicia Vela-Bailey
885,Alicia Vikander
886,Alicia von Rittberg
887,Alicia Witt
888,Alicja Bachleda
889,Alicja Karluk
890,Alida Baldari Calabria
891,Alida Valli
892,Alim Kouliev
893,Alin Halajian
894,Alina Karmazina
895,Alina Patra
896,Alina Tomnikov
897,Aline Belibi
898,Aline Charles
899,Aline Küppenheim
900,Aline Moraes
901,Aline Stevens
902,Aliosman Deliev
903,Alireza Bayram
904,Alireza Ostadi
905,Alireza Zareparast
906,Alisha B. Woods
907,Alisha Boe
908,Alisha Wainwright
909,Alison Araya
910,Alison Ball
911,Alison Bartlett
912,Alison Brie
913,Alison Eastwood
914,Alison Elliott
915,Alison Fraser
916,Alison Lohman
917,Alison Pargeter
918,Alison Pill
919,Alison Rooney
920,Alison Steadman
921,Alison Sudol
922,Alissa Jessup
923,Alissa Maria Orlando
924,Alistair Petrie
925,Alix Bénézech
926,Alix Wilton Regan
927,Aliza Ben-Baruch
928,Aliza Halm
929,Aliza Rosen
930,Alla Rouba
931,Alla Sokolova
932,Alla Tumanian
933,Allan Corduner
934,Allan Graf
935,Allan Houston
936,Allan McLeod
937,Allan Mustafa
938,Allanah O'Connor
939,Allen Covert
940,Allen Dulles
941,Allen Fawcett
942,Allen Garfield
943,Allen Ginsberg
944,Allen Leech
945,Allen Maldonado
946,Allen McCullough
947,Allen Wall
948,Alli Beckman
949,Alli Chung
950,Alli Willow
951,Allie Dunbar
952,Allie Gallerani
953,Allie Jennings
954,Allie MacDonald
955,Allie Marshall
956,Allie McCulloch
957,Allison Anders
958,Allison Bills
959,Allison Bryant
960,Allison Cratchley
961,Allison Janney
962,Allison King
963,Allison McAtee
964,Allison Miller
965,Allison Shrum
966,Allison Strong
967,Allison Tolman
968,Allison Wentworth
969,Allison Williams
970,Allison Winn
971,Allister MacDonald
972,Ally Davis
973,Ally Ioannides
974,Ally Maki
975,Ally Sheedy
976,Allyn Rachel
977,Alma Daniels
978,Alma Jodorowsky
979,Alma Martinez
980,Alma Pöysti
981,Alma Sisneros
982,Alok Tewari
983,Alon Aboutboul
984,Alona Tal
985,Alondra Hidalgo
986,Aloïse Sauvage
987,Alpha Trivette
988,Alphaeus Green Jr.
989,Alpo Mangiavacchi
990,Alta Charo
991,Alva Chinn
992,Alvaro de Bazal
993,Alvaro Martinez
994,Alvin Ailey
995,Alvin Sanders
996,Alvina August
997,Aly Brier
998,Aly Deyde
999,Aly Mawji
1000,Alycia Debnam Carey
1001,Alycia Delmore
1002,Alycia Pascual-Pena
1003,Alyse Zwick
1004,Alyshia Ochse
1005,Alysia Reiner
1006,Alyson Hannigan
1007,Alyson Michalka
1008,Alyson Reed
1009,Alyssa Bresnahan
1010,Alyssa Brooke Levine
1011,Alyssa Diaz
1012,Alyssa Elle Steinacker
1013,Alyssa Gonzalez
1014,Alyssa Lynn
1015,Alyssa Maria App
1016,Alyssa Marie Stilwell
1017,Alyssa Milano
1018,Alyssa Wyspianski
1019,Alyvia Alyn Lind
1020,Alyy Khan
1021,Amador Arias
1022,Amadu Mamadakov
1023,Amal Clooney
1024,Amali Golden
1025,Amalia Culp
1026,Amalia Kassai
1027,Amalia Ulman
1028,Amalia Vitale
1029,Amalia Williamson
1030,Amanda Abbington
1031,Amanda Arcuri
1032,Amanda Booth
1033,Amanda Brooks
1034,Amanda Brugel
1035,Amanda Bynes
1036,Amanda Cerny
1037,Amanda Chiu
1038,Amanda Christine
1039,Amanda Cleghorn
1040,Amanda Crew
1041,Amanda Davies
1042,Amanda Donohoe
1043,Amanda Drew
1044,Amanda Farinos
1045,Amanda Fuller
1046,Amanda Joy Erickson
1047,Amanda Lawrence
1048,Amanda Mason Warren
1049,Amanda Michalka
1050,Amanda Peet
1051,Amanda Piery
1052,Amanda Plummer
1053,Amanda Quach
1054,Amanda Rabinowitz
1055,Amanda Righetti
1056,Amanda Root
1057,Amanda Schull
1058,Amanda Serra
1059,Amanda Seyfried
1060,Amanda Stuart
1061,Amanda Troop
1062,Amandeep Singh
1063,Amandla Stenberg
1064,Amani Ballour
1065,Amani Starnes
1066,Amar Adatia
1067,Amara Karan
1068,Amarah-Jae St. Aubyn
1069,Amardeep Jha
1070,Amari Cheatom
1071,Amari Hines
1072,Amaury Bossy
1073,Amaury Nolasco
1074,Amaya Blankenship
1075,Amber Anderson
1076,Amber Anne
1077,Amber Benson
1078,Amber Havard
1079,Amber Heard
1080,Amber Hodgkiss
1081,Amber Lynn Ashley
1082,Amber Midthunder
1083,Amber Nash
1084,Amber Paul
1085,Amber Riley
1086,Amber Rivera
1087,Amber Rose Revah
1088,Amber Rubarth
1089,Amber Sienna
1090,Amber Stevens
1091,Amber Tamblyn
1092,Amber Taylor
1093,Amber Townsend
1094,Amber Valletta
1095,Ambrose Akinmusire
1096,Ambyr Childers
1097,Amed Hashimi
1098,Amel Ibisevic
1099,Amelia Crouch
1100,Amelia Morck
1101,Amelia Rose Monteagudo
1102,Amelinda Burich
1103,Amer Hlehel
1104,Amer Khalil
1105,America Ferrera
1106,America Olivo
1107,Amgaabazar Gonson
1108,Ami Ayalon
1109,Ami Koshimizu
1110,Ami Metcalf
1111,Ami Sheth
1112,Amiah Miller
1113,Amie Huguenard
1114,Amila Terzimehic
1115,Amin Bhatia
1116,Aminata Kane
1117,Amine Hamidou
1118,Amir
1119,Amir Aboulela
1120,Amir Aghaee
1121,Amir Ali Hosseini
1122,Amir El-Masry
1123,Amir Jerassi
1124,Amir K
1125,Amir Khalil
1126,Amir Levy
1127,Amir Malaklou
1128,Amir Rahimzadeh
1129,Amir Taaki
1130,Amir Talai
1131,Amir Wilson
1132,Amira Casar
1133,Amira Ghazalla
1134,Amira Hass
1135,Amit Deondi
1136,Amit Shah
1137,Amitay Yaish Ben Ousilio
1138,Amje Elharden
1139,Aml Ameen
1140,Ammar Haj Ahmad
1141,Ammie Leonards
1142,Ammon Jacob Ford
1143,Amos Crawley
1144,Amos Gitai
1145,Amos Mac
1146,Amos Tamam
1147,Amparo Noguera
1148,Amr Waked
1149,Amreen N. Yaqoob
1150,Amriptal Singh
1151,Amrit Pariyar
1152,Amrita Acharia
1153,Amruta Sant
1154,Amy Acker
1155,Amy Adams
1156,Amy Allnutt
1157,Amy Andrea
1158,Amy Beth Hayes
1159,Amy Brenneman
1160,Amy Cappellazzo
1161,Amy Carlson
1162,Amy Christian
1163,Amy Clare Beales
1164,Amy Dawson
1165,Amy De Bhrún
1166,Amy Doyle
1167,Amy Dunne
1168,Amy E. Duddleston
1169,Amy Everson
1170,Amy Forsyth
1171,Amy Groening
1172,Amy Hargreaves
1173,Amy Irving
1174,Amy James-Kelly
1175,Amy Landecker
1176,Amy LoCicero
1177,Amy Madigan
1178,Amy Manson
1179,Amy Marston
1180,Amy Phelps
1181,Amy Pietz
1182,Amy Poehler
1183,Amy Price-Francis
1184,Amy Robinson
1185,Amy Russ
1186,Amy Rutberg
1187,Amy Rutledge
1188,Amy Ryan
1189,Amy Schumer
1190,Amy Sedaris
1191,Amy Seimetz
1192,Amy Shiels
1193,Amy Sloan
1194,Amy Smart
1195,Amy Stiller
1196,Amy Stock-Poynton
1197,Amy Taubin
1198,Amy Tribbey
1199,Amy Trigg
1200,Amy Van Nostrand
1201,Amy Vilela
1202,Amy Wadge
1203,Amy Winehouse
1204,Amy Zubieta
1205,Amye Gousset
1206,Amélie Daure
1207,Amélie Eve
1208,Amélina Limousin
1209,Américo Hollander
1210,Ana Araujo
1211,Ana Asensio
1212,Ana Banks
1213,Ana Belén
1214,Ana Brandão
1215,Ana Brun
1216,Ana Cecilia Mota
1217,Ana Ciontea
1218,Ana Claudia Talancón
1219,Ana Coto
1220,Ana Cristina Ordóñez González
1221,Ana de Armas
1222,Ana de la Reguera
1223,Ana Dela Cruz
1224,Ana Gasteyer
1225,Ana Girardot
1226,Ana Golja
1227,Ana González
1228,Ana Hoffman
1229,Ana Isabelle
1230,Ana Ivanova
1231,Ana Javakishvili
1232,Ana Kayne
1233,Ana Makharadze
1234,Ana Maria Archila
1235,Ana Moreira
1236,Ana Mulvoy-Ten
1237,Ana Nijaradze
1238,Ana Nogueira
1239,Ana Ortiz
1240,Ana Reeder
1241,Ana Rey
1242,Ana Scotney
1243,Ana Stieglitz
1244,Ana Tabakova
1245,Ana Ularu
1246,Anabel Kutay
1247,Anabel Sweeney
1248,Anabela Moreira
1249,Anah Ruddin
1250,Anais Lee
1251,Analeigh Tipton
1252,Analy Castro
1253,Anamaria Marinca
1254,Anand Desai-Barochia
1255,Anand Upadhyaya
1256,Anastasia Blake
1257,Anastasia Dymitrow
1258,Anastasia Hille
1259,Anastasia Marinina
1260,Anastasia Nasu
1261,Anastasia Phillips
1262,Anastasia Sanidopoulos Mousis
1263,Anastasia Shevtsova
1264,Anastasia Synn
1265,Anastasia Tsikhanava
1266,Anastasiya Shalonko
1267,Anastasiya Stezhko
1268,Anat Ravnitzki
1269,Anat Waxman
1270,Anatole Taubman
1271,Anaïs Dahl
1272,Anaïs Demoustier
1273,Anaïs Fabre
1274,Anaïs Reboux
1275,Anaïs Rivière
1276,Anaïs Rizzo
1277,Anders Baasmo Christiansen
1278,Anders Back
1279,Anders Berg
1280,Anders Danielsen Lie
1281,Anders Hellström
1282,Anders Holm
1283,Anders Hove
1284,Anders Mossling
1285,Anders W. Berthelsen
1286,Anderson .Paak
1287,Andi Gudgeon
1288,Andi Matichak
1289,Andi Osho
1290,Andi Vasluianu
1291,Andie Chen
1292,Andie MacDowell
1293,Andor Lukáts
1294,Andra Day
1295,Andraya Yearwood
1296,Andre Agius
1297,Andre Braugher
1298,Andre Flynn
1299,Andre Hall
1300,Andre Holland
1301,Andre Hyland
1302,Andre Jacobs
1303,Andre Khabbazi
1304,Andre Royo
1305,Andre Ward
1306,Andrea Agur
1307,Andrea Alzuri
1308,Andrea Anders
1309,Andrea Andrade
1310,Andrea Bang
1311,Andrea Bocelli
1312,Andrea Bosca
1313,Andrea Bowen
1314,Andrea Bræin Hovig
1315,Andrea Corr
1316,Andrea Cresti
1317,Andrea Crosta
1318,Andrea Deck
1319,Andrea del Campo
1320,Andrea Demetriades
1321,Andrea Ellsworth
1322,Andrea Falzone
1323,Andrea Frankle
1324,Andrea Frigerio
1325,Andrea Gabriel
1326,Andrea Gelardin
1327,Andrea Good
1328,Andrea Guasch
1329,Andrea Heick Gadeberg
1330,Andrea Irvine
1331,Andrea Leigh
1332,Andrea Libman
1333,Andrea Londo
1334,Andrea Martin
1335,Andrea Morales
1336,Andrea Osv
1337,Andrea Peláez
1338,Andrea Riseborough
1339,Andrea Rossi
1340,Andrea Roth
1341,Andrea Sooch
1342,Andrea Stefancikova
1343,Andrea Suarez Paz
1344,Andrea Susan Bush
1345,Andreas Dimitroulas
1346,Andreas Döhler
1347,Andreas Fronk
1348,Andreas Johnsen
1349,Andreas Konstantinou
1350,Andreas Kundler
1351,Andreas Leupold
1352,Andreas Lust
1353,Andreas Schmidt
1354,Andreas Wilson
1355,Andreea Vasile
1356,Andrei Ciopec
1357,Andrei Rus
1358,Andreja Pejic
1359,Andrel McPherson
1360,Andrene Ward-Hammond
1361,Andreon Watson
1362,Andres Bautista
1363,Andres Collantes
1364,Andres Joseph
1365,Andrew Ackerman
1366,Andrew Alexander
1367,Andrew Astor
1368,Andrew Ayala
1369,Andrew Bachelor
1370,Andrew Bancroft
1371,Andrew Beadle
1372,Andrew Bicknell
1373,Andrew Bleechington
1374,Andrew Brackfield
1375,Andrew Breitbart
1376,Andrew Bridges
1377,Andrew Bryniarski
1378,Andrew Buchan
1379,Andrew Buckley
1380,Andrew Caldwell
1381,Andrew Caley
1382,Andrew Clark
1383,Andrew Diaz
1384,Andrew Dice Clay
1385,Andrew Duffy
1386,Andrew Dunbar
1387,Andrew Ellis
1388,Andrew Fiscella
1389,Andrew G. Ogleby
1390,Andrew Garfield
1391,Andrew Geher
1392,Andrew Gillis
1393,Andrew Grainger
1394,Andrew Havill
1395,Andrew Herr
1396,Andrew Howard
1397,Andrew Jacobs
1398,Andrew James Allen
1399,Andrew Jefferson-Tierney
1400,Andrew Keenan Bolger
1401,Andrew Knott
1402,Andrew Koji
1403,Andrew Lavelle
1404,Andrew Lawrence
1405,Andrew Lees
1406,Andrew Leung
1407,Andrew Levitas
1408,Andrew Lincoln
1409,Andrew Loog Oldham
1410,Andrew Lovesey
1411,Andrew Luri
1412,Andrew Masset
1413,Andrew Matarazzo
1414,Andrew Matthew Welch
1415,Andrew McCarthy
1416,Andrew Pastides
1417,Andrew Polk
1418,Andrew Pollack
1419,Andrew Rajan
1420,Andrew Rannells
1421,Andrew Richardson
1422,Andrew Rothenberg
1423,Andrew Rothney
1424,Andrew Schulz
1425,Andrew Scott
1426,Andrew Sensenig
1427,Andrew Shue
1428,Andrew Simpson
1429,Andrew Solomon
1430,Andrew Tarbet
1431,Andrew Tiernan
1432,Andrew Tinpo Lee
1433,Andrew Weil
1434,Andrew Young
1435,Andrew Youngerman
1436,Andrey Gusev
1437,Andrey Kurganov
1438,Andrey Smirnov
1439,Andrey Smolyakov
1440,Andria Blackman
1441,Andrielly De Melo Chaves
1442,Andris Keiss
1443,Andriy Rymaruk
1444,Andrzej Chyra
1445,Andrzej Grabowski
1446,Andrzej Seweryn
1447,Andrzej Wajda
1448,András Gyémánt
1449,André Benjamin
1450,André Dussollier
1451,André Eriksen
1452,André Frechette III
1453,André Freitas
1454,André Frid
1455,André Jordan
1456,André Jung
1457,André Leon Talley
1458,André Marcon
1459,André Szymanski
1460,André Wilms
1461,Andréa Marquee
1462,Andrés Aliaga
1463,Andrés Vicente Gómez
1464,Andy Apollo
1465,Andy Bean
1466,Andy Beckwith
1467,Andy Boorman
1468,Andy Buckley
1469,Andy Cortés
1470,Andy Dick
1471,Andy Garcia
1472,Andy Gathergood
1473,Andy Gibb
1474,Andy Goldsworthy
1475,Andy Hoff
1476,Andy Ivins
1477,Andy Kastelic
1478,Andy King
1479,Andy Lau
1480,Andy Le
1481,Andy McPhee
1482,Andy McQueen
1483,Andy Nyman
1484,Andy Reid
1485,Andy Rich
1486,Andy Richter
1487,Andy Samberg
1488,Andy Serkis
1489,Andy Summers
1490,Andy Thompson
1491,Andy Walken
1492,Andy Warhol
1493,Ane Dahl Torp
1494,Anessa Ramsey
1495,Aneurin Barnard
1496,Anfernee Olivier
1497,Ange Black-Bereyziat
1498,Ange Ruzé
1499,Angel Bismark Curiel
1500,Angel Bonanni
1501,Angel Christian Roman
1502,Angel Parker
1503,Angela Bain
1504,Angela Barber
1505,Angela Bassett
1506,Angela Bettis
1507,Angela Burnett
1508,Angela Cole
1509,Angela Davis
1510,Angela Fontana
1511,Angela Galuppo
1512,Angela Goethals
1513,Angela Gots
1514,Angela Griszell
1515,Angela Heath
1516,Angela Hope Smith
1517,Angela Jones
1518,Angela Kinsey
1519,Angela Lansbury
1520,Angela Lindvall
1521,Angela Merkel
1522,Angela Narth
1523,Angela Primm
1524,Angela Reyes
1525,Angela Sarafyan
1526,Angela Thompson
1527,Angela Trimbur
1528,Angela Winkler
1529,Angela Zhou
1530,Angeles Woo
1531,Angeli Bayani
1532,Angelic Zambrana
1533,Angelica Amor
1534,Angelica Lee
1535,Angelina Capozzoli
1536,Angelina Jolie
1537,Angelina Liu
1538,Angelina Peláez
1539,Angelique Cabral
1540,Angelo Dylen
1541,Angie Cepeda
1542,Angie Firmalino
1543,Angie Milliken
1544,Angie Sanchez
1545,Angie Willmott
1546,Angourie Rice
1547,Angus Costello
1548,Angus Imrie
1549,Angus Macfadyen
1550,Angus McLaren
1551,Angus Sampson
1552,Angus Wright
1553,Angèle
1554,Angèle Metzger
1555,Angélica Aragón
1556,Anh Duong
1557,Ani Karseladze
1558,Ania Martchenko
1559,Ania Nova
1560,Ania Sowinski
1561,Anie Balestra
1562,Aniello Arena
1563,Anika Menger
1564,Anika Noni Rose
1565,Anissa Daoud
1566,Anissa Matlock
1567,Anita Bryant
1568,Anita Earls
1569,Anita Farmer Bergman
1570,Anita Kalathara
1571,Anita Petry
1572,Anita Pititto
1573,Anita Pomario
1574,Aniya Picou
1575,Anja Broms
1576,Anja Rubik
1577,Anja Savcic
1578,Anjali Bhimani
1579,Anjali Gauld
1580,Anjali Jay
1581,Anjana Vasan
1582,Anjela Nedyalkova
1583,Anjelah N. Johnson
1584,Anjelica Huston
1585,Anjelica Serra
1586,Anjelika Washington
1587,Ankhnyam Ragchaa
1588,Anki Larsson
1589,Ankie Spitzer
1590,Ann Behringer
1591,Ann Carr
1592,Ann Dowd
1593,Ann Druyan
1594,Ann Duncan
1595,Ann Eleonora Jørgensen
1596,Ann Fite
1597,Ann Lagerström
1598,Ann Magnuson
1599,Ann Mahoney
1600,Ann McCaskey
1601,Ann McKenzie
1602,Ann Mitchell
1603,Ann Ogbomo
1604,Ann Petersen
1605,Ann Petrén
1606,Ann Savage
1607,Ann Scanlon
1608,Ann Skelly
1609,Ann-Lisett Rebane
1610,Ann-Margret
1611,Anna Akana
1612,Anna Arden
1613,Anna Baryshnikov
1614,Anna Behlmer
1615,Anna Biernacik
1616,Anna Bonaiuto
1617,Anna Brewster
1618,Anna Burnett
1619,Anna Butkevych
1620,Anna Cameron
1621,Anna Camp
1622,Anna Cathcart
1623,Anna Chancellor
1624,Anna Chanel Reimer
1625,Anna Chlumsky
1626,Anna Colwell
1627,Anna Deavere Smith
1628,Anna Devlin
1629,Anna Diop
1630,Anna Dymna
1631,Anna Faris
1632,Anna Ferrara
1633,Anna Francolini
1634,Anna Friel
1635,Anna Geislerová
1636,Anna Gulyarenko
1637,Anna Gunn
1638,Anna Hopkins
1639,Anna Horovitz
1640,Anna Hutchison
1641,Anna Kabis
1642,Anna Karina
1643,Anna Katharina Schimrigk
1644,Anna Kendrick
1645,Anna Khachiyan
1646,Anna Krippa
1647,Anna Kubat
1648,Anna Levine
1649,Anna Levit
1650,Anna Louise Sargeant
1651,Anna Madeley
1652,Anna Maguire
1653,Anna Margaret Hollyman
1654,Anna Maria Horsford
1655,Anna Maxwell-Martin
1656,Anna Mikami
1657,Anna Mouglalis
1658,Anna Myrha
1659,Anna Nazarova
1660,Anna Nugent
1661,Anna Paquin
1662,Anna Pniowsky
1663,Anna Polony
1664,Anna Popplewell
1665,Anna Rust
1666,Anna Shields
1667,Anna Simpson
1668,Anna Sofie Christensen
1669,Anna Van Hooft
1670,Anna Weekes
1671,Anna Wilson-Jones
1672,Anna Wintour
1673,Anna Åström
1674,Annabel Chong
1675,Annabel Leventon
1676,Annabel O'Hagan
1677,Annabell Rickerby
1678,Annabella Sciorra
1679,Annabelle Attanasio
1680,Annabelle Wallis
1681,Annabeth Gish
1682,Annacheska Brown
1683,Annakin Slayd
1684,Annaleigh Ashford
1685,Annalise Basso
1686,Annamaria Serda
1687,Annamaria Sofillas
1688,Annarosa Mudd
1689,AnnaSophia Robb
1690,Annastasia Boston
1691,Anne Alvaro
1692,Anne Archer
1693,Anne Bancroft
1694,Anne Beatts
1695,Anne Birgitte Lind
1696,Anne Brionne
1697,Anne Coesens
1698,Anne Consigny
1699,Anne Curtis
1700,Anne Dorval
1701,Anne Hathaway
1702,Anne Heche
1703,Anne Innis Dagg
1704,Anne Lacey
1705,Anne Lamott
1706,Anne Le Ny
1707,Anne Leighton
1708,Anne Loiret
1709,Anne Louise Hassing
1710,Anne Marivin
1711,Anne McDaniels
1712,Anne Ratte-Polle
1713,Anne Reid
1714,Anne Roiphe
1715,Anne Suzuki
1716,Anne Vernon
1717,Anne Watanabe
1718,Anne Winters
1719,Anne Wittman
1720,Anne-Lise Heimburger
1721,Anne-Marie Duff
1722,Anne-Marie Johnson
1723,Anneke von der Lippe
1724,Anneli Martini
1725,Annemarie Lawless
1726,Annes Elwy
1727,Annet Mahendru
1728,Annette Atzpodien
1729,Annette Badland
1730,Annette Bening
1731,Annette O'Toole
1732,Annette Ontell
1733,Anni Finsterer
1734,Anni Krueger
1735,Anni-Kristiina Juuso
1736,Annick Lavieville
1737,Annie Behringer
1738,Annie Clark
1739,Annie Girardot
1740,Annie Graeme-Larkin
1741,Annie Hamilton
1742,Annie Ilonzeh
1743,Annie Jacob
1744,Annie Kitral
1745,Annie Mercier
1746,Annie Monroe
1747,Annie Mumolo
1748,Annie Pisapia
1749,Annie Potts
1750,Annie Q.
1751,Annie Rigney
1752,Annie Starke
1753,Annie Tedesco
1754,Annie Thrash
1755,Annie Thurman
1756,Annika Blendl
1757,Annika Meier
1758,Annika Pampel
1759,Annika Wedderkopp
1760,Annika Whiteley
1761,Annike Andresen
1762,Annikki Tähti
1763,Anniston Price
1764,AnnJewel Lee Dixon
1765,Annmarie Fulton
1766,Annunziata Gianzero
1767,Anong Houngheuangsy
1768,Anouk Aimée
1769,Anouk Christiansen
1770,Anoulith Sintharaphone
1771,Anri Du Toit
1772,Anri Katsu
1773,Ansel Elgort
1774,Anslem Richardson
1775,Anson Boon
1776,Anson Mount
1777,Anssi Niemi
1778,Ansuman Bhagat
1779,Antar Machado
1780,Anthony Abdo
1781,Anthony Anderson
1782,Anthony Bolognese
1783,Anthony Borrows
1784,Anthony Bourdain
1785,Anthony Boyle
1786,Anthony Bryant
1787,Anthony Calf
1788,Anthony Carrigan
1789,Anthony Daniels
1790,Anthony De La Torre
1791,Anthony Edridge
1792,Anthony Edwards
1793,Anthony Fauci
1794,Anthony Fitzpatrick
1795,Anthony Flanagan
1796,Anthony Gonzalez
1797,Anthony Grant
1798,Anthony Hayes
1799,Anthony Head
1800,Anthony Heald
1801,Anthony Hopkins
1802,Anthony J. Ferrante
1803,Anthony J. James
1804,Anthony J. Sharpe
1805,Anthony Jacques
1806,Anthony Konechny
1807,Anthony Lafornara
1808,Anthony LaPaglia
1809,Anthony Lee Medina
1810,Anthony Mackie
1811,Anthony Michael Hall
1812,Anthony Molinari
1813,Anthony Murphy
1814,Anthony Natale
1815,Anthony O'Donnell
1816,Anthony Oseyemi
1817,Anthony Padilla
1818,Anthony Perullo
1819,Anthony Powell
1820,Anthony Quinonez
1821,Anthony Ramos
1822,Anthony Reynolds
1823,Anthony Robert Grasso
1824,Anthony Rocco
1825,Anthony Sadler
1826,Anthony Shim
1827,Anthony Skordi
1828,Anthony Therrien
1829,Anthony Timpano
1830,Anthony Veneziale
1831,Anthony Welsh
1832,Anthony Wong
1833,Anthony Wong Chau-Sang
1834,Anthoula Katsimatides
1835,Antje Lewald
1836,Antje Traue
1837,Antoin Peeters
1838,Antoine de La Morinerie
1839,Antoine Desrochers
1840,Antoine Hamel
1841,Antoine Lelandais
1842,Antoine Lounguine
1843,Antoine Marchand Gagnon
1844,Antoine Oppenheim
1845,Antoine Pilon
1846,Antoine Reinartz
1847,Antoine Régent
1848,Antoine-Olivier Pilon
1849,Antoinette Crowe-Legacy
1850,Anton Adasinsky
1851,Anton David Jeftha
1852,Anton Drel
1853,Anton Forsdik
1854,Anton Lesser
1855,Anton Newcombe
1856,Anton Palmer
1857,Anton Saunders
1858,Anton Selyaninov
1859,Anton Shagin
1860,Anton Vasilev
1861,Anton Yelchin
1862,Antoni Corone
1863,Antonia Campbell-Hughes
1864,Antonia Clarke
1865,Antonia Desplat
1866,Antonia Giesen
1867,Antonia San Juan
1868,Antonia Truppo
1869,Antonia Zegers
1870,Antonin Scalia
1871,Antonio
1872,Antonio Aakeel
1873,Antonio Banderas
1874,Antonio Bolivar
1875,Antonio Bu
1876,Antonio Canales
1877,Antonio Cupo
1878,Antonio de la Cruz
1879,Antonio Fargas
1880,Antonio García Martínez
1881,Antonio Gargiulo
1882,Antonio Gil
1883,Antonio Jaramillo
1884,Antonio Leyba
1885,Antonio Lujak
1886,Antonio Mancino
1887,Antonio Marziale
1888,Antonio Ortiz
1889,Antonio Pastich
1890,Antonio Pennarella
1891,Antonio Raul Corbo
1892,Antonio Regalado
1893,Antonio Reid
1894,Antonio Resines
1895,Antonio Rimoldi
1896,Antonio Saboia
1897,Antonio Salines
1898,Antonio Spagnuolo
1899,Antonio Tarver
1900,Antony Loewenstein
1901,Antony Starr
1902,Antonín Masek
1903,Antron McCray
1904,Antti Heikkinen
1905,Antwan Eilish
1906,Antwayne Eccleston
1907,António Fonseca
1908,Antônio Fagundes
1909,Anunciata Teles Soares
1910,Anupam Kher
1911,Anurag Kashyap
1912,Anwan Glover
1913,Anwar Congo
1914,Anya McKenna-Bruce
1915,Anya Taylor-Joy
1916,Anyssa
1917,Anzor Alem
1918,Aoba Kawai
1919,Aoi Miyazaki
1920,Aoi Mizuhara
1921,Aoi Yuki
1922,Aoibhinn McGinnity
1923,Aomi Muyock
1924,Aparna Nancherla
1925,Apesanahkwat
1926,Apollo Bacala
1927,Apoorva Mandavilli
1928,April Billingsley
1929,April Cameron
1930,April Kidwell
1931,April L. Hernandez
1932,April Telek
1933,April Warren
1934,Apti Magamaev
1935,Aqueela Zoll
1936,Ar Tem
1937,Arabella Weir
1938,Arabi Ghibeh
1939,Arata
1940,Arata Furuta
1941,Araya Mengesha
1942,Arcelia Ramírez
1943,Archibald C. McColl IV
1944,Archie Alemania
1945,Archie Barnes
1946,Archie Madekwe
1947,Archie Panjabi
1948,Archie Pool
1949,Archie Renaux
1950,Archie Yates
1951,Ardalan Esmaili
1952,Ardelia Lovelace
1953,Arden Alfonso
1954,Arden Banks
1955,Arden Myrin
1956,Areli Flores
1957,Aretha Franklin
1958,Ari Barkan
1959,Ari Berman
1960,Ari Einliger
1961,Ari Elizabeth Johnson
1962,Ari Folman
1963,Ari Graynor
1964,Ari Hershkowitz
1965,Ari Melber
1966,Ari Millen
1967,Ari Shavit
1968,Ari'el Stachel
1969,Aria Birch
1970,Aria Lyric Leabu
1971,Aria Pandya
1972,Aria Wallace
1973,Ariadna Gil
1974,Arian Kashef
1975,Arian Moayed
1976,Arian Montgomery
1977,Ariana DeBose
1978,Ariana Grande
1979,Ariana Greenblatt
1980,Ariana Guerra
1981,Ariana Neal
1982,Ariana Rodriguez Giraldo
1983,Ariane Ascaride
1984,Ariane L'Heureux
1985,Ariane Labed
1986,Ariane Rinehart
1987,Ariane Rousseau
1988,Arianna Ortiz
1989,Arieh Worthalter
1990,Ariel Borenstein
1991,Ariel Gade
1992,Ariel Levy
1993,Ariel Winter
1994,Arielle Holmes
1995,Arielle Kebbel
1996,Arielle Rombough
1997,Arif Zakaria
1998,Arifin Putra
1999,Arinzé Kene
2000,Ario Bayu
2001,Aris Alvarado
2002,Aris Servetalis
2003,Aristides de Sousa
2004,Aristotle Abraham II
2005,Aristotle Onassis
2006,Ariyon Bakare
2007,Arjo Atayde
2008,Arka Das
2009,Arlen Aguayo-Stewart
2010,Arlen Escarpeta
2011,Arlene Cavazos
2012,Arlene Duncan
2013,Arlette Torres
2014,Arletty
2015,Arliss Howard
2016,Arlo Hajdu
2017,Arly Jover
2018,Arman Darvish
2019,Armand Assante
2020,Armande Boulanger
2021,Armando Bernal IV
2022,Armando Espitia
2023,Armando Hernández
2024,Armando Lucero
2025,Armen Weitzman
2026,Armida Lopez
2027,Armie Hammer
2028,Armin Amiri
2029,Armin Mehr
2030,Armin Mueller-Stahl
2031,Arnab Chanda
2032,Arnaud Valois
2033,Arnaud Viard
2034,Arndís Hrönn Egilsdóttir
2035,Arnel Pineda
2036,Arnmundur Ernst Björnsson
2037,Arnold Friedman
2038,Arnold Oceng
2039,Arnold Reyes
2040,Arnold Schwarzenegger
2041,Arnold Vosloo
2042,Arnold Y. Kim
2043,Arnþruður Dögg Sigurðardóttir
2044,Arri Graham
2045,Arron Shiver
2046,Arsen Grigoryan
2047,Arsenio Castellanos
2048,Arsenio Hall
2049,Arsher Ali
2050,Arsinée Khanjian
2051,Art Blakey
2052,Art Goodtimes
2053,Art Hindle
2054,Art Hsu
2055,Art Kearns
2056,Art Parkinson
2057,Artemis
2058,Artemis Pebdani
2059,Artemiy Spiridonov
2060,Arthur Angel
2061,Arthur Cave
2062,Arthur Couillard
2063,Arthur Deranleau
2064,Arthur Falko
2065,Arthur Giusi
2066,Arthur Grace
2067,Arthur Hakalahti
2068,Arthur Harari
2069,Arthur Hiou
2070,Arthur Igual
2071,Arthur J. Nascarella
2072,Arthur Kane
2073,Arthur Lee
2074,Arthur Lewis
2075,Arthur Nauzyciel
2076,Arthur Orcier
2077,Artie Kornfeld
2078,Artie Widgery
2079,Artjom Gilz
2080,Artur Beschastny
2081,Arturo Castro
2082,Arturo Goetz
2083,Arturo Izquierdo
2084,Arturo Vignai
2085,Artyom Bogucharsky
2086,Artyom Strelnikov
2087,Artyom Zhigulin
2088,Arun Dravid
2089,Arun Khator
2090,Arush Nand
2091,Arvin Kananian
2092,Arvo Kukumägi
2093,Arvydas Sabonis
2094,Arwen Donahue
2095,Ary Abittan
2096,Ary Katz
2097,Arye Gross
2098,Aryeh Cherner
2099,Asa Butterfield
2100,Asad Durrani
2101,Asan N'Jie
2102,Asanee Suwan
2103,Ash Lee
2104,Asha Maya Magrati
2105,Ashae Reagan
2106,Ashanti
2107,Asheq Akhtar
2108,Asher Angel
2109,Asher Bridle
2110,Asher Keddie
2111,Asher Miles Fallica
2112,Asher Yasbincek
2113,Ashlam Canaan
2114,Ashle Blow
2115,Ashlee Lollback
2116,Ashlei Foushee
2117,Ashlei King
2118,Ashleigh Ball
2119,Ashleigh Banfield
2120,Ashleigh Cummings
2121,Ashleigh Morghan
2122,Ashleigh Murray
2123,Ashleigh Nutt
2124,Ashley Amos
2125,Ashley Arbaugh
2126,Ashley Aufderheide
2127,Ashley Bell
2128,Ashley Benson
2129,Ashley Black
2130,Ashley Blaine Featherson
2131,Ashley Boettcher
2132,Ashley Bratcher
2133,Ashley Brooke
2134,Ashley C. Williams
2135,Ashley Chen
2136,Ashley Cusato
2137,Ashley Drew Fisher
2138,Ashley Dyke
2139,Ashley Edner
2140,Ashley Greene
2141,Ashley Hinshaw
2142,Ashley Jensen
2143,Ashley Judd
2144,Ashley Kahn
2145,Ashley LeConte Campbell
2146,Ashley Liao
2147,Ashley McGuire
2148,Ashley Nicole Blake
2149,Ashley Olsen
2150,Ashley Padilla
2151,Ashley Safer Fossick
2152,Ashley Santos
2153,Ashley Scott
2154,Ashley Shelton
2155,Ashley Springer
2156,Ashley St. George
2157,Ashley Szczerbacki
2158,Ashley Thomas
2159,Ashley Tisdale
2160,Ashley Trawinski
2161,Ashley Uecker
2162,Ashley Ware Jenkins
2163,Ashley Zukerman
2164,Ashlie Atkinson
2165,Ashlyn Alessi
2166,Ashlyn Rainn Holmes
2167,Ashlynn Yennie
2168,Ashok Gadgil
2169,Ashok Pathak
2170,Ashraf Farah
2171,Ashraf Pahlavi
2172,Ashrita Gandhari
2173,Ashritha Kancharla
2174,Ashton Holmes
2175,Ashton Kutcher
2176,Ashton Miramontes
2177,Ashton Sanders
2178,Ashton Smiley
2179,Ashton Tatum
2180,Ashton Tyler
2181,Asia Argento
2182,Asia Jackson
2183,Asia Kate Dillon
2184,Asia Mattu
2185,Asier Etxeandia
2186,Asier Flores
2187,Asif Ali
2188,Asif Basra
2189,Asim Chaudhry
2190,Asjad Mohamed
2191,Asjha Cooper
2192,Ask Aygin Gaup
2193,Aslenis Márquez
2194,Asmaa Al-Bahiyya
2195,Asmara Feik
2196,Assa Sylla
2197,Assi Cohen
2198,Assi Levy
2199,Assibey Blake
2200,Assol Abdullina
2201,Astra Taylor
2202,Astrid Berges-Frisbey
2203,Astrid Roos
2204,Astrid Van Wieren
2205,Astro
2206,Asuka Kurosawa
2207,Atef Ammar
2208,Atheena Frizzell
2209,Athena Akers
2210,Athina Rachel Tsangari
2211,Atkins Estimond
2212,Ato Blankson-Wood
2213,Ato Essandoh
2214,Atrem Cipin
2215,Atsuko Maeda
2216,Atsuko Sakuma
2217,Atsuko Tanaka
2218,Atsushi Matsuda
2219,Atsushi Nakahira
2220,Atsushi Okui
2221,Atta Yaqub
2222,Atticus Cain
2223,Attila G. Kerekes
2224,Attila Mokos
2225,Attila Árpa
2226,Atul Gawande
2227,Aubeline Barbieux
2228,Aubrey Cleland
2229,Aubrey Lin
2230,Aubrey Marie Williams
2231,Aubrey Peeples
2232,Aubrey Plaza
2233,Aude Pépin
2234,Aude-Laurence Clermont Biver
2235,Audra McDonald
2236,Audrey Boos
2237,Audrey Dana
2238,Audrey Francis
2239,Audrey Hsieh
2240,Audrey Roger
2241,Audrey Sablé
2242,Audrey Tautou
2243,Audrey Walters
2244,Audrey Wasilewski
2245,Auffer Camacho
2246,August Diehl
2247,August Maturo
2248,August Zirner
2249,Augustin Reyes
2250,Augustine Frizzell
2251,Augusto Aguilera
2252,Augustus Prew
2253,Auli'i Cravalho
2254,Aundrea Smith
2255,Aunjanue Ellis
2256,Aure Atika
2257,Aurelia Caal
2258,Aurelie Thepaut
2259,Aurelien Gaya
2260,Aurielle Akerele
2261,Aurita Agushi
2262,Aurora Lowe
2263,Aurora Perrineau
2264,Aurora Richards
2265,Aurore Broutin
2266,Aury Wayne
2267,Aurélia Petit
2268,Aurélien Bianco
2269,Aurélien Lorgnier
2270,Aurélien Recoing
2271,Austin Abrams
2272,Austin Amelio
2273,Austin Antoine
2274,Austin Archer
2275,Austin Baker
2276,Austin Brown
2277,Austin Cole
2278,Austin Hébert
2279,Austin Leo
2280,Austin Lewis
2281,Austin Nichols
2282,Austin Obiajunwa
2283,Austin P. McKenzie
2284,Austin Pendleton
2285,Austin Post
2286,Austin R. Grant
2287,Austin Robert Butler
2288,Austin Stout
2289,Austin Stowell
2290,Austin Swift
2291,Austin Vesely
2292,Austin Zajur
2293,Austyn Johnson
2294,Austyn Tester
2295,Autilia Ranieri
2296,Ava Allan
2297,Ava Augustin
2298,Ava Capri
2299,Ava Caryofyllis
2300,Ava Cooper
2301,Ava Fillery
2302,Ava Grace Cooper
2303,Ava Inman
2304,Ava Kolker
2305,Ava Kozelj
2306,Ava Langford
2307,Ava Morse
2308,Ava Telek
2309,Avan Jogia
2310,Avant Strangel
2311,Avaz Latif
2312,Avery Bederman
2313,Avery Esteves
2314,Avery Moss
2315,Avery Pizzuto
2316,Avery Tiiu Essex
2317,Avery Whitted
2318,Avi Dichter
2319,Avianah Abrahams
2320,Aviel Ayoung
2321,Avigail Harari
2322,Avis-Marie Barnes
2323,Aviva Layton
2324,Aviva Mongillo
2325,Aviva Wang
2326,Avraham Shalom
2327,Awkwafina
2328,Axel Auriant
2329,Axel B. Crano
2330,Axel Mansilla
2331,Axel Milberg
2332,Axel Nu
2333,Axel Sichrovsky
2334,Axel Wandtke
2335,Axelle Carolyn
2336,Aya Cash
2337,Aya Irizuki
2338,Aya Okamoto
2339,Aya Ueto
2340,Ayako Fujitani
2341,Ayami Riley Tomine
2342,Ayana Gôda
2343,Ayana O'Shun
2344,Ayanna Berkshire
2345,Ayatollah Khomeini
2346,Ayda Sadeqi
2347,Ayden Mayeri
2348,Ayden Soria
2349,Aye Hasegawa
2350,Ayelet Zurer
2351,Ayesha Dharker
2352,Ayisha Issa
2353,Aykhan Hajibayli
2354,Ayla-Elea Hurtado
2355,Aylam Orian
2356,Aylin Tezel
2357,Aylin Yay
2358,Ayman Osama
2359,Aymeline Valade
2360,Aymen Hamdouchi
2361,Aymeric Demarigny
2362,Ayoola Smart
2363,Ayrton Senna
2364,Ayu Kitaura
2365,Ayumu Nakajima
2366,Ayush Tandon
2367,Aza Raskin
2368,Azad Khan
2369,Azhy Robertson
2370,Azie Tesfai
2371,Azir Mustafic
2372,Azita Ghanizada
2373,Azriel Dalman
2374,Azul Zorrilla
2375,Azumi Tsutsui
2376,Azza Melton
2377,Aïssa Maïga
2378,B.B. King
2379,B.D. Wong
2380,B.J. Novak
2381,Baard Owe
2382,Baba Mine
2383,Babacar Sylla
2384,Babak Karimi
2385,Babak Tafti
2386,Babette Bombshell
2387,Babou Ceesay
2388,Babs Olusanmokun
2389,Bachi Valishvili
2390,Bahar Noohian
2391,Bahar Soomekh
2392,Bahara Golestani
2393,Bahman Farmanara
2394,Bahman Ghobadi
2395,Bai Feng
2396,Bai Qing Xin
2397,Baihe Bai
2398,Bailee Madison
2399,Bailey Anne Borders
2400,Bailey Lewis
2401,Bailey Noble
2402,Bailey Rae Fenderson
2403,Bailey Rhyse Walters
2404,Bailey Skodje
2405,Bailey Spry
2406,Bailey Thain
2407,Bakary Koné
2408,Bakary Sangaré
2409,Bal
2410,Baldassare Tre Re
2411,Balthazar Getty
2412,Balázs Czukor
2413,Bam Margera
2414,Bamboo Chu-Sheng Chen
2415,Banita Sandhu
2416,Banksy
2417,Baomei Huang
2418,Baptiste Pinteaux
2419,Barack Obama
2420,Baran Kosari
2421,Baran Rasoulof
2422,Barb Mitchell
2423,Barbara Auer
2424,Barbara Bain
2425,Barbara Bush
2426,Barbara Chichiarelli
2427,Barbara Colen
2428,Barbara Crampton
2429,Barbara Dunmore
2430,Barbara Dunmore Ford
2431,Barbara Eve Harris
2432,Barbara Gehring
2433,Barbara Goodson
2434,Barbara Gordon
2435,Barbara Hellemans
2436,Barbara Hershey
2437,Barbara Kingsley
2438,Barbara Krafftówna
2439,Barbara Kurzaj
2440,Barbara Marten
2441,Barbara Meier
2442,Barbara Peirson
2443,Barbara Singer
2444,Barbara Sukowa
2445,Barbara Tasker
2446,Barbara Valentin
2447,Barbara Walters
2448,Barbara West
2449,Barbara Whinnery
2450,Barbara-Marié Immelman
2451,Barbarella Pardo
2452,Barbie Ferreira
2453,Barbie Forteza
2454,Barbora Kysilkova
2455,Barbora Milotová
2456,Barbra Streisand
2457,Barkhad Abdi
2458,Barkhad Addirahman
2459,Barkley Harper
2460,Barlow Jacobs
2461,Barney Clark
2462,Barney Frank
2463,Barrett Doss
2464,Barry Adamson
2465,Barry Blinderman
2466,Barry Clifton
2467,Barry Corbin
2468,Barry Gibb
2469,Barry Godin
2470,Barry Jay Minoff
2471,Barry Keoghan
2472,Barry Kramer
2473,Barry Levinson
2474,Barry Mason
2475,Barry McEvoy
2476,Barry Pepper
2477,Barry Primus
2478,Barry Rothbart
2479,Barry Shabaka Henley
2480,Barry Te Hira
2481,Barry Ward
2482,Barry Watson
2483,Bart Fouche
2484,Bart Johnson
2485,Bartosz Bielenia
2486,Barzin Akhavan
2487,Bas Keijzer
2488,Bashar Hassuneh
2489,Bashir Salahuddin
2490,Basil Eidenbenz
2491,Basim Hajar
2492,Basima Hajjar
2493,Bassem Fayad
2494,Bassem Masri
2495,Basti
2496,Bastien Bouillon
2497,Bastien Ughetto
2498,Bastien Waultier
2499,Bates Wilder
2500,Batiste Sornin
2501,Batyste Fleurial
2502,Bawriboon Chanreuang
2503,Baya Belal
2504,Bayar
2505,Baykali Ganambarr
2506,BD Wong
2507,Bea Palya
2508,Bea Santos
2509,Beanie Andrew
2510,Beanie Feldstein
2511,Beanie Sigel
2512,Beata Cavallin
2513,Beata Poźniak
2514,Beate Støfring
2515,Beatrice Chien
2516,Beatrice Hernandez
2517,Beatrice King
2518,Beatrice Kitsos
2519,Beatrice Stein
2520,Beatrice Welles
2521,Beatrix Perkins
2522,Beatriz Torcato
2523,Beattie Edmondson
2524,Beatus Ble Msamange
2525,Beau Andre
2526,Beau Billingslea
2527,Beau Bridges
2528,Beau Bridgland
2529,Beau Gadsdon
2530,Beau Knapp
2531,Beau Mirchoff
2532,Bebe Barron
2533,BeBe Bettencourt
2534,Bebe Cave
2535,Bebe Neuwirth
2536,Bebe Rexha
2537,Bebo Storti
2538,Becca Beton
2539,Becca Khalil
2540,Beck
2541,Beck Bennett
2542,Beckam Crawford
2543,Becky
2544,Becky Ann Baker
2545,Becky G.
2546,Becky Sawicki
2547,Becky Wahlstrom
2548,Bee Vang
2549,Begona F. Martin
2550,Behi Djanati Atai
2551,Behnaz Jafari
2552,Bel Powley
2553,Belal Faiz
2554,Belinda Balaski
2555,Belinda Carlisle
2556,Belkacem Lalaoui
2557,Bella Bracken
2558,Bella Heathcote
2559,Bella Higginbotham
2560,Bella Popa
2561,Bella Rahim
2562,Bella Ramsey
2563,Bella Thorne
2564,Bella Zoe Martinez
2565,Bellamine Abdelmalek
2566,Bellamy Young
2567,Belçim Bilgin
2568,Belén Rueda
2569,Ben Affan
2570,Ben Affleck
2571,Ben Barnes
2572,Ben Becher
2573,Ben Best
2574,Ben Black
2575,Ben Bladon
2576,Ben Bradley
2577,Ben Burtt
2578,Ben Caplan
2579,Ben Carolan
2580,Ben Chaplin
2581,Ben Chase
2582,Ben Clifford
2583,Ben Corbett
2584,Ben Cotton
2585,Ben Crompton
2586,Ben Cross
2587,Ben Daniels
2588,Ben Davis
2589,Ben Derfel
2590,Ben Dickey
2591,Ben Diskin
2592,Ben F. Campbell
2593,Ben Falcone
2594,Ben Feldman
2595,Ben Foster
2596,Ben Gavin
2597,Ben Gazzara
2598,Ben Hamidou
2599,Ben Hammer
2600,Ben Hardy
2601,Ben Harrison
2602,Ben Hicks
2603,Ben Hollingsworth
2604,Ben Irving
2605,Ben Kingsley
2606,Ben Lam
2607,Ben Lamb
2608,Ben Levi Ross
2609,Ben Levin
2610,Ben Lewis
2611,Ben Lloyd-Hughes
2612,Ben Mankiewicz
2613,Ben McIvor
2614,Ben McKenzie
2615,Ben Mellish
2616,Ben Mendelsohn
2617,Ben Miles
2618,Ben Miller
2619,Ben O'Brien
2620,Ben O'Toole
2621,Ben Platt
2622,Ben Pronsky
2623,Ben Rhodes
2624,Ben Robson
2625,Ben Rosenfield
2626,Ben Ross
2627,Ben Safdie
2628,Ben Sanders
2629,Ben Schnetzer
2630,Ben Schwartz
2631,Ben Shenkman
2632,Ben Sidell
2633,Ben Sinclair
2634,Ben Skora
2635,Ben Sloane
2636,Ben Spence
2637,Ben Steinbauer
2638,Ben Stiller
2639,Ben Tavassoli
2640,Ben Teichmann
2641,Ben Tibber
2642,Ben Turner
2643,Ben Vereen
2644,Ben Warheit
2645,Ben Whishaw
2646,Ben Wiggins
2647,Ben Yuen
2648,Bence Tasnádi
2649,Bene Coopersmith
2650,Bene't Benton
2651,Benedetta Barzini
2652,Benedict Cumberbatch
2653,Benedict Hardie
2654,Benedict Wall
2655,Benedict Wong
2656,Benedicta Sánchez
2657,Benett Vilmányi
2658,Benfors 'Wee Do
2659,Bengt Bergius
2660,Bengt Braskered
2661,Beniamino Barrese
2662,Benicio Del Toro
2663,Benita Ha
2664,Benito Martinez
2665,Benjamin Berman
2666,Benjamin Biolay
2667,Benjamin Boutboul
2668,Benjamin Bratt
2669,Benjamin Breault
2670,Benjamin Camp
2671,Benjamin Cole Royer
2672,Benjamin Crotty
2673,Benjamin Demassieux
2674,Benjamin Dickinson
2675,Benjamin Eakeley
2676,Benjamin Evan Ainsworth
2677,Benjamin Flores Jr.
2678,Benjamin Hoetjes
2679,Benjamin Joel Caron
2680,Benjamin Mason
2681,Benjamin Niedens
2682,Benjamin Ochieng
2683,Benjamin Radford
2684,Benjamin Ratner
2685,Benjamin Schnau
2686,Benjamin Siksou
2687,Benjamin Voisin
2688,Benjamin Walker
2689,Benjamin Weaver
2690,Benji Purchase
2691,Bennett Andrew
2692,Bennett Deady
2693,Benno Fürmann
2694,Bennu Yildirimlar
2695,Benny Blanco
2696,Beno
2697,Benoit Lapierre
2698,Benoît Brière
2699,Benoît Magimel
2700,Benoît Poelvoorde
2701,Benoît Robail
2702,Benoît Verhaert
2703,Benshan Zhao
2704,Bentley Hixson
2705,Bentley Kalu
2706,Benz Veal
2707,Beoga
2708,Berkeley Breathed
2709,Bern Cohen
2710,Bern Collaco
2711,Bernadette Peters
2712,Bernadette Quigley
2713,Bernard Arnault
2714,Bernard Butler
2715,Bernard Campan
2716,Bernard Cribbins
2717,Bernard D. Jones
2718,Bernard Giraudeau
2719,Bernard Hill
2720,Bernard Pretty Purdie
2721,Bernard Purdie
2722,Bernard Verley
2723,Bernard Vonnegut
2724,Bernard White
2725,Bernarda Trueba
2726,Bernardo Bertolucci
2727,Bernardo Bongo
2728,Bernardo Santos
2729,Bernardo Velasco
2730,Bernd Birkhahn
2731,Bernd Hölscher
2732,Bernice Stegers
2733,Bernie Bonvoisin
2734,Bernie Mac
2735,Bernie Stein
2736,Berry Gordy
2737,Bert Williams
2738,Berta Khapava
2739,Berta Pipó
2740,Bertil J. Nyberg
2741,Bertila Damas
2742,Bertrand Boyd II
2743,Bertrand Mandico
2744,Bertrand Nadler
2745,Bertrand Tavernier
2746,Besedka Johnson
2747,Bessie Carter
2748,Beth Ditto
2749,Beth Dover
2750,Beth Grant
2751,Beth Keener
2752,Beth Malone
2753,Beth Moore
2754,Beth Phoenix
2755,Bethany Adams
2756,Bethany Anne Lind
2757,Bethany Antonia
2758,Bethany Brown
2759,Bethany Whitmore
2760,Beto Barsotti
2761,Beto Calvillo
2762,Betsey Brown
2763,Betsy Aidem
2764,Betsy Baker
2765,Betsy Brandt
2766,Betsy Holt
2767,Betsy Russell
2768,Bette Davis
2769,Bette Midler
2770,Bettina Stucky
2771,Betty Aberlin
2772,Betty Benet Mercado
2773,Betty Buckley
2774,Betty Catroux
2775,Betty Davis
2776,Betty Gabriel
2777,Betty Gilpin
2778,Betty McElhinney
2779,Betty Moyer
2780,Betty Pedrazzi
2781,Betty Sun
2782,Betty White
2783,Beulah Koale
2784,Beverley Dublin
2785,Beverley Elliott
2786,Beverley Michaels
2787,Beverley Mitchell
2788,Beverly D'Angelo
2789,Bex Taylor-Klaus
2790,Beyoncé Knowles
2791,BF Mulvey
2792,Bhavesh Patel
2793,Bhreagh MacNeil
2794,Biagio Manna
2795,Biana Tamimi
2796,Bianca A. Santos
2797,Bianca Amato
2798,Bianca Bosch
2799,Bianca Cruzeiro
2800,Bianca Jagger
2801,Bianca Leigh
2802,Bianca Lopez
2803,Bianca Nawrath
2804,Bianca Pomponio
2805,Bidzina Gujabidze
2806,Big Bank Black
2807,Big Boi
2808,Big Jay
2809,Big Jay Oakerson
2810,Bijan Aalam
2811,Bijou Phillips
2812,Bilal Zafar
2813,Bilel Chegrani
2814,Bill Bakula
2815,Bill Barretta
2816,Bill Birnes
2817,Bill Blakemore
2818,Bill Bolender
2819,Bill Buell
2820,Bill Burr
2821,Bill Camp
2822,Bill Campbell
2823,Bill Carr
2824,Bill Clinton
2825,Bill Cunningham
2826,Bill Curbishley
2827,Bill Dawes
2828,Bill Duke
2829,Bill Engvall
2830,Bill Fagerbakke
2831,Bill Feehely
2832,Bill Frisell
2833,Bill Gates
2834,Bill Hader
2835,Bill Hayes
2836,Bill Heck
2837,Bill Hoag
2838,Bill Irwin
2839,Bill Johnston
2840,Bill Kreutzmann
2841,Bill Lauch
2842,Bill Maher
2843,Bill Melendez
2844,Bill Milner
2845,Bill Morrison
2846,Bill Moseley
2847,Bill Murray
2848,Bill Nighy
2849,Bill Nye
2850,Bill O'Connell
2851,Bill O'Farrell
2852,Bill O'Reilly
2853,Bill Oberst Jr.
2854,Bill Paterson
2855,Bill Paxton
2856,Bill Phillips
2857,Bill Pullman
2858,Bill Raymond
2859,Bill Resler
2860,Bill Richards
2861,Bill Sage
2862,Bill Sherman
2863,Bill Skarsgård
2864,Bill Smitrovich
2865,Bill T. Jones
2866,Bill Thorpe
2867,Bill Tung
2868,Bill Turnbull
2869,Bill Walters
2870,Bill Wise
2871,Bill Wyman
2872,Billie Eilish
2873,Billie Holiday
2874,Billie Jean King
2875,Billie Joe Armstrong
2876,Billie Lourd
2877,Billie Piper
2878,Billie Wolff
2879,Billy Barratt
2880,Billy Bob Thornton
2881,Billy Boyd
2882,Billy Brown
2883,Billy Burke
2884,Billy Connolly
2885,Billy Crudup
2886,Billy Crystal
2887,Billy Dee Williams
2888,Billy Donovan
2889,Billy Eichner
2890,Billy Graham
2891,Billy Howle
2892,Billy Jenkins
2893,Billy Kametz
2894,Billy MacLellan
2895,Billy Magnussen
2896,Billy McFarland
2897,Billy Miller
2898,Billy Mitchell
2899,Billy Moore
2900,Billy Otis
2901,Billy Porter
2902,Billy Ray Cyrus
2903,Billy Slaughter
2904,Billy Tipton Jr.
2905,Billy Zane
2906,Bimbam Merstein
2907,Bin Won
2908,Bin Zhou
2909,Bing Liu
2910,Bingbing Fan
2911,Bingbing Li
2912,Bingqiang Chen
2913,Birgit Minichmayr
2914,Birgitte Hjort Sørensen
2915,Birgundi Baker
2916,Birol Tarkan Yildiz
2917,Birol Ünel
2918,Birute Galdikas
2919,Bishop Stevens
2920,Bisserat Tseggai
2921,Bj Gruber
2922,BJ Harrison
2923,Bjarne Henriksen
2924,Bjorn Johnson
2925,Bjorn Steinbach
2926,Björk
2927,Björn Andrésen
2928,Björn Bengtsson
2929,Björn Freiberg
2930,Björn Granath
2931,Björn Gustafsson
2932,Björn Hlynur Haraldsson
2933,Björn Ingi Hilmarsson
2934,Bjørn Floberg
2935,Black Phomtong
2936,Blaine Kern III
2937,Blaine Maye
2938,Blair Bomar
2939,Blair Brown
2940,Blair Kincaid
2941,Blair Underwood
2942,Blair Williamson
2943,Blaise Corrigan
2944,Blaise Miller
2945,Blake Anderson
2946,Blake Baumgartner
2947,Blake Berris
2948,Blake Borders
2949,Blake Clark
2950,Blake Cooper
2951,Blake DeLong
2952,Blake French
2953,Blake Griffin
2954,Blake Harrison
2955,Blake Jenner
2956,Blake Lively
2957,Blake McCall
2958,Blake Rayne
2959,Blake Ridder
2960,Blake Shelton
2961,Blake Taylor
2962,Blanca Araceli
2963,Blanca Portillo
2964,Blanchard Ryan
2965,Blanche Gardin
2966,Blane Crockarell
2967,Blanka Györfi-Tóth
2968,Blayne Weaver
2969,Blerta Ismaili
2970,Blessin Giraldo
2971,Blixa Bargeld
2972,BloodPop
2973,Blu Hunt
2974,Blue Lindeberg
2975,Bluey Robinson
2976,Blutch
2977,Blythe Danner
2978,Blythe Howard
2979,Bo Brønnum
2980,Bo Burnham
2981,Bo Hopkins
2982,Bo Huang
2983,Bo Martyn
2984,Bo-lin Chen
2985,BoA
2986,Bob Bagby
2987,Bob Balaban
2988,Bob Barr
2989,Bob Bergen
2990,Bob Burnquist
2991,Bob Colacello
2992,Bob Dylan
2993,Bob Fisher
2994,Bob Frazer
2995,Bob Gaudio
2996,Bob Geldof
2997,Bob Gunton
2998,Bob Herzog
2999,Bob Hoskins
3000,Bob Jesser
3001,Bob Koppler
3002,Bob Marley
3003,Bob Newhart
3004,Bob Odenkirk
3005,Bob Rafsky
3006,Bob Ross
3007,Bob Rusch
3008,Bob Stephenson
3009,Bob the Cat
3010,Bob Wells
3011,Bobbi A Bordley
3012,Bobbi Banks
3013,Bobbi Jean Smith
3014,Bobbi Kristina Brown
3015,Bobby Akers
3016,Bobby Batson
3017,Bobby Blish
3018,Bobby Brown
3019,Bobby Campbell
3020,Bobby Campo
3021,Bobby Cannavale
3022,Bobby Coleman
3023,Bobby Daniel Rodriguez
3024,Bobby Field
3025,Bobby Gillespie
3026,Bobby Gonsalves
3027,Bobby Hackney
3028,Bobby Jerome Izat
3029,Bobby Lee
3030,Bobby Lockwood
3031,Bobby Moynihan
3032,Bobby Nish
3033,Bobby Schofield
3034,Bobby Scott Freeman
3035,Bobby Soto
3036,Bobby Strauser
3037,Bobby Tisdale
3038,Bobcat Goldthwait
3039,Boden Johnston
3040,Bodil Jørgensen
3041,Bogdan Cotlet
3042,Bogdan Dumitrache
3043,Bogdan Kominowski
3044,Bogdan Zamfir
3045,Boguslaw Linda
3046,Bojan Bajcetic
3047,Bojan Ban
3048,Bojan Hlisc
3049,Bojana Novakovic
3050,Bok-gi Min
3051,Bokeem Woodbine
3052,Bolek Polívka
3053,Bolude Watson
3054,Boluwatife Treasure Bankole
3055,Bong
3056,Bongile Mantsai
3057,Boniventure
3058,Bonna Khalid
3059,Bonnie Aarons
3060,Bonnie Bedelia
3061,Bonnie Cross
3062,Bonnie Henna
3063,Bonnie Hunt
3064,Bonnie Lee Bouman
3065,Bonnie Raitt
3066,Bonnie Riley
3067,Bonnie Siu
3068,Bonnie Somerville
3069,Bonnie Zellerbach
3070,Bono
3071,BooBoo Stewart
3072,Boonyanudh Jiyarom
3073,Boots Southerland
3074,Boran Jing
3075,Boriana Williams
3076,Boris Benko
3077,Boris Berezovsky
3078,Boris Cheshirkov
3079,Boris Gulyarin
3080,Boris Isakovic
3081,Boris Kabakchiev
3082,Boris Kamorzin
3083,Boris Kodjoe
3084,Boris Ler
3085,Boris Leskin
3086,Boris McGiver
3087,Boris Yeltsin
3088,Borys Szyc
3089,Bosco Hogan
3090,Boshra Haghighi
3091,Bow Wow
3092,Bowie Lam
3093,Boyd Banda
3094,Boyd Holbrook
3095,Boyz II Men
3096,Bracken Burns
3097,Brad Abrell
3098,Brad Beyer
3099,Brad Bird
3100,Brad Carter
3101,Brad Dourif
3102,Brad Garrett
3103,Brad Greenquist
3104,Brad Johnson
3105,Brad Leland
3106,Brad Mann
3107,Brad Pitt
3108,Brad Potts
3109,Brad Renfro
3110,Brad Roberge
3111,Brad Sanders
3112,Brad Smith
3113,Brad Takei
3114,Brad William Henke
3115,Braden Crothers
3116,Bradford Norris
3117,Bradley Banton
3118,Bradley Birkholz
3119,Bradley Cooper
3120,Bradley Gallo
3121,Bradley Gordon
3122,Bradley James
3123,Bradley Manning
3124,Bradley Sawatzky
3125,Bradley Stryker
3126,Bradley Taylor
3127,Bradley Trent Williams
3128,Bradley W. Anderson
3129,Bradley Whitford
3130,Brady Corbet
3131,Brady Jandreau
3132,Brady Lewis
3133,Brady M.K. Dunn
3134,Brady Noon
3135,Brady Permenter
3136,Brady Smith
3137,Braeden Marcott
3138,Braelyn Kelly
3139,Brahm Vaccarella
3140,Bram Hoover
3141,Bram Hornung
3142,Bram van der Kelen
3143,Brandon Auret
3144,Brandon Boyce
3145,Brandon Boyd
3146,Brandon Burke
3147,Brandon Collwes
3148,Brandon Darby
3149,Brandon DeWyn
3150,Brandon Engman
3151,Brandon Ingram
3152,Brandon Keener
3153,Brandon Lee Sears
3154,Brandon Lessard
3155,Brandon Lott
3156,Brandon Micheal Hall
3157,Brandon Oakes
3158,Brandon Parker
3159,Brandon Polansky
3160,Brandon Potter
3161,Brandon Quinn
3162,Brandon Routh
3163,Brandon Rush
3164,Brandon Scales
3165,Brandon Scott Jones
3166,Brandon Sklenar
3167,Brandon Soo Hoo
3168,Brandon Stanley
3169,Brandon Stewart
3170,Brandon T. Jackson
3171,Brandon Thomas Lee
3172,Brandon Vera
3173,Brandon Wilson
3174,Brandy Norwood
3175,Brandy Pitcher
3176,Branislav Ciric
3177,Branka Katic
3178,Branko Djuric
3179,Brannon Cross
3180,Branscombe Richmond
3181,Brant Daugherty
3182,Braulio Castillo hijo
3183,Braxton Alexander
3184,Braxton Bjerken
3185,Braxton Millz
3186,Braydon Denney
3187,Brea Bee
3188,Brea Grant
3189,Breanna Watkins
3190,Breanne Hill
3191,Brec Bassinger
3192,Breckin Meyer
3193,Breckyn Hager
3194,Bree Elrod
3195,Bree Turner
3196,Bree Wasylenko
3197,Breeda Wool
3198,Bregje Heinen
3199,Brenda Blethyn
3200,Brenda Deiss
3201,Brenda Fricker
3202,Brenda Nicole Moorer
3203,Brenda Vaccaro
3204,Brendan Archer
3205,Brendan Byrne
3206,Brendan Clearkin
3207,Brendan Coyle
3208,Brendan Fehr
3209,Brendan Fletcher
3210,Brendan Fraser
3211,Brendan Gleeson
3212,Brendan Mackey
3213,Brendan Meyer
3214,Brendan O'Rourke
3215,Brendan Scannell
3216,Brendan Schaub
3217,Brendan Sexton III
3218,Brendan Taylor
3219,Brenden Gregory
3220,Brenden Wedner
3221,Brendon Daniels
3222,Brenn Lorenzo
3223,Brenna Marie Narayan
3224,Brenna Sherman
3225,Brennan Gademans
3226,Brennan Keel Cook
3227,Brennan Murray
3228,Breno Mello
3229,Brent Carver
3230,Brent Fellows
3231,Brent Moorer Gaskins
3232,Brent Sexton
3233,Brent Skagford
3234,Brent Spiner
3235,Brenton Montgomery
3236,Brenton Thwaites
3237,Bresha Webb
3238,Bret Easton Ellis
3239,Bret Ernst
3240,Bret Harrison
3241,Bret McKenzie
3242,Bret Porter
3243,Brett Austin Johnson
3244,Brett Azar
3245,Brett Beoubay
3246,Brett Cullen
3247,Brett Dier
3248,Brett Edwards
3249,Brett G. Smith
3250,Brett Gelman
3251,Brett Goldstein
3252,Brett Kelly
3253,Brett Kincaid
3254,Brett O'Gorman
3255,Brett Peachey
3256,Brett Puglisi
3257,Brett Rice
3258,Brett Rickaby
3259,Brett Varvel
3260,Brett W. Bachman
3261,Brette Harrington
3262,Bria Vinaite
3263,Brian
3264,Brian 'Sene' Marc
3265,Brian Austin Green
3266,Brian Bosworth
3267,Brian Bovell
3268,Brian Cade
3269,Brian Capron
3270,Brian Caspe
3271,Brian Cook
3272,Brian Cox
3273,Brian d'Arcy James
3274,Brian Deegan
3275,Brian Dennehy
3276,Brian Dobson
3277,Brian Doherty
3278,Brian Donahue
3279,Brian Drummond
3280,Brian Duffy
3281,Brian Eisch
3282,Brian Ferguson
3283,Brian Fortune
3284,Brian Gallagher
3285,Brian Geraghty
3286,Brian Gleeson
3287,Brian Goodman
3288,Brian Gunter
3289,Brian Henningsen
3290,Brian Henson
3291,Brian Herman
3292,Brian Herzlinger
3293,Brian Hooks
3294,Brian Howe
3295,Brian Hutchison
3296,Brian J. Carter
3297,Brian Jones
3298,Brian Kayode-Patrick Johnson
3299,Brian King
3300,Brian Landis Folkins
3301,Brian Lee Franklin
3302,Brian Markinson
3303,Brian Martin Ortega
3304,Brian McCarthy
3305,Brian Meegan
3306,Brian Michael
3307,Brian Murray
3308,Brian O'Halloran
3309,Brian Posehn
3310,Brian Presley
3311,Brian Sacca
3312,Brian Stepanek
3313,Brian Stokes Mitchell
3314,Brian Stuy
3315,Brian Sutherland
3316,Brian Tarantina
3317,Brian Tester
3318,Brian Thomas Burrell
3319,Brian Thompson
3320,Brian Townes
3321,Brian Tyree Henry
3322,Brian Van Holt
3323,Brian Vernel
3324,Brian Wilson
3325,Brian Wolfman Black Bowman
3326,Brian Yang
3327,Briana Evigan
3328,Briana Middleton
3329,Briana Roy
3330,Briana Shann
3331,Briana Skye
3332,Briana Venskus
3333,BriAnn Rachele
3334,Brianna Adams
3335,Brianna Cohen
3336,Brianna Denski
3337,Brianna Hildebrand
3338,Brianne Davis
3339,Brianne Tju
3340,Brice Fisher
3341,Brice Montagne
3342,Brid Brennan
3343,Bridey Elliott
3344,Bridger Zadina
3345,Bridget Berger
3346,Bridget Everett
3347,Bridget Fonda
3348,Bridget McGarry
3349,Bridget Moynahan
3350,Bridget Wilmes
3351,Bridgette Cameron
3352,Bridgette Wilson
3353,Bridgit Mendler
3354,Brie Larson
3355,Brielle Barbusca
3356,Brieyon Bell-El
3357,Briga Heelan
3358,Brigette Lundy-Paine
3359,Brighton Sharbino
3360,Brigid Brannagh
3361,Brigitte Bardot
3362,Brigitte Lin
3363,Brigitte Roüan
3364,Brina
3365,Brinda Trivedi
3366,Brinn Abbate
3367,Brinsley Forde
3368,Brionne Davis
3369,Brisky
3370,Brit Marling
3371,Brit Morgan
3372,Britne Oldford
3373,Britney Spears
3374,Britney Young
3375,Britt Lower
3376,Britt McKillip
3377,Britt Rentschler
3378,Brittany Allen
3379,Brittany Daniel
3380,Brittany Ferrell
3381,Brittany Furlan
3382,Brittany Garms
3383,Brittany Hoza
3384,Brittany Ishibashi
3385,Brittany Kaiser
3386,Brittany Murphy
3387,Brittany O'Grady
3388,Brittany Renee Finamore
3389,Brittany Robertson
3390,Brittany Ross
3391,Brittany S. Hall
3392,Brittany Snow
3393,Brittini Schreiber
3394,Brittney Aleah
3395,Brittney Cooper
3396,Brittney Rodriguez
3397,Britton Sear
3398,Britton Webb
3399,Brock Cahill
3400,Brock Fitzgerald
3401,Brock O'Hurn
3402,Brodie Reed
3403,Brody Rose
3404,Brody Wilkinson
3405,Bronagh Gallagher
3406,Bronagh Waugh
3407,Bronislawa Zamachowska
3408,Bronson Webb
3409,Bronte Carmichael
3410,Brontis Jodorowsky
3411,Brooke Baldwin
3412,Brooke Bloom
3413,Brooke Butler
3414,Brooke Culbertson
3415,Brooke Jaye Taylor
3416,Brooke Langton
3417,Brooke Markham
3418,Brooke Palsson
3419,Brooke Seguin
3420,Brooke Sheppard
3421,Brooke Shields
3422,Brooke Smith
3423,Brooklyn Decker
3424,Brooklynn Prince
3425,Brooks Roseberry
3426,Brooks Ryan
3427,Bruce Altman
3428,Bruce Balden
3429,Bruce Beatty
3430,Bruce Bickford
3431,Bruce Blain
3432,Bruce Campbell
3433,Bruce Chatwin
3434,Bruce Davis
3435,Bruce Davison
3436,Bruce Dern
3437,Bruce Dow
3438,Bruce Graham
3439,Bruce Greenwood
3440,Bruce La Bruce
3441,Bruce McGill
3442,Bruce Payne
3443,Bruce R. Carter
3444,Bruce Ramsay
3445,Bruce Spence
3446,Bruce Springsteen
3447,Bruce Weitz
3448,Bruce Willis
3449,Bruna Cusí
3450,Bruno Bichir
3451,Bruno Bourthol
3452,Bruno Cariello
3453,Bruno Cremer
3454,Bruno Du Bois
3455,Bruno Ganz
3456,Bruno Georis
3457,Bruno Lochet
3458,Bruno Podalydès
3459,Bruno Putzulu
3460,Bruno Rajski
3461,Bruno Romy
3462,Bruno Salomone
3463,Bruno Sevilla
3464,Bruno Shllaku
3465,Bryan Adams
3466,Bryan Adrian
3467,Bryan Batt
3468,Bryan Bennett
3469,Bryan Blanco
3470,Bryan Brown
3471,Bryan Callen
3472,Bryan Cranston
3473,Bryan Devendorf
3474,Bryan Fogel
3475,Bryan G. Stevenson
3476,Bryan Geary
3477,Bryan Greenberg
3478,Bryan Johnson
3479,Bryan Kirkwood
3480,Bryan Massey
3481,Bryan Rubio
3482,Bryan Safi
3483,Bryan Scamman
3484,Bryan Stevenson
3485,Bryant Carroll
3486,Bryant Prince
3487,Bryant Tardy
3488,Bryce Banks
3489,Bryce Bruckbauer
3490,Bryce Camp
3491,Bryce Cass
3492,Bryce Dallas Howard
3493,Bryce Dessner
3494,Bryce Edwards
3495,Bryce Gheisar
3496,Bryce Harper
3497,Bryce Johnson
3498,Bryce Papenbrook
3499,Brycen Hall
3500,Bryn Vale
3501,Bryon Lerum
3502,Bryony Miller
3503,Brytnee Ratledge
3504,Brían F. O'Byrne
3505,Bubba Weiler
3506,Bud Luckey
3507,Buddy Campbell
3508,Buddy Clayman
3509,Buddy Duress
3510,Buddy Guy
3511,Buffalo Springfield
3512,Buffy Sainte-Marie
3513,Bugs Bhargava
3514,Bukky Bakray
3515,Bulle Ogier
3516,Bunk Gardner
3517,Bunsri Yindi
3518,Burak Yigit
3519,Burgess Jenkins
3520,Burghart Klaußner
3521,Burkely Duffield
3522,Burl Moseley
3523,Burn Gorman
3524,Burt Pugach
3525,Burt Reynolds
3526,Burt Young
3527,Busta Rhymes
3528,Buster Keaton
3529,Buster Reeves
3530,Busy Philipps
3531,Buzz Aldrin
3532,Byron Abalos
3533,Byron Bowers
3534,Byron Coll
3535,Byron Lawson
3536,Byron Mann
3537,Byung-hun Lee
3538,Bárbara Lennie
3539,Bárbara Mori
3540,Béatrice Dalle
3541,Bérénice Bejo
3542,Bérénice Marlohe
3543,Börje Ahlstedt
3544,C. Ernst Harth
3545,C. Mason Wells
3546,C. Thomas Howell
3547,C.J. Hoff
3548,C.J. Jones
3549,C.J. LeBlanc
3550,C.J. Tywoniak
3551,C.J. Wilson
3552,C.L. Franklin
3553,C.M. Punk
3554,C.S. Lee
3555,Cade Woodward
3556,Caden Gerb
3557,Caedmon Branch
3558,Caesar Samayoa
3559,Cai Cohrs
3560,Cailan Robinson
3561,Cailee Spaeny
3562,Cailey Fleming
3563,Caillou Pettis
3564,Caio Blat
3565,Caio Martinez Pacheco
3566,Cait Alexander
3567,Caitlin Carmichael
3568,Caitlin Carver
3569,Caitlin Custer
3570,Caitlin Dulany
3571,Caitlin Ewald
3572,Caitlin Fitzgerald
3573,Caitlin Gerard
3574,Caitlin Kimball
3575,Caitlin Leahy
3576,Caitlin McGee
3577,Caitlin Mehner
3578,Caitlin Weierhauser
3579,Caitlyn Folley
3580,Caitlyn Sponheimer
3581,Caitlyn Stephenson
3582,Caitriona Balfe
3583,Caity Brewer
3584,Caity Lotz
3585,Cal Macaninch
3586,Calah Lane
3587,Calam Lynch
3588,Caleb and Matthew Paddock
3589,Caleb Deschanel
3590,Caleb Eberhardt
3591,Caleb Emery
3592,Caleb Fralick
3593,Caleb Landry Jones
3594,Caleb McLaughlin
3595,Caleb Paddock
3596,Caleb Spillyards
3597,Caleb Thomas
3598,Caleel Harris
3599,Calem MacDonald
3600,Cali Sheldon
3601,Calista Flockhart
3602,Callan Farris
3603,Callan McAuliffe
3604,Callan Mulvey
3605,Callie Carman
3606,Callie Hernandez
3607,Callie Hope Haverda
3608,Callie Thorne
3609,Callum Blue
3610,Callum Goulden
3611,Callum Keith Rennie
3612,Callum Thompson
3613,Callum Turner
3614,Calum Callaghan
3615,Calum Cormack
3616,Calum Dench
3617,Calum Gittins
3618,Calum John
3619,Calum Worthy
3620,Calvin Chen
3621,Calvin Coakley
3622,Calvin Demba
3623,Calvin Klein
3624,Calvin Reeder
3625,Calvin Trillin
3626,Calvin Williams
3627,Cam Gigandet
3628,Cameran Surles
3629,Cameron 'C.J.' Adams
3630,Cameron Arnett
3631,Cameron Bancroft
3632,Cameron Bright
3633,Cameron Britton
3634,Cameron Brodeur
3635,Cameron Cowperthwaite
3636,Cameron Crowe
3637,Cameron Diaz
3638,Cameron Fulton
3639,Cameron Hilts
3640,Cameron Jack
3641,Cameron James Matthews
3642,Cameron Kasky
3643,Cameron McKendry
3644,Cameron Mitchell
3645,Cameron Monaghan
3646,Cameron Moulène
3647,Cameron Seely
3648,Camila Cabello
3649,Camila Mendes
3650,Camila Morrone
3651,Camila Perez
3652,Camila Valero
3653,Camilla Arfwedson
3654,Camilla Belle
3655,Camilla Belsvik
3656,Camilla Rutherford
3657,Camilla Wolfson
3658,Camille Carpenter
3659,Camille Chen
3660,Camille Cottin
3661,Camille Felton
3662,Camille Guaty
3663,Camille Kostek
3664,Camille Lellouche
3665,Camille Müller
3666,Camille Salameh
3667,Camille Sullivan
3668,Campbell Scott
3669,Campbell Spoor
3670,Camrus Johnson
3671,Camryn Manheim
3672,Can Aydin
3673,Candace Evanofski
3674,Candace Smith
3675,Candace West
3676,Candela Fernández
3677,Candela Peña
3678,Candice Bergen
3679,Candice Bouchet
3680,Candice Lam
3681,Candis Cayne
3682,Candus Churchill
3683,Canned Heat
3684,Canon Nawata
3685,Cao Kou
3686,Caoimhe O'Malley
3687,Caolan Byrne
3688,Caprice Benedetti
3689,Caprice Crawford
3690,Cara Bossom
3691,Cara Buono
3692,Cara Delevingne
3693,Cara Fuqua
3694,Cara Gee
3695,Cara Horgan
3696,Cara Loften
3697,Cara Mantella
3698,Cardi B
3699,Carel Nel
3700,Carel Struycken
3701,Caren Pistorius
3702,Carey Means
3703,Carey Mulligan
3704,Cari Beauchamp
3705,Carianne Brinkman
3706,Carice van Houten
3707,Carina Battrick
3708,Carina Velva
3709,Carine Roitfeld
3710,Carishma Basday
3711,Carl Arcilesi
3712,Carl Arrington
3713,Carl Bernstein
3714,Carl Bland
3715,Carl Boenish
3716,Carl Bradfield
3717,Carl Clemons-Hopkins
3718,Carl Collanus
3719,Carl Dietrich
3720,Carl Johansson
3721,Carl K. Aselton III
3722,Carl Li
3723,Carl Lindquist
3724,Carl Lumbly
3725,Carl Palmer
3726,Carl Prekopp
3727,Carl R. Hughes
3728,Carl Reiner
3729,Carl W. Lucas
3730,Carl Wilson
3731,Carla Campra
3732,Carla Chambel
3733,Carla Gallo
3734,Carla Gugino
3735,Carla Jimenez
3736,Carla Juri
3737,Carla Maciel
3738,Carla Philip Røder
3739,Carlease Burke
3740,Carlee Ryski
3741,Carlie Guevara
3742,Carlito Olivero
3743,Carlo Alban
3744,Carlo Capalbo
3745,Carlo Cecchi
3746,Carlo Falconetti
3747,Carlo Giuffrè
3748,Carlo Kitzlinger
3749,Carlo Massimino
3750,Carlo McCormick
3751,Carlo Rota
3752,Carlos Alazraqui
3753,Carlos Arce Jr.
3754,Carlos Areces
3755,Carlos Ayala
3756,Carlos Bardem
3757,Carlos Chahine
3758,Carlos Defeo
3759,Carlos Francisco
3760,Carlos Guerrero
3761,Carlos Gómez
3762,Carlos Hendricks
3763,Carlos Henrique Gaguim
3764,Carlos Humberto Fuentes Maldonado
3765,Carlos Leal
3766,Carlos Loret de Mola
3767,Carlos Macabu
3768,Carlos Mencia
3769,Carlos Miranda
3770,Carlos Padilla
3771,Carlos PenaVega
3772,Carlos Peralta
3773,Carlos Reygadas
3774,Carlos Rodríguez
3775,Carlos Saldanha
3776,Carlos Santana
3777,Carlos Santos
3778,Carlos Sanz
3779,Carlos Saura
3780,Carlos Schram
3781,Carlos Vicente
3782,Carlos Álvarez-Nóvoa
3783,Carloto Cotta
3784,Carlotta Antonelli
3785,Carlotta von Falkenhayn
3786,Carlson Young
3787,Carly Aquilino
3788,Carly Brooke Pearlstein
3789,Carly Pope
3790,Carly Rae Jepsen
3791,Carly Schroeder
3792,Carly Tamborski
3793,Carma Harvey
3794,Carmella Riley
3795,Carmen Cusack
3796,Carmen Ejogo
3797,Carmen Electra
3798,Carmen Giralt
3799,Carmen Iriondo
3800,Carmen Machi
3801,Carmen Maura
3802,Carmen Pommella
3803,Carmi Gillon
3804,Carmina Villaroel
3805,Carmine Pizzo
3806,Carmiña Martínez
3807,Carol Anderson
3808,Carol Baum
3809,Carol Burnett
3810,Carol Duarte
3811,Carol Kane
3812,Carol Leifer
3813,Carol Pyper Rafferty
3814,Carol Sutton
3815,Carol Walker
3816,Carole Bouquet
3817,Carole Cadwalladr
3818,Carole Combes
3819,Carole Franck
3820,Carolin Stoltz
3821,Carolina Espiro
3822,Carolina Gaitan
3823,Carolina Vera
3824,Caroline Aaron
3825,Caroline Abras
3826,Caroline Amiguet
3827,Caroline Arapoglou
3828,Caroline Berry
3829,Caroline Bloom
3830,Caroline Boulton
3831,Caroline Buzanko
3832,Caroline Carver
3833,Caroline Catz
3834,Caroline Chikezie
3835,Caroline Craig
3836,Caroline Day
3837,Caroline Dhavernas
3838,Caroline Ducey
3839,Caroline Gelinas
3840,Caroline Glomnes
3841,Caroline Goodall
3842,Caroline Harker
3843,Caroline Hebert
3844,Caroline Kennedy
3845,Caroline Martin
3846,Caroline Muthoni Muita
3847,Caroline O'Neill
3848,Caroline Palmer
3849,Caroline Peters
3850,Caroline Piette
3851,Caroline Portu
3852,Caroline Sheen
3853,Caroline Tisdall
3854,Caroline Ward
3855,Caroll Spinney
3856,Carolyn Adair
3857,Carolyn Anderson
3858,Carolyn Backhouse
3859,Carolyn Brown
3860,Carolyn Carlson
3861,Carolyn Hennesy
3862,Carolyn Lawrence
3863,Carolyn McCormick
3864,Carolyn Mignini
3865,Carolyn Porco
3866,Carrie Brownstein
3867,Carrie Coon
3868,Carrie Crowley
3869,Carrie Fisher
3870,Carrie Fleming
3871,Carrie Gege Zhang
3872,Carrie Genzel
3873,Carrie MacLemore
3874,Carrie Preston
3875,Carrie Wampler
3876,Carrie-Anne Moss
3877,Carrot Top
3878,Carson Block
3879,Carson D. Mell
3880,Carson Holmes
3881,Carson MacCormac
3882,Carson Nicely
3883,Carson White
3884,Carsyn Taylor
3885,Carter Gill
3886,Carter Heintz
3887,Carter Jenkins
3888,Carter Kojima
3889,Carter Morgan
3890,Carter Redwood
3891,Carter Thomas
3892,Carwyn Glyn
3893,Cary Elwes
3894,Cary-Hiroyuki Tagawa
3895,Caryn West
3896,Cas Anvar
3897,Casey Adams
3898,Casey Affleck
3899,Casey Gooden
3900,Casey Hudecki
3901,Casey Jon Deidrick
3902,Casey Neistat
3903,Casey Wilson
3904,Casie Jackson
3905,Casper Christensen
3906,Casper Kjær Jensen
3907,Casper Liang
3908,Casper Van Dien
3909,Cass Buggé
3910,Cassandra Borges
3911,Cassandra Ebner
3912,Cassandra Freeman
3913,Cassandra Magrath
3914,Cassandra Peterson
3915,Cassandra Potenza
3916,Cassandra Rochelle Fetters
3917,Cassandra Starr
3918,Cassi Davis
3919,Cassi Thomson
3920,Cassidy Freeman
3921,Cassidy Gifford
3922,Cassie Clare
3923,Cassie Kramer
3924,Cassie Steele
3925,Cassie Ventura
3926,Cassius Aasav Browning
3927,Cassius Willis
3928,Castulo Guerra
3929,Cat Clifford
3930,Cat Power
3931,Catalin Anchidin
3932,Catalin Jugravu
3933,Catalin Tolontan
3934,Catalina Garayoa
3935,Catalina Moga
3936,Catalina Saavedra
3937,Catalina Sandino Moreno
3938,Cate Blanchett
3939,Cate Jones
3940,Catherina Cardozo
3941,Catherine B
3942,Catherine Betrand-Farmer
3943,Catherine Breillat
3944,Catherine Brunet
3945,Catherine Carlen
3946,Catherine Chan
3947,Catherine Cohen
3948,Catherine Commisso
3949,Catherine Corcoran
3950,Catherine Curtin
3951,Catherine Davenier
3952,Catherine Deneuve
3953,Catherine Dyer
3954,Catherine Frot
3955,Catherine Glavicic
3956,Catherine Hearst
3957,Catherine Jacob
3958,Catherine Keener
3959,Catherine Kellner
3960,Catherine Lloyd Burns
3961,Catherine Marchal
3962,Catherine McCormack
3963,Catherine McGregor
3964,Catherine Mouchet
3965,Catherine O'Hara
3966,Catherine Oliviere
3967,Catherine Paquin-Bechard
3968,Catherine Salée
3969,Catherine Schaub-Abkarian
3970,Catherine St-Laurent
3971,Catherine Tate
3972,Catherine Vinatier
3973,Catherine Walker
3974,Catherine Weidner
3975,Catherine Yeager
3976,Catherine Zeta Jones
3977,Cathy Ang
3978,Cathy Belton
3979,Cathy Cavadini
3980,Cathy Cerda
3981,Cathy Horyn
3982,Cathy Moriarty
3983,Cathy O'Neil
3984,Cathy Shim
3985,Catinca Untaru
3986,Catrin Aaron
3987,Catrinel Marlon
3988,Caveh Zahedi
3989,Cayden Boyd
3990,Caylee Cowan
3991,CCH Pounder
3992,Ce'Onna Meilani Johnson
3993,Cecil B. DeMille
3994,Cecil Beaton
3995,Cecil Blutcher
3996,Cecil M. Henry
3997,Cecile Camp
3998,Cecilia Cheung
3999,Cecilia Leal
4000,Cecilia Milocco
4001,Cecilia Noble
4002,Cecilia Roth
4003,Cecilia Suárez
4004,Cecily Strong
4005,Cedric Joe
4006,Cedric the Entertainer
4007,Cedric Tylleman
4008,Celeste Den
4009,Celeste O'Connor
4010,Celeste Oliva
4011,Celeste Sully
4012,Celeste Ziegler
4013,Celia Au
4014,Celia Imrie
4015,Celia Keenan-Bolger
4016,Celia Pacquola
4017,Celia Skvaril
4018,Celia Weston
4019,Celina Jade
4020,Celina Sinden
4021,Celine Abrahams
4022,Celine Buckens
4023,Celine Justice
4024,Celyn Jones
4025,Cem Akin
4026,Cerina Vincent
4027,Cesar Bonilla
4028,Cesar De León
4029,Cesar Lorenzo Yojcom Candido
4030,Cesare Bocci
4031,Cesia Mosberg
4032,Ceyair J Wright
4033,Chace Crawford
4034,Chad Allen
4035,Chad Bruce
4036,Chad Dashnaw
4037,Chad Faust
4038,Chad L. Coleman
4039,Chad Lindberg
4040,Chad McKnight
4041,Chad McQueen
4042,Chad Michael Murray
4043,Chad Rook
4044,Chadd Smith
4045,Chadwick Boseman
4046,Chae-rin Lee
4047,Chafia Boudraa
4048,Chai
4049,Chaka Khan
4050,Chalice Blythe
4051,Challen Cates
4052,Chaloemporn Sawatsuk
4053,Chan Suan
4054,Chan Visal
4055,Chance Hurstfield
4056,Chance Kelly
4057,Chance the Rapper
4058,Chancellor Perry
4059,Chandler Canterbury
4060,Chandler Duke
4061,Chandler DuPont
4062,Chandler Head
4063,Chandler Riggs
4064,Chandra Currelley-Young
4065,Chandra Muszka
4066,Chandra West
4067,Chanel Akiko Hirai
4068,Chaney Kley
4069,Chaney Morrow
4070,Chang-Seok Ko
4071,Changhua Zhan
4072,Chani Getter
4073,Channing Tatum
4074,Chantal Contouri
4075,Chantal Dubs
4076,Chantal Perron
4077,Chanté Adams
4078,Chao Deng
4079,Chaos
4080,Charin Alvarez
4081,Charity Wakefield
4082,Charlamagne Tha God
4083,Charlayne Woodard
4084,Charlene Amoia
4085,Charlene deGuzman
4086,Charles
4087,Charles 'Bud' Tingwell
4088,Charles Adam
4089,Charles Adams
4090,Charles Aitken
4091,Charles Alexandre
4092,Charles Amirkhanian
4093,Charles Aznavour
4094,Charles Babalola
4095,Charles Baker
4096,Charles Barber
4097,Charles Barkley
4098,Charles Berling
4099,Charles Bethea
4100,Charles Boothe
4101,Charles Bracy
4102,Charles Bronson
4103,Charles Busch
4104,Charles Cyphers
4105,Charles D. Clark
4106,Charles Dance
4107,Charles Dodson
4108,Charles Duke
4109,Charles Durning
4110,Charles Edwards
4111,Charles Furneaux
4112,Charles Glover
4113,Charles Green
4114,Charles Grob
4115,Charles Grodin
4116,Charles Grounds
4117,Charles Halford
4118,Charles Jarman
4119,Charles Kaiser
4120,Charles Lott Jr.
4121,Charles Melton
4122,Charles Mingus
4123,Charles Paraventi
4124,Charles Parnell
4125,Charles Prendergast
4126,Charles Rogers
4127,Charles S. Dutton
4128,Charles Singh
4129,Charles Streeter
4130,Charles Vandervaart
4131,Charles Vanel
4132,Charles W Harris III
4133,Charley Kohlhase
4134,Charley Palmer Merkell
4135,Charley Patton
4136,Charli XCX
4137,Charlie
4138,Charlie Barde
4139,Charlie Barnard
4140,Charlie Barnett
4141,Charlie Bewley
4142,Charlie Boyle
4143,Charlie Carrick
4144,Charlie Carter
4145,Charlie Carver
4146,Charlie Chappell
4147,Charlie Cho
4148,Charlie Cooper
4149,Charlie Cox
4150,Charlie Creed-Miles
4151,Charlie Day
4152,Charlie Galea
4153,Charlie Hannah
4154,Charlie Heaton
4155,Charlie Hiscock
4156,Charlie Hofheimer
4157,Charlie Hunnam
4158,Charlie Karumi
4159,Charlie Kelly
4160,Charlie Korsmo
4161,Charlie Mayhew
4162,Charlie McDermott
4163,Charlie Morgan
4164,Charlie Murphy
4165,Charlie Oscar
4166,Charlie Plummer
4167,Charlie Pye Jr.
4168,Charlie Ray Reid
4169,Charlie Richmond
4170,Charlie Rose
4171,Charlie Rowe
4172,Charlie Sexton
4173,Charlie Sheen
4174,Charlie Shotwell
4175,Charlie Tahan
4176,Charlie Vincent
4177,Charlie Watts
4178,Charlie Whitley
4179,Charlie Wright
4180,Charlie Yeung
4181,Charlize Theron
4182,Charlotta Åkerblom
4183,Charlotte Alexandra
4184,Charlotte Atkinson
4185,Charlotte Ayanna
4186,Charlotte Beckett
4187,Charlotte Bottolfsen Iversen
4188,Charlotte Bradley
4189,Charlotte Butler
4190,Charlotte Bøving
4191,Charlotte Caffey
4192,Charlotte Carel
4193,Charlotte Chiew
4194,Charlotte Dubery
4195,Charlotte Frogner
4196,Charlotte Gainsbourg
4197,Charlotte Hope
4198,Charlotte Kirk
4199,Charlotte Le Bon
4200,Charlotte Lebon
4201,Charlotte Lindsay Marron
4202,Charlotte McKinney
4203,Charlotte Moore
4204,Charlotte Rampling
4205,Charlotte Salt
4206,Charlotte Sharland
4207,Charlotte Spencer
4208,Charlotte Talpaert
4209,Charlotte Townsend
4210,Charlotte Ubben
4211,Charlotte Vega
4212,Charlton Heston
4213,Charly Hübner
4214,Charlyne Yi
4215,Charmaine Bingwa
4216,Charmin Lee
4217,Charo Santos-Concio
4218,Chartchai Ngamsan
4219,Chase Joliet
4220,Chase Mullins
4221,Chase Offerle
4222,Chase Strangio
4223,Chase Sui Wonders
4224,Chase Williamson
4225,Chasity Moore
4226,Chaske Spencer
4227,Chasten Buttigieg
4228,Chatchai Plengpanich
4229,Chatchawai Kamonsakpitak
4230,Chauntae Pink
4231,Chaunty Spillane
4232,Chayim Sharir
4233,Chaz Bono
4234,Chaz Ebert
4235,Chazz Palminteri
4236,Checc Musolino
4237,Chedly Arfaoui
4238,Cheech Marin
4239,Chelah Horsdal
4240,Chelle Ramos
4241,Chellé Brooks
4242,Chelsea Alden
4243,Chelsea Bennett
4244,Chelsea Corp
4245,Chelsea Debo
4246,Chelsea Edmundson
4247,Chelsea Frei
4248,Chelsea Gilson
4249,Chelsea Goldwater
4250,Chelsea Handler
4251,Chelsea Lee
4252,Chelsea Peretti
4253,Chelsea Rendon
4254,Chelsea Talmadge
4255,Chen Chang
4256,Chen Tang
4257,Chenae Wreford
4258,Cheng Zhang
4259,Chenoa Maxwell
4260,Cher
4261,Cherie Currie
4262,Cherie Lunghi
4263,Cherilee Martin
4264,Cherise Silvestri
4265,Cherry Jones
4266,Cheryl Chase
4267,Cheryl Davis
4268,Cheryl Hines
4269,Cheryl Tiegs
4270,Cheryse Dyllan
4271,Chet Grissom
4272,Chevy Chase
4273,Cheyenne Barton
4274,Cheyenne Haynes
4275,Cheyenne Jackson
4276,Cheyenne Rae Hernandez
4277,Chheung Vakhim
4278,Chi Cao
4279,Chi Fai Chan
4280,Chi McBride
4281,Chi-Wing Lau
4282,Chia Hui Liu
4283,Chia-Tung Lee
4284,Chiaki Kawamo
4285,Chiaki Kuriyama
4286,Chiara Aurelia
4287,Chiara D'Anna
4288,Chiara Del Ciondolo
4289,Chiara Mastroianni
4290,Chico Chapas
4291,Chidi Ajufo
4292,Chieko Baisho
4293,Chike Ohanwe
4294,Chileshe Kalimamukwento
4295,Chillie Mo
4296,Chilton Crane
4297,Chimed Ohin
4298,Chin Han
4299,China Anne McClain
4300,Chiney Ogwumike
4301,Ching Valdes-Aran
4302,Chino Darín
4303,Chip Carriere
4304,Chita Rivera
4305,Chivonne Michelle
4306,Chiwetel Ejiofor
4307,Chizuru Ikewaki
4308,Chloe Bailey
4309,Chloe Bennet
4310,Chloe Bridges
4311,Chloe Coleman
4312,Chloe Csengery
4313,Chloe East
4314,Chloe Farnworth
4315,Chloe Graham
4316,Chloe Himmelman
4317,Chloe Hurst
4318,Chloe Lee
4319,Chloe Levine
4320,Chloe Moretz
4321,Chloe Perrin
4322,Chloe Pirrie
4323,Chloe Simone Crawford
4324,Chloe Sirene
4325,Chloé Booyens
4326,Chloé Boreham
4327,Chloë Grace Moretz
4328,Chloë Sevigny
4329,Cho Tak Wong
4330,Chonda Pierce
4331,Chosen Jacobs
4332,Chris
4333,Chris 'Kazi' Rolle
4334,Chris 'Mad Dog' Russo
4335,Chris Adams
4336,Chris Addison
4337,Chris Angerdina
4338,Chris Aquilino
4339,Chris Barrie
4340,Chris Bauer
4341,Chris Bell
4342,Chris Berman
4343,Chris Branning
4344,Chris Brown
4345,Chris Browning
4346,Chris Bruno
4347,Chris Bunton
4348,Chris Bylsma
4349,Chris Candy
4350,Chris Carfizzi
4351,Chris Cavalier
4352,Chris Cavener
4353,Chris Chalk
4354,Chris Challiot
4355,Chris Coghill
4356,Chris Colfer
4357,Chris Collins
4358,Chris Conroy
4359,Chris Cooper
4360,Chris Coppola
4361,Chris Coy
4362,Chris D'Elia
4363,Chris Diamantopoulos
4364,Chris Dietz
4365,Chris Doubek
4366,Chris Drexel
4367,Chris Eigeman
4368,Chris Elliott
4369,Chris Ellis
4370,Chris Evans
4371,Chris Foss
4372,Chris Galust
4373,Chris Gann
4374,Chris Geere
4375,Chris Gethard
4376,Chris Goad
4377,Chris Gordon
4378,Chris Grabher
4379,Chris Grundy
4380,Chris Haywood
4381,Chris Hedges
4382,Chris Hemsworth
4383,Chris Isaak
4384,Chris J. Johnson
4385,Chris Jackson
4386,Chris Jai Alex
4387,Chris Jankowski
4388,Chris Jarell
4389,Chris Jepson
4390,Chris Kattan
4391,Chris Kendrick
4392,Chris Kerson
4393,Chris Klein
4394,Chris Logan
4395,Chris Lowell
4396,Chris Massoglia
4397,Chris McGinn
4398,Chris Medlin
4399,Chris Messina
4400,Chris Miller
4401,Chris Morrell
4402,Chris Mulkey
4403,Chris Mullinax
4404,Chris Nicola
4405,Chris Noth
4406,Chris O'Connor
4407,Chris O'Donnell
4408,Chris O'Dowd
4409,Chris Osborn
4410,Chris Owen
4411,Chris Pang
4412,Chris Parnell
4413,Chris Peck
4414,Chris Perfetti
4415,Chris Pine
4416,Chris Pontius
4417,Chris Pratt
4418,Chris Redd
4419,Chris Renaud
4420,Chris Rock
4421,Chris Royer
4422,Chris Sanders
4423,Chris Santos
4424,Chris Sarandon
4425,Chris Schmidt Jr.
4426,Chris Schubert
4427,Chris Scribner
4428,Chris Shields
4429,Chris Silcox
4430,Chris Spiteri
4431,Chris Stamp
4432,Chris Sullivan
4433,Chris Tardio
4434,Chris TC Edge
4435,Chris Thys
4436,Chris Tucker
4437,Chris Verdugo
4438,Chris Voss
4439,Chris Walker
4440,Chris Walley
4441,Chris Ward
4442,Chris Warner
4443,Chris Webb
4444,Chris Webber
4445,Chris Webster
4446,Chris Wedge
4447,Chris Weitz
4448,Chris White
4449,Chris William Martin
4450,Chris Williams
4451,Chris Wilson
4452,Chris Witaske
4453,Chris Zastera
4454,Chris Zylka
4455,Chris-Ann Fletcher
4456,Chrissie Chow
4457,Chrissie Fit
4458,Chrissy Metz
4459,Chrissy Teigen
4460,Christa Beth Campbell
4461,Christa McAuliffe
4462,Christa Miller
4463,Christa Nicola
4464,Christa Theret
4465,Christel Baras
4466,Christel Dewynter
4467,Christelle Cornil
4468,Christi Haydon
4469,Christian A Brock
4470,Christian Adam
4471,Christian Bakonyi
4472,Christian Bale
4473,Christian Barber
4474,Christian Bayerlein
4475,Christian Berkel
4476,Christian Bouillette
4477,Christian Brassington
4478,Christian Bronchart
4479,Christian Camargo
4480,Christian Clauss
4481,Christian Clavier
4482,Christian Clemenson
4483,Christian Clements
4484,Christian Contreras
4485,Christian Convery
4486,Christian Cooke
4487,Christian Corrao
4488,Christian Crahay
4489,Christian Delgrosso
4490,Christian Finlayson
4491,Christian Friedel
4492,Christian Gehring
4493,Christian Gregori
4494,Christian Harting
4495,Christian Hillborg
4496,Christian Hutcherson
4497,Christian Isaiah
4498,Christian James
4499,Christian Kane
4500,Christian Lloyd
4501,Christian Madden
4502,Christian Madsen
4503,Christian Magby
4504,Christian Malheiros
4505,Christian McKay
4506,Christian Meier
4507,Christian Michael Cooper
4508,Christian Navarro
4509,Christian Näthe
4510,Christian Patrick
4511,Christian Robinson
4512,Christian Rubeck
4513,Christian Slater
4514,Christian Vadim
4515,Christian Vazquez
4516,Christian Zagia
4517,Christiana Montoya
4518,Christiane Blumhoff
4519,Christiane Paul
4520,Christiane Schaumburg-M
4521,Christiane Seidel
4522,Christiane Tchouhan
4523,Christie Burson
4524,Christie Whelan Browne
4525,Christin Rankins
4526,Christina Aguilera
4527,Christina Applegate
4528,Christina Brucato
4529,Christina Burdette
4530,Christina DeRosa
4531,Christina DiPasquale
4532,Christina Hendricks
4533,Christina Jackson
4534,Christina Jastrzembska
4535,Christina July Kim
4536,Christina McLarty Arquette
4537,Christina Milian
4538,Christina O'Neill
4539,Christina Offley
4540,Christina Ricci
4541,Christina Sergoyan
4542,Christina Thomas
4543,Christina Vidal
4544,Christine Adams
4545,Christine Baranski
4546,Christine Bougie
4547,Christine Cavanaugh
4548,Christine Choueiri
4549,Christine d'Argenton
4550,Christine Ebersole
4551,Christine Elise
4552,Christine Fox
4553,Christine Grady
4554,Christine Horn
4555,Christine Jirku
4556,Christine Kain
4557,Christine Kellogg-Darrin
4558,Christine Kilmer
4559,Christine Ko
4560,Christine Lahti
4561,Christine Lakin
4562,Christine Lan
4563,Christine Leboutte
4564,Christine Lee
4565,Christine Marie Cabanos
4566,Christine Puck
4567,Christine Quesada
4568,Christine Spang
4569,Christine Taylor
4570,Christine Woods
4571,Christine'a Rainey
4572,Christo
4573,Christoph Bach
4574,Christoph Bittenauer
4575,Christoph Franken
4576,Christoph Letkowski
4577,Christoph Waltz
4578,Christophe de Choisy
4579,Christophe Dimitri Réveille
4580,Christophe Favre
4581,Christophe Lemoine
4582,Christophe Montenez
4583,Christophe Rossignon
4584,Christophe Tek
4585,Christopher Abbott
4586,Christopher Adamson
4587,Christopher Allen
4588,Christopher Allen Nelson
4589,Christopher Amitrano
4590,Christopher Baker
4591,Christopher Barcia
4592,Christopher Berry
4593,Christopher Bevins
4594,Christopher Bianculli
4595,Christopher Bomford
4596,Christopher Bowen
4597,Christopher Brand
4598,Christopher Britton
4599,Christopher Browhow
4600,Christopher Campbell
4601,Christopher Carrico
4602,Christopher Cerf
4603,Christopher Clark
4604,Christopher Cocke
4605,Christopher Convery
4606,Christopher Daly
4607,Christopher Darga
4608,Christopher Denham
4609,Christopher Dunne
4610,Christopher Dylan White
4611,Christopher Eccleston
4612,Christopher Evangelou
4613,Christopher Fairbank
4614,Christopher Farrar
4615,Christopher Gordon
4616,Christopher Gorham
4617,Christopher Guest
4618,Christopher Guyton
4619,Christopher Hagen
4620,Christopher Hayes
4621,Christopher Heatherington
4622,Christopher Heyerdahl
4623,Christopher Jacot
4624,Christopher John Slater
4625,Christopher Jones
4626,Christopher Kirby
4627,Christopher Knights
4628,Christopher Kraft
4629,Christopher L. Plunkett
4630,Christopher Lambert
4631,Christopher Lee
4632,Christopher Leveaux
4633,Christopher Lillman
4634,Christopher Lloyd
4635,Christopher Læssø
4636,Christopher McCann
4637,Christopher McDonald
4638,Christopher Meloni
4639,Christopher Meyer
4640,Christopher Ming-Shun Lee
4641,Christopher Mintz-Plasse
4642,Christopher Morson
4643,Christopher Nicholas Smith
4644,Christopher Paul Richards
4645,Christopher Plummer
4646,Christopher Rainey
4647,Christopher Rivera
4648,Christopher Sciueref
4649,Christopher Scott
4650,Christopher Simpson
4651,Christopher Sullivan
4652,Christopher T. Elliott
4653,Christopher Tai
4654,Christopher Thomas
4655,Christopher Thorn
4656,Christopher Villiers
4657,Christopher Wagelin
4658,Christopher Walken
4659,Christopher Ward
4660,Christopher Wolfe
4661,Christopher Wylie
4662,Christy Escobar
4663,Christy Meyers
4664,Christy Summerhays
4665,Chuck Borden
4666,Chuck Cooper
4667,Chuck D.
4668,Chuck Johnson
4669,Chuck Klosterman
4670,Chuck Norris
4671,Chuck Rainey
4672,Chuck Shamata
4673,Chuku Modu
4674,Chukwudi Iwuji
4675,Chulpan Khamatova
4676,Chum Ehelepola
4677,Chun Du
4678,Chun Li
4679,Chun-hao Tuan
4680,Chutimon Chuengcharoensukying
4681,Chuxiao Qu
4682,Chyler Leigh
4683,Chyna Layne
4684,Chyna Terrelonge-Vaughan
4685,Chô
4686,Ciara Bravo
4687,Ciara Charteris
4688,Ciara O'Callaghan
4689,Ciaran Grace
4690,Ciaran O'Brien
4691,Ciarán Hinds
4692,Ciarán Owens
4693,Cicely Tyson
4694,Cici Lau
4695,Cici Zhou
4696,Cida Moreira
4697,Ciera Payton
4698,Cierra Ramirez
4699,Cillian Murphy
4700,Cindera Che
4701,Cindy Adams
4702,Cindy Cheung
4703,Cindy Crawford
4704,Cindy Perez
4705,Cindy Pickett
4706,Cindy Robinson
4707,Cinthya Carmona
4708,Ciro Capano
4709,Ciro Pellechia
4710,Ciro Vecchione
4711,Cissy Houston
4712,Cl
4713,Claerwen Brown
4714,Claes Bang
4715,Claire Bloom
4716,Claire Bodson
4717,Claire Bronson
4718,Claire Byrne
4719,Claire Childeric
4720,Claire Crosby
4721,Claire Danes
4722,Claire Dellamar
4723,Claire Dyson
4724,Claire Forlani
4725,Claire Foy
4726,Claire Holt
4727,Claire Johnston
4728,Claire Julien
4729,Claire Keelan
4730,Claire Keim
4731,Claire Manning
4732,Claire Porro
4733,Claire Rafferty
4734,Claire Rushbrook
4735,Claire Ryann
4736,Claire Tran
4737,Claire Van Beek
4738,Claire van der Boom
4739,Claire VanDerLinden
4740,Clancy Brown
4741,Clara Lago
4742,Clara Lockmore
4743,Clara Read
4744,Clara Rugaard
4745,Clara Strauch
4746,Clara Ward
4747,Clara Wettergren
4748,Clara Wong
4749,Clare Barrett
4750,Clare Dunne
4751,Clare Higgins
4752,Clare Holman
4753,Clare McNulty
4754,Clarence 'Gatemouth' Brown
4755,Clarence Avant
4756,Clarence B. Jones
4757,Clarence E. Davis
4758,Clarisse Abujamra
4759,Clark Backo
4760,Clark Duke
4761,Clark Gregg
4762,Clark Johnson
4763,Clark Terry
4764,Clark Webster
4765,Clarke Peters
4766,Clarke Wolfe
4767,Clas-Ove Bruun
4768,Claude Baz Moussawbaa
4769,Claude Chabrol
4770,Claude Duhamel
4771,Claude Ferchal
4772,Claude Flaert
4773,Claude Gajan Maude
4774,Claude Gajan Maull
4775,Claude Jabbour
4776,Claude Lanzmann
4777,Claude Legault
4778,Claude Lévèque
4779,Claude Rich
4780,Claudia Bassols
4781,Claudia Bouvette
4782,Claudia Doumit
4783,Claudia Gerini
4784,Claudia Ieremia
4785,Claudia Karvan
4786,Claudia Lacy
4787,Claudia Lee
4788,Claudia Martini
4789,Claudia Messner
4790,Claudia Michelsen
4791,Claudia O'Doherty
4792,Claudia Schiffer
4793,Claudia Traisac
4794,Claudia Trujillo
4795,Claudia Vaseková
4796,Claudia Villafañe
4797,Claudine Mboligikpelani Nako
4798,Claudio Martínez Bel
4799,Claudio Rissi
4800,Clay St. Thomas
4801,Clayne Crawford
4802,Clayton Boyd
4803,Clayton Cardenas
4804,Clayton Hoff
4805,Clayton Hoy
4806,Clayton Jacobson
4807,Clayton Landey
4808,Clayton Mariano
4809,Clayton Nemrow
4810,Clayton Snyder
4811,Cle Shaheed Sloan
4812,Clea DuVall
4813,Clem Cheung
4814,Clem So
4815,Clemens Meyer
4816,Clemens Schick
4817,Clementine Nicholson
4818,Cleo
4819,Cleo Fraser
4820,Cleo Tavares
4821,Cleopatra Coleman
4822,Cleveland Berto
4823,Cliff Burnett
4824,Cliff Curtis
4825,Cliff Gorman
4826,Cliff Sumter
4827,Clifford Chapin
4828,Clifford E. Charlesworth
4829,Clifton Collins Jr.
4830,Clint Eastwood
4831,Clint Howard
4832,Clint James
4833,Clint Jordan
4834,Clint Obenchain
4835,Clint Smith
4836,Clinton Archambault
4837,Clinton Leupp
4838,Clipper
4839,Clive Davis
4840,Clive Holloway
4841,Clive James
4842,Clive Merrison
4843,Clive Oppenheimer
4844,Clive Owen
4845,Clive Revill
4846,Clive Russell
4847,Clive Sawyer
4848,Cloris Leachman
4849,Clotilde Courau
4850,Clotilde Hesme
4851,Clotilde Mollet
4852,Clover Nee
4853,Clovis Cornillac
4854,Cloé Xhauflaire
4855,Clyde Lewis
4856,Cláudia Abreu
4857,Clé Bennett
4858,Clémence Poésy
4859,Clément Baronnet
4860,Clément Bouyssou
4861,Clément Métayer
4862,Clémentine Baert
4863,Clémentine Célarié
4864,Clémentine Grenier
4865,Clémentine Yelnik
4866,Cléo Delacruz
4867,Coal Campbell
4868,Cobie Smulders
4869,Coby Goss
4870,Cocoa Brown
4871,Codie-Lei Eastick
4872,Cody Christian
4873,Cody Davis
4874,Cody Fern
4875,Cody Murphy
4876,Cody Wilson
4877,Cohen Holloway
4878,Cokey Falkow
4879,Colbi Gannett
4880,Colby Boothman
4881,Colby Minifie
4882,Cole Devine
4883,Cole Doman
4884,Cole Flynn
4885,Cole Hauser
4886,Cole Marcus
4887,Cole Sprouse
4888,Coleen Fitzgibbon
4889,Colette Kieffer
4890,Coley Canpany
4891,Colin Beavan
4892,Colin Blumenau
4893,Colin Campbell
4894,Colin Cunningham
4895,Colin Donnell
4896,Colin Egglesfield
4897,Colin Farrell
4898,Colin Firth
4899,Colin Ford
4900,Colin Garlick
4901,Colin H. Murphy
4902,Colin Hanks
4903,Colin Jost
4904,Colin Keane
4905,Colin Lawrence
4906,Colin Mace
4907,Colin Moody
4908,Colin Morgan
4909,Colin Moy
4910,Colin Niel
4911,Colin O'Donoghue
4912,Colin Pine
4913,Colin Quinn
4914,Colin Salmon
4915,Colin Stinton
4916,Colin Taylor
4917,Colin Woodell
4918,Coline Haas
4919,Coline Marcourt
4920,Colleen Camp
4921,Colleen Clinkenbeard
4922,Colleen Elizabeth Miller
4923,Colleen Haskell
4924,Colleen Smith
4925,Colleen Wheeler
4926,Collin Blackford
4927,Collin Chou
4928,Collin Dean
4929,Collin Grubbs
4930,Collin Joe
4931,Collin Kelly-Sordelet
4932,Colm Feore
4933,Colm Hill
4934,Colm Meaney
4935,Colm Seoighe
4936,Colman Domingo
4937,Colson Baker
4938,Colton Dunn
4939,Colton Haynes
4940,Colton Ryan
4941,Columbus Short
4942,Common
4943,Conan Hodgkinson
4944,Conan O'Brien
4945,Conan Stevens
4946,Concha Velasco
4947,Conchata Ferrell
4948,Condola Rashad
4949,Congxi Li
4950,Conlan Casal
4951,Conleth Hill
4952,Conner Chapman
4953,Conner McVicker
4954,Connie Britton
4955,Connie Francis
4956,Connie Nielsen
4957,Connor Brenes
4958,Connor Calland
4959,Connor Del Rio
4960,Connor Dowds
4961,Connor Jessup
4962,Connor Mackay
4963,Connor McCarron
4964,Connor McMahon
4965,Connor Murdock
4966,Connor Paolo
4967,Connor Price
4968,Connor Scott Frank
4969,Connor Swindells
4970,Connor Trinneer
4971,Connor Wilkinson
4972,Connor Wise
4973,Conny Block
4974,Conny Stadler
4975,Conor Donovan
4976,Conor Dwane
4977,Conor MacNeill
4978,Conor Sweeney
4979,Conrad Ricamora
4980,Conrad Vernon
4981,Constance Rousseau
4982,Constance St-Denis-Veilleux
4983,Constance Wu
4984,Constantin Dogioiu
4985,Constantine Gregory
4986,Constanza Gutierrez
4987,Constanza Moreno
4988,Cooper Andrews
4989,Cooper Carrell
4990,Cooper J. Friedman
4991,Cooper Jack Rubin
4992,Cooper Raiff
4993,Coral Chambers
4994,Coral Peña
4995,Coralie Russier
4996,Cordelia Bugeja
4997,Corentin Lobet
4998,Corey Fogelmanis
4999,Corey Hawkins
5000,Corey Johnson
5001,Corey Ronald Walter
5002,Corey Stoll
5003,Cori Bush
5004,Cori Gonzalez-Macuer
5005,Cori Grainger
5006,Cori Kresge
5007,Corin Silva
5008,Corina Enache
5009,Corinna Harfouch
5010,Corinna Kirchhoff
5011,Corinne Foxx
5012,Corinne Massiah
5013,Corinne Musallari
5014,Cornel Nussbaum
5015,Cornel West
5016,Cornelia Köndgen
5017,Corneliu Cozmei
5018,Corneliu Porumboiu
5019,Cornelius Booth
5020,Cornelius Geaney Jr.
5021,Cornell John
5022,Corrado Ferlaino
5023,Cortney Anderson-Sanford
5024,Corwin C. Tuggles
5025,Cory DeMeyers
5026,Cory Ellis
5027,Cory Gruter-Andrew
5028,Cory Hardrict
5029,Cory Lee
5030,Cory Lipman
5031,Cory McAbee
5032,Cory Michael Smith
5033,Cory Monteith
5034,Cory Nichols
5035,Cosimo Fusco
5036,Cosmina Stratan
5037,Cosmo Bjorkenheim
5038,Cosmo Jarvis
5039,Costas Mandylor
5040,Cotter Smith
5041,Count Basie
5042,Country Joe and the Fish
5043,Courteney Cox
5044,Courtland Jones
5045,Courtney B. Vance
5046,Courtney Bandeko
5047,Courtney Burrell
5048,Courtney Dietz
5049,Courtney Eaton
5050,Courtney Fansler
5051,Courtney Ford
5052,Courtney Francisco
5053,Courtney Gonzalez
5054,Courtney Halverson
5055,Courtney Henggeler
5056,Courtney Lauren Cummings
5057,Courtney Love
5058,Courtney Pauroso
5059,Courtney Taylor-Taylor
5060,Cowboy
5061,Cozi Zuehlsdorff
5062,Craig Aftanis
5063,Craig Anthony-Kelly
5064,Craig Berry
5065,Craig Bierko
5066,Craig Boe
5067,Craig Butta
5068,Craig Chester
5069,Craig Cole
5070,Craig Conway
5071,Craig DiFrancia
5072,Craig Ferguson
5073,Craig Haas
5074,Craig Hall
5075,Craig March
5076,Craig Parkinson
5077,Craig Roberts
5078,Craig Robinson
5079,Craig S. Karpel
5080,Craig Stark
5081,Craig T. Nelson
5082,Craig Tate
5083,Craig Walker
5084,Cree Cicchino
5085,Cree Summer
5086,Creed Bratton
5087,Creedence Clearwater Revival
5088,Cres Chuang
5089,Cress Williams
5090,Cressida Bonas
5091,Cricket Brown
5092,Crispin Freeman
5093,Crispin Glover
5094,Crista Flanagan
5095,Cristela Alonzo
5096,Cristian Ortega
5097,Cristian Zãrescu
5098,Cristiana Sinagra
5099,Cristin Milioti
5100,Cristina Banegas
5101,Cristina Chiriac
5102,Cristina do Rego
5103,Cristina Dohmen
5104,Cristina Flutur
5105,Cristina Pereira
5106,Cristina Rodlo
5107,Cristina Segovia
5108,Cristián Suárez
5109,Cristofer Huitzil
5110,Cristóbal Pinto
5111,Crosby Stills & Nash
5112,Crystal Feimster
5113,Crystal Kay
5114,Crystal Lake Evans
5115,Crystal Lee
5116,Crystal Lee Brown
5117,Crystal Lonneberg
5118,Crystal Lowe
5119,Crystal R. Fox
5120,Crystal Santos
5121,Crystal Swann
5122,Crystle Stewart
5123,Csaba Márton
5124,Csongor Kassai
5125,Cuba Gooding Jr.
5126,Cullen McCarthy
5127,Cullen Moss
5128,Cun Lajci
5129,Cung Le
5130,Curt Dubost
5131,Curtis Caravaggio
5132,Curtis Combs
5133,Curtis Webster
5134,Curtiss Cook
5135,Curtiss Cook Jr.
5136,Custon Chipoya
5137,Cuyle Carvin
5138,Cybill Shepherd
5139,Cyli Khare
5140,Cymbal Byrd
5141,Cyndy Day
5142,Cynthia Ashperger
5143,Cynthia Capers
5144,Cynthia Casaus
5145,Cynthia Erivo
5146,Cynthia Evans
5147,Cynthia Germanotta
5148,Cynthia Harper
5149,Cynthia Kaye McWilliams
5150,Cynthia Mendez
5151,Cynthia Nixon
5152,Cynthia Watros
5153,Cynthy Wu
5154,Cyra Lassman
5155,Cyril Corral
5156,Cyril Descours
5157,Cyril Raffaelli
5158,Cyril Roy
5159,Cyrus Abidi
5160,Cécile De France
5161,Cécile Garcia-Fogel
5162,Cécile Morel
5163,Cédric Appietto
5164,Cédric Doyon
5165,Cédric Eeckhout
5166,Cédric Kahn
5167,Cédric Monnet
5168,Célestin Mokono
5169,Céline Laurentie
5170,Céline Ronté
5171,Céline Sallette
5172,César Domboy
5173,César Vicente
5174,Côme Thiry
5175,D
5176,D'angelou Osei Kissiedu
5177,D'Arcy Carden
5178,D'Pharaoh Woon-A-Tai
5179,D. Rosh Wright
5180,D.A. Pennebaker
5181,D.B. Lambert
5182,D.B. Sweeney
5183,D.J. 'Shangela' Pierce
5184,D.J. Cotrona
5185,D.J. Khaled
5186,D.L. Hughley
5187,D.L. Walker
5188,D.W. Moffett
5189,Da Wang
5190,Da'Vinchi
5191,Da'Vine Joy Randolph
5192,Daan Aufenacker
5193,Dachi Babunashvili
5194,Dacian Ciolos
5195,Dacre Montgomery
5196,Dae Al Hilali
5197,Dae-Young Jin
5198,Dafi Alferon
5199,Dafne Keen
5200,Dag Andersson
5201,Dag Hammarskjöld
5202,Dag Malmberg
5203,Dagger Salazar
5204,Dagmar Schroeder-Hildebrand
5205,Dagmara Dominczyk
5206,Dagny Dewath
5207,Dahlia Salem
5208,Dahong Ni
5209,Daichi Watanabe
5210,Daigo
5211,Daina Barbeau
5212,Daina Griffith
5213,Daisuke Hirakawa
5214,Daisuke Kuroda
5215,Daisuke Ono
5216,Daisy Axon
5217,Daisy Bishop
5218,Daisy Donovan
5219,Daisy Head
5220,Daisy Littlefield
5221,Daisy Ridley
5222,Daisy Tahan
5223,Daisye Tutor
5224,Daje Shelton
5225,Dakota Blue Richards
5226,Dakota Daulby
5227,Dakota Fanning
5228,Dakota Goyo
5229,Dakota Guppy
5230,Dakota Johnson
5231,Dakota Lustick
5232,Dale Dickey
5233,Dale Pavinski
5234,Dale Schultz
5235,Dale Soules
5236,Dale Watson
5237,Dale Whibley
5238,Dalene Young
5239,Dali Benssalah
5240,Dalia Hernández
5241,Dalip Sondhi
5242,Dalip Tahil
5243,Dallas Barnett
5244,Dallas Chandler
5245,Dallas Edwards
5246,Dallas Good
5247,Dallas Liu
5248,Dallas Mugarra
5249,Dallas Page
5250,Dallas Roberts
5251,Dalma Maradona
5252,Dalmar Abuzeid
5253,Dalton Harrod
5254,Dalton Rich
5255,Damaris Lewis
5256,Damian Collins
5257,Damian de Montemas
5258,Damian Hill
5259,Damian Lewis
5260,Damian Lund
5261,Damian Maffei
5262,Damian Marley
5263,Damian O'Hare
5264,Damian Oancea
5265,Damian Walshe-Howling
5266,Damian Young
5267,Damiano Amato
5268,Damiano Tamilia
5269,Damien Boisseau
5270,Damien Bonnard
5271,Damien Chapelle
5272,Damien D. Smith
5273,Damien Dempsey
5274,Damien Garvey
5275,Damien Leake
5276,Damien Molony
5277,Damien Nguyen
5278,Damien Richardson
5279,Damien Thomas
5280,Damijan Oklopdzic
5281,Damián Alcázar
5282,Damián Prado
5283,Damon Dash
5284,Damon Gameau
5285,Damon Herriman
5286,Damon Jones
5287,Damon O'Daniel
5288,Damon Vance
5289,Damon Wayans
5290,Damon Wayans Jr.
5291,Damson Idris
5292,Dan Amboyer
5293,Dan Aykroyd
5294,Dan Bakkedahl
5295,Dan Barry
5296,Dan Beirne
5297,Dan Bittner
5298,Dan Bucatinsky
5299,Dan Byrd
5300,Dan Castellaneta
5301,Dan Dargan Carter
5302,Dan David
5303,Dan Deacon
5304,Dan Ewing
5305,Dan Fierro
5306,Dan Fogler
5307,Dan Fried
5308,Dan Futterman
5309,Dan Gill
5310,Dan Green
5311,Dan Harmon
5312,Dan Hedaya
5313,Dan John Miller
5314,Dan Jukes
5315,Dan Laurine
5316,Dan Lett
5317,Dan Levy
5318,Dan Lippert
5319,Dan McComas
5320,Dan McDougall
5321,Dan Navarro
5322,Dan Payne
5323,Dan Petronijevic
5324,Dan Puck
5325,Dan Savage
5326,Dan Sonney
5327,Dan Stevens
5328,Dan Wieden
5329,Dan Wyllie
5330,Dan Zakarija
5331,Dana Aliya Levinson
5332,Dana Ashbrook
5333,Dana Bunescu
5334,Dana Carvey
5335,Dana de Celis
5336,Dana Delany
5337,Dana Dogaru
5338,Dana Drori
5339,Dana Eskelson
5340,Dana Gaier
5341,Dana Ivey
5342,Dana Ivgy
5343,Dana L. Wilson
5344,Dana Lee
5345,Dana Marineci
5346,Dana Melanie
5347,Dana Michelle Gourrier
5348,Dana Millican
5349,Dana Schick
5350,Dana Snyder
5351,Dana Tapalaga
5352,Dana Thomas
5353,Dana Voicu
5354,Dana Wheeler-Nicholson
5355,Danai Gurira
5356,Dane Cook
5357,Dane DeHaan
5358,Dane Komljen
5359,Dane Rhodes
5360,Daneka Etchells
5361,Dang Quoc Thinh Tran
5362,Dani Chambers
5363,Dani Kind
5364,Dani Payne
5365,Dani Rovira
5366,Dania Nassar
5367,Dania Ramirez
5368,Danica Curcic
5369,Daniel Adegboyega
5370,Daniel Annone
5371,Daniel Arcucci
5372,Daniel Auteuil
5373,Daniel Bacon
5374,Daniel Bernhardt
5375,Daniel Bess
5376,Daniel Betts
5377,Daniel Blumberg
5378,Daniel Brühl
5379,Daniel Buneta
5380,Daniel Buran
5381,Daniel Camargo
5382,Daniel Campbell
5383,Daniel Cerqueira
5384,Daniel Collins
5385,Daniel Coo
5386,Daniel Craig
5387,Daniel Cudmore
5388,Daniel Dae Kim
5389,Daniel David Stewart
5390,Daniel Day-Lewis
5391,Daniel di Tomasso
5392,Daniel Diemer
5393,Daniel Doheny
5394,Daniel Durant
5395,Daniel Edward Mora
5396,Daniel Eghan
5397,Daniel Ellsberg
5398,Daniel Fanego
5399,Daniel Fathers
5400,Daniel Feuerriegel
5401,Daniel Flaherty
5402,Daniel Fox
5403,Daniel Francis-Swaby
5404,Daniel Freire
5405,Daniel Frikstad
5406,Daniel Gerroll
5407,Daniel Gillies
5408,Daniel Giménez Cacho
5409,Daniel Grao
5410,Daniel Greene
5411,Daniel Grogan
5412,Daniel Hallberg
5413,Daniel Hans Erlendsson
5414,Daniel Hansen
5415,Daniel Hendler
5416,Daniel Henshall
5417,Daniel Hill
5418,Daniel Horvath
5419,Daniel Joey Albright
5420,Daniel Johnson
5421,Daniel Johnston
5422,Daniel Kaluuya
5423,Daniel Karimyar
5424,Daniel Kash
5425,Daniel Kendrick
5426,Daniel Kurtzer
5427,Daniel Letterle
5428,Daniel Liu
5429,Daniel London
5430,Daniel MacPherson
5431,Daniel Madoff
5432,Daniel Marconi
5433,Daniel Mays
5434,Daniel Nelson
5435,Daniel Olbrychski
5436,Daniel Oreskes
5437,Daniel Para
5438,Daniel Park
5439,Daniel Patrick Carbone
5440,Daniel Percival
5441,Daniel R. Hill
5442,Daniel R. Lawson
5443,Daniel Radcliffe
5444,Daniel Ranieri
5445,Daniel Rashid
5446,Daniel Salyers
5447,Daniel Sassa
5448,Daniel Sauli
5449,Daniel Scheinert
5450,Daniel Simon
5451,Daniel Stern
5452,Daniel Stewart Sherman
5453,Daniel Stisen
5454,Daniel Storm Forthun Sandbye
5455,Daniel Sunjata
5456,Daniel Tay
5457,Daniel Tiplady
5458,Daniel Toro
5459,Daniel Travis
5460,Daniel Trubert
5461,Daniel V. Graulau
5462,Daniel Veronese
5463,Daniel Wandelt
5464,Daniel Webber
5465,Daniel Weyman
5466,Daniel Wu
5467,Daniel Zacapa
5468,Daniel Zolghadri
5469,Daniel Zovatto
5470,Daniela Barbosa
5471,Daniela Bobadilla
5472,Daniela Bräuer
5473,Daniela de la Fe
5474,Daniela Demesa
5475,Daniela Ionita Marcu
5476,Daniela Lavender
5477,Daniela Melchior
5478,Daniela Norman
5479,Daniela Piepszyk
5480,Daniela Santiago
5481,Daniela Vega
5482,Daniela Virtzer
5483,Daniele De Angelis
5484,Daniele Lawson
5485,Daniele Mangiavacchi
5486,Daniella Alonso
5487,Daniella Covino
5488,Daniella Kertesz
5489,Daniella Pineda
5490,Daniella Rabbani
5491,Danielle Branch
5492,Danielle Brooks
5493,Danielle Campbell
5494,Danielle Cormack
5495,Danielle Darrieux
5496,Danielle Davenport
5497,Danielle Harris
5498,Danielle Klaudt
5499,Danielle Kremeniuk
5500,Danielle L. McGuire
5501,Danielle Macdonald
5502,Danielle Nicolet
5503,Danielle Nottingham
5504,Danielle Panabaker
5505,Danielle Proulx
5506,Danielle Rose Russell
5507,Danielle Ryan
5508,Danielle Safady
5509,Danijela Cabric
5510,Danika Yarosh
5511,Danila Kozlovsky
5512,Daniël Brongers
5513,Dannielle Rose
5514,Dannis Hackney
5515,Danny A. Abeckaser
5516,Danny Aiello
5517,Danny August Mason
5518,Danny Bolero
5519,Danny Boyd Jr.
5520,Danny Collins
5521,Danny Corbo
5522,Danny Deferrari
5523,Danny DeVito
5524,Danny Dyer
5525,Danny Elfman
5526,Danny Epstein
5527,Danny Fields
5528,Danny Garcia
5529,Danny Glover
5530,Danny Hoch
5531,Danny Huston
5532,Danny Johnson
5533,Danny Keough
5534,Danny L. Chapman
5535,Danny Lee Wynter
5536,Danny Lloyd
5537,Danny Maseng
5538,Danny Masterson
5539,Danny Mastrogiorgio
5540,Danny McBride
5541,Danny McCarthy
5542,Danny McEvoy
5543,Danny Pino
5544,Danny Pudi
5545,Danny Ramirez
5546,Danny Trejo
5547,Danny Webb
5548,Danny Woodburn
5549,Dano Duran
5550,Danqing Chen
5551,Dante Basco
5552,Dante Brown
5553,Dante Crichlow
5554,Dante Pereira-Olson
5555,Danube R. Hermosillo
5556,Danusia Samal
5557,Danuta Nagórna
5558,Dany Boon
5559,Dany Boudreault
5560,Daoming Chen
5561,Daphne Alexander
5562,Daphne Hoskins
5563,Daphne Oram
5564,Daphne Patakia
5565,Daphne Rubin-Vega
5566,Daphne Sheldrick
5567,Daphné Huynh
5568,Dara Tiller
5569,Darby Camp
5570,Darby Stanchfield
5571,Darci Shaw
5572,Darcy Fehr
5573,Darcy Laurie
5574,Darcy Rose Byrnes
5575,Daren Kagasoff
5576,Daria Johns
5577,Daria Pascal Attolini
5578,Daria Pisareva
5579,Daria Wolf
5580,Darian Leader
5581,Darien Martin
5582,Darin Cooper
5583,Darin De Paul
5584,Darin Ferraro
5585,Darina Al Joundi
5586,Dario Cantarelli
5587,Dario Yazbek Bernal
5588,Darius Miles
5589,Darius Pierce
5590,Dark Cloud
5591,Darlan Cunha
5592,Darleen Asevedo
5593,Darlene Cooke
5594,Darlene Garr
5595,Darlene Love
5596,Darlene Violette
5597,Darnellia Russell
5598,Darragh Mckenzie
5599,Darragh O'Kane
5600,Darrell Britt-Gibson
5601,Darrell Keith Harris
5602,Darren Barnet
5603,Darren Criss
5604,Darren Doane
5605,Darren E. Burrows
5606,Darren E. Scott
5607,Darren Eisnor
5608,Darren Evans
5609,Darren Goldstein
5610,Darren Kent
5611,Darren Mann
5612,Darren Pettie
5613,Darren Ross
5614,Darrick Doerner
5615,Darrin Dewitt Henson
5616,Darron Meyer
5617,Darryl Cox
5618,Darryl Gray
5619,Dartanian Sloan
5620,Darya Ekamasova
5621,Darya Moghbeli
5622,Darya Zhovner
5623,Daryl Edwards
5624,Daryl Hannah
5625,Daryl Isaacs
5626,Daryl McCormack
5627,Daryl Sabara
5628,Darío Grandinetti
5629,Dascha Polanco
5630,Dash Mihok
5631,Dasha Nekrasova
5632,Dasha Teranishi
5633,Data Zakareishvili
5634,Dave Andrade
5635,Dave Attell
5636,Dave Bautista
5637,Dave Blamy
5638,Dave Boner
5639,Dave Burrows
5640,Dave Callaham
5641,Dave Chapman
5642,Dave Chappelle
5643,Dave Duffus
5644,Dave Dyshuk
5645,Dave East
5646,Dave Foley
5647,Dave Franco
5648,Dave Hill
5649,Dave Johns
5650,Dave Kalama
5651,Dave Matthews
5652,Dave Randolph-Mayhem Davis
5653,Dave Reimer
5654,Dave Scott
5655,Dave Simon
5656,Dave Sorboro
5657,Dave Willis
5658,Daveed Diggs
5659,Daveigh Chase
5660,Davenia McFadden
5661,Davi Santos
5662,David A MacDonald
5663,David A.R. White
5664,David Abeles
5665,David Adcock
5666,David Agranov
5667,David Alan Basche
5668,David Alan Grier
5669,David Albright
5670,David Alpay
5671,David Altman
5672,David Alvarez
5673,David Anders
5674,David Anderson
5675,David Andrews
5676,David Annen
5677,David Ari
5678,David Arnott
5679,David Arquette
5680,David Arrow
5681,David Arthur Sousa
5682,David Arturo Cabezud
5683,David Atkinson
5684,David Bagby
5685,David Bailey
5686,David Bailie
5687,David Baltimore
5688,David Bamber
5689,David Banks
5690,David Bark-Jones
5691,David Barnes
5692,David Batchelor
5693,David Belle
5694,David Bennent
5695,David Bennett
5696,David Bergman
5697,David Bianchi
5698,David Bianculli
5699,David Blin
5700,David Bolinger
5701,David Boreanaz
5702,David Born
5703,David Bowie
5704,David Bradley
5705,David Breda
5706,David Breen
5707,David Brown
5708,David Buneta
5709,David Burrows
5710,David Butler
5711,David Byrne
5712,David C Tam
5713,David Cade
5714,David Cale
5715,David Call
5716,David Carradine
5717,David Carroll
5718,David Caruso
5719,David Castaneda
5720,David Chandler
5721,David Chen
5722,David Chinchilla
5723,David Christopher
5724,David Clarke Lawson Jr.
5725,David Clavel
5726,David Clement-Horton
5727,David Clyde Carr
5728,David Coburn
5729,David Coffin
5730,David Cohen
5731,David Corpus
5732,David Costabile
5733,David Cronenberg
5734,David Crosby
5735,David Cross
5736,David Crowley
5737,David Cubitt
5738,David D. Connell
5739,David Daley
5740,David Dastmalchian
5741,David de Poso
5742,David DeLao
5743,David DeLuise
5744,David Dencik
5745,David Denman
5746,David DeSanctis
5747,David Dewaele
5748,David Ditmore
5749,David Dorfman
5750,David Duchovny
5751,David Duggan
5752,David Dunston
5753,David Eigenberg
5754,David Eisner
5755,David Elliot
5756,David Epstein
5757,David Farrier
5758,David Fawaz
5759,David Feehan
5760,David Ferrucci
5761,David Ferry
5762,David Field
5763,David Fincher
5764,David Fine
5765,David Firth
5766,David Fleeshman
5767,David Fricke
5768,David Friedman
5769,David Frost
5770,David Furr
5771,David Fynn
5772,David Gallagher
5773,David Garelik
5774,David Geffen
5775,David George
5776,David Gore
5777,David Granados
5778,David Grant White
5779,David Grant Wright
5780,David Grisman
5781,David Gulpilil
5782,David Gyasi
5783,David Hackney
5784,David Haig
5785,David Hallquist
5786,David Hamilton
5787,David Harbour
5788,David Hare
5789,David Harrington
5790,David Hasselhoff
5791,David Hayman
5792,David Henrie
5793,David Herrera
5794,David Hewlett
5795,David Hight
5796,David Hill
5797,David Hinds
5798,David Hockney
5799,David Hoflin
5800,David Hogg
5801,David Holt
5802,David Horovitch
5803,David Hutchison
5804,David Hyde Pierce
5805,David Ignatius
5806,David Illescas
5807,David Irving
5808,David Iserson
5809,David Ivanov
5810,David J. MacNeil
5811,David J. White
5812,David Jack
5813,David James Elliott
5814,David Jensen
5815,David Jimenez Alvarado
5816,David Johansen
5817,David John Craig
5818,David Johnson Wood
5819,David Joseph Craig
5820,David K. Johnson
5821,David Kallaway
5822,David Kammenos
5823,David Kaye
5824,David Keith
5825,David Kellman
5826,David Kelly
5827,David Kingston
5828,David Koechner
5829,David Kohlsmith
5830,David Koren
5831,David Kross
5832,David Krug
5833,David Krumholtz
5834,David L. Price
5835,David L. Ulin
5836,David Lengel
5837,David Lennon
5838,David Letterman
5839,David Lewis
5840,David Lindorff
5841,David Little
5842,David Lorenzo
5843,David Lovgren
5844,David Lynch
5845,David Lyons
5846,David M Sandoval Jr.
5847,David MacLean
5848,David Maldonado
5849,David Marsais
5850,David Mattey
5851,David Mazouz
5852,David McCullough
5853,David McSavage
5854,David Midthunder
5855,David Mitchell
5856,David Moorst
5857,David Moretti
5858,David Morley Hale
5859,David Morrissey
5860,David Morse
5861,David Mumeni
5862,David Myers Gregory
5863,David N. Haynes
5864,David Newell
5865,David Norona
5866,David O'Hara
5867,David Ogden Stiers
5868,David Ojalvo
5869,David Olawale Ayinde
5870,David Opegbemi
5871,David Otunga
5872,David Oyelowo
5873,David Paetkau
5874,David Palatino
5875,David Patrick Kelly
5876,David Paymer
5877,David Pendleton
5878,David Pittu
5879,David Pridemore
5880,David Rasche
5881,David Rauchenberger
5882,David Reale
5883,David Rey
5884,David Rintoul
5885,David Roberts
5886,David Rossetti
5887,David Ruffin
5888,David Ryall
5889,David Ryan
5890,David Rysdahl
5891,David Sakurai
5892,David Sanger
5893,David Schaal
5894,David Schmader
5895,David Schofield
5896,David Schultz
5897,David Schwimmer
5898,David Scicluna
5899,David Sedaris
5900,David Selby
5901,David Shackleton
5902,David Sheftell
5903,David Sherwood
5904,David Shields
5905,David Shih
5906,David Shreibman
5907,David Shumbris
5908,David Siegel
5909,David Silverman
5910,David Simon
5911,David So
5912,David Soren
5913,David Spade
5914,David Spadora
5915,David Steinberg
5916,David Sterne
5917,David Stoller
5918,David Strathairn
5919,David Straus
5920,David Suchet
5921,David Sullivan
5922,David Swim
5923,David Talbot
5924,David Tennant
5925,David Thewlis
5926,David Thorpe
5927,David Threlfall
5928,David Torres Jr.
5929,David Tran
5930,David Turner
5931,David Ury
5932,David Vadim
5933,David Valencia
5934,David Vaughn
5935,David Verdaguer
5936,David Verrey
5937,David Vert
5938,David W. Thompson
5939,David Wain
5940,David Walliams
5941,David Walton
5942,David Warner
5943,David Warshofsky
5944,David Wenham
5945,David Whitt
5946,David Wiberg
5947,David Wilmot
5948,David Wilson
5949,David Wingo
5950,David Wissak
5951,David Wohl
5952,David Wojnarowicz
5953,David Zaldivar
5954,David Zayas
5955,David Zellner
5956,David Zimmerschied
5957,Davide Denci
5958,Davide Marotta
5959,Davie-Blue
5960,Davina Sitaram
5961,Dawan Owens
5962,Dawayne Jordan
5963,Dawid Ogrodnik
5964,Dawn Ford
5965,Dawn Luebbe
5966,Dawn Olivieri
5967,Dawn Young
5968,Dawntavia Bullard
5969,Dawuan Williams
5970,Dax Flame
5971,Dax Ravina
5972,Dax Rey
5973,Dax Shepard
5974,Dayahang Rai
5975,Dayle McLeod
5976,Daymien Valentino
5977,Dayo Okeniyi
5978,Dayton Callie
5979,DB Woodside
5980,De'Lon Grant
5981,Dea Liane
5982,Dea Panendra
5983,Deacon Conroy
5984,Dean Andrews
5985,Dean Cain
5986,Dean Chaumoo
5987,Dean Denton
5988,Dean Fourie
5989,Dean Gomersall
5990,Dean Hall
5991,Dean Menta
5992,Dean Norris
5993,Dean O'Gorman
5994,Dean Redman
5995,Dean Stockwell
5996,Dean Winters
5997,Dean-Charles Chapman
5998,Deana Molle'
5999,Deanna Dunagan
6000,Deanna McKinney
6001,Deanna Reed Foster
6002,Deannie Yip
6003,Deano Bugatti
6004,Dearbhla Molloy
6005,Deb G. Girdler
6006,Debabrota Basu
6007,Debbie Aboaba
6008,Debbie Aderinkomi
6009,Debbie Campbell
6010,Debbie D'Souza
6011,Debbie Doebereiner
6012,Debbie Gwyther
6013,Debbie Honeywood
6014,Debbie Pollack
6015,Debbie Sherman
6016,Debbie Warshawski
6017,Debby Ryan
6018,Debi Derryberry
6019,Debi Mazar
6020,Debo Adegbile
6021,Debora Weston
6022,Deborah Adair
6023,Deborah Ann Woll
6024,Deborah Ayorinde
6025,Deborah Findlay
6026,Deborah Foreman
6027,Deborah Geffner
6028,Deborah Griffin
6029,Deborah Grover
6030,Deborah Harry
6031,Deborah Kara Unger
6032,Deborah Krohn
6033,Deborah Lipstadt
6034,Deborah Mailman
6035,Deborah Offner
6036,Deborah Peagler
6037,Deborah Raffin
6038,Deborah Rock
6039,Deborah Unger
6040,Debra Lynn Rogers Welborn
6041,Debra Messing
6042,Debra Spinney
6043,Debra Wilson
6044,Debra Winger
6045,Debs Howard
6046,Declan Hannigan
6047,Dee Bradley Baker
6048,Dee Dee Warwick
6049,Dee Snider
6050,Dee Wallace
6051,DeeDee Rescher
6052,Deen Castronovo
6053,Deep Katdare
6054,Deepak Anand
6055,Deepak Chhetri
6056,Deepak Chopra
6057,Deepika Bhide Bhagwat
6058,Deepika Padukone
6059,Deepti Gupta
6060,Deepti Menon
6061,Degnan Geraghty
6062,Deiby Rueda
6063,Deidre Goodwin
6064,Deirdre O'Connell
6065,Deirdre O'Kane
6066,Deja Dee
6067,Deja Kreutzberg
6068,Deke Garner
6069,Dekel Adin
6070,Dela Meskienyar
6071,Delanee Carman
6072,Delaney Feener
6073,Delanie Wheeler
6074,DeLaRosa Rivera
6075,Delia Derbyshire
6076,Delia Sheppard
6077,Della Saba
6078,Delores Farley
6079,Delpaneaux Wills
6080,Delphine Chanéac
6081,Delroy Lindo
6082,Delta Burke
6083,Deltan Dallagnol
6084,Delvon Roe
6085,DeMarius Copes
6086,Demba Diaw
6087,Demetri Martin
6088,Demetrius Grosse
6089,Demetrius Shipp Jr.
6090,Demi Lovato
6091,Demi Moore
6092,Demi Singleton
6093,Demian Hernández
6094,Demián Bichir
6095,Demmy Ladipo
6096,Dempsey Bovell
6097,Dendrie Taylor
6098,Deneen Tyler
6099,Deneke Muhugeta
6100,Denilson Garibo
6101,Denis Conway
6102,Denis Lavant
6103,Denis Leary
6104,Denis Menochet
6105,Denis Moschitto
6106,Denis O'Hare
6107,Denis Podalydès
6108,Denisa Pfauserová
6109,Denise 'Sandy' Rivera
6110,Denise Barone
6111,Denise Black
6112,Denise Dal Vera
6113,Denise Dowse
6114,Denise Gough
6115,Denise Lee
6116,Denise Mack
6117,Denise Newman
6118,Denise Pillott
6119,Denise Rappuoli
6120,Denise Richards
6121,Denise S. Anderson
6122,Denise Sardisco
6123,Denise Sherer Jacobson
6124,Denise Williamson
6125,Deniz Akdeniz
6126,Denna Thomsen
6127,Dennis Alcorn
6128,Dennis Billups
6129,Dennis Boutsikaris
6130,Dennis Bovell
6131,Dennis Dugan
6132,Dennis Farina
6133,Dennis Green
6134,Dennis Haskins
6135,Dennis Haysbert
6136,Dennis Hopper
6137,Dennis J. McKenna
6138,Dennis Jaffee
6139,Dennis Lindsey
6140,Dennis M. David
6141,Dennis Mallen
6142,Dennis Musyoka
6143,Dennis Quaid
6144,Dennis Ross
6145,Dennis Wilson
6146,Denny Dillon
6147,Denny Love
6148,Denzel Washington
6149,Denzel Whitaker
6150,Denzil Smith
6151,Denée Benton
6152,Deobia Oparei
6153,Deon Cole
6154,Deon Lotz
6155,Deon Richmond
6156,Deragh Campbell
6157,DeRay Mckesson
6158,Derek Blakeney
6159,Derek Brandon
6160,Derek Cecil
6161,Derek DelGaudio
6162,Derek Frood
6163,Derek Hough
6164,Derek Jacobi
6165,Derek James Trapp
6166,Derek John Drescher
6167,Derek Luke
6168,Derek M. Puma
6169,Derek Magyar
6170,Derek Mears
6171,Derek Michalak
6172,Derek Moran
6173,Derek Polen
6174,Derek Richardson
6175,Derek Riddell
6176,Derek Roberts
6177,Derek Wilson
6178,Deric McCabe
6179,Derick Martini
6180,Dermot Mulroney
6181,DeRon Horton
6182,Derren Brown
6183,Derren Litten
6184,Derrick Baskin
6185,Derrick Gilbert
6186,Derrick Hodge
6187,Derrick Janis
6188,Derron Scott
6189,Des Cave
6190,Desean Terry
6191,Deshbhakta Khanal
6192,Desi Arnaz
6193,Desiree Hall
6194,Desmin Borges
6195,Desmond Aldridge
6196,Desmond Edwards
6197,Desmond Meade
6198,Destiny Adams
6199,Detmar Blow
6200,Dev Patel
6201,Devere Rogers
6202,Devery Jacobs
6203,Devid Striesow
6204,Devika Bhise
6205,Devin Blackmon
6206,Devin Brochu
6207,Devin Druid
6208,Devin Faraci
6209,Devin France
6210,Devin Michael
6211,Devin Ratray
6212,Devon Alan
6213,Devon Aoki
6214,Devon Bostick
6215,Devon Caraway
6216,Devon Carpenter
6217,Devon Diep
6218,Devon Graye
6219,Devon Gummersall
6220,Devon Ogden
6221,Devon Sawa
6222,Devon Terrell
6223,Devon Werkheiser
6224,Devyn A. Tyler
6225,Devyn McDowell
6226,DeWanda Wise
6227,Dexter Darden
6228,Dexter Fletcher
6229,Deyan Petrov
6230,Deyvi Stib Rodríguez
6231,Dez
6232,Dez McMahon
6233,Dhanush
6234,Dhruv Uday Singh
6235,Di Botcher
6236,Di Vinci SanTana Guthrie
6237,Diaana Babnicova
6238,Diabate Idrissa
6239,Diahann Carroll
6240,Diamand Bou Abboud
6241,Diamond White
6242,Diana Alexandra Pocol
6243,Diana Bang
6244,Diana Bolan
6245,Diana de Sousa
6246,Diana Diaz
6247,Diana García
6248,Diana Greenhut
6249,Diana Hardcastle
6250,Diana Hübel
6251,Diana Irvine
6252,Diana Kennedy
6253,Diana Kent
6254,Diana Lin
6255,Diana Rigg
6256,Diana Ross
6257,Diana Sakalauskaité
6258,Diana Silvers
6259,Diana Vreeland
6260,Diana-Maria Riva
6261,Diane Bathen
6262,Diane Courseille
6263,Diane de Furstenberg
6264,Diane Dehn
6265,Diane Farr
6266,Diane Guerrero
6267,Diane Keaton
6268,Diane Kruger
6269,Diane Ladd
6270,Diane Lane
6271,Diane Lavallée
6272,Diane Marshall-Green
6273,Diane Rouxel
6274,Diane Sellers
6275,Diane Venora
6276,Diankou Sembene
6277,Dianna Agron
6278,Dianne Dwyer Modestini
6279,Dianne Weller
6280,Dianne Wiest
6281,Diarmaid Murtagh
6282,Dick Anthony Williams
6283,Dick Cavett
6284,Dick Cheney
6285,Dick Graeme
6286,Dick Gregory
6287,Dick Johnson
6288,Dick Van Dyke
6289,Dickie Beau
6290,Didi Costine
6291,Didier Gustin
6292,Dido De La Paz
6293,Diedrich Bader
6294,Diego Andrés Barillas
6295,Diego Armando Maradona
6296,Diego Boneta
6297,Diego Cardenosa
6298,Diego Cataño
6299,Diego Cortina Autrey
6300,Diego Cremonesi
6301,Diego Fontecilla
6302,Diego Josef
6303,Diego Klattenhoff
6304,Diego Luna
6305,Diego Maradona Jr.
6306,Diego Maradona Sr.
6307,Diego Martín
6308,Diego Peretti
6309,Diego Serrano
6310,Diem Camille Gbogou
6311,Dierdre Friel
6312,Diesel La Torraca
6313,Dieter Laser
6314,Dietmar Bär
6315,Dieuwke de Mooij
6316,Dillinger Steele
6317,Dillon Lane
6318,Dillon McCooty
6319,Dillon Mitra
6320,Dilma Rousseff
6321,Dilone
6322,Dilyana Bouklieva
6323,Dimiter Marinov
6324,Dimitri Andreas
6325,Dimitri Basil
6326,Dimitri Diatchenko
6327,Dimitri Leonidas
6328,Dimitri Oragvelidze
6329,Dimitris Dermousis
6330,Dimo Alexiev
6331,Dimple Kapadia
6332,Dina Buno
6333,Dina Enoksen Elvehaug
6334,Dina Korzun
6335,Dina Pathak
6336,Dinah Nicholson
6337,Dinara Drukarova
6338,Dinara Kasko
6339,Dinarte de Freitas
6340,Dinesh D'Souza
6341,Dinesh Kumar
6342,Dinita Gohil
6343,Dino Abbrescia
6344,Dino Andrade
6345,Dino Bajrovic
6346,Dino Kelly
6347,Diogo Morgado
6348,Dion Llapashtica
6349,Dionne Warwick
6350,Diora Baird
6351,Diplome Amekindra
6352,Dira Paes
6353,Dirk Lange
6354,Disney Lopez
6355,Divan Meyer
6356,Diveen Henry
6357,Divine
6358,Divine Prince Ty Emmecca
6359,Dixie Egerickx
6360,Dizaster
6361,Dj Dallenbach
6362,DJ Esco
6363,DJ Qualls
6364,Djamel Lazaar
6365,DJames Jones
6366,Djemel Barek
6367,Djibril Zonga
6368,Djimon Hounsou
6369,Djouliet Amara
6370,dL Sams
6371,Dmitri Nazarov
6372,Dmitriy Lysenkov
6373,Dmitriy Ulyanov
6374,Dmitry Chepovetsky
6375,DMX
6376,Do-yoon Kim
6377,Dogu Demirkol
6378,Dolev Ohana
6379,Dolly Jagdeo
6380,Dolly Parton
6381,Dolly Wells
6382,Dolores Chandler
6383,Dolores Drake
6384,Dolores Fonzi
6385,Dolores Heredia
6386,Dolores Huerta
6387,Dolores Ibárruri
6388,Dolph Lundgren
6389,Dome Karukoski
6390,Domenic Di Rosa
6391,Domenick Lombardozzi
6392,Domenico Diele
6393,Domenico Toledo
6394,Domenique Batiste
6395,Domhnall Gleeson
6396,Dominga Valles
6397,Dominic Applewhite
6398,Dominic Bogart
6399,Dominic Burgess
6400,Dominic Cancelliere
6401,Dominic Carter
6402,Dominic Cooper
6403,Dominic Delesilva
6404,Dominic Goodman
6405,Dominic Hoffman
6406,Dominic Jackson
6407,Dominic L. Santana
6408,Dominic Mafham
6409,Dominic Marcus Singer
6410,Dominic McGreevy
6411,Dominic Monaghan
6412,Dominic Pace
6413,Dominic Purcell
6414,Dominic Rains
6415,Dominic Scott Kay
6416,Dominic Sherwood
6417,Dominic Vedder
6418,Dominic West
6419,Dominik Böth
6420,Dominik García-Lorido
6421,Dominika Biernat
6422,Dominika Kachlik
6423,Dominique Abel
6424,Dominique Ansel
6425,Dominique Besnehard
6426,Dominique Blanc
6427,Dominique Dauwe
6428,Dominique Fishback
6429,Dominique Frot
6430,Dominique Jayr
6431,Dominique McClellan
6432,Dominique Pinon
6433,Dominique Reymond
6434,Dominique Swain
6435,Dominique Thorne
6436,Dominique Tipper
6437,Don Alphonso
6438,Don Arrup
6439,Don Bolles
6440,Don Bridges
6441,Don Cheadle
6442,Don Dixon
6443,Don Harvey
6444,Don Henley
6445,Don Hertzfeldt
6446,Don Johnson
6447,Don King
6448,Don Lee
6449,Don Lowe
6450,Don McKellar
6451,Don McManus
6452,Don Norman
6453,Don O. Knowlton
6454,Don Rickles
6455,Don Stark
6456,Don Taylor
6457,Don Was
6458,Don Wycherley
6459,Donal Logue
6460,Donald Cerrone
6461,Donald Crowhurst
6462,Donald Dell
6463,Donald Faison
6464,Donald Glover
6465,Donald Holden
6466,Donald K. Overstreet
6467,Donald MacLean Jr.
6468,Donald Pelmear
6469,Donald Pitts
6470,Donald Ray Pollock
6471,Donald Rumsfeld
6472,Donald Sumpter
6473,Donald Sutherland
6474,Donald Trump
6475,Donald Watkins
6476,Donat Balaj
6477,Donatella Finocchiaro
6478,Donatella Versace
6479,Dong-Gun Jang
6480,Dong-seok Ma
6481,Dong-won Kang
6482,Doni Alamsyah
6483,Donielle T. Hansley Jr.
6484,Donisha Rita Claire Prendergast
6485,Donna Benedicto
6486,Donna Bernard
6487,Donna DuPlantier
6488,Donna Godchaux
6489,Donna Lynn Jones
6490,Donna Lynne Champlin
6491,Donncha Crowley
6492,Donnell Rawlings
6493,Donnie Keshawarz
6494,Donnie Wahlberg
6495,Donnie Yen
6496,Donno Mitoma
6497,Donny Boaz
6498,Donovan Colan
6499,Donovan St V. Williams
6500,Dontez James
6501,Dontrell Bright
6502,Dora Freind
6503,Dora van der Groen
6504,Doralynn Mui
6505,Doreen Montalvo
6506,Doreen Szeles
6507,Dori Lucas
6508,Dorian Brown
6509,Dorian Kingi
6510,Dorian Le Clech
6511,Dorian Missick
6512,Dorien Davies
6513,Doris Buchrucker
6514,Doris Hick
6515,Doris Kearns Goodwin
6516,Doris McCarthy
6517,Doris Schretzmayer
6518,Doris Younane
6519,Doron Tavory
6520,Dorothea Paas
6521,Dorothy Atkinson
6522,Dorothy Duffy
6523,Dorothy Hill
6524,Dorothy Lewis
6525,Dorothy Lyman
6526,Dorothy Reynolds
6527,Dorothy Steel
6528,Dorothy Stengel
6529,Dorothée Berryman
6530,Dorothée Blank
6531,Dorsey Carson
6532,Doru Catanescu
6533,Dorylia Calmel
6534,Dot Jones
6535,Dotan Bonen
6536,Doua Moua
6537,Doug Benson
6538,Doug Bruce
6539,Doug Colling
6540,Doug Cox
6541,Doug Crane
6542,Doug Dawson
6543,Doug Graeme
6544,Doug Jones
6545,Doug McKeon
6546,Doug Passi
6547,Doug Patteson
6548,Doug the Pug
6549,Doug Yule
6550,Douggie McMeekin
6551,Douglas Booth
6552,Douglas Cheek
6553,Douglas Everett Davis
6554,Douglas G. Soul
6555,Douglas Henshall
6556,Douglas Hodge
6557,Douglas M. Griffin
6558,Douglas McGrath
6559,Douglas Russell
6560,Douglas Sills
6561,Douglas Silva
6562,Douglas Smith
6563,Douglas Spain
6564,Douglas Tait
6565,Douglas Urbanski
6566,Dougray Scott
6567,Dounia Sichov
6568,Doval'e Glickman
6569,Dove Cameron
6570,Dr. Andreas Bichlbauer
6571,Dr. Andrew Bagby
6572,Dr. Dre
6573,Dr. Heather Arnold
6574,Dr. Shirley Turner
6575,Dragomir Mrsic
6576,Drake Bell
6577,Drake Shannon
6578,Drazen Sivak
6579,Dreama Walker
6580,Dree Hemingway
6581,Drew Barrymore
6582,Drew Carey
6583,Drew Connick
6584,Drew Dixon
6585,Drew Fuller
6586,Drew Gehling
6587,Drew Jacoby
6588,Drew Massey
6589,Drew McConnell
6590,Drew McWeeny
6591,Drew Ray Tanner
6592,Drew Scheid
6593,Drew Seltzer
6594,Drew Starkey
6595,Dru Joyce
6596,Dru Viergever
6597,Du-na Bae
6598,Duan Sanderson
6599,Duca Enache
6600,Duel Farnes
6601,Duke
6602,Duke Nicholson
6603,Duke of Buccleuch
6604,Dulfi Al-Jabouri
6605,Dulé Hill
6606,Duma Ka Ndlovu
6607,Dumbfoundead
6608,Dun Laskey
6609,Duncan Lacroix
6610,Dusan Brown
6611,Dusan Dukic
6612,Dustin Clare
6613,Dustin Demri-Burns
6614,Dustin Guy Defa
6615,Dustin Hoffman
6616,Dustin Lewis
6617,Dustin Milligan
6618,Dustin Tucker
6619,Dusty Sorg
6620,Dusty Warren
6621,Dwayne Cameron
6622,Dwayne Johnson
6623,Dwight Brown
6624,Dwight D. Eisenhower
6625,Dwight Ewell
6626,Dwight Henry
6627,Dwight Yoakam
6628,Dyan Cannon
6629,Dylan
6630,Dylan Arnold
6631,Dylan Baker
6632,Dylan Blue
6633,Dylan Crossman
6634,Dylan Everett
6635,Dylan Fergus
6636,Dylan Gage
6637,Dylan Gelula
6638,Dylan Haggerty
6639,Dylan Henry Lau
6640,Dylan Kenin
6641,Dylan Mask
6642,Dylan McCormick
6643,Dylan McDermott
6644,Dylan McKiernan
6645,Dylan McTee
6646,Dylan Minnette
6647,Dylan Neal
6648,Dylan O'Brien
6649,Dylan Penn
6650,Dylan Reeve
6651,Dylan Schmid
6652,Dylan Smith
6653,Dylan Sprouse
6654,Dylan Walsh
6655,Dylan Walters
6656,Dyllan Christopher
6657,Dyna Mufuni
6658,Dyson Fyke
6659,Dzavád Ramezání
6660,Déborah François
6661,Díana Bermudez
6662,Dónal Finn
6663,Dóra Jóhannsdóttir
6664,Dóra Sztarenki
6665,E. Roger Mitchell
6666,E.E. Bell
6667,E.J. An
6668,E.J. Bonilla
6669,E.R. Ruiz
6670,Ea-Ja Kim
6671,Eamon Farren
6672,Eamon Monaghan
6673,Eamonn Walker
6674,Eanna Hardwicke
6675,Earl Cave
6676,Earl L. Butz
6677,Earlene Bagby
6678,Earnestine Phillips
6679,Ebon Moss-Bachrach
6680,Eboni Booth
6681,Ebony Obsidian
6682,Ed Amatrudo
6683,Ed Apodaca
6684,Ed Begley Jr.
6685,Ed Birch
6686,Ed Boyar
6687,Ed Bradley
6688,Ed Gavagan
6689,Ed Harris
6690,Ed Helms
6691,Ed Herbstman
6692,Ed Kear
6693,Ed Lingao
6694,Ed Mosberg
6695,Ed O'Neill
6696,Ed Oxenbould
6697,Ed Peden
6698,Ed Robertson
6699,Ed Sheeran
6700,Ed Skrein
6701,Ed Speleers
6702,Edan Hayhurst
6703,Edda Björg Eyjólfsdóttir
6704,Edda Björgvinsdóttir
6705,Eddie Baroo
6706,Eddie Constantine
6707,Eddie DeGrand
6708,Eddie Griffin
6709,Eddie Holland
6710,Eddie Izzard
6711,Eddie J. Fernandez
6712,Eddie Marsan
6713,Eddie Martinez
6714,Eddie Murphy
6715,Eddie O'Connell
6716,Eddie Peng
6717,Eddie Plaza
6718,Eddie Priesand
6719,Eddie Rabin
6720,Eddie Redmayne
6721,Eddie Register
6722,Eddie Schweighardt
6723,Eddie Shin
6724,Eddie Steeples
6725,Eddie Tavares
6726,Eddie Yu
6727,Eddy Galland
6728,Eddy Mitchell
6729,Edeen Bhugeloo
6730,Eden Brolin
6731,Eden Campbell
6732,Eden Duncan-Smith
6733,Eden Epstein
6734,Eden Grace Redfield
6735,Eden Halili
6736,Eden Malyn
6737,Eden Villavicencio
6738,Edgar Arreola
6739,Edgar Millan
6740,Edi Gathegi
6741,Edi Patterson
6742,Edie Falco
6743,Edie Ichioka
6744,Edie Inksetter
6745,Edie Vonnegut
6746,Edison Chen
6747,Edith 'Little Edie' Bouvier Beale
6748,Edith Bouvier Beale
6749,Edith Haagenrud-Sande
6750,Edith Rankin
6751,Edith Søli
6752,Edmildo Vaz Pimentel
6753,Edmond Cofie
6754,Edmond O'Brien
6755,Edmund Kingsley
6756,Edna Reves
6757,Edoardo Ballerini
6758,Edoardo Gabbriellini
6759,Edoardo Pesce
6760,Edouard Baer
6761,Edouard Leo
6762,Eduard Fernández
6763,Eduard Nemcsenko
6764,Eduard Witzke
6765,Eduardo Cunha
6766,Eduardo Espinosa
6767,Eduardo Franco
6768,Eduardo Gomes
6769,Eduardo Lezcano
6770,Eduardo Luis
6771,Eduardo Minett
6772,Eduardo Noriega
6773,Eduardo Paxeco
6774,Eduardo Santos
6775,Eduardo Verástegui
6776,Edward Akrout
6777,Edward Ashley
6778,Edward Asner
6779,Edward Bluemel
6780,Edward Bossert
6781,Edward Burns
6782,Edward Conna
6783,Edward Davis
6784,Edward Fox
6785,Edward Furlong
6786,Edward G. Betlow
6787,Edward Gelbinovich
6788,Edward Gelhaus
6789,Edward Hogg
6790,Edward Holcroft
6791,Edward I. Koch
6792,Edward James Olmos
6793,Edward Kagutuzi
6794,Edward Latham
6795,Edward Linard
6796,Edward MacLiam
6797,Edward Mannering
6798,Edward Norton
6799,Edward O'Blenis
6800,Edward Pagan
6801,Edward Parker
6802,Edward R. Murrow
6803,Edward Ruttle
6804,Edward Sabol
6805,Edward Snowden
6806,Edward Stone
6807,Edwin Hodge
6808,Edwin Thomas
6809,Edwina Findley
6810,Edwina Ritchard
6811,Eero Milonoff
6812,Eeva Putro
6813,Efi Gousi
6814,Efka Kvaraciejus
6815,Efraim Miller
6816,Efrat Dor
6817,Efren Ramírez
6818,Efthymis Papadimitriou
6819,Egert Kadastu
6820,Ego Nwodim
6821,Egon Di Mateo
6822,Egy Fedly
6823,Ehsan Mirhosseini
6824,Eihi Shiina
6825,Eijiro Ozaki
6826,Eiko Masuyama
6827,Eileen Atkins
6828,Eileen Davies
6829,Eileen Essell
6830,Eileen Galindo
6831,Eileen O'Higgins
6832,Eileen Walsh
6833,Eileen Yañez
6834,Eili Harboe
6835,Eimear Morrissey
6836,Einar Andreas Søli
6837,Einar Økland
6838,Eion Bailey
6839,Eirik Hallert
6840,Eirik Risholm Velle
6841,Eisa Davis
6842,Eishy Hayata
6843,Eisuke Yamaki
6844,Eiza González
6845,Ej McGorda
6846,Ejyp Johnson
6847,Eka Darville
6848,Ekaterina Baker
6849,Ekaterina Samsonov
6850,Ekavali Khanna
6851,El Hocine Aba
6852,El Sebaii Mohamed
6853,Elaha Faiz
6854,Elaine Bromka
6855,Elaine Friedman
6856,Elaine Hendrix
6857,Elaine Jin
6858,Elaine Kagan
6859,Elaine Radigue
6860,Elaine Stritch
6861,Elaine Tan
6862,Elan Bogarin
6863,Elana Dunkelman
6864,Elane Zhong
6865,Elanna White
6866,Elarica Gallacher
6867,Elayne Boosler
6868,Elbas Manuana
6869,Elbe Reiter
6870,Eldad Ben Tora
6871,Eldar Residovic
6872,Elden Henson
6873,Eldon Edwards
6874,Eldon Thiele
6875,Ele Bardha
6876,Eleanor de Rohan
6877,Eleanor Friedberger
6878,Eleanor Holmes Norton
6879,Eleanor Hutchins
6880,Eleanor Matsuura
6881,Eleanor Tomlinson
6882,Eleanor Worthington-Cox
6883,Eleazar Reygadas
6884,Electra Avellan
6885,Elen Rhys
6886,Elena
6887,Elena Anaya
6888,Elena Ballesteros
6889,Elena Benarroch
6890,Elena Bucci
6891,Elena Campbell-Martinez
6892,Elena Fokina
6893,Elena Kampouris
6894,Elena Khan
6895,Elena Koreneva
6896,Elena Mar Fernández
6897,Elena Porter
6898,Elena Radonicich
6899,Elena Schuber
6900,Elena Shevchenko
6901,Elena Sofia Ricci
6902,Eleni Perdikouri
6903,Eleonora De Luca
6904,Eleonore Hendricks
6905,Elester Latham
6906,Elfina Luk
6907,Eli A. Smith
6908,Eli Fucile
6909,Eli Goree
6910,Eli Jane
6911,Eli Powers
6912,Eli Ray
6913,Eli Roth
6914,Eliana Jones
6915,Eliana Sua
6916,Elias Assadi
6917,Elias Garza
6918,Elias Khoury
6919,Elias Koteas
6920,Elias McConnell
6921,Eliazar Jimenez
6922,Elie Bouakaze
6923,Eliezer Shimon
6924,Eligio Meléndez
6925,Elijah Boothe
6926,Elijah Egan
6927,Elijah Everett
6928,Elijah Kelley
6929,Elijah Marcano
6930,Elijah Smith
6931,Elijah Ungvary
6932,Elijah Wood
6933,Elijandro Edouard
6934,Elina Alminas
6935,Elina Löwensohn
6936,Eline Powell
6937,Elio Germano
6938,Eliot Glazer
6939,Eliot Spitzer
6940,Eliot Sumner
6941,Elisa Carricajo
6942,Elisa Lasowski
6943,Elisa Moolecherry
6944,Elisa Perry
6945,Elisabeth Henry-Macari
6946,Elisabeth Larena
6947,Elisabeth Moss
6948,Elisabeth Ness
6949,Elisabeth Röhm
6950,Elisabeth Shue
6951,Elisabeth Ventura
6952,Elisabetta Piccolomini
6953,Elisabetta Rocchetti
6954,Elisabetta Valgoi
6955,Elise Bauman
6956,Elise Charles
6957,Elise Jones
6958,Elise Kibler
6959,Elise Neal
6960,Elise Santora
6961,Elise Tielrooy
6962,Elise Vargas
6963,Elisha Cuthbert
6964,Elissa Knight
6965,Eliza Bennett
6966,Eliza Brady-Girard
6967,Eliza Calmat
6968,Eliza Coupe
6969,Eliza D'Souza
6970,Eliza de Azevedo Brown
6971,Eliza Dushku
6972,Eliza Pryor
6973,Eliza Rycembel
6974,Eliza Scanlen
6975,Elizabeth Allan
6976,Elizabeth Ashley
6977,Elizabeth Ashling
6978,Elizabeth Banks
6979,Elizabeth Becka
6980,Elizabeth Berkley
6981,Elizabeth Berrington
6982,Elizabeth Blackmore
6983,Elizabeth Bowen
6984,Elizabeth Cappuccino
6985,Elizabeth Chatwin
6986,Elizabeth Daily
6987,Elizabeth De Razzo
6988,Elizabeth Debicki
6989,Elizabeth Dennehy
6990,Elizabeth Evans
6991,Elizabeth Everett
6992,Elizabeth Gillies
6993,Elizabeth Hawthorne
6994,Elizabeth Houston
6995,Elizabeth Hunter
6996,Elizabeth Hurley
6997,Elizabeth Jaff
6998,Elizabeth Lail
6999,Elizabeth Loyacano
7000,Elizabeth Ludlow
7001,Elizabeth Marvel
7002,Elizabeth Maxwell
7003,Elizabeth McGovern
7004,Elizabeth Mitchell
7005,Elizabeth Olin
7006,Elizabeth Olsen
7007,Elizabeth Pan
7008,Elizabeth Perkins
7009,Elizabeth Peña
7010,Elizabeth Reaser
7011,Elizabeth Roberts
7012,Elizabeth Rodriguez
7013,Elizabeth Scopel
7014,Elizabeth Sung
7015,Elizabeth Trieu
7016,Elizabeth Weinstein
7017,Elizaveta Shaikhulina
7018,Elkin Díaz
7019,Ella Anderson
7020,Ella Balinska
7021,Ella Ballentine
7022,Ella Bleu Travolta
7023,Ella Edward
7024,Ella Guevara
7025,Ella Hunt
7026,Ella Jarvis
7027,Ella Jay Basco
7028,Ella Jonas Farlinger
7029,Ella Juliusson Sturk
7030,Ella Kenion
7031,Ella McCorry
7032,Ella Purnell
7033,Ella Rose Parks
7034,Ella Smith
7035,Ella Solgaard
7036,Ella Wahlestedt
7037,Ella Walker
7038,Ella-Grace Gregoire
7039,Ella-June Henrard
7040,Ella-Rae Smith
7041,Ellar Coltrane
7042,Ellar Salmon
7043,Elle
7044,Elle Fanning
7045,Elle Graham
7046,Elle LaMont
7047,Elle Lorraine
7048,Elle Roberts
7049,Elle Russ
7050,Elle-Máijá Tailfeathers
7051,Ellen Barkin
7052,Ellen Burstyn
7053,Ellen DeGeneres
7054,Ellen Dorrit Petersen
7055,Ellen Friedman
7056,Ellen Garland
7057,Ellen Geer
7058,Ellen Hollman
7059,Ellen Muth
7060,Ellen Toland
7061,Ellen Wong
7062,Ellery Sprayberry
7063,Elli Banks
7064,Elli Medeiros
7065,Elli Rhiannon Müller Osbourne
7066,Elli Tringou
7067,Ellie Bamber
7068,Ellie Haddington
7069,Ellie Kemper
7070,Ellie Kendrick
7071,Ellie King
7072,Ellie Mae Blake
7073,Ellie O'Halloran
7074,Ellie Patrikios
7075,Ellie Poussot
7076,Ellie-Mae Siame
7077,Elliot Edusah
7078,Elliot Knight
7079,Elliot Lazar
7080,Elliot Levey
7081,Elliot Page
7082,Elliot Speller-Gillott
7083,Elliott Crosset Hove
7084,Elliott Gould
7085,Ellis George
7086,Ellis Rubin
7087,Ellise Chappell
7088,Ellison Randell
7089,Ellora Torchia
7090,Elly Curtis
7091,Elma Stefania Agustsdottir
7092,Elmano Sancho
7093,Elmar Wepper
7094,Elmer Bäck
7095,Elmira Bahrami
7096,Elmo Nüganen
7097,Elodie Escarmelle
7098,Elodie Wilton
7099,Elodie Yung
7100,Eloise Lovell Anderson
7101,Eloise Mumford
7102,Eloise Smyth
7103,Eloise Thomas
7104,Elon Musk
7105,Elowen Harris
7106,Elpidia Carrillo
7107,Elsa Cocquerel
7108,Elsa Dorfman
7109,Elsa Pataky
7110,Elsa Zylberstein
7111,Elsie Fisher
7112,Elton John
7113,Elvira de Hidalgo
7114,Elvira Mínguez
7115,Elvire Emanuelle
7116,Elvis Nolasco
7117,Elvis Presley
7118,Ely Henry
7119,Elyes Aguis
7120,Elyes Gabel
7121,Elyse Levesque
7122,Elysia Rotaru
7123,Elín Hansdóttir
7124,Emad Kiyaei
7125,Eman Al-Masina
7126,Emanuela Bilancetta
7127,Emanuele Arioli
7128,Emayatzy E. Corinealdi
7129,Embeth Davidtz
7130,Emeara Kamble
7131,Emelia Golfieri
7132,Emelie Jonsson
7133,Emerald Fennell
7134,Emerson Tate Alexander
7135,Emi Sunshine & The Rain
7136,Emil Almén
7137,Emil Jannings
7138,Emil van Niekerk
7139,Emile Berling
7140,Emile Hirsch
7141,Emile Rondeau
7142,Emilia Bostedt
7143,Emilia Clarke
7144,Emilia Copeland
7145,Emilia Fox
7146,Emilia Jones
7147,Emilie Bierre
7148,Emilie de Preissac
7149,Emilie de Ravin
7150,Emilie Deleuze
7151,Emilie Incerti-Formentini
7152,Emilie Piponnier
7153,Emilija Baranac
7154,Emilio Buale
7155,Emilio Delgado
7156,Emilio Echevarría
7157,Emilio Estevez
7158,Emilio Gavira
7159,Emilio Rivera
7160,Emilio Subercaseaux Campos
7161,Emilio Vodanovich
7162,Emily Althaus
7163,Emily Alyn Lind
7164,Emily Anderson
7165,Emily Arlook
7166,Emily Atack
7167,Emily Austin
7168,Emily Bader
7169,Emily Barclay
7170,Emily Beecham
7171,Emily Berry
7172,Emily Blunt
7173,Emily Brobst
7174,Emily Brooke Hands
7175,Emily Browning
7176,Emily Bruhn
7177,Emily Carey
7178,Emily Cowan
7179,Emily Davis
7180,Emily Decker
7181,Emily Deschanel
7182,Emily Ferratello
7183,Emily Foxler
7184,Emily Goss
7185,Emily Grace
7186,Emily Gruhl
7187,Emily Haine
7188,Emily Hampshire
7189,Emily Heller
7190,Emily Hinkler
7191,Emily Hopper
7192,Emily Hulsizer
7193,Emily Jones
7194,Emily Keefe
7195,Emily Kimball
7196,Emily Kinney
7197,Emily Marie Palmer
7198,Emily Meade
7199,Emily Montague
7200,Emily Mortimer
7201,Emily Osment
7202,Emily Peck
7203,Emily Perkins
7204,Emily Procter
7205,Emily Ratajkowski
7206,Emily Rios
7207,Emily Robinson
7208,Emily Robison
7209,Emily Rudd
7210,Emily Sahler
7211,Emily Schooley
7212,Emily Shelton
7213,Emily Skeggs
7214,Emily Spivey
7215,Emily Taaffe
7216,Emily Tosta
7217,Emily Towles
7218,Emily Tremaine
7219,Emily Trujillo
7220,Emily VanCamp
7221,Emily Walton
7222,Emily Watson
7223,Eminem
7224,Emir García
7225,Emir Hadzihafizbegovic
7226,EmiSunshine
7227,Emjay Anthony
7228,Emm Wiseman
7229,Emma Adler
7230,Emma Appleton
7231,Emma Bading
7232,Emma Bargery
7233,Emma Batiz
7234,Emma Bell
7235,Emma Bellomy
7236,Emma Bercovici
7237,Emma Berman
7238,Emma Booth
7239,Emma Broomé
7240,Emma Campbell-Jones
7241,Emma Cater
7242,Emma Caulfield
7243,Emma Coleman
7244,Emma Davies
7245,Emma Delves
7246,Emma Dib
7247,Emma Drogunova
7248,Emma Dumont
7249,Emma Fitzpatrick
7250,Emma Fuhrmann
7251,Emma González
7252,Emma Graham-Harrison
7253,Emma Greenwell
7254,Emma Holzer
7255,Emma Howard
7256,Emma Ishta
7257,Emma Kenney
7258,Emma King
7259,Emma Louise Saunders
7260,Emma Louise Webb
7261,Emma Lowndes
7262,Emma Nelson
7263,Emma Oliver
7264,Emma Penzina
7265,Emma Pierson
7266,Emma Rigby
7267,Emma Roberts
7268,Emma Shannon
7269,Emma Stone
7270,Emma Suárez
7271,Emma Tate
7272,Emma Thatcher
7273,Emma Thompson
7274,Emma Tremblay
7275,Emma Volk
7276,Emma Watson
7277,Emma Whelan
7278,Emma Willis
7279,Emmanuel Barco
7280,Emmanuel Bourdieu
7281,Emmanuel Chaumet
7282,Emmanuel Jal
7283,Emmanuel Salinger
7284,Emmanuel Schwartz
7285,Emmanuelle Bercot
7286,Emmanuelle Béart
7287,Emmanuelle Charpentier
7288,Emmanuelle Chriqui
7289,Emmanuelle Devos
7290,Emmanuelle Riva
7291,Emmanuelle Seigner
7292,Emmanuelle Vaugier
7293,Emmet Kelly
7294,Emmett Ferguson
7295,Emmie Hunter
7296,Emmie Nagata
7297,Emmy Boissard Paumelle
7298,Emmy Raver-Lampman
7299,Emmy Rossum
7300,Emmylou Barden
7301,Emmylou Harris
7302,Emory Cohen
7303,Emun Elliott
7304,Emy Aneke
7305,Emyri Crutchfield
7306,Emília Vásáryová
7307,Emílio de Mello
7308,Enayatullah
7309,Enerolisa Núñez
7310,Enid-Raye Adams
7311,Enno Trebs
7312,Enrico Colantoni
7313,Enrico Lo Verso
7314,Enrique Arce
7315,Enrique Argüello
7316,Enrique Castillo
7317,Enrique Guzman
7318,Enrique Jacome
7319,Enrique Murciano
7320,Enrique Salanic
7321,Enrique Villén
7322,Enuka Okuma
7323,Enver Gjokaj
7324,Enzo Cilenti
7325,Eoghan Mac Giolla Bhride
7326,Eoin Bates
7327,Eoin Duffy
7328,Eoin Macken
7329,Eoin O'Brien
7330,Ephraim Birney
7331,Erana James
7332,Erhard Scholl
7333,Eri Ishida
7334,Eri Watanabe
7335,Eric Ambel
7336,Eric André
7337,Eric Balfour
7338,Eric Bana
7339,Eric Bauza
7340,Eric Benét
7341,Eric Bernard
7342,Eric Berryman
7343,Eric Blackmon
7344,Eric Bogosian
7345,Eric Braeden
7346,Eric Cantona
7347,Eric Caravaca
7348,Eric Chien
7349,Eric Christian Olsen
7350,Eric Clapton
7351,Eric Cortez
7352,Eric Davis
7353,Eric de Rothschild
7354,Eric De Staercke
7355,Eric Dirnes
7356,Eric Edelstein
7357,Eric Eisenbrey
7358,Eric Ericson
7359,Eric Etebari
7360,Eric Foner
7361,Eric Godon
7362,Eric Goode
7363,Eric Gores
7364,Eric Graise
7365,Eric Herson-Macarel
7366,Eric Horvitz
7367,Eric Idle
7368,Eric Jacobson
7369,Eric Johnson
7370,Eric Judor
7371,Eric Keenleyside
7372,Eric Kofi-Abrefa
7373,Eric Lange
7374,Eric Lloyd
7375,Eric Lockley
7376,Eric Loscheider
7377,Eric Manaka
7378,Eric McCormack
7379,Eric Nelsen
7380,Eric Osborne
7381,Eric Plamondon
7382,Eric Ramaekers
7383,Eric Roberts
7384,Eric Schlosser
7385,Eric Schweig
7386,Eric Sharpe
7387,Eric Sheffer Stevens
7388,Eric Starkey
7389,Eric Stoltz
7390,Eric Stonestreet
7391,Eric Stuart
7392,Eric Trombley
7393,Eric Wareheim
7394,Eric West
7395,Eric Womack
7396,Erica Acevedo
7397,Erica Ash
7398,Erica Boozer
7399,Erica Cerra
7400,Erica Gimpel
7401,Erica Hernandez
7402,Erica Leerhsen
7403,Erica Linz
7404,Erica McDermott
7405,Erica Schroeder
7406,Erica Xia-Hou
7407,Erich Bergen
7408,Erich Finsches
7409,Erick Duckut
7410,Ericka Roe
7411,Erik Aadahl
7412,Erik Ashlock
7413,Erik Athavale
7414,Erik Davis
7415,Erik Griffin
7416,Erik Hivju
7417,Erik King
7418,Erik LaRay Harvey
7419,Erik McGlothlin
7420,Erik P. Resel
7421,Erik Smith
7422,Erik Stolhanske
7423,Erik Thomson
7424,Erika Alexander
7425,Erika Bauer
7426,Erika Bók
7427,Erika Christensen
7428,Erika Jacoby
7429,Erika Karata
7430,Erika Linder
7431,Erika Marozsán
7432,Erika Ringor
7433,Erika Rosenbaum
7434,Erika Toda
7435,Erika Woods
7436,Eriko Hatsune
7437,Erin Allegretti
7438,Erin Bradley Dangar
7439,Erin Brockovich-Ellis
7440,Erin Carufel
7441,Erin Cummings
7442,Erin Darke
7443,Erin Davie
7444,Erin Davis
7445,Erin Elizabeth Burns
7446,Erin Fitzgerald
7447,Erin Flannery
7448,Erin Herring
7449,Erin Kellyman
7450,Erin Moriarty
7451,Erin O'Toole
7452,Erin Ownbey
7453,Erin Richards
7454,Erin Shanagher
7455,Erin Wilhelmi
7456,Erinn Hayes
7457,Eriq Ebouaney
7458,Erismar Fernandes Rodrigues
7459,Erland Josephson
7460,Ernad Prnjavorac
7461,Ernest Meyers
7462,Ernestas Aleksandrovas
7463,Ernesto Alterio
7464,Ernesto Cherquis Bialo
7465,Ernesto Griffith
7466,Ernesto Mahieux
7467,Ernie Foort
7468,Ernie Hudson
7469,Ernie Lively
7470,Ernst Jacobi
7471,Ernst Umhauer
7472,Erol Afsin
7473,Erol Brandis
7474,Errol Morris
7475,Ervand Abrahamian
7476,Ervin Nagy
7477,Erwin Bach
7478,Erykah Badu
7479,Esabella Anna Karena Strickland
7480,Esai Morales
7481,Esben Smed
7482,Esh Alladi
7483,Esme Creed-Miles
7484,Esmeralda Pimentel
7485,Esodie Geiger
7486,Espen Klouman-Høiner
7487,Espen Skjønberg
7488,Essence Atkins
7489,Essi Murray-Johnston
7490,Essie Davis
7491,Essra Berge
7492,Esteban Benito
7493,Esteban Bigliardi
7494,Esteban González
7495,Esteban Lamothe
7496,Esteban Lopez Ramirez
7497,Estefania Tejeda
7498,Estella Warren
7499,Estelle
7500,Estelle Harris
7501,Estelle Parsons
7502,Ester Bibi
7503,Ester Dean
7504,Esther Buss
7505,Esther Chae
7506,Esther Chen
7507,Esther Cooper Jackson
7508,Esther Dolezal
7509,Esther Garrel
7510,Esther Gohourou
7511,Esther Issaka
7512,Esther Levesque
7513,Esther Moon
7514,Esther Povitsky
7515,Eszter Balint
7516,Eszter Balla
7517,Eszter Nagy-Kálózy
7518,Ethan Baird
7519,Ethan Barrett
7520,Ethan Botwick
7521,Ethan Darbone
7522,Ethan Dizon
7523,Ethan Dubin
7524,Ethan Embry
7525,Ethan Hawke
7526,Ethan Peck
7527,Ethan Simpson
7528,Ethan Stiefel
7529,Ethan Suplee
7530,Ethan Tavares
7531,Etienne Guillou-Kervern
7532,Etienne Kellici
7533,Etienne Vick
7534,Etna Campillo
7535,Etty
7536,Euan Mason
7537,Eugen Bauder
7538,Eugene
7539,Eugene Brave Rock
7540,Eugene Byrd
7541,Eugene Cernan
7542,Eugene Cherry
7543,Eugene Cordero
7544,Eugene Hütz
7545,Eugene Lee
7546,Eugene Levy
7547,Eugene Lipinski
7548,Eugene Simon
7549,Eugene Talmadge
7550,Eugenia Alonso
7551,Eugenia Bone
7552,Eugenia Caruso
7553,Eugenia Kuzmina
7554,Eugenia León
7555,Eugenia Yuan
7556,Eugenie Bondurant
7557,Eugenie C. Scott
7558,Eugenio Derbez
7559,Eugénie Anselin
7560,Eui-sung Kim
7561,Eul-boon Kim
7562,Eun-ha Shim
7563,Eun-ji Jo
7564,Eun-mi Lee
7565,Euridice Axen
7566,Eurydice El-Etr
7567,Eusebio Poncela
7568,Eva Abshire
7569,Eva Allan
7570,Eva Amurri
7571,Eva Barceló
7572,Eva Beckmann
7573,Eva Birthistle
7574,Eva Ceja
7575,Eva Gerr
7576,Eva Green
7577,Eva Herzigova
7578,Eva Link
7579,Eva Lomby
7580,Eva Longoria
7581,Eva Longoria Parker
7582,Eva Marie Saint
7583,Eva Martín
7584,Eva Mattes
7585,Eva Melander
7586,Eva Mendes
7587,Eva Noblezada
7588,Eva Ojanguren
7589,Eva Tecedeiro
7590,Eva van der Gucht
7591,Eva Whittaker
7592,Evan Adams
7593,Evan Agos
7594,Evan Alex
7595,Evan Assante
7596,Evan Bittencourt
7597,Evan Castelloe
7598,Evan Cregan
7599,Evan Daves
7600,Evan Davis
7601,Evan Elise Owens
7602,Evan Evagora
7603,Evan Fenemor
7604,Evan George Vourazeris
7605,Evan Hall
7606,Evan Hengst
7607,Evan Jones
7608,Evan Jonigkeit
7609,Evan LeRose
7610,Evan Marsh
7611,Evan McGuire
7612,Evan Milton
7613,Evan O'Connor
7614,Evan Parke
7615,Evan Peters
7616,Evan Rachel Wood
7617,Evan Roe
7618,Evan Rosado
7619,Evan Ross
7620,Evan White
7621,Evan Whitten
7622,Evander Duck Jr.
7623,Evangelina Cavoli
7624,Evangeline Lilly
7625,Evangeline Young
7626,Eve
7627,Eve Austin
7628,Eve Connolly
7629,Eve Gordon
7630,Eve Harlow
7631,Eve Hewson
7632,Eve Kanyo
7633,Evelin Dobos
7634,Eveline Hall
7635,Evelyn Chew
7636,Evelyn Davis
7637,Evelyne Brochu
7638,Ever Anderson
7639,Ever Carradine
7640,Everett Meckler
7641,Everleigh Brenner
7642,Everly Carganilla
7643,Everlyn Sampi
7644,Evgeniya Dmitrieva
7645,Evgeniya Khirivskaya
7646,Evgeniya Kregzhde
7647,Evgeny Chistyakov
7648,Evgeny Tarlatzky
7649,Evi Dovelou
7650,Evie Thompson
7651,Evie Wray
7652,Evin Ahmad
7653,Evo Morales
7654,Evvelyne Alisha H.
7655,Ewa Fröling
7656,Ewan McGregor
7657,Ewan Mitchell
7658,Ewen Bremner
7659,Ewen Leslie
7660,Eyal Meyer
7661,Eysteinn Sigurðarson
7662,Eythor Gudjonsson
7663,Ezekiel Cavoli
7664,Ezra Buzzington
7665,Ezra Dewey
7666,Ezra Graham
7667,Ezra Menas
7668,Ezra Miller
7669,Ezri Walker
7670,F
7671,F. Murray Abraham
7672,Fab 5 Freddy
7673,Fab Filippo
7674,Fabian Hinrichs
7675,Fabien Magry
7676,Fabienne Babe
7677,Fabio Melchionna
7678,Fabio Pagano
7679,Fabiola Zamora
7680,Fabrice Colson
7681,Fabrice Luchini
7682,Fabricio Martin
7683,Fabrizia Sacchi
7684,Fabrizio Bentivoglio
7685,Fabrizio Borsani
7686,Fabrizio Ferracane
7687,Fabrizio Matteini
7688,Fabrizio Rongione
7689,Fabrizio Zacharee Guido
7690,Fabrício Boliveira
7691,Fachry Albar
7692,Fadi Abou Akleh
7693,Fadi Yousef
7694,Fadia Nadda
7695,Fady Elsayed
7696,Faghiheh Soltani
7697,Fahrettin Altun
7698,Fairuza Balk
7699,Faisa Shaheen
7700,Faith Edwards
7701,Faith Evans
7702,Faith Logan
7703,Faithe Herman
7704,Faiz Mohammed
7705,Faiza Shaheen
7706,Fala Chen
7707,Falilou Seck
7708,Falk Hentschel
7709,Faly Rakotohavana
7710,Famke Janssen
7711,Fan Liao
7712,Fana Mokoena
7713,Fann Wong
7714,Fanny Ardant
7715,Fanny Blanchard
7716,Fanny Sage
7717,Fantin Ravat
7718,Fantine Harduin
7719,Farah Bala
7720,Farah Griffin
7721,Fardin Mijdzadeh
7722,Fares Fares
7723,Farhad Abadinejad
7724,Farhad Harun
7725,Farid Yazdani
7726,Farida Ouchani
7727,Faron Salisbury
7728,Farrah Aviva
7729,Farrah Fawcett
7730,Farrah Mackenzie
7731,Farrukh Jaffar
7732,Farzana Dua Elahe
7733,Fatemeh Cherag Akhar
7734,Fathi Ahmad All Kamzari
7735,Fathia Youssouf Abdillahi
7736,Fatih Oke
7737,Fatima Hossaini
7738,Fatima Ptacek
7739,Fatimah Hassan
7740,Fatma Mohamed
7741,Fatou Traoré
7742,Faudel
7743,Fausto Russo Alesi
7744,Fay Masterson
7745,Faye Bradbrook
7746,Faye Daveney
7747,Faye Dunaway
7748,Faye Marsay
7749,Faye Smythe
7750,Faye Wong
7751,Fayssal Bazzi
7752,Fazula
7753,FDAEJI
7754,Fe Seymour
7755,Federica Zanco
7756,Federico Buso
7757,Federico Esquerro
7758,Federico Finocchiaro
7759,Federico Ielapi
7760,Federico Torre
7761,Fedja Stukan
7762,Fedor Bondarchuk
7763,Fei Ren
7764,Feiyang Luo
7765,Fele Martínez
7766,Felecia Angelle
7767,Felicia M. Reyes
7768,Felicity Babao
7769,Felicity Huffman
7770,Felicity Jones
7771,Felicity Mason
7772,Felicity Montagu
7773,Felicity Price
7774,Felipe Bonilla
7775,Felipe Kenji
7776,Felisha Terrell
7777,Felix Armand
7778,Felix Berg
7779,Felix Cameron
7780,Felix Chibole
7781,Felix Eitner
7782,Felix Lemburo
7783,Felix Mallard
7784,Felix Römer
7785,Felix Schmidt-Knopp
7786,Felix Scott
7787,Felix Williamson
7788,Fenella Woolgar
7789,Fenessa Pineda
7790,Feng Xue
7791,Feng Zhang
7792,Fengyi Zhang
7793,Fer Ochoa
7794,Ferdia Shaw
7795,Ferdia Walsh-Peelo
7796,Ferdinand Marcos Jr.
7797,Ferdinand Minga
7798,Fereshteh Hosseini
7799,Fereshteh Sadre Orafaiy
7800,Ferial Govashiri
7801,Fermí Reixach
7802,Fermín Núñez
7803,Fern Deacon
7804,Fern Nicholson
7805,Fernanda Andrade
7806,Fernanda Diniz
7807,Fernanda Dorogi
7808,Fernanda Montenegro
7809,Fernanda Urrejola
7810,Fernando Aguilar
7811,Fernando Becerril
7812,Fernando Cardona
7813,Fernando Cayo
7814,Fernando Colunga
7815,Fernando Corona
7816,Fernando Cuautle
7817,Fernando Fernán Gómez
7818,Fernando Grediaga
7819,Fernando Luis Vega
7820,Fernando Noy
7821,Fernando Ramallo
7822,Fernando Ramos
7823,Fernando Signorini
7824,Fernando Trujillo
7825,Fernando Álvarez Rebeil
7826,Ferran Fernández
7827,Ferran Terraza
7828,Fidel Castro
7829,Field Blauvelt
7830,Fig Camila Abner
7831,Filip Dewinter
7832,Filipa Areosa
7833,Filipe Vargas
7834,Filipp Avdeev
7835,Filippo Grandi
7836,Filippo Luna
7837,Filippo Parisi
7838,Filippo Scotti
7839,Filippo Timi
7840,Finian Duff Lennon
7841,Finlay Wojtak-Hissong
7842,Finley Hobbins
7843,Finley Rose Slater
7844,Finn Bennett
7845,Finn Carr
7846,Finn Cole
7847,Finn Jones
7848,Finn Little
7849,Finn Scicluna-O'Prey
7850,Finn Sutter
7851,Finn Wittrock
7852,Finn Wolfhard
7853,Finnegan Oldfield
7854,Finney Cassidy
7855,Fiona Apple
7856,Fiona Ashe
7857,Fiona Bell
7858,Fiona Dourif
7859,Fiona Fu
7860,Fiona Gordon
7861,Fiona Loewi
7862,Fiona O'Shaughnessy
7863,Fiona Rene
7864,Fiona Shaw
7865,Fionn O'Shea
7866,Fionn Whitehead
7867,Fionnula Flanagan
7868,Fisayo Akinade
7869,Fish Myrr
7870,Fish Narc
7871,Fisher Stevens
7872,Fiskan Makawa
7873,Fivel Stewart
7874,FKA Twigs
7875,Flaminia Fegarotti
7876,Flanagan John
7877,Flavio Bauraqui
7878,Flavio Parenti
7879,Flea
7880,Fletcher Humphrys
7881,Fleur Houdijk
7882,Flex Alexander
7883,Flonja Kodheli
7884,Flora Bulcao
7885,Flora Cross
7886,Flora Diaz
7887,Flora Easton
7888,Flora Montgomery
7889,Flora Thiemann
7890,Florence Clery
7891,Florence Henderson
7892,Florence Janas
7893,Florence Kasumba
7894,Florence Keith-Roach
7895,Florence Longpré
7896,Florence Mezzara
7897,Florence Patry-Jacques
7898,Florence Pernel
7899,Florence Pugh
7900,Florence Viala
7901,Florence Welch
7902,Florencio Urbano
7903,Florentín Groll
7904,Florian Beaujean
7905,Florian Br
7906,Florian Homm
7907,Florian Lukas
7908,Florian Munteanu
7909,Florian Stetter
7910,Floriane Daniel
7911,Florie Auclerc-Vialens
7912,Florin Piersic Jr.
7913,Florès Cardo
7914,Flula Borg
7915,Flynn McGarry
7916,Flávia Gusmão
7917,Forest Whitaker
7918,Forough Ghajabagli
7919,Forrest Bothwell
7920,Forrest Goodluck
7921,Fortune Feimster
7922,Fox Rich
7923,Foy Vance
7924,Fozzie
7925,Fra Fee
7926,Frally Fratelli
7927,Fran Bagenal
7928,Fran Brill
7929,Fran Drescher
7930,Fran Kelly
7931,Fran Kranz
7932,Fran Lebowitz
7933,Franc Violi
7934,Franca Abategiovanni
7935,Frances Barber
7936,Frances Baugh
7937,Frances Conroy
7938,Frances De La Tour
7939,Frances Eve
7940,Frances Fisher
7941,Frances Fox Piven
7942,Frances Lee McCain
7943,Frances Lozada
7944,Frances McDormand
7945,Frances O'Connor
7946,Frances Sholto-Douglas
7947,Francesc Daranas
7948,Francesca Annis
7949,Francesca Capaldi
7950,Francesca Fanti
7951,Francesca Faridany
7952,Francesca Hayward
7953,Francesca Inaudi
7954,Francesca Mula
7955,Francesca Noel
7956,Francesca Reale
7957,Francesca Root-Dodson
7958,Francesco Acquaroli
7959,Francesco Casisa
7960,Francesco Cassano
7961,Francesco Colella
7962,Francesco Di Napoli
7963,Francesco Gaudiello
7964,Francesco Giuffrida
7965,Francesco Italiano
7966,Francesco Pio Amato
7967,Francesco Siciliano
7968,Francheska Bardacke
7969,Francie Swift
7970,Francine Lobis
7971,Francine Locke
7972,Francine Prose
7973,Francis Capone
7974,Francis Chouler
7975,Francis Collins
7976,Francis Ford Coppola
7977,Francis Fukuyama
7978,Francis Guinan
7979,Francis Leplay
7980,Francis Lovehall
7981,Francis Magee
7982,Francis Ng
7983,Francis X. McCarthy
7984,Francisco Barreiro
7985,Francisco Brito
7986,Francisco Labbe
7987,Francisco Lopez
7988,Francisco Marquez
7989,Francisco Pedrasa
7990,Francisco Reyes
7991,Franciska Töröcsik
7992,Franck Lebreton
7993,Franck Sasonoff
7994,Frank Bello
7995,Frank Biondo
7996,Frank Blaichman
7997,Frank Borman
7998,Frank Bough
7999,Frank C. Turner
8000,Frank Caeti
8001,Frank Cannon
8002,Frank Christian Marx
8003,Frank Clem
8004,Frank Collison
8005,Frank Deal
8006,Frank Dillane
8007,Frank Drake
8008,Frank Finlay
8009,Frank Gallegos
8010,Frank Gingerich
8011,Frank Grillo
8012,Frank Hakaj
8013,Frank Harper
8014,Frank Harts
8015,Frank Hoyt Taylor
8016,Frank Hvam
8017,Frank Iero
8018,Frank Langella
8019,Frank Marshall
8020,Frank Modica
8021,Frank Mosley
8022,Frank O. Gehry
8023,Frank Oz
8024,Frank Pando
8025,Frank Qutuq Irelan
8026,Frank Rodriguez
8027,Frank Schorpion
8028,Frank Welker
8029,Frank Whaley
8030,Frank Zappa
8031,Franka Potente
8032,Frankie Adams
8033,Frankie Avalon
8034,Frankie Diaz
8035,Frankie Faison
8036,Frankie Fox
8037,Frankie Grande
8038,Frankie Muniz
8039,Frankie Shaw
8040,Frankie Smith
8041,Frankie Wilson
8042,Franklin Kameny
8043,Franky G
8044,Franky Martín
8045,Frans Tumbuan
8046,Frantz Louizia
8047,Frantz Turner
8048,Franz Rogowski
8049,Franz von der Grinten
8050,Franziska Brandmeier
8051,Franziska Grohmann
8052,Franziska Weisz
8053,François Arnaud
8054,François Baldassare
8055,François Berléand
8056,François Bégaudeau
8057,François Chattot
8058,François Civil
8059,François Cluzet
8060,François Damiens
8061,François Dunoyer
8062,François Godart
8063,François Guétary
8064,François Kasonga
8065,François Marthouret
8066,François Morel
8067,François Scarborough Clemmons
8068,François Wertheimer
8069,Françoise Lebrun
8070,Françoise Widhoff
8071,Fraser Aitcheson
8072,Fraser James
8073,Fred Armisen
8074,Fred Dalton Thompson
8075,Fred Gwynne
8076,Fred Haig
8077,Fred Hechinger
8078,Fred Melamed
8079,Fred Rogers
8080,Fred Savage
8081,Fred Tatasciore
8082,Fred Ulysse
8083,Fred Ward
8084,Fred Weller
8085,Fred Willard
8086,Fred Williamson
8087,Freda Kelly
8088,Freddie Bercovitz
8089,Freddie Fox
8090,Freddie Gaminara
8091,Freddie Highmore
8092,Freddie Prinze Jr.
8093,Freddie Stroma
8094,Freddy Drabble
8095,Freddy Rodríguez
8096,Fredella Calloway
8097,Frederick Lau
8098,Frederick Schmidt
8099,Frederick Weller
8100,Frederikke Dahl Hansen
8101,Fredric Lehne
8102,Fredrick Lukhere
8103,Fredy Yate
8104,Freedom
8105,Freeway Ricky Ross
8106,Freida Pinto
8107,French Stewart
8108,Freya Allan
8109,Freya Durkan
8110,Freya Perry
8111,Freya Stafford
8112,Freya Tingley
8113,Freya Yates
8114,Frida Cauchi
8115,Fridtjov Såheim
8116,Frieda Thiel
8117,Friederike Becht
8118,Friedrich Mücke
8119,Frietzen Kenter
8120,Friðrik Þór Friðriksson
8121,Fruzsina Pelik
8122,Frédéric Lebon
8123,Frédéric Meert
8124,Frédéric Pierrot
8125,Frédéric Schulz-Richard
8126,Fumihiko Tachiki
8127,Fumino Sugiyama
8128,Fumiyo Kohinata
8129,Fusako Urabe
8130,Fuse Odg
8131,Fyodor Urnov
8132,Fátima Antonelli
8133,Fátima Tec Pool
8134,Fèlix Pons
8135,Félix Arcarazo
8136,Félix Gómez
8137,Félix Kysyl
8138,Félix Lefebvre
8139,Félix Maritaud
8140,Félix Moati
8141,Féodor Atkine
8142,G-Rod
8143,G. Peter King
8144,Gabby Rose
8145,Gabby Velis
8146,Gabe Casdorph
8147,Gabe Fazio
8148,Gabe Gilmour
8149,Gabe Klinger
8150,Gabe Liedman
8151,Gabe Meacher
8152,Gabe Nevins
8153,Gabino Rodríguez
8154,Gabo Augustine
8155,Gabourey Sidibe
8156,Gabriel A. Byrne
8157,Gabriel Akuwudike
8158,Gabriel Andrews
8159,Gabriel Basso
8160,Gabriel Bateman
8161,Gabriel Byrne
8162,Gabriel Cañas
8163,Gabriel Chavarria
8164,Gabriel D'Almeida Freitas
8165,Gabriel D. Angell
8166,Gabriel Daniels
8167,Gabriel Ebert
8168,Gabriel Goity
8169,Gabriel Gundacker
8170,Gabriel Iglesias
8171,Gabriel Lara
8172,Gabriel Latorre
8173,Gabriel Luna
8174,Gabriel Macht
8175,Gabriel Mann
8176,Gabriel Mireté
8177,Gabriel Monroe Eckert
8178,Gabriel Montesi
8179,Gabriel Nicholson
8180,Gabriel Olds
8181,Gabriel Omri Loukas
8182,Gabriel Rush
8183,Gabriel Sky
8184,Gabriel Spahiu
8185,Gabriel Vega
8186,Gabriel Weinstein
8187,Gabriel Zucman
8188,Gabriela Camara
8189,Gabriela Cartol
8190,Gabriela de Luna
8191,Gabriela Flores
8192,Gabriela Lopez
8193,Gabriela Núñez
8194,Gabriela Quezada Bloomgarden
8195,Gabriela Saidon
8196,Gabriele Amorth
8197,Gabriele Arena
8198,Gabriele Tozzi
8199,Gabriella Cila
8200,Gabriella Garcia
8201,Gabriella Herrera
8202,Gabriella Hámori
8203,Gabriella Piazza
8204,Gabriella Wilde
8205,Gabriella Wright
8206,Gabrielle Bluestone
8207,Gabrielle Carteris
8208,Gabrielle Graham
8209,Gabrielle Reece
8210,Gabrielle Reid
8211,Gabrielle Rose
8212,Gabrielle Sanz
8213,Gabrielle Union
8214,Gabrielle Walsh
8215,Gaby Dohm
8216,Gaby French
8217,Gaby Hoffmann
8218,Gaby Orihuela
8219,Gad Elmaleh
8220,Gael García Bernal
8221,Gaelan Connell
8222,Gaetan Claudia
8223,Gaetano Bruno
8224,Gaetano Fernandez
8225,Gage Biltoft
8226,Gage Graham-Arbuthnot
8227,Gage Munroe
8228,Gage Naquin
8229,Gage Polchlopek
8230,Gaia Weiss
8231,Gail Bean
8232,Gail Bloyd
8233,Gail Cronauer
8234,Gail Ferguson
8235,Gail Gamble
8236,Gail Zappa
8237,Gaku Hamada
8238,Gal Amitai
8239,Gal Friedman
8240,Gal Gadot
8241,Gal Gonen
8242,Gala Gordon
8243,Galatéa Bellugi
8244,Galina Petrova
8245,Gamal Helal
8246,Gamba Cole
8247,Gameela Wright
8248,Gamelihle Bovana
8249,Gamze Ceylan
8250,Gana Bayarsaikhan
8251,Ganesh Munal
8252,Gang Chi
8253,Garcelle Beauvais
8254,Gard B. Eidsvold
8255,Gareth Keegan
8256,Gareth Pierce
8257,Garfield Wilson
8258,Gargi Shitole
8259,Garion Dowds
8260,Garland Hunter
8261,Garret Dillahunt
8262,Garrett Golden
8263,Garrett Hedlund
8264,Garrett Wareing
8265,Garrick Hagon
8266,Garrison Keillor
8267,Garry Marshall
8268,Garry Shandling
8269,Garth Breytenbach
8270,Garth Brooks
8271,Garth Jennings
8272,Gary A. Hecker
8273,Gary Anthony Stennette
8274,Gary Anthony Williams
8275,Gary Arzberger
8276,Gary Ayash
8277,Gary Basaraba
8278,Gary Baseman
8279,Gary Baxley
8280,Gary Beadle
8281,Gary Bradbury
8282,Gary Brookins
8283,Gary Carr
8284,Gary Catona
8285,Gary Chalk
8286,Gary Cole
8287,Gary Farmer
8288,Gary Finnerty
8289,Gary Grubbs
8290,Gary Houston
8291,Gary James McQueen
8292,Gary Lee Mahmoud
8293,Gary Lewis
8294,Gary Lincoff
8295,Gary Maitland
8296,Gary Oldman
8297,Gary Owen
8298,Gary Richardson
8299,Gary Sievers
8300,Gary Sinise
8301,Gary Stretch
8302,Gary Tanguay
8303,Gary Teague
8304,Gary Weeks
8305,Gary Werntz
8306,Gary Yavuz Perreau
8307,Gaspar Noé
8308,Gaspard Augé
8309,Gaspard Couder
8310,Gaspard Savini
8311,Gaspard Ulliel
8312,Gaston Lepage
8313,Gastón Pauls
8314,Gastón Salgado
8315,Gatis Gaga
8316,Gattlin Griffith
8317,Gauthier Battoue
8318,Gavin Drea
8319,Gavin Fox
8320,Gavin Lee
8321,Gavin Lewis
8322,Gavin MacIver-Wright
8323,Gavin Naquin
8324,Gavin O'Connor
8325,Gavin Root
8326,Gavin Rossdale
8327,Gavin White
8328,Gavin Wilde
8329,Gavrielle Anne Fontanilla
8330,Gay DeForest
8331,Gay Talese
8332,Gaya Von Schwarze
8333,Gayle Rankin
8334,Gaël Maleux
8335,Gaël Raes
8336,Gaëtan Amiel
8337,Gbemisola Ikumelo
8338,Gbenga Akinnagbe
8339,Gcina Mhlophe
8340,Ge Hu
8341,Gedde Watanabe
8342,Gedion Oduor Wekesa
8343,Geena Davis
8344,Geetanjali Kulkarni
8345,Geetanjali Thapa
8346,Gefen Barkai
8347,Gemma Arterton
8348,Gemma Brooke Allen
8349,Gemma Chan
8350,Gemma Forbes
8351,Gemma Jones
8352,Gemma McElhinney
8353,Gemma Ward
8354,Gemma Whelan
8355,Gemma-Leah Devereux
8356,Gen Hoshino
8357,Gena Rowlands
8358,Gene Baur
8359,Gene Gabriel
8360,Gene Hackman
8361,Gene Jones
8362,Gene Siskel
8363,Genesis P-Orridge
8364,Geneva Carr
8365,Genevieve Angelson
8366,Genevieve Desjardins
8367,Genevieve Gaunt
8368,Genevieve Kang
8369,Genevieve Nnaji
8370,Genevieve O'Reilly
8371,Geneviève Bujold
8372,Geneviève Lemon
8373,Geneviève Schmidt
8374,Gengoroh Tagame
8375,Genie Kim
8376,Genio de Groot
8377,Genndy Tartakovsky
8378,Geno Segers
8379,Genoel Ramírez
8380,Geoff Bell
8381,Geoff Dyer
8382,Geoff Pierson
8383,Geoff Schuppert
8384,Geoff Stults
8385,Geoffrey Arend
8386,Geoffrey Cantor
8387,Geoffrey Cocks
8388,Geoffrey Giuliano
8389,Geoffrey Owens
8390,Geoffrey Rush
8391,Georg Friedrich
8392,Georg Jagunov
8393,George A. Papandreou
8394,George Anton
8395,George Asprey
8396,George Babluani
8397,George Basil
8398,George Bush
8399,George Buza
8400,George Carlin
8401,George Chakiris
8402,George Church
8403,George Clinton
8404,George Clooney
8405,George Condo
8406,George Daileda
8407,George Daley
8408,George Devine
8409,George Faison
8410,George Georgiou
8411,George Griffith
8412,George Harrison
8413,George Holden
8414,George Ketsios
8415,George Lenz
8416,George Lopez
8417,George Low
8418,George MacKay
8419,George Maguire
8420,George Mason
8421,George Murdoch
8422,George Phillips
8423,George Pistereanu
8424,George Plimpton
8425,George Psarras
8426,George R. Robertson
8427,George Sample III
8428,George Shapiro
8429,George Shevtsov
8430,George Shultz
8431,George Somner
8432,George Takei
8433,George Tchortov
8434,George Todd McLachlan
8435,George Turner
8436,George W. Bush
8437,George Wallace
8438,George Wendt
8439,George Young
8440,Georges Cardona
8441,Georges Claisse
8442,Georges Corraface
8443,Georges de Beauregard
8444,Georges Fatna
8445,Georgi Malenkov
8446,Georgi Naldzhiev
8447,Georgia Holland
8448,Georgia King
8449,Georgia Lyman
8450,Georgia Rock
8451,Georgiana Enache
8452,Georgie Carter
8453,Georgie Flores
8454,Georgie Glen
8455,Georgie Henley
8456,Georgina Adam
8457,Georgina Bevan
8458,Georgina Reilly
8459,Georgina Symes
8460,Georgiy Deliev
8461,Ger Duany
8462,Gera Sandler
8463,Gerald 'Slink' John
8464,Gerald Espinoza
8465,Gerald Foos
8466,Gerald Isaac Waters
8467,Gerald Lepkowski
8468,Gerald W. Jones
8469,Geraldine Chaplin
8470,Geraldine Hughes
8471,Geraldine James
8472,Geraldine McAlinden
8473,Geraldine Singer
8474,Geraldine Somerville
8475,Geraldine Viswanathan
8476,Gerard Butler
8477,Gerard Catus
8478,Gerard Horan
8479,Gerdy Zint
8480,Gerhard Liebmann
8481,Gerhard Richter
8482,German Santiago
8483,Germano Haiut
8484,Germar Terrell Gardner
8485,Germán Jaramillo
8486,Germán Palacios
8487,Gero Camilo
8488,Gerran Howell
8489,Gerry
8490,Gerry Adams
8491,Gerry Griffin
8492,Gershwyn Eustache Jnr
8493,Gerti Drassl
8494,Gerti Lehner
8495,Gery De Poorter
8496,Gethin Anthony
8497,Ghanem Zrelli
8498,Ghaya Oliveira
8499,Ghida Majzoub
8500,Ghita Nørby
8501,Ghostemane
8502,Gia Carides
8503,Gia Mantegna
8504,Gia Mora
8505,Gia Sandhu
8506,Giacomo Baessato
8507,Giacomo Gianniotti
8508,Giada Colagrande
8509,Gian Keys
8510,Gian Marco Tavani
8511,Giancarlo Esposito
8512,Giancarlo Giannini
8513,Giancarlo Porcacchia
8514,Gianfelice Imparato
8515,Gianfranco Gallo
8516,Gianinna Maradona
8517,Gianluca Gobbi
8518,Gianna Fiore
8519,Gianna Jean
8520,Gianna Jun
8521,Gianna Simone
8522,Gianni Calchetti
8523,Gianni Di Gregorio
8524,Gianni Minà
8525,Gianni Paolo
8526,Giannina Fruttero
8527,Giannis Drakopoulos
8528,Gianny Taufer
8529,Gianpiero Giglioni
8530,Gibson Frazier
8531,Gibson John
8532,Gica Enache
8533,Gideon Adlon
8534,Gideon Glick
8535,Gideon Levy
8536,Gigel Enache
8537,Gigette Reyes
8538,GiGi Erneta
8539,Gigi Proietti
8540,Gigi Saul Guerrero
8541,Gijs Scholten van Aschat
8542,Gil Bellows
8543,Gil Birmingham
8544,Gil Ozeri
8545,Gil Perez-Abraham
8546,Gilat Ankori
8547,Gilbert Bonneau
8548,Gilbert Glenn Brown
8549,Gilbert Gottfried
8550,Gilbert Melki
8551,Gilbert Owuor
8552,Gilberto Arenas
8553,Gilberto Jimenez
8554,Gilda Nomacce
8555,Gilda Radner
8556,Giles Matthey
8557,Gill Phillips
8558,Gilles Lellouche
8559,Gilles Marini
8560,Gilles Privat
8561,Gilles Vandeweerd
8562,Gillian Anderson
8563,Gillian Armstrong
8564,Gillian Jacobs
8565,Gillian Jones
8566,Gillian Mariner Gordon
8567,Gillian Tett
8568,Gillian Vigman
8569,Gillray Coutinho
8570,Gilly Gilchrist
8571,Gina Carano
8572,Gina Costigan
8573,Gina D. Brewer
8574,Gina Gallego
8575,Gina Gershon
8576,Gina Jun
8577,Gina La Piana
8578,Gina McKee
8579,Gina Montana
8580,Gina Philips
8581,Gina Rodriguez
8582,Gina Schock
8583,Gina Torres
8584,Gina Yashere
8585,Ginette Reno
8586,Ginger Baker
8587,Ginger Gilmartin
8588,Ginger Gonzaga
8589,Ginger T. Rex
8590,Ginifer Ree
8591,Ginite Popote
8592,Ginnifer Goodwin
8593,Ginny Gardner
8594,Ginny MacColl
8595,Gino Cafarelli
8596,Gino D'Acampo
8597,Gino Vento
8598,Gintare Beinoraviciute
8599,Gio Black Peter
8600,Gio Galicia
8601,Gioia Libardoni
8602,Giorgi Aladashvili
8603,Giorgi Ambroladze
8604,Giorgi Bochorishvili
8605,Giorgi Gio Tabidze
8606,Giorgi Khurtsilava
8607,Giorgi Nakashidze
8608,Giorgi Tsereteli
8609,Giorgia Meloni
8610,Giorgia Whigham
8611,Giorgio Careccia
8612,Giorgio Chinaglia
8613,Giorgio Colangeli
8614,Giorgio Moroder
8615,Giorgio Rayzacher
8616,Giorgos Karamihos
8617,Giorgos Pyrpassopoulos
8618,Giorgos Valais
8619,Giovanna Mezzogiorno
8620,Giovanni Calcagno
8621,Giovanni Esposito
8622,Giovanni Marino
8623,Giovanni Ribisi
8624,Giovannie Cruz
8625,Gisela Chipe
8626,Gisele Bündchen
8627,Gisella Colindres
8628,Giselle Cullinane
8629,Giselle Da Silva
8630,Giselle Palmer
8631,Gissette Valentin
8632,Gisèle Aouad
8633,Gitte Witt
8634,Giulia Doherty
8635,Giuliana Furci
8636,Giulietta Masina
8637,Giulietta Rebeggiani
8638,Giulio Berruti
8639,Giuseppe Ardizzone
8640,Giuseppe Bonifati
8641,Giuseppe Boy
8642,Giuseppe Sulfaro
8643,Giuseppina Cervizzi
8644,Gjertrud L. Jynge
8645,Gladys Mathon
8646,Glen Blackhall
8647,Glen Campbell
8648,Glen Graham
8649,Glen Hansard
8650,Glen Keane
8651,Glen Powell
8652,Glenda Braganza
8653,Glenda Jackson
8654,Glenn Beck
8655,Glenn Close
8656,Glenn Fleshler
8657,Glenn Greenwald
8658,Glenn Hazeldine
8659,Glenn Howerton
8660,Glenn Jacobs
8661,Glenn Kubota
8662,Glenn Morrison
8663,Glenn Morshower
8664,Glenn Stott
8665,Glenn Webster
8666,Glenne Headly
8667,Gloria Cramer Curtis
8668,Gloria Endres de Oliveira
8669,Gloria Estefan
8670,Gloria Huwiler
8671,Gloria Obianyo
8672,Gloria Ormandlaky
8673,Gloria Reuben
8674,Gloria Sandoval
8675,Gloria Steinem
8676,Glyn Johns
8677,Glynis Davies
8678,Glynn Turman
8679,Glynnis O'Connor
8680,Gláucia Vandeveld
8681,Glória Pires
8682,Godehard Giese
8683,Godeliv Van den Brandt
8684,Goh Nakamura
8685,Golab Adineh
8686,Golbarg Khavari
8687,Golda Rosheuvel
8688,Golden Brooks
8689,Goldie Hawn
8690,Golshifteh Farahani
8691,Gonzalo Menendez
8692,Goran Kostic
8693,Goran Navojec
8694,Goran Visnjic
8695,Gord Rand
8696,Gordon Alexander
8697,Gordon Brown
8698,Gordon Ip
8699,Gordon Pinsent
8700,Gore Vidal
8701,Gorô Inagaki
8702,Gorô Kishitani
8703,Gorô Naya
8704,Gotaro Tsunashima
8705,Gotham Chopra
8706,Gottfried Breitfuss
8707,Gourav Shah
8708,Goven Cheishvili
8709,Grace Ayariga
8710,Grace Capeless
8711,Grace Chilton
8712,Grace Dane Mazur
8713,Grace Delrue
8714,Grace Dunham
8715,Grace Englert
8716,Grace Farrell
8717,Grace Feeney
8718,Grace Fincham
8719,Grace Fulton
8720,Grace Gummer
8721,Grace Hogg-Robinson
8722,Grace Jones
8723,Grace Kaiser
8724,Grace Kaufman
8725,Grace Molony
8726,Grace Palmer
8727,Grace Park
8728,Grace Rex
8729,Grace Van Dien
8730,Grace Van Patten
8731,Grace VanderWaal
8732,Grace Wan
8733,Grace Yee
8734,Grace Zabriskie
8735,Gracen Newton
8736,Gracie Dzienny
8737,Gracie Lawrence
8738,Graciela Borges
8739,Gracyn Shinyei
8740,Graeme Duffy
8741,Graeme Hawley
8742,Graeme Thomas King
8743,Graham Beckel
8744,Graham Charles
8745,Graham Greene
8746,Graham McTavish
8747,Graham Nash
8748,Graham Norton
8749,Graham Phillips
8750,Graham Verchere
8751,Graham Wolfe
8752,Gralen Bryant Banks
8753,Grant Achatz
8754,Grant Bowler
8755,Grant Cramer
8756,Grant Gustin
8757,Grant Harvey
8758,Grant Piro
8759,Grant Rosenmeyer
8760,Grant Swanby
8761,Grantham Coleman
8762,Gray Wolf Herrera
8763,Graydon Carter
8764,Grayson Berry
8765,Grayson Russell
8766,Gredivel Vasquez
8767,Greer Fawcett
8768,Greg Ainsworth
8769,Greg Barber
8770,Greg Bryk
8771,Greg Canestrari
8772,Greg Cipes
8773,Greg Crowe
8774,Greg Davies
8775,Greg Grunberg
8776,Greg Henson
8777,Greg Hill
8778,Greg Hovanessian
8779,Greg Kinnear
8780,Greg Lawson
8781,Greg Lucey
8782,Greg Malone
8783,Greg Poehler
8784,Greg SmithAldridge
8785,Greg Watanabe
8786,Greg Wise
8787,Gregg Allman
8788,Gregg Godfrey
8789,Gregor Firth
8790,Gregor Fisher
8791,Gregor Selkirk
8792,Gregory Alan Williams
8793,Gregory Brady
8794,Gregory Bromfield
8795,Gregory Diaz IV
8796,Gregory Falatek
8797,Gregory Hines
8798,Gregory Hobson
8799,Gregory Kelly
8800,Gregory Korostishevsky
8801,Gregory Peyton
8802,Gregory Smith
8803,Gregory Steven Soliz
8804,Gregory Zaragoza
8805,Gregório Duvivier
8806,Greice Santo
8807,Greider Meza
8808,Greta Gerwig
8809,Greta Lee
8810,Greta Oglesby
8811,Greta Quispe
8812,Greta Scacchi
8813,Greta Sophie Schmidt
8814,Greta Thunberg
8815,Greta Trusina
8816,Gretchen Corbett
8817,Gretchen Lodge
8818,Gretchen Mol
8819,Grete Gehrke
8820,Grethe Eltervåg
8821,Grey Damon
8822,Grey DeLisle
8823,Grey Henson
8824,Greymer Acosta
8825,Griff Furst
8826,Griffin Dunne
8827,Griffin Gluck
8828,Griffin Hood
8829,Griffin Murray-Johnston
8830,Griffin Newman
8831,Griffin Robert Faulkner
8832,Grigoriy Fesenko
8833,Grigory Rodchenkov
8834,Griogair Labhruidh
8835,Grit Uhlemann
8836,Grover Coulson
8837,Grégoire Bonnet
8838,Grégoire Colin
8839,Grégoire Leprince-Ringuet
8840,Grégoire Ludig
8841,Grégori Derangère
8842,Grégory Gadebois
8843,Gríma Valsdóttir
8844,Guajirito Mirabal
8845,Guang Lan Koh
8846,Guangjie Li
8847,Guanlin Ji
8848,Gugu Mbatha-Raw
8849,Gugun Deep Singh
8850,Gui DaSilva-Greene
8851,Guido Adorni
8852,Guilaine Londez
8853,Guilied Lopez
8854,Guillaume Bouchède
8855,Guillaume Canet
8856,Guillaume Delvingt
8857,Guillaume Depardieu
8858,Guillaume Gallienne
8859,Guillaume Gouix
8860,Guillaume Kerbusch
8861,Guillaume Sentou
8862,Guillaume Verdier
8863,Guillermina Sorribes Liotta
8864,Guillermo Arévalo
8865,Guillermo Bedward
8866,Guillermo del Toro
8867,Guillermo Pfening
8868,Guillermo Toledo
8869,Gumuliauskas Vaclovas
8870,Gunnar Bersi Björnsson
8871,Gunnar Eyjólfsson
8872,Gunnar Þor Karlsson
8873,Gunnel Fred
8874,Gunnel Lindblom
8875,Gunner Wright
8876,Guo Pei
8877,Gur Ya'ari
8878,Guray Nalbant
8879,Gurf Morlix
8880,Gurgon Kyap
8881,Gurlaine Kaur Garcha
8882,Gurnita Kaur Kahlon
8883,Gursed Dalkhsuren
8884,Gus Birney
8885,Gus Halper
8886,Gus Kenworthy
8887,Gus Murray
8888,Gus Van Sant
8889,Gustaf Gründgens
8890,Gustaf Hammarsten
8891,Gustaf Skarsgård
8892,Gustav Lindh
8893,Gustav-Peter Wöhler
8894,Gustavo Angarita
8895,Gustavo Dudamel
8896,Gustavo Gomez
8897,Gustavo Quiroz
8898,Gustavo Sánchez Parra
8899,Guy A. Fortt
8900,Guy Boyd
8901,Guy Burnet
8902,Guy Consolmagno
8903,Guy Delamarche
8904,Guy Nadon
8905,Guy Pearce
8906,Guy Rhys
8907,Guylène Péan
8908,Guz Khan
8909,Gwen Elizabeth Duchon
8910,Gwen Stefani
8911,Gwen Verdon
8912,Gwendoline Christie
8913,Gwendolyn Mulamba
8914,Gwi-hwa Choi
8915,Gwilym Lee
8916,Gwyneth Paltrow
8917,Gwynne McElveen
8918,Gyo-hwan Koo
8919,Gyöngyvér Bognár
8920,György Cserhalmi
8921,Gábor Czap
8922,Gábor Nagypál
8923,Génesis Rodríguez
8924,Géraldine Pailhas
8925,Géraldine Schitter
8926,Gérard Depardieu
8927,Gérard Dessalles
8928,Gérard Jugnot
8929,Géza Morcsányi
8930,Géza Röhrig
8931,Gô Rijû
8932,Göksun Çam
8933,Göran Björkdahl
8934,H
8935,H. Jon Benjamin
8936,H.B. Ward
8937,H.R. Giger
8938,Ha-kyun Shin
8939,Haaz Sleiman
8940,Habtunu Africho
8941,Hadas Yaron
8942,Hadewych Minis
8943,Hadley Belle Miller
8944,Hadley Robinson
8945,Hadrian Howard
8946,Hae-hyo Kwon
8947,Hae-il Park
8948,Hae-suk Kim
8949,Hafdís Helga Helgadóttir
8950,Hafiz Højmark
8951,Hai Hung Dinh
8952,Hai Tao
8953,Hai Yu
8954,Hailee Steinfeld
8955,Hailey Baldwin
8956,Hailey Giles
8957,Hailey Hermida
8958,Hailey Kilgore
8959,Hailey Kittle
8960,Hailu Qin
8961,Haita 'Cedra' Izzam
8962,Haitao Shi
8963,Haitao Zeng
8964,Hajime Inoue
8965,Hakeem Kae-Kazim
8966,Hakim Faris
8967,Hakim Taleb
8968,Hal Ashby
8969,Hal Holbrook
8970,Hal Landon Jr.
8971,Hal Riney
8972,Hala Finley
8973,Halalisani Bradley Cebekhulu
8974,Hale Lytle
8975,Halem Joseph
8976,Haley Bennett
8977,Haley Bishop
8978,Haley Bodell
8979,Haley Flanagan
8980,Haley Joel Osment
8981,Haley Lu Richardson
8982,Haley Mlotek
8983,Haley Murphy
8984,Haley Ramm
8985,Haley Reinhart
8986,Haley Talbot
8987,Haley Tju
8988,Hali Everette
8989,Halldór Halldórsson
8990,Halldóra Geirharðsdóttir
8991,Halle Bailey
8992,Halle Berry
8993,Halle Chambers
8994,Hallie Kate Eisenberg
8995,Halsey
8996,Halston Sage
8997,Halszka Kuza
8998,Haluk Bilginer
8999,Halvor Sandnes
9000,Hamilton Morris
9001,Hamish Bowles
9002,Hamish Linklater
9003,Hammed Animashaun
9004,Hamoud
9005,Hampton Fancher
9006,Hampus Nordenson
9007,Hamza Al-Khateab
9008,Hamza Haq
9009,Hamza Meziani
9010,Han Chen
9011,Han Han
9012,Han Lu
9013,Han Soto
9014,Han Wen
9015,Hana Colley
9016,Hana Hayes
9017,Hana Mae Lee
9018,Hana Rahimzadeh
9019,Hana Sofia Lopes
9020,Hana Sugisaki
9021,Hanako Footman
9022,Hanan Ashrawi
9023,Hanan Hillo
9024,Hanan Youssef
9025,Hang Tran
9026,Hani Adel
9027,Hani Furstenberg
9028,Hania Amar
9029,Hank Azaria
9030,Hank Harris
9031,Hank Strong
9032,Hanna Alström
9033,Hanna Balicki
9034,Hanna Hilsdorf
9035,Hanna Hofmann
9036,Hanna Marton
9037,Hanna Schygulla
9038,Hanna Sleszynska
9039,Hannah Al Rashid
9040,Hannah Alligood
9041,Hannah Altman
9042,Hannah Ashby Ward
9043,Hannah Bailey
9044,Hannah Banks
9045,Hannah Barefoot
9046,Hannah Behan
9047,Hannah Black
9048,Hannah Bos
9049,Hannah Cabell
9050,Hannah Chaney
9051,Hannah Drew
9052,Hannah Emily Anderson
9053,Hannah Fierman
9054,Hannah Gordon
9055,Hannah Gross
9056,Hannah Herzsprung
9057,Hannah Hughes
9058,Hannah John-Kamen
9059,Hannah Joy Brown
9060,Hannah Marks
9061,Hannah Mitchell
9062,Hannah Murray
9063,Hannah Nordberg
9064,Hannah Pearl Utt
9065,Hannah Quinlivan
9066,Hannah R. Loyd
9067,Hannah Rae
9068,Hannah Russell
9069,Hannah Simone
9070,Hannah Spearritt
9071,Hannah Steele
9072,Hannah Stocking
9073,Hannah Teter
9074,Hannah Tointon
9075,Hannah Walters
9076,Hannah Westerfield
9077,Hannamaija Nikander
9078,Hanneke Talbot
9079,Hannelore Elsner
9080,Hannelore Ohlendorf
9081,Hannes Grassegger
9082,Hannibal Buress
9083,Hannu Kivioja
9084,Hans Albers
9085,Hans Brorson
9086,Hans Christopher
9087,Hans Corell
9088,Hans Husum
9089,Hans Löw
9090,Hans Marrero
9091,Hans Matheson
9092,Hans Olav Brenner
9093,Hans Zimmer
9094,Hans-Jochen Wagner
9095,Hans-Uwe Bauer
9096,Hanssel Casillas
9097,Hanyu Zhang
9098,Hao Ou
9099,Haoyu Yang
9100,Happy Anderson
9101,Harald Warmbrunn
9102,Haraldur Stefansson
9103,Hari Nef
9104,Hari Sama
9105,Harish Khanna
9106,Harish Patel
9107,Hark Bohm
9108,Hark-On Fung
9109,Harland Williams
9110,Harley Bird
9111,Harley Feinstein
9112,Harley Quinn Smith
9113,Harlys Becerra
9114,Harmony Korine
9115,Harold Cook
9116,Harold Hunter
9117,Harold Perrineau
9118,Harold Prince
9119,Harold Ramis
9120,Harper Perry
9121,Harriet Dyer
9122,Harriet Ghost
9123,Harriet Leitch
9124,Harriet Owen
9125,Harriet Turnbull
9126,Harriet Walter
9127,Harris Dickinson
9128,Harris Doran
9129,Harrison Arevalo
9130,Harrison Ford
9131,Harrison Gilbertson
9132,Harrison Holzer
9133,Harrison Houde
9134,Harrison Nell
9135,Harrison Osterfield
9136,Harrison Sheehan
9137,Harrison Stone
9138,Harry Albacker
9139,Harry Belafonte
9140,Harry Benson
9141,Harry Burdick
9142,Harry Collett
9143,Harry Connick Jr.
9144,Harry Dean Stanton
9145,Harry Dej
9146,Harry Ditson
9147,Harry Edwards
9148,Harry Enfield
9149,Harry Gilby
9150,Harry Greenwood
9151,Harry Groener
9152,Harry Gulkin
9153,Harry Hadden-Paton
9154,Harry Hepple
9155,Harry Lennix
9156,Harry Lister Smith
9157,Harry Lloyd
9158,Harry Maldonado
9159,Harry Melling
9160,Harry Michell
9161,Harry P. Castros
9162,Harry Shearer
9163,Harry Shum Jr.
9164,Harry Siegel
9165,Harry Styles
9166,Harry Treadaway
9167,Harry van Rijthoven
9168,Harry Zinn
9169,Harshit Dang
9170,Harshit Mahawar
9171,Haru Kuroki
9172,Haruhiko Katô
9173,Haruka Abe
9174,Haruka Ayase
9175,Haruka Imô
9176,Harumi Shuhama
9177,Harvey B. Jackson
9178,Harvey Friedman
9179,Harvey Guillen
9180,Harvey Keitel
9181,Harvey Pekar
9182,Harvey Scrimshaw
9183,Harvey Walker
9184,Hasan Dixon
9185,Hasan Minhaj
9186,Hasiba
9187,Haskiri Velazquez
9188,Hassam Ghancy
9189,Hassan
9190,Hassan Ali
9191,Hassan Fazili
9192,Hassan Mutlag Al-Maraiyeh
9193,Hassan Nebhan
9194,Hassan Tantai
9195,Hassel Kromer
9196,Hassie Harrison
9197,Hassim Mohamed Saleh
9198,Hatice Cengiz
9199,Hatidze Muratova
9200,Hatim Sadiki
9201,Hattie
9202,Hattie Gotobed
9203,Hattie Morahan
9204,Hau'oli Carr
9205,Hauke Bahr
9206,Haven Rockwell O'Sullivan
9207,Hawley Penfold
9208,Hawn Tran
9209,Hayao Miyazaki
9210,Hayato Ichihara
9211,Haydar Salishz
9212,Hayden Christensen
9213,Hayden Panettiere
9214,Hayden Szeto
9215,Hayder Helo
9216,Haydn Gwynne
9217,Hayes Hargrove
9218,Hayes MacArthur
9219,Hayes Mercure
9220,Hayley Atwell
9221,Hayley Carmichael
9222,Hayley Griffith
9223,Hayley Kiyoko
9224,Hayley Law
9225,Hayley McElhinney
9226,Hayley McFarland
9227,Hayley Orrantia
9228,Hayley Sales
9229,Hayley Saywell
9230,Hayley Squires
9231,Haylie Duff
9232,Haymon Maria Buttinger
9233,Hays Wellford
9234,Hazar Ergüçlü
9235,Haze Reweti
9236,Hazel Doupe
9237,Hazel Sandery
9238,Heath Hensley
9239,Heath Ledger
9240,Heath McGough
9241,Heath Young
9242,Heather Alexander
9243,Heather Allison
9244,Heather Berlin
9245,Heather Burns
9246,Heather Conley
9247,Heather Decksheimer
9248,Heather Graham
9249,Heather Headley
9250,Heather Johansen
9251,Heather Juergensen
9252,Heather Lind
9253,Heather Locklear
9254,Heather Marie Pate
9255,Heather Matarazzo
9256,Heather Mazur
9257,Heather McMahan
9258,Heather Morris
9259,Heather Simms
9260,Heather Sossaman
9261,Hector Capetillo
9262,Hector Elizondo
9263,Hedayat Matin Daftari
9264,Hedye Tehrani
9265,Heidi Gardner
9266,Heidi Garrow
9267,Heidi Lewandowski
9268,Heidi Moneymaker
9269,Heidi Schreck
9270,Heidi Sulzman
9271,Heidi von Palleske
9272,Heikki Nousiainen
9273,Heino Ferch
9274,Heino Kalm
9275,Heinz Rühmann
9276,Heinz Strunk
9277,Helen Abell
9278,Helen Beyene
9279,Helen Celia Castro-Wood
9280,Helen Coxe
9281,Helen Hunt
9282,Helen Johns
9283,Helen McCrory
9284,Helen Mirren
9285,Helen Singer Kaplan
9286,Helena Albergaria
9287,Helena Antonio
9288,Helena Bereen
9289,Helena Bonham Carter
9290,Helena Browne
9291,Helena Christensen
9292,Helena Fernán-Gómez
9293,Helena Holmes
9294,Helena Howard
9295,Helena Sujecka
9296,Helena Zengel
9297,Helene Bergsholm
9298,Helene Reingaard Neumann
9299,Helga Braga Jónsdóttir
9300,Heli Twito
9301,Helle Goldman
9302,Hellek Sandnes
9303,Helly Chester
9304,Helmut Berger
9305,Helmut Newton
9306,Hemky Madera
9307,Hend Ayoub
9308,Hendrik Arnst
9309,Hendrik Toompere Sr.
9310,Heng Dara
9311,Henning Peker
9312,Henri Garcin
9313,Henri-Noël Tabary
9314,Henriette Confurius
9315,Henriette Richter-R
9316,Henriette Steenstrup
9317,Henrik Lundström
9318,Henrik Norlén
9319,Henrik Rafaelsen
9320,Henry Andrawes
9321,Henry Ayres-Brown
9322,Henry B.J. Phiri
9323,Henry Cavill
9324,Henry Czerny
9325,Henry Darger
9326,Henry Diltz
9327,Henry Dlitz
9328,Henry Fonda
9329,Henry G. Sanders
9330,Henry Gagliardi
9331,Henry Garrett
9332,Henry Golding
9333,Henry Goodman
9334,Henry Grant
9335,Henry Hopper
9336,Henry Hunter Hall
9337,Henry Hübchen
9338,Henry Ian Cusick
9339,Henry Jaglom
9340,Henry Jenkins
9341,Henry Lau
9342,Henry Nixon
9343,Henry Pokorski
9344,Henry Rollins
9345,Henry Silva
9346,Henry Stram
9347,Henry Thomas
9348,Henry Winkler
9349,Henry Zaga
9350,Hera Hilmar
9351,Herbert Knaup
9352,Herbert Permillion
9353,Herbert Siguenza
9354,Herbie Hancock
9355,Herizen F. Guardiola
9356,Herlin Navarro
9357,Herman 'Caheei McGloun
9358,Hermann Göring
9359,Hermann Mueller
9360,Hermione Corfield
9361,Hero Fiennes-Tiffin
9362,Hero Hunter
9363,Herold Noel
9364,Hershy Fishman
9365,Hervé Chandès
9366,Hervé Pierre
9367,Hervé Sogne
9368,Hestingzi Phiri
9369,Hettienne Park
9370,Heureuse Charles
9371,Hewei Yu
9372,Hiam Abbass
9373,Hiba Abed
9374,Hicham Sebiai
9375,Hichem Mesbah
9376,Hichem Yacoubi
9377,Hideaki Ito
9378,Hidetaka Yoshioka
9379,Hidetoshi Nishijima
9380,Hie-bong Byeon
9381,Hiei Kimura
9382,Hiiro Ishibashi
9383,Hikari Mitsushima
9384,Hila Feldman
9385,Hilary Agostini
9386,Hilary Ashford-Ng
9387,Hilary Duff
9388,Hilary Reeves
9389,Hilary Swank
9390,Hilda Fay
9391,Hildegard Schroedter
9392,Hilding Björkdahl
9393,Hill Harper
9394,Hilla Sarjon
9395,Hillary Anne Matthews
9396,Hillary Baack
9397,Hillary Rodham Clinton
9398,Hille Perl
9399,Hilmir Snær Guðnason
9400,Hilton Als
9401,Hilton McRae
9402,Himesh Patel
9403,Hing-Yin Kam
9404,Hippolyte Girardot
9405,Hiram A. Murray
9406,Hiram Keller
9407,Hiro Kanagawa
9408,Hiro Shimono
9409,Hiroaki Hirata
9410,Hiroki Hasegawa
9411,Hiroko Hayata
9412,Hiroko Nakajima
9413,Hiromi Nagasaku
9414,Hirona Yamazaki
9415,Hiroshi Abe
9416,Hiroshi Hasegawa
9417,Hiroshi Ichihara
9418,Hiroshi Ishiguro
9419,Hiroshi Kamiya
9420,Hiroshi Kasuga
9421,Hiroshi Morie
9422,Hirotaka Renge
9423,Hiroyuki Ikeuchi
9424,Hiroyuki Sanada
9425,Hiroyuki Yoshino
9426,Hisako Ôkata
9427,Hisato Masuyama
9428,Hisham Tawfiq
9429,Hitomi Satô
9430,Hiu Yee Wong
9431,Ho Nhi
9432,Ho Sung Pak
9433,Ho-jung Kim
9434,Holden Bernstein
9435,Holden Goyette
9436,Holger Andersson
9437,Holger Moncada Jr.
9438,Holland Roden
9439,Holland Taylor
9440,Holliday Grainger
9441,Hollie Burgess
9442,Hollie Harris
9443,Holly Aird
9444,Holly Earl
9445,Holly Goldsworthy
9446,Holly Hunter
9447,Holly Jones
9448,Holly Overton
9449,HolLynn D'Lil
9450,Holt McCallany
9451,Homero Lopez
9452,Honey Holmes
9453,Hong Chau
9454,Hong Chen
9455,Hong Lin
9456,Hong Lu
9457,Hong Zhu
9458,Hong-Chi Lee
9459,Hongchen Li
9460,Honglei Sun
9461,Hongshen Jia
9462,Hongwei Wang
9463,Hongyu Zeng
9464,Honoka Matsumoto
9465,Honor Kneafsey
9466,Honor Swinton-Byrne
9467,Hope Banks
9468,Hope Davis
9469,Hope Olaide Wilson
9470,Hopper Penn
9471,Horacio Garcia Rojas
9472,Horatio Sanz
9473,Horm Chhora
9474,Horse Head
9475,Horst Krause
9476,Horst von Wächter
9477,Hosny Sheta
9478,Hossein Abedini
9479,Houman Hoursan
9480,Howard Ashman
9481,Howard Baldwin
9482,Howard Ferguson Jr.
9483,Howard Gibbons
9484,Howard Kaylan
9485,Howard Shore
9486,Howard Zinn
9487,Howie Loh
9488,Howie Mandel
9489,Hrant Alianak
9490,Hrothgar Mathews
9491,Hsiao-hsien Hou
9492,Hsiao-Yuan Ha
9493,Hsin-i Chang
9494,Hua Yu
9495,Huang Lu
9496,Hubert Proulx
9497,Huck Milner
9498,Hudson Gerb
9499,Hudson Meek
9500,Huey Lewis
9501,Hugh Bonneville
9502,Hugh Dancy
9503,Hugh Dillon
9504,Hugh Grant
9505,Hugh Jackman
9506,Hugh Laurie
9507,Hugh M. Hefner
9508,Hugh O'Conor
9509,Hugh Romney
9510,Hugh Skinner
9511,Hugh Thompson
9512,Hugo Armstrong
9513,Hugo Ateo
9514,Hugo Conzelmann
9515,Hugo Cruz
9516,Hugo Lavoie
9517,Hugo Santos Silva
9518,Hugo Weaving
9519,Huifang Duan
9520,Huike Zhang
9521,Huiwen Zhang
9522,Hulk Hogan
9523,Huma Qureshi
9524,Humberly González
9525,Hunter Burke
9526,Hunter C. Smith
9527,Hunter Cope
9528,Hunter Dillon
9529,Hunter Foster
9530,Hunter Hill
9531,Hunter King
9532,Hunter Parrish
9533,Hunter S. Thompson
9534,Hunter Tremayne
9535,Husam Chadat
9536,Hussain Manawer
9537,Hussam
9538,Hussein Salameh Al-Sweilhiyeen
9539,Hussein Sam
9540,Hussina Raja
9541,Huw Parmenter
9542,Hyae Jin Chang
9543,Hye Yun Park
9544,Hye-ja Kim
9545,Hye-jeong Kang
9546,Hye-jin Jang
9547,Hye-jin Yu
9548,Hye-kyo Song
9549,Hye-ra Ban
9550,Hynden Walch
9551,Hyo-hee Dong
9552,Hyo-jeong Lee
9553,Hyuk-kwon Park
9554,Hyun Seung-min
9555,Hyunri
9556,Håkon T. Nielsen
9557,Héctor Alterio
9558,Héctor Medina
9559,Hélène Cardona
9560,Hélène de Fougerolles
9561,Hélène Vincent
9562,Ia Shugliashvili
9563,Ia Sukhitashvili
9564,Iah Bearden-Vrai
9565,Iain Armitage
9566,Iain Bruce
9567,Iain De Caestecker
9568,Iain Glen
9569,Ian Alexander
9570,Ian Anthony Dale
9571,Ian Beattie
9572,Ian Blackman
9573,Ian Bohen
9574,Ian Bremmer
9575,Ian Burfield
9576,Ian Casselberry
9577,Ian Chen
9578,Ian Colletti
9579,Ian Cripps
9580,Ian Drysdale
9581,Ian Edwards
9582,Ian Gelder
9583,Ian Gómez
9584,Ian Harding
9585,Ian Hart
9586,Ian Hawes
9587,Ian Hecox
9588,Ian Ho
9589,Ian Holm
9590,Ian J. Cunningham
9591,Ian James Corlett
9592,Ian Keir Attard
9593,Ian Kenny
9594,Ian Lithgow
9595,Ian Lloyd Anderson
9596,Ian Lucas
9597,Ian MacKaye
9598,Ian Mackles
9599,Ian Matthews
9600,Ian McDiarmid
9601,Ian McElhinney
9602,Ian McKellen
9603,Ian McNeice
9604,Ian McShane
9605,Ian Meadows
9606,Ian Nelson
9607,Ian O'Reilly
9608,Ian Peck
9609,Ian Pirie
9610,Ian Schrager
9611,Ian Somerhalder
9612,Ian Thompson-Yates
9613,Ian Toner
9614,Ian Underwood
9615,Ian Unterman
9616,Ian Whyte
9617,Ianis Guerrero
9618,Iara Nemirovsky
9619,Iben Hjejle
9620,Ibrahim Ahmed
9621,Ibrahim Al-Hasawi
9622,Ibrahim Ferrer
9623,Ibrahim Jammal
9624,Ibrahim Quraishi
9625,Ibrahim Renno
9626,Ibrahima Gueye
9627,Ibrahima Mbaye
9628,Ice Cube
9629,Ice-T
9630,Ichirô Nagai
9631,Ichirô Ogura
9632,Idan Ashkenazi
9633,Idao Daccrissio
9634,Idara Victor
9635,Iddo Goldberg
9636,Idina Menzel
9637,Idir Ben Addi
9638,Ido Samuel
9639,Idris Elba
9640,Ieva Florence
9641,Igby Rigney
9642,Iggy Pop
9643,Ignacio Bautista
9644,Ignacio Serricchio
9645,Ignazio Oliva
9646,Igor Bencina
9647,Igor Filippov
9648,Igor Gotesman
9649,Igor Grabuzov
9650,Igor Malashenko
9651,Igor Sergeev
9652,Igor Tytarchuk
9653,Igor van Dessel
9654,Igor Zaripov
9655,Ihor Ciszkewycz
9656,Ike Barinholtz
9657,Ike Turner
9658,Iker Diez
9659,Iko Uwais
9660,Ikue Ootani
9661,Ilan Dar
9662,Ilana Glazer
9663,Ilana Guralnik
9664,Ilanah Cami-Goursolas
9665,Ilari Johansson
9666,Ileana D'Ambra
9667,Ilektra Gouzeli
9668,Ilfenesh Hadera
9669,Ilia Volok
9670,Ilian Bergala
9671,Ilias Le Doré
9672,Ilinca Belciu
9673,Ilinca Manolache
9674,Ilir Jacellari
9675,Ilire Vinca Celaj
9676,Iliza Shlesinger
9677,Ilja Monti
9678,Illma Gore
9679,Ilona Bachelier
9680,Ilona McCrea
9681,Ilovemakonnen
9682,Ilse Salas
9683,Ilse Werner
9684,Ilunga Adell
9685,Ilya Gavrilenkov
9686,Ilya Kostyukov
9687,Iman Europe
9688,Imani Hakim
9689,Imani Lewis
9690,Imee Marcos
9691,Imelda Marcos
9692,Imelda Staunton
9693,Imogen King
9694,Imogen Kogge
9695,Imogen Poots
9696,Imogene Wolodarsky
9697,Imperial Blaze
9698,Imran Paracha
9699,Imídio Monteiro
9700,In-gi Jeong
9701,Ina Gogálová
9702,Ina Nena Schick
9703,Ina Weisse
9704,Inanna Sarkis
9705,Inazio Abrao
9706,Inbal Amirav
9707,Inde Navarrette
9708,Indi Serafin
9709,India Eisley
9710,India Ennenga
9711,India Fowler
9712,India Hair
9713,India Menuez
9714,India Ria Amarteifio
9715,Indica Watson
9716,Indira Varma
9717,Indra Ové
9718,Indrajeet Singh
9719,Indrajit Sarkar
9720,Indya Moore
9721,Ines Feghouli Bozon
9722,Ines Laimins
9723,Inga Birkenfeld
9724,Inga Cadranel
9725,Inga Qwede
9726,Inge Beckmann
9727,Inge Lise Goltermann
9728,Inger Hernmyr
9729,Inger Tudor
9730,Ingjerd Egeberg
9731,Ingrid Bergman
9732,Ingrid Bisu
9733,Ingrid Bolsø Berdal
9734,Ingrid Caven
9735,Ingrid de Souza
9736,Ingrid Fease
9737,Ingrid Gi
9738,Ingrid Haas
9739,Ingrid Jónsdóttir
9740,Ingrid Jørgensen Dragland
9741,Ingrid Michaelson
9742,Ingrid Olava
9743,Ingrid Oliu
9744,Ingrid Oliver
9745,Ingrid Sophie Schram
9746,Ingvar Eggert Sigurðsson
9747,Ingvild Haugstad
9748,Inka Kytö
9749,Inma Cuesta
9750,Inma Ochoa
9751,Inma Pavon
9752,Inna Swinton
9753,INXS
9754,Inés Sastre
9755,Ioachim Ciobanu
9756,Ioan Allen
9757,Ioan Gruffudd
9758,Ioan Hefin
9759,Ioana Iacob
9760,Iolanda Amato
9761,Ion Arcudeanu
9762,Ion Rizea
9763,Iqbal Theba
9764,Ira Gonto
9765,Ira Hawkins
9766,Irena Melcer
9767,Irena Tyshyna
9768,Irene Bedard
9769,Irene Kelleher
9770,Irene Keng
9771,Irene Tsu
9772,Irene White
9773,Irene Ziegler
9774,Irina Chelidze
9775,Irina Demidkina
9776,Irina Klimovich
9777,Irina Novak
9778,Irina Plesnyayeva
9779,Irina Starshenbaum
9780,Iris Apatow
9781,Iris Bahr
9782,Iris Bry
9783,Iris Long
9784,Irit Sheleg
9785,Irma P. Hall
9786,Irmena Chichikova
9787,IronE Singleton
9788,Irrfan Khan
9789,Irving Layton
9790,Iryna Danyleiko
9791,Isaac Arellanes
9792,Isaac Hayes
9793,Isaac Hempstead Wright
9794,Isaac Kragten
9795,Isaac Leyva
9796,Isaac Mizrahi
9797,Isaac Powell
9798,Isaac Rademacher
9799,Isaach De Bankolé
9800,Isabeau Dornevil
9801,Isabel Arraiza
9802,Isabel Christine Andreasen
9803,Isabel Gillies
9804,Isabel Lucas
9805,Isabel Rocatti
9806,Isabel Rose
9807,Isabel Ruth
9808,Isabel Sandoval
9809,Isabel Spencer
9810,Isabela Moner
9811,Isabeli Fontana
9812,Isabella Amara
9813,Isabella Blake-Thomas
9814,Isabella Blow
9815,Isabella Carr
9816,Isabella Crovetti-Cramp
9817,Isabella Farrell
9818,Isabella Ferreira
9819,Isabella Iannelli
9820,Isabella Kai Rice
9821,Isabella Laughland
9822,Isabella Margara
9823,Isabella Pisacane
9824,Isabella Rossellini
9825,Isabella Soupart
9826,Isabelle Adjani
9827,Isabelle Barth
9828,Isabelle Boni
9829,Isabelle Caillat
9830,Isabelle Candelier
9831,Isabelle Carré
9832,Isabelle Connolly
9833,Isabelle Fuhrman
9834,Isabelle Grill
9835,Isabelle Huppert
9836,Isabelle McNally
9837,Isabelle Nanty
9838,Isabelle Nélisse
9839,Isabelle Phillips
9840,Isabelle Puntel
9841,Isabelle Rufin
9842,Isabelle Ungaro
9843,Isabelle Vitari
9844,Isabelle Wojciechowska
9845,Isabél Zuaa
9846,Isadora Favero
9847,Isaiah Byrd
9848,Isaiah Dell
9849,Isaiah John
9850,Isaiah Kristian
9851,Isaiah Mustafa
9852,Isaiah Rockcliffe
9853,Isaiah Russell-Bailey
9854,Isaiah Stone
9855,Isaiah Washington
9856,Isaias Santamaria
9857,Isak Bakli Aglen
9858,Isak Lie Harr
9859,Isaka Sawadogo
9860,Isao Hashizume
9861,Isao Natsuyagi
9862,Isaura Barbé-Brown
9863,Ischa Bee
9864,Isela Vega
9865,Ishai Golan
9866,Ishan Morris
9867,Ishii Yuichi
9868,Ishmael Muslim Ali
9869,Ishtiaque Zico
9870,Isiah Whitlock Jr
9871,Isidora Goreshter
9872,Isild Le Besco
9873,Isis Davis
9874,Isla Fisher
9875,Islam Kamal
9876,Islam Mubarak
9877,Islie Hirvonen
9878,Ismael Cruz Cordova
9879,Ismael Fritschi
9880,Isolda Dychauk
9881,Isra Allison
9882,Israa Abboud
9883,Israel Broussard
9884,Israel Elejalde
9885,Israel Makoe
9886,Israel Ngqawuza
9887,Issa Khattab
9888,Issa Rae
9889,Issac Bird
9890,Issac Love
9891,Issac Ryan Brown
9892,Issam Talbi
9893,Issei Ogata
9894,Issei Sagawa
9895,Issei Takahashi
9896,Issy Stewart
9897,István Teglas
9898,István Znamenák
9899,Itala Békés
9900,Italia Ricci
9901,Itzhak Perlman
9902,Iulia Filipovscaia
9903,Ivailo Dimitrov
9904,Ivan Barnev
9905,Ivan Franek
9906,Ivan Hernandez
9907,Ivan Kaye
9908,Ivan Lendl
9909,Ivan Leung
9910,Ivan Lucev
9911,Ivan Martin
9912,Ivan Massagué
9913,Ivan Mbakop
9914,Ivan Peña
9915,Ivan Shaw
9916,Ivan Shvedoff
9917,Ivan Trojan
9918,Ivan Wanis-Ruiz
9919,Ivana Baquero
9920,Ivana Basic
9921,Ivana Fred
9922,Ivana Mladenovic
9923,Ivana Vojinovic
9924,Ivanna Sakhno
9925,Ivannah-Mercedes
9926,Ivo Nandi
9927,Ivo Uukkivi
9928,Ivonne Benet Mercado
9929,Ivory Aquino
9930,Ivy Dubreuil
9931,Ivy Matheson
9932,Iván Angelus
9933,Iván Angelusz
9934,Iván González
9935,Iván Kamarás
9936,Iwan Rheon
9937,Iwar Wiklander
9938,Iwo Rajski
9939,Iyad Hoorani
9940,Iyad Msalma
9941,Iyana Halley
9942,Izaac Wang
9943,Izabela Vidovic
9944,Izaiah Dolezal
9945,Izudin Bajrovic
9946,Izuka Hoyle
9947,Izumi Matsuoka
9948,Izzy Bayley-King
9949,Izzy Diaz
9950,Izán Corchero
9951,Izïa Higelin
9952,J Balvin
9953,J-Boog
9954,J. Alex Brinson
9955,J. Alphonse Nicholson
9956,J. David Hinze
9957,J. Michael Finley
9958,J. Nathan Simmons
9959,J. Quinton Johnson
9960,J. Smith-Cameron
9961,J. Thomas Bailey
9962,J.B. Blanc
9963,J.C. Lei
9964,J.C. MacKenzie
9965,J.D. Evermore
9966,J.J. Abrams
9967,J.J. Alfieri
9968,J.J. Pyle
9969,J.J. Totah
9970,J.K. Simmons
9971,J.P. Manoux
9972,J.P. Valenti
9973,J.R.
9974,J.R. Adduci
9975,J.R. Bourne
9976,J.R. Cacia
9977,J.R. Cazet
9978,J.W. Cortes
9979,Ja Rule
9980,Ja-Yeon Ok
9981,Jaak Prints
9982,Jaan Tooming
9983,Jabari Gray
9984,Jabari Watkins
9985,Jaboukie Young-White
9986,JaCari Dye
9987,Jacek Beler
9988,Jacek Koman
9989,Jaci Velasquez
9990,Jacinda Barrett
9991,Jacinte Blankenship
9992,Jacinto Taras Riddick
9993,Jacir Eid Al-Hwietat
9994,Jack Abramoff
9995,Jack Allnutt
9996,Jack Andraka
9997,Jack Andrews
9998,Jack Ashford
9999,Jack Benny
10000,Jack Black
10001,Jack Bona
10002,Jack Bright
10003,Jack Caleb
10004,Jack Chadwick
10005,Jack Chausse
10006,Jack Colgrave Hirst
10007,Jack Conley
10008,Jack Cunningham-Nuttall
10009,Jack Dalton
10010,Jack Davenport
10011,Jack Derges
10012,Jack DiFalco
10013,Jack Drummond
10014,Jack Dushey
10015,Jack Ettlinger
10016,Jack Falahee
10017,Jack Falk
10018,Jack Farthing
10019,Jack Finsterer
10020,Jack Fox
10021,Jack Fulton
10022,Jack Gordon
10023,Jack Gore
10024,Jack Gottlob
10025,Jack Grazer
10026,Jack Guzman
10027,Jack Gwaltney
10028,Jack Hickey
10029,Jack Hudson
10030,Jack Huston
10031,Jack Hutton
10032,Jack Irv
10033,Jack Kehler
10034,Jack Kesy
10035,Jack Kilmer
10036,Jack Kyser
10037,Jack Laskey
10038,Jack Lechner
10039,Jack Lowden
10040,Jack McBrayer
10041,Jack McElhone
10042,Jack McEvoy
10043,Jack McGraw
10044,Jack McKenzie
10045,Jack McMullen
10046,Jack Morris
10047,Jack Nicholson
10048,Jack Noseworthy
10049,Jack O'Connell
10050,Jack O'Malley
10051,Jack Pierce
10052,Jack Plotnick
10053,Jack Quaid
10054,Jack Rebney
10055,Jack Reynor
10056,Jack Riddiford
10057,Jack Roth
10058,Jack Rowan
10059,Jack Starrett
10060,Jack Tan
10061,Jack Veal
10062,Jack Vernon
10063,Jack Waggon
10064,Jack White
10065,Jack Whitehall
10066,Jack Xagas
10067,Jackamoe Buzzell
10068,Jacki Weaver
10069,Jackie Berroyer
10070,Jackie Chan
10071,Jackie Chung
10072,Jackie Cruz
10073,Jackie Earle Haley
10074,Jackie Evancho
10075,Jackie Hoffman
10076,Jackie Jackson
10077,Jackie Joyner
10078,Jackie Long
10079,Jackie Monahan
10080,Jackie Saland
10081,Jackie Sandler
10082,Jackie Seiden
10083,Jackie Siegel
10084,Jackie van Beek
10085,Jackie Welch
10086,Jackson 5
10087,Jackson A. Dunn
10088,Jackson Beard
10089,Jackson Browne
10090,Jackson Dean Vincent
10091,Jackson Gann
10092,Jackson Kai
10093,Jackson Lou
10094,Jackson Myers
10095,Jackson Nicoll
10096,Jackson Rathbone
10097,Jackson Robert Scott
10098,Jacky Druaux
10099,Jacky Lambert
10100,Jacky Wu
10101,Jaclyn Corin
10102,Jaclyn DeSantis
10103,Jaclyn White
10104,Jacob 'Stitch' Duran
10105,Jacob Anderson
10106,Jacob Ayanaba
10107,Jacob Batalon
10108,Jacob Browne
10109,Jacob Clayton
10110,Jacob Collins-Levy
10111,Jacob Crespo
10112,Jacob Elordi
10113,Jacob Fortune-Lloyd
10114,Jacob Greenfeld
10115,Jacob Grodnik
10116,Jacob Igielski
10117,Jacob James Beswick
10118,Jacob Kogan
10119,Jacob Latimore
10120,Jacob Lemieux
10121,Jacob Loeb
10122,Jacob Lofland
10123,Jacob Matschenz
10124,Jacob Ming-Trent
10125,Jacob Nolan
10126,Jacob Perez
10127,Jacob Pitts
10128,Jacob Scipio
10129,Jacob Soley
10130,Jacob Tremblay
10131,Jacob Vargas
10132,Jacob Wysocki
10133,Jacob Zachar
10134,Jacopo Garfagnoli
10135,Jacque Gray
10136,Jacqueline Bassett
10137,Jacqueline Bisset
10138,Jacqueline Byers
10139,Jacqueline Castro
10140,Jacqueline Doke
10141,Jacqueline Harris Matherne
10142,Jacqueline Honulik
10143,Jacqueline Kennedy
10144,Jacqueline Le Duc
10145,Jacqueline Lee Geurts
10146,Jacqueline McKenzie
10147,Jacqueline Obradors
10148,Jacqueline Ramnarine
10149,Jacqueline Roberts
10150,Jacques Bailly
10151,Jacques Becker
10152,Jacques Borderie
10153,Jacques Bouanich
10154,Jacques Colimon
10155,Jacques Gamblin
10156,Jacques Garon
10157,Jacques Nolot
10158,Jacques Perrin
10159,Jacques Vergès
10160,Jacques-Yves Cousteau
10161,Jada Pinkett Smith
10162,Jade Anouka
10163,Jade Castrinos
10164,Jade Eshete
10165,Jade Kammerman
10166,Jade Ma
10167,Jade Michael
10168,Jade Pettyjohn
10169,Jade Soentjens
10170,Jade Yorker
10171,Jaden Klein
10172,Jaden Piner
10173,Jaden Smith
10174,Jaden Waldman
10175,Jadyn Rylee
10176,Jadyn Wong
10177,Jae Suh Park
10178,Jae-hong Ahn
10179,Jae-yeong Jeong
10180,Jaeden Bettencourt
10181,Jaeden Lieberher
10182,JaeWook Park
10183,Jafar Panahi
10184,Jag Patel
10185,Jahi Di'Allo Winston
10186,Jahzir Bruno
10187,Jai Baptista
10188,Jai Bugarin
10189,Jai Courtney
10190,Jai West
10191,Jaideep Janakiram
10192,Jaies Baptiste
10193,Jaih Betote
10194,Jailen Young
10195,Jaime Bayona
10196,Jaime Camil
10197,Jaime Irizarry
10198,Jaime King
10199,Jaime Lorente
10200,Jaime Moyer
10201,Jaime Pressly
10202,Jaime Tirelli
10203,Jaime Vadell
10204,Jaime Wallace
10205,Jaime Winstone
10206,Jaimie Alexander
10207,Jair Bolsonaro
10208,Jak Boon
10209,Jakari Fraser
10210,Jake Abel
10211,Jake Alexander Martin
10212,Jake Allyn
10213,Jake Austin Walker
10214,Jake Brennan
10215,Jake Brown
10216,Jake Busey
10217,Jake Choi
10218,Jake Curran
10219,Jake Davies
10220,Jake Fairbrother
10221,Jake Graf
10222,Jake Greenlee
10223,Jake Gyllenhaal
10224,Jake Hoffman
10225,Jake Horowitz
10226,Jake Johnson
10227,Jake Katzman
10228,Jake Kidwell
10229,Jake Lacy
10230,Jake Lippmann
10231,Jake Lloyd
10232,Jake M. Johnson
10233,Jake Manley
10234,Jake McDorman
10235,Jake O'Connor
10236,Jake Owen
10237,Jake Perlin
10238,Jake Phillips Head
10239,Jake Picking
10240,Jake Rademacher
10241,Jake Roberts
10242,Jake Robinson
10243,Jake Ryan
10244,Jake Sandvig
10245,Jake Schur
10246,Jake Sim
10247,Jake Stephens
10248,Jake T. Austin
10249,Jake Thomas
10250,Jake Tusing
10251,Jake Ventimiglia
10252,Jake Washburn
10253,Jake Weary
10254,Jake Weber
10255,Jake Wilson
10256,Jakob Cedergren
10257,Jakob Diehl
10258,Jakob Dylan
10259,Jakob Lassalle
10260,Jakob Oftebro
10261,Jakob Salvati
10262,Jakob Ulrik Lohmann
10263,Jakob Öhrman
10264,Jakub Gierszal
10265,Jaleel White
10266,Jalen Gilbert
10267,Jalil Lespert
10268,Jalil Nazari
10269,Jalon Christian
10270,Jalyn Hall
10271,Jamaal Burcher
10272,Jamaal Lewis
10273,Jamal Alkhaldi
10274,Jamal Graham
10275,Jamal Khashoggi
10276,Jamal Mackey
10277,Jamal Seidakmatova
10278,Jamal Trulove
10279,Jamal Udin Torabi
10280,Jamal Woolard
10281,Jamar Greene
10282,Jamario Rowe
10283,Jameela Jamil
10284,Jamel Chambers
10285,Jamel Debbouze
10286,James A. Watson Jr.
10287,James Adomian
10288,James Alexander
10289,James Andrew O'Connor
10290,James Angus Cowan
10291,James Arama
10292,James Arnold Taylor
10293,James Azure
10294,James Badge Dale
10295,James Baker
10296,James Barrat
10297,James Belushi
10298,James Bentley
10299,James Blakely
10300,James Blood Ulmer
10301,James Bloor
10302,James Bobin
10303,James Boles
10304,James Brolin
10305,James Brown
10306,James Buckley
10307,James Caan
10308,James Calhoon
10309,James Callis
10310,James Cameron
10311,James Carpinello
10312,James Carville
10313,James Caviezel
10314,James Chen
10315,James Coburn
10316,James Corden
10317,James Cosmo
10318,James Cromwell
10319,James Cummins
10320,James D'Arcy
10321,James D. Stern
10322,James Darren
10323,James DeBello
10324,James Deen
10325,James DeForest Parker
10326,James DiGiacomo
10327,James Dodds
10328,James Dreyfus
10329,James Dryden
10330,James DuMont
10331,James Duval
10332,James Earl Jones
10333,James Eeles
10334,James Faulkner
10335,James Flanagan
10336,James Fleet
10337,James Floyd
10338,James Fox
10339,James Frain
10340,James Franco
10341,James Frecheville
10342,James Freedson-Jackson
10343,James Freeman
10344,James Gallardo
10345,James Gandolfini
10346,James Garner
10347,James Gianopulos
10348,James Handy
10349,James Harkness
10350,James Harvey Ward
10351,James Healy Jr.
10352,James Heron
10353,James Hetfield
10354,James Hibbard
10355,James Hicks
10356,James Hinton
10357,James Hong
10358,James Howson
10359,James Hyndman
10360,James Hébert
10361,James Immekus
10362,James Jagger
10363,James Johnson II
10364,James Jordan
10365,James Jude Courtney
10366,James Karen
10367,James Kermack
10368,James Kirk
10369,James Kyson Lee
10370,James Lafferty
10371,James Lance
10372,James Lebrecht
10373,James LeGros
10374,James Levine
10375,James Longshore
10376,James M. Connor
10377,James Madio
10378,James Marsden
10379,James Marsters
10380,James Maslow
10381,James McArdle
10382,James McAvoy
10383,James McCaffrey
10384,James McDougall
10385,James Mcfarland
10386,James McGrath
10387,James McMenamin
10388,James McVan
10389,James Merrill
10390,James Monroe Iglehart
10391,James Moses Black
10392,James Murphy
10393,James Murray
10394,James Nachtwey
10395,James Napier Robertson
10396,James Nares
10397,James Nelson-Joyce
10398,James Nesbitt
10399,James Norton
10400,James P. Harkins
10401,James Paxton
10402,James Phelps
10403,James Pratt
10404,James Purefoy
10405,James Quinn Markey
10406,James Rackley
10407,James Ransone
10408,James Remar
10409,James Rolleston
10410,James Russell
10411,James Russo
10412,James Saito
10413,James Schofield
10414,James Schuler
10415,James Scully
10416,James Smillie
10417,James Smith
10418,James Spader
10419,James Spencer Ashworth
10420,James Sterling
10421,James Swanton
10422,James Taku Leung
10423,James Tam
10424,James Trussart
10425,James Udom
10426,James Urbaniak
10427,James Van Der Beek
10428,James Vincent Meredith
10429,James W. Evermore
10430,James West
10431,James White
10432,James Wilby
10433,James William Ballard
10434,James Woods
10435,Jamey Sheridan
10436,Jami Gertz
10437,Jamie Andrew Cutler
10438,Jamie Angelle
10439,Jamie Ann Burke
10440,Jamie Bacon
10441,Jamie Bartlett
10442,Jamie Beamish
10443,Jamie Bell
10444,Jamie Blackley
10445,Jamie Bradley
10446,Jamie Brewer
10447,Jamie Campbell Bower
10448,Jamie Chung
10449,Jamie Clayton
10450,Jamie Curry
10451,Jamie Demetriou
10452,Jamie Dornan
10453,Jamie Foxx
10454,Jamie Ghazarian
10455,Jamie Harris
10456,Jamie Hince
10457,Jamie Kennedy
10458,Jamie Lee Curtis
10459,Jamie Maclachlan
10460,Jamie McShane
10461,Jamie Neumann
10462,Jamie O Bell
10463,Jamie Quinn
10464,Jamie Sives
10465,Jamie-Lee Beacher
10466,Jamie-Lee Money
10467,Jamil Drissi
10468,Jamil McCraven
10469,Jamil Prattis
10470,Jamila Velazquez
10471,Jamison Green
10472,Jamison Jones
10473,Jamiyka Jones
10474,Jan Beuckels
10475,Jan Bijvoet
10476,Jan Bluthardt
10477,Jan Braly Kihle
10478,Jan Broberg Felt
10479,Jan Böhme
10480,Jan Cornet
10481,Jan Crosby
10482,Jan Dahdoh
10483,Jan Decleir
10484,Jan Hartl
10485,Jan Hooks
10486,Jan Kühne
10487,Jan Lindwall
10488,Jan Mayzel
10489,Jan Milligan
10490,Jan Oliver Schroeder
10491,Jan Six
10492,Jan Steen
10493,Jan Triska
10494,Jan Uddin
10495,Jan Vlasák
10496,Jan-Eje Ferling
10497,Jan-Michael Vincent
10498,Jana Kramer
10499,Jana Kuss
10500,Jana Olhová
10501,Janaya Stephens
10502,Janchiv Ayurzana
10503,Jandres Burgos
10504,Jane Adams
10505,Jane Alexander
10506,Jane Asher
10507,Jane Brennan
10508,Jane C. Ginsburg
10509,Jane Carr
10510,Jane Curtin
10511,Jane Fonda
10512,Jane Goodall
10513,Jane Hajduk
10514,Jane Herbert
10515,Jane Horrocks
10516,Jane Kaczmarek
10517,Jane Krakowski
10518,Jane Lapotaire
10519,Jane Levy
10520,Jane Lynch
10521,Jane Mayer
10522,Jane McNeill
10523,Jane Moffat
10524,Jane Morris
10525,Jane Park Smith
10526,Jane Patterson
10527,Jane Perry
10528,Jane Seymour
10529,Jane Wiedlin
10530,Jane Wilson
10531,Janeane Garofalo
10532,Janel Moloney
10533,Janel Parrish
10534,Janelle Cochrane
10535,Janelle Feigley
10536,Janelle Monáe
10537,Janet Armstrong
10538,Janet Chaile
10539,Janet Etuk
10540,Janet Hilliard
10541,Janet Hsieh
10542,Janet Jackson
10543,Janet Land
10544,Janet McQueen
10545,Janet McTeer
10546,Janet Montgomery
10547,Janey Godley
10548,Janez Gabric
10549,Janice LeAnn Brown
10550,Janice Wong
10551,Janicza Bravo
10552,Janie Haddad Tompkins
10553,Janina Gavankar
10554,Janine Birkett
10555,Janis Ahern
10556,Janis Hirsch
10557,Jann Wenner
10558,Jannik Jensen
10559,Jannik Schümann
10560,January Jones
10561,Janus Kopfstein
10562,Janusz Sheagall
10563,Jaquan Rhodes
10564,Jaqueline De La Fontaine
10565,Jaqueline Siegel
10566,Jarad Dawkins
10567,Jarah Maria Anders
10568,Jared Abrahamson
10569,Jared Bankens
10570,Jared Carter
10571,Jared Gilman
10572,Jared Harris
10573,Jared Ivers
10574,Jared Keeso
10575,Jared Kemp
10576,Jared Leto
10577,Jared Lotz
10578,Jared Padalecki
10579,Jared Reinfeldt
10580,Jared Turner
10581,Jared Ward
10582,Jarek Truszczynski
10583,Jaren Cerf
10584,Jaren Mitchell
10585,Jari Jones
10586,Jari Virman
10587,Jarod Lindsey
10588,Jaron Adams
10589,Jaroslav Dusek
10590,Jaroslava Pokorná
10591,Jaroslaw Gajewski
10592,Jaroslaw Milner
10593,Jarret Cody
10594,Jarrett Austin Brown
10595,Jarrett Bruno
10596,Jarrett Wideman
10597,Jarrod Phillips
10598,Jashaun St. John
10599,Jasineia Ramos
10600,Jasmeet Baduwalia
10601,Jasmin Geljo
10602,Jasmin Riggins
10603,Jasmina Ali
10604,Jasmine Batchelor
10605,Jasmine Brightmore
10606,Jasmine Cephas Jones
10607,Jasmine Guy
10608,Jasmine Hyde
10609,Jasmine Jobson
10610,Jasmine Kin Kia Ng
10611,Jasmine Mathews
10612,Jasmine Trinca
10613,Jasmine Vega
10614,Jasna Djuricic
10615,Jason Adkins
10616,Jason Alexander
10617,Jason Altman
10618,Jason Anthony
10619,Jason Antoon
10620,Jason Babinsky
10621,Jason Baldwin
10622,Jason Bateman
10623,Jason Bayle
10624,Jason Beem
10625,Jason Beghe
10626,Jason Behr
10627,Jason Bell
10628,Jason Biggs
10629,Jason Blackwater
10630,Jason Bremer
10631,Jason Burkey
10632,Jason Caceres
10633,Jason Carrión
10634,Jason Chong
10635,Jason Clarke
10636,Jason Cloud
10637,Jason Cope
10638,Jason Davis
10639,Jason Derulo
10640,Jason Dohring
10641,Jason Douglas
10642,Jason E. Hill
10643,Jason England
10644,Jason Ezzell
10645,Jason Fenton
10646,Jason Fitch
10647,Jason Flemyng
10648,Jason Giampietro
10649,Jason Gibson
10650,Jason Gray-Stanford
10651,Jason Greene
10652,Jason Grisell
10653,Jason Ian Drucker
10654,Jason Isaacs
10655,Jason James Richter
10656,Jason Jones
10657,Jason K. Wixom
10658,Jason Kingsley
10659,Jason Lee
10660,Jason Lewis
10661,Jason Liles
10662,Jason Lines
10663,Jason Mantzoukas
10664,Jason Maybaum
10665,Jason Mewes
10666,Jason Mitchell
10667,Jason Momoa
10668,Jason Mraz
10669,Jason Mulcahy
10670,Jason O'Mara
10671,Jason Pace
10672,Jason Patric
10673,Jason Priestley
10674,Jason Ralph
10675,Jason Redford
10676,Jason Redshaw
10677,Jason Reynolds
10678,Jason Ritter
10679,Jason Ryan
10680,Jason Samuels Smith
10681,Jason Schwartzman
10682,Jason Scott Lee
10683,Jason Scott Sadofsky
10684,Jason Segel
10685,Jason Spevack
10686,Jason Statham
10687,Jason Sudeikis
10688,Jason Thorpe
10689,Jason Tobin
10690,Jason Tremblay
10691,Jason Trost
10692,Jason Vail
10693,Jason Watkins
10694,Jason Weinberg
10695,Jason William Day
10696,Jason Winston George
10697,Jason Wong
10698,Jason-Shane Scott
10699,Jasper Newell
10700,Jasper Polish
10701,Jasper Pääkkönen
10702,Javad Ezati
10703,Javad Ramezani
10704,Javier Bardem
10705,Javier Beltrán
10706,Javier Botet
10707,Javier Cámara
10708,Javier Lopez
10709,Javier Ulacia
10710,Javon 'Wanna' Walton
10711,Jawad Zemmar
10712,Jax Malcolm
10713,Jay Alabaster
10714,Jay Asevedo
10715,Jay Baruchel
10716,Jay Bulger
10717,Jay Cardinal Villeneuve
10718,Jay Chandrasekhar
10719,Jay Chou
10720,Jay Dee
10721,Jay DeVon Johnson
10722,Jay Devore
10723,Jay Duplass
10724,Jay Ellis
10725,Jay Erving
10726,Jay Famiglietti
10727,Jay Galloway
10728,Jay Harman
10729,Jay Hernandez
10730,Jay Hieron
10731,Jay Huguley
10732,Jay Hunter
10733,Jay Jablonski
10734,Jay Klaitz
10735,Jay Larson
10736,Jay Maisel
10737,Jay McCarroll
10738,Jay McInerney
10739,Jay Mehler
10740,Jay Mohr
10741,Jay Montepare
10742,Jay Paulson
10743,Jay Pharoah
10744,Jay Pothof
10745,Jay Potter
10746,Jay Reinke
10747,Jay Romero
10748,Jay Ryan
10749,Jay Simpson
10750,Jay Weidner
10751,Jay-Z
10752,Jaycee Chan
10753,Jayda Fink
10754,Jayden Jean-Paul-Denis
10755,Jayden Marine
10756,Jaygann Ayeh
10757,Jayla Allen
10758,Jaylin Fletcher
10759,Jayma Mays
10760,Jayme Rodrigues
10761,Jaymes Butler
10762,Jayne Eastwood
10763,Jayne Houdyshell
10764,Jayne Lewis
10765,Jayne Tain
10766,Jaynee-Lynne Kinchen
10767,Jayr Tinaco
10768,Jayson Lamb
10769,Jayson Warner Smith
10770,Jaz Sinclair
10771,Jazmyn C Dorsey
10772,Jazmyn Simon
10773,Jazzy Williams
10774,JB Smoove
10775,Jc Caylen
10776,JD McCrary
10777,Je-hoon Lee
10778,Jean Carlos Batista
10779,Jean Carlot
10780,Jean Cyrille Digbeu
10781,Jean Dell
10782,Jean Denis Römer
10783,Jean Dujardin
10784,Jean Effron
10785,Jean Louisa Kelly
10786,Jean Michel Basquiat
10787,Jean Paul Leroux
10788,Jean Reno
10789,Jean Rochefort
10790,Jean Smart
10791,Jean St. Clair
10792,Jean Texier
10793,Jean Wyllys
10794,Jean Yoon
10795,Jean-Baptiste Maunier
10796,Jean-Benoît Ugeux
10797,Jean-Christophe Bouvet
10798,Jean-Claude Brialy
10799,Jean-Claude Carrière
10800,Jean-Claude Donda
10801,Jean-Claude Dreyfus
10802,Jean-Claude Van Damme
10803,Jean-François Balmer
10804,Jean-François Bouchard
10805,Jean-François Stévenin
10806,Jean-Jérôme Esposito
10807,Jean-Louis Barrault
10808,Jean-Louis Droulers
10809,Jean-Louis Trintignant
10810,Jean-Luc Godard
10811,Jean-Marc Barr
10812,Jean-Marc Roulot
10813,Jean-Marie Winling
10814,Jean-Mathias Pondant
10815,Jean-Michel Anctil
10816,Jean-Michel Balthazar
10817,Jean-Michel Jarre
10818,Jean-Nicolas Verreault
10819,Jean-Noel Tronc
10820,Jean-Paul Beaujon
10821,Jean-Paul Belmondo
10822,Jean-Paul Gaultier
10823,Jean-Paul Goude
10824,Jean-Paul Muel
10825,Jean-Paul Roussillon
10826,Jean-Philippe Écoffey
10827,Jean-Pierre Bacri
10828,Jean-Pierre Baste
10829,Jean-Pierre Darroussin
10830,Jean-Pierre Lorit
10831,Jean-Pierre Malo
10832,Jean-Pierre Mocky
10833,Jean-Yves Cylly
10834,Jean-Édouard Bodziak
10835,Jeane Arra-Bellanger
10836,Jeanette Aw
10837,Jeanette Branch
10838,Jeanette Cronin
10839,Jeanette Lindbæk
10840,Jeanette Maus
10841,Jeanie Cloutier
10842,Jeanine Basinger
10843,Jeanine Mason
10844,Jeanine Serralles
10845,Jeanna de Waal
10846,Jeanne Balibar
10847,Jeanne Moreau
10848,Jeanne Moutoussamy-Ashe
10849,Jeanne Rosa
10850,Jeanne Tripplehorn
10851,Jeanne Voisin
10852,Jeanne Werner
10853,Jeanne Young
10854,Jeannine Carpentier
10855,Jeannine Cota
10856,Jearnest Corchado
10857,Jeb Berrier
10858,Jeb Bush
10859,Jebin Bruni
10860,Jecobi Swain
10861,Jedidiah Goodacre
10862,Jeen Na
10863,Jef Mallett
10864,Jefery Levy
10865,Jeff Ament
10866,Jeff Anderson
10867,Jeff Bridges
10868,Jeff Burkes
10869,Jeff Caperton
10870,Jeff Chase
10871,Jeff Clarke
10872,Jeff Daniels
10873,Jeff Daochuan Liu
10874,Jeff Dlugolecki
10875,Jeff Dunham
10876,Jeff Erlanger
10877,Jeff Fahey
10878,Jeff Garlin
10879,Jeff Goldblum
10880,Jeff Grace
10881,Jeff Gum
10882,Jeff Hephner
10883,Jeff Hiller
10884,Jeff Kim
10885,Jeff Kober
10886,Jeff Koons
10887,Jeff Lima
10888,Jeff Lipary
10889,Jeff Meacham
10890,Jeff Michalski
10891,Jeff Monahan
10892,Jeff Moore
10893,Jeff Musillo
10894,Jeff Perry
10895,Jeff Pope
10896,Jeff Stryker
10897,Jeff Teravainen
10898,Jeff Ward
10899,Jeff Ware
10900,Jeff Whitty
10901,Jefferson Hall
10902,Jeffery Gray
10903,Jeffery Rifflard
10904,Jeffrey Bowyer-Chapman
10905,Jeffrey Brown
10906,Jeffrey Combs
10907,Jeffrey Corazzini
10908,Jeffrey Daniel Phillips
10909,Jeffrey Dean Morgan
10910,Jeffrey DeMunn
10911,Jeffrey Donovan
10912,Jeffrey Fraenkel
10913,Jeffrey Grover
10914,Jeffrey Hanson
10915,Jeffrey Henson Scales
10916,Jeffrey Johnson
10917,Jeffrey Jones
10918,Jeffrey Katzenberg
10919,Jeffrey Men
10920,Jeffrey Rowe
10921,Jeffrey Tambor
10922,Jeffrey Thomas
10923,Jeffrey Toobin
10924,Jeffrey Vincent Parise
10925,Jeffrey W. Jenkins
10926,Jeffrey Wahlberg
10927,Jeffrey Ware
10928,Jeffrey Wright
10929,Jeffry Batista
10930,Jekabs Reinis
10931,Jel Djelal
10932,Jelena Kuljic
10933,Jelena Stupljanin
10934,Jello Biafra
10935,Jemaine Clement
10936,Jemima Kirke
10937,Jemima Rooper
10938,Jemima West
10939,Jemma Moore
10940,Jemma Powell
10941,Jen Harper
10942,Jen Jewel Brown
10943,Jen Richards
10944,Jen Sung
10945,Jen Tullock
10946,Jen Zaborowski
10947,Jen-Shuo Cheng
10948,Jena Malone
10949,Jena Skodje
10950,Jenelle McKee
10951,Jener Dasilva
10952,Jeni Mundy
10953,Jeni Ross
10954,Jenica Bergere
10955,Jenifer Lewis
10956,Jenn Colella
10957,Jenn Griffin
10958,Jenn Murray
10959,Jenn Proske
10960,Jenna Cooperman
10961,Jenna Dewan
10962,Jenna Elfman
10963,Jenna Fischer
10964,Jenna Hasse
10965,Jenna Hellmuth
10966,Jenna Kanell
10967,Jenna Lamia
10968,Jenna Laurenzo
10969,Jenna Ortega
10970,Jenna Willis
10971,Jennette McCurdy
10972,Jenni Baird
10973,Jenni Mabrey
10974,Jenni Rivera
10975,Jennie Silfverhjelm
10976,Jennifer 'Ms Fer' Russell
10977,Jennifer Aniston
10978,Jennifer Badger
10979,Jennifer Bartels
10980,Jennifer Beals
10981,Jennifer Brea
10982,Jennifer Brito
10983,Jennifer Butler
10984,Jennifer Carpenter
10985,Jennifer Cecilia Amoia Mota
10986,Jennifer Cheon
10987,Jennifer Cody
10988,Jennifer Connelly
10989,Jennifer Coolidge
10990,Jennifer Delora
10991,Jennifer Doudna
10992,Jennifer Dundas
10993,Jennifer Ehle
10994,Jennifer Esposito
10995,Jennifer Garner
10996,Jennifer Gibson
10997,Jennifer Goggans
10998,Jennifer Grace
10999,Jennifer Grey
11000,Jennifer Holland
11001,Jennifer Hudson
11002,Jennifer Jason Leigh
11003,Jennifer Jazz
11004,Jennifer Jelsema
11005,Jennifer Joan Taylor
11006,Jennifer Joplin
11007,Jennifer Kim
11008,Jennifer Lafleur
11009,Jennifer Landon
11010,Jennifer Lawrence
11011,Jennifer Lopez
11012,Jennifer Love Hewitt
11013,Jennifer March
11014,Jennifer Missoni
11015,Jennifer Morrison
11016,Jennifer Neala Page
11017,Jennifer Nettles
11018,Jennifer Phipps
11019,Jennifer Pierce
11020,Jennifer Pollono
11021,Jennifer Riker
11022,Jennifer Robideau
11023,Jennifer Saunders
11024,Jennifer Taylor
11025,Jennifer Tilly
11026,Jennifer Ulrich
11027,Jennifer Van Dyck
11028,Jennifer Westfeldt
11029,Jennifer White
11030,Jennifer Yun
11031,Jenny Agutter
11032,Jenny Bede
11033,Jenny Bellay
11034,Jenny Gabrielle
11035,Jenny Galloway
11036,Jenny Jones
11037,Jenny Lewis
11038,Jenny O'Hara
11039,Jenny Pellicer
11040,Jenny Rainsford
11041,Jenny Skavlan
11042,Jenny Slate
11043,Jens Albinus
11044,Jens Hultén
11045,Jens Klein
11046,Jensen Ackles
11047,Jenya Dodina
11048,Jeong Esuz
11049,Jeong Eun-Chae
11050,Jeong-eun Lee
11051,Jeong-min Hwang
11052,Jeong-seon Seong
11053,Jeppe Laursen
11054,Jeramie Julian
11055,Jeramy Guillory
11056,Jere Burns
11057,Jere Shea
11058,Jeremiah Birkett
11059,Jeremiah Noe
11060,Jeremias Herskovits
11061,Jeremie Belingard
11062,Jeremie Harris
11063,Jeremie Laheurte
11064,Jeremy Allen White
11065,Jeremy Bash
11066,Jeremy Bobb
11067,Jeremy Chabriel
11068,Jeremy Childs
11069,Jeremy Davies
11070,Jeremy Flaum
11071,Jeremy Ford
11072,Jeremy Gardner
11073,Jeremy Glazer
11074,Jeremy Howard
11075,Jeremy Irons
11076,Jeremy Irvine
11077,Jeremy Jordan
11078,Jeremy King
11079,Jeremy Lin
11080,Jeremy Lindsay Taylor
11081,Jeremy Luke
11082,Jeremy Maguire
11083,Jeremy Mayer
11084,Jeremy Nazario
11085,Jeremy Northam
11086,Jeremy Piven
11087,Jeremy Ratchford
11088,Jeremy Rawle
11089,Jeremy Ray Taylor
11090,Jeremy Raymond
11091,Jeremy Renner
11092,Jeremy S. Holm
11093,Jeremy Scahill
11094,Jeremy Shamos
11095,Jeremy Sisto
11096,Jeremy St. James
11097,Jeremy Stanford
11098,Jeremy Strong
11099,Jeremy Suarez
11100,Jeremy Sumpter
11101,Jeremy Sykes
11102,Jeremy T. Thomas
11103,Jeremy Wheeler
11104,Jeri Ryan
11105,Jericó Montilla
11106,Jermaine Crawford
11107,Jermaine Fowler
11108,Jermaine Harris
11109,Jermaine Rivers
11110,Jermaine Washington
11111,Jermel Howard
11112,Jerod Haynes
11113,Jeroen Perceval
11114,Jeroen Willems
11115,Jerome Flynn
11116,Jerome Holder
11117,Jerome Klinkowitz
11118,Jeronimo Spinx
11119,Jerre Dye
11120,Jerrod Carmichael
11121,Jerry
11122,Jerry Adler
11123,Jerry Ascione
11124,Jerry Bell Jr.
11125,Jerry Ferrara
11126,Jerry Garcia
11127,Jerry Lewis
11128,Jerry McEntire Jr.
11129,Jerry Mofokeng
11130,Jerry O'Connell
11131,Jerry Pope
11132,Jerry Rice
11133,Jerry Saltz
11134,Jerry Seinfeld
11135,Jerry Stiller
11136,Jerry Ying
11137,Jerryd Bayless
11138,Jeryl Prescott
11139,Jerzy Rogulski
11140,Jerzy Stuhr
11141,Jerzy Trela
11142,Jerónimo Barón
11143,Jesaiah Baer
11144,Jesdaporn Pholdee
11145,Jesica Ahlberg
11146,Jesmark Scicluna
11147,Jesper Christensen
11148,Jess Harnell
11149,Jess Jacobs
11150,Jess Liaudin
11151,Jess Radomska
11152,Jess Weixler
11153,Jessa Zarubica
11154,Jesse Acosta
11155,Jesse Borrego
11156,Jesse Bradford
11157,Jesse C. Boyd
11158,Jesse Camacho
11159,Jesse Draper
11160,Jesse Eisenberg
11161,Jesse Friedman
11162,Jesse Garcia
11163,Jesse Gervasi
11164,Jesse Harper
11165,Jesse Heiman
11166,Jesse Hutch
11167,Jesse Jackson
11168,Jesse James
11169,Jesse James Pierce
11170,Jesse Janzen
11171,Jesse LaTourette
11172,Jesse LaVercombe
11173,Jesse Luken
11174,Jesse Marshall
11175,Jesse McCartney
11176,Jesse Metcalfe
11177,Jesse Moss
11178,Jesse Noah Gruman
11179,Jesse Orion
11180,Jesse Pimentel
11181,Jesse Plemons
11182,Jesse Spencer
11183,Jesse Wakeman
11184,Jesse Williams
11185,Jessejames Locorriere
11186,Jessi Goei
11187,Jessica Alba
11188,Jessica Anstey
11189,Jessica Barden
11190,Jessica Barr
11191,Jessica Barth
11192,Jessica Batut
11193,Jessica Bell
11194,Jessica Biel
11195,Jessica Blank
11196,Jessica Brown Findlay
11197,Jessica Capshaw
11198,Jessica Chaffin
11199,Jessica Chastain
11200,Jessica Cressy
11201,Jessica D'Arcy
11202,Jessica Darrow
11203,Jessica Dawson Strong
11204,Jessica De Gouw
11205,Jessica Dinnage
11206,Jessica Erickson
11207,Jessica Ervin
11208,Jessica Fanhan
11209,Jessica G. Smith
11210,Jessica Gomes
11211,Jessica Grabowsky
11212,Jessica Graves
11213,Jessica Greco
11214,Jessica Gunning
11215,Jessica Harper
11216,Jessica Hecht
11217,Jessica Henwick
11218,Jessica Hynes
11219,Jessica Kayrouz
11220,Jessica Keenan Wynn
11221,Jessica l e Taylor
11222,Jessica Lange
11223,Jessica Louthander
11224,Jessica Lowe
11225,Jessica Lowndes
11226,Jessica Lucas
11227,Jessica M. Thompson
11228,Jessica Madsen
11229,Jessica Makinson
11230,Jessica Mauboy
11231,Jessica McLeod
11232,Jessica McNamee
11233,Jessica Medina
11234,Jessica Miesel
11235,Jessica Morales
11236,Jessica Nelson
11237,Jessica Niven
11238,Jessica Oyelowo
11239,Jessica Park
11240,Jessica Parker Kennedy
11241,Jessica Paré
11242,Jessica Pimentel
11243,Jessica Preddy
11244,Jessica Raine
11245,Jessica Roth
11246,Jessica Rothe
11247,Jessica Rubinstein
11248,Jessica Simpson
11249,Jessica St. Clair
11250,Jessica Sula
11251,Jessica Sutton
11252,Jessica Szohr
11253,Jessica Tyler Brown
11254,Jessica Uberuaga
11255,Jessica VanOss
11256,Jessica Walter
11257,Jessica Williams
11258,Jessie Barr
11259,Jessie Buckley
11260,Jessie Ennis
11261,Jessie Mae Alonzo
11262,Jessie Mei Li
11263,Jessie Pinnick
11264,Jessie Usher
11265,Jessie Vinning
11266,Jessy Schram
11267,Jesus Sanchez-Velez
11268,Jesuthasan Antonythasan
11269,Jesús Meza
11270,Jesús Ochoa
11271,Jet Jurgensmeyer
11272,Jet Li
11273,Jeter Rivera
11274,Jett Klyne
11275,Jette Loona Hermanis
11276,Jeté Laurence
11277,Jex Blackmore
11278,Jgrxxn
11279,Jhakelyn Waleska Gonzalez Gonzalez
11280,Jharrel Jerome
11281,Jhon Narváez
11282,Jhonattan Ardila
11283,Ji-hu Park
11284,Ji-rye Lee
11285,Ji-tae Yu
11286,Ji-won Ha
11287,Jia Patel
11288,Jia-yi Zhang
11289,Jiah Mavji
11290,Jiali Ding
11291,Jiamei Feng
11292,Jian Liu
11293,Jianping Yang
11294,Jiaoming Pang
11295,Jiavani Linayao
11296,Jiayang Fan
11297,Jie Zhang
11298,Jihae
11299,Jiho Kang
11300,Jihwan Kim
11301,Jilbert Daniel
11302,Jill Andre
11303,Jill Awbrey
11304,Jill Bailey
11305,Jill Banfield
11306,Jill Buchanan
11307,Jill Clayburgh
11308,Jill Flint
11309,Jill Halfpenny
11310,Jill Hennessy
11311,Jill Lamantia
11312,Jill Magid
11313,Jill Maria Robinson
11314,Jill Morrison
11315,Jill Paice
11316,Jill Ritchie
11317,Jill Scott
11318,Jill Talley
11319,Jill Wagner
11320,Jillian Bell
11321,Jillian Fargey
11322,Jillian Morgese
11323,Jillian Mueller
11324,Jillian Panlilio
11325,Jim Arnold
11326,Jim Barone
11327,Jim Blowers
11328,Jim Broadbent
11329,Jim Carrey
11330,Jim Carter
11331,Jim Caviezel
11332,Jim Creeggan
11333,Jim Cummings
11334,Jim Cummins
11335,Jim Didion
11336,Jim Dougherty
11337,Jim Ford
11338,Jim Fujiwara
11339,Jim Gaffigan
11340,Jim Gleason
11341,Jim Henson
11342,Jim High
11343,Jim Hightower
11344,Jim James
11345,Jim Jarmusch
11346,Jim Klock
11347,Jim Liu
11348,Jim Meskimen
11349,Jim Norton
11350,Jim O'Heir
11351,Jim Parrack
11352,Jim Parsons
11353,Jim Pharr
11354,Jim Piddock
11355,Jim Rash
11356,Jim Sarbh
11357,Jim Shield
11358,Jim Sturgeon
11359,Jim Sturgess
11360,Jim True-Frost
11361,Jim Varney
11362,Jim Verraros
11363,Jim Walton
11364,Jim Ward
11365,Jim Yong Kim
11366,Jimi Hendrix
11367,Jimi Mistry
11368,Jimi Stanton
11369,Jimmi Simpson
11370,Jimmie Fails
11371,Jimmie Lee Sessoms
11372,Jimmy Bellinger
11373,Jimmy Bennett
11374,Jimmy Buffett
11375,Jimmy Camicia
11376,Jimmy Carter
11377,Jimmy Chin
11378,Jimmy Chung
11379,Jimmy Cliff
11380,Jimmy Cobb
11381,Jimmy Fallon
11382,Jimmy Gary Jr.
11383,Jimmy Gathu
11384,Jimmy Gonzales
11385,Jimmy Heath
11386,Jimmy Kimmel
11387,Jimmy LeBlanc
11388,Jimmy O. Yang
11389,Jimmy Page
11390,Jimmy Shaw
11391,Jimmy Smits
11392,Jimmy Star
11393,Jimmy Tatro
11394,Jimmy Thomas
11395,Jimmy Vee
11396,Jimmy Walker
11397,Jimmy Walker Jr.
11398,Jimmy White
11399,Jimmy Wong
11400,JimMyron Ross
11401,Jin Akanishi
11402,Jin Au-Yeung
11403,Jin Auyeung
11404,Jin Mai Jaho
11405,Jin Wang
11406,Jin Zhang
11407,Jin-woong Jo
11408,Jin-yeong Jeong
11409,Jing Guo
11410,Jing Lusi
11411,Jing Peng
11412,Jingjing Qu
11413,Jinny Lofthouse
11414,Jiro Ono
11415,Jirí Cerný
11416,Jirô Satô
11417,Jitka Cvancarová
11418,Jiu'er
11419,JJ Feild
11420,JJ Hannon
11421,Jo Ellen Pellman
11422,Jo Firestone
11423,Jo Gooding
11424,Jo Hartley
11425,Jo Martin
11426,Jo Osmond
11427,Jo Price
11428,Joab Camarena
11429,Joachim Calmeyer
11430,Joachim Król
11431,Joachim Paul Assböck
11432,Joakim Nango
11433,Joakim Olsson
11434,Joakim Skarli
11435,Joan Allen
11436,Joan Ann Archer
11437,Joan Baez
11438,Joan Brown
11439,Joan Cassidy
11440,Joan Chen
11441,Joan Cusack
11442,Joan Didion
11443,Joan Finch
11444,Joan Ganz Cooney
11445,Joan Gregson
11446,Joan Jett
11447,Joan Plowright
11448,Joan Rivers
11449,Joan Smalls
11450,Joana Barrios
11451,Joana Pais de Brito
11452,Joana Ribeiro
11453,Joanie Kleypas
11454,Joanna 'JoJo' Levesque
11455,Joanna Adler
11456,Joanna Arnow
11457,Joanna Bartling
11458,Joanna Bobin
11459,Joanna Chilcoat
11460,Joanna David
11461,Joanna Going
11462,Joanna Grudzinska
11463,Joanna Haartti
11464,Joanna Kulig
11465,Joanna Lumley
11466,Joanna Moukarzel
11467,Joanna Page
11468,Joanna Sanchez
11469,Joanna Scanlan
11470,Joanna Vanderham
11471,Joanne Crawford
11472,Joanne Froggatt
11473,Joanne Kimm
11474,Joanne Pearce
11475,Joanne Rodriguez
11476,Joanne Rogers
11477,Joanne Whalley
11478,Joaquim de Almeida
11479,Joaquin Phoenix
11480,Joaquina Kalukango
11481,Joaquín Cosio
11482,Joavany Alvarez
11483,Job Steenman
11484,JoBeth Williams
11485,Jocelin Donahue
11486,Jocelyn Bioh
11487,Jocelyn DeBoer
11488,Jocelyn Montoya
11489,Jocelyne Gaumond
11490,Jocelyne Zucco
11491,Jock McKissic
11492,Jodelle Ferland
11493,Jodhi May
11494,Jodi Benson
11495,Jodi Larratt
11496,Jodie Comer
11497,Jodie Davis
11498,Jodie Foster
11499,Jodie Kidd
11500,Jodie Turner-Smith
11501,Jodie Whittaker
11502,Jody Matzer
11503,Joe Alwyn
11504,Joe Anderson
11505,Joe Ando-Hirsh
11506,Joe Anoa'i
11507,Joe Azzopardi
11508,Joe Bastardi
11509,Joe Bays
11510,Joe Berryman
11511,Joe Biden
11512,Joe Bone
11513,Joe Bucaro III
11514,Joe Carman
11515,Joe Cassidy
11516,Joe Chrest
11517,Joe Citro
11518,Joe Cobden
11519,Joe Cocker
11520,Joe Cole
11521,Joe Crowley
11522,Joe Dante
11523,Joe David Walters
11524,Joe Dempsie
11525,Joe Dunne
11526,Joe Egender
11527,Joe Eldred
11528,Joe Eszterhas
11529,Joe Felece
11530,Joe Flaherty
11531,Joe Gallagher
11532,Joe Germanotta
11533,Joe Hemsley
11534,Joe Herrera
11535,Joe Hunter
11536,Joe Hurst
11537,Joe Jackson
11538,Joe Jonas
11539,Joe Keery
11540,Joe Klocek
11541,Joe Lipari
11542,Joe Lo Truglio
11543,Joe LoCicero
11544,Joe Manganiello
11545,Joe Mantegna
11546,Joe Massingill
11547,Joe Negri
11548,Joe Nunez
11549,Joe O'Grady
11550,Joe Pantoliano
11551,Joe Pesci
11552,Joe Pingue
11553,Joe Purdy
11554,Joe Sheridan
11555,Joe Simpson
11556,Joe Soares
11557,Joe Stevens
11558,Joe Sugg
11559,Joe Swanberg
11560,Joe Taslim
11561,Joe Thomas
11562,Joe Vaz
11563,Joe Witkowski
11564,Joel Allen
11565,Joel Basman
11566,Joel Courtney
11567,Joel Dawson
11568,Joel de la Fuente
11569,Joel Edgerton
11570,Joel Finkelstein
11571,Joel Fry
11572,Joel Garland
11573,Joel Grey
11574,Joel Hatch
11575,Joel Hebner
11576,Joel Jackson
11577,Joel Kim Booster
11578,Joel Kinnaman
11579,Joel Labelle
11580,Joel MacCormack
11581,Joel McCoy
11582,Joel McHale
11583,Joel Michaely
11584,Joel Montgrand
11585,Joel Moore
11586,Joel Morris
11587,Joel Murray
11588,Joel Rosenman
11589,Joel Rush
11590,Joel Schumacher
11591,Joel Spira
11592,Joel Tobeck
11593,Joel Virgel
11594,Joel Widman
11595,Joelle Carter
11596,Joely Collins
11597,Joely Fisher
11598,Joely Richardson
11599,Joesiah Amos
11600,Joey Abril
11601,Joey Ansah
11602,Joey Bicicchi
11603,Joey Bird
11604,Joey Brooks
11605,Joey Diaz
11606,Joey Fatone
11607,Joey Kern
11608,Joey King
11609,Joey Klein
11610,Joey Lauren Adams
11611,Joey Miyashima
11612,Joey Morgan
11613,Joey Richter
11614,Joey Rippo
11615,Joey Slotnick
11616,Joey Sordyl
11617,Joey Starr
11618,Joey Thurmond
11619,Joey Vieira
11620,Johan Heldenbergh
11621,Johan Leysen
11622,Johan Liljemark
11623,Johan Olsen
11624,Johan Philip Asbæk
11625,Johann Myers
11626,Johann von Bülow
11627,Johanna Colón
11628,Johanna Day
11629,Johanna Lidén
11630,Johanna Thea
11631,Johanna Wallmeier
11632,Johanna Wokalek
11633,Johannah Newmarch
11634,Johannes Benecke
11635,Johannes Holopainen
11636,Johannes Krisch
11637,Johannes Kuhnke
11638,Johannes Rau
11639,Johannes Stüttgen
11640,Johannes Zeiler
11641,John Abraham
11642,John Akanmu
11643,John Alan Roberts
11644,John Allen
11645,John Amos
11646,John Bailey
11647,John Barry
11648,John Beasley
11649,John Behlmann
11650,John Belushi
11651,John Benjamin Hickey
11652,John Berry Jr.
11653,John Bluthal
11654,John Boehner
11655,John Bolton
11656,John Boorman
11657,John Bourgeois
11658,John Boyd
11659,John Boyega
11660,John Brisby
11661,John Browning
11662,John Brumpton
11663,John Bubniak
11664,John Buchan
11665,John Buffalo Mailer
11666,John Byrd
11667,John C. McGinley
11668,John C. Reilly
11669,John Cage
11670,John Cale
11671,John Cameron Mitchell
11672,John Caparulo
11673,John Carroll Lynch
11674,John Casani
11675,John Cassini
11676,John Cena
11677,John Cenatiempo
11678,John Chancellor
11679,John Chester
11680,John Cheung
11681,John Chittenden
11682,John Cho
11683,John Clarke
11684,John Cleese
11685,John Coltrane
11686,John Corbett
11687,John Crane
11688,John Crann
11689,John Craven
11690,John Cronin
11691,John Cullum
11692,John Cusack
11693,John D'Emilio
11694,John D'Leo
11695,John D. Hickman
11696,John D. Michaels
11697,John Dagleish
11698,John Dalessandro
11699,John David Washington
11700,John Dean
11701,John DeLuca
11702,John Diehl
11703,John Doherty
11704,John Doman
11705,John Douglas
11706,John Dugdale
11707,John Early
11708,John Edmondson
11709,John Ehrlichman
11710,John Emmet Tracy
11711,John Eric Bentley
11712,John Erickson
11713,John F. Beach
11714,John F. Kennedy
11715,John Farley
11716,John Fell Ryan
11717,John Fiedler
11718,John Finn
11719,John Fiore
11720,John Forker
11721,John Francis Daley
11722,John Gallagher Jr.
11723,John Gauthier
11724,John Gawlik
11725,John Gemberling
11726,John Gettier
11727,John Getz
11728,John Gielgud
11729,John Goodluck
11730,John Goodman
11731,John Gordon Sinclair
11732,John Gregory Dunne
11733,John Hanes
11734,John Hannah
11735,John Hawkes
11736,John Heard
11737,John Heffernan
11738,John Hennigan
11739,John Henry Ward
11740,John Henry Whitaker
11741,John Henshaw
11742,John Heyman
11743,John Hodgman
11744,John Hollingworth
11745,John Howard
11746,John Hurt
11747,John Huston
11748,John Iziomon
11749,John J. Hansen
11750,John James Cronin
11751,John Kani
11752,John Kapelos
11753,John Karna
11754,John Kassir
11755,John Keating
11756,John Kerry
11757,John Krasinski
11758,John Ladd
11759,John Landis
11760,John Lasseter
11761,John Legend
11762,John Leguizamo
11763,John Lennon
11764,John Lewis
11765,John Lie
11766,John Lissauer
11767,John Lithgow
11768,John Livingston
11769,John Lloyd Cruz
11770,John Lloyd Young
11771,John Lobato
11772,John Locke
11773,John Logan Brent
11774,John Lollos
11775,John Lydon
11776,John Lynch
11777,John Magaro
11778,John Malkovich
11779,John Maloof
11780,John Marrott
11781,John Marshall Jones
11782,John Mayer
11783,John McCain
11784,John McConnell
11785,John McCrea
11786,John McDaid
11787,John McEnroe
11788,John Merical
11789,John Michael Greer
11790,John Milhiser
11791,John Morton
11792,John Mulaney
11793,John Newberg
11794,John Newsom
11795,John Noble
11796,John Norton
11797,John O'Creagh
11798,John O. Brennan
11799,John O. Pastore
11800,John Oliver
11801,John Ortiz
11802,John Ostrander
11803,John Ozuna
11804,John P. McGinty
11805,John Palumbo
11806,John Patrick Amedori
11807,John Perry Barlow
11808,John Peña Griswold
11809,John Piatek
11810,John Podesta
11811,John Pollono
11812,John Polson
11813,John Ralston
11814,John Ramm
11815,John Randolph
11816,John Ratzenberger
11817,John Reynolds
11818,John Rhys-Davies
11819,John Ritter
11820,John Roberts
11821,John Rothman
11822,John Rubinstein
11823,John Russell Houston Jr.
11824,John Savage
11825,John Schiappa
11826,John Schmidt
11827,John Schneider
11828,John Schwab
11829,John Scurti
11830,John Sehil
11831,John Sessions
11832,John Shrapnel
11833,John Simon
11834,John Slattery
11835,John Sorenson
11836,John Sparkes
11837,John Standing
11838,John Stockwell
11839,John Tasker
11840,John Taylor
11841,John Tokatlidis
11842,John Travis
11843,John Travolta
11844,John Trudell
11845,John Tui
11846,John Turturro
11847,John W. Bard
11848,John Waters
11849,John Weldon
11850,John Westley
11851,John Williams
11852,John Winchester
11853,John Witherspoon
11854,John Wolfe
11855,John Wood
11856,John-Luke Roberts
11857,John-Paul Howard
11858,Johnatan Sodré
11859,Johnathan Nieves
11860,Johnathan Tchaikovsky
11861,Johnathon Schaech
11862,Johnnie Ashe
11863,Johnno Wilson
11864,Johnny Carson
11865,Johnny Costa
11866,Johnny Depp
11867,Johnny Flynn
11868,Johnny Galecki
11869,Johnny Hallyday
11870,Johnny Harris
11871,Johnny Knoxville
11872,Johnny Lewis
11873,Johnny Mathis
11874,Johnny Messner
11875,Johnny Montreuil
11876,Johnny Nguyen
11877,Johnny Ortiz
11878,Johnny Pemberton
11879,Johnny Pineapple
11880,Johnny Simmons
11881,Johnny Thompson
11882,Johnny Vegas
11883,Johnny Vekris
11884,Johnny Yong Bosch
11885,Joi Johannsson
11886,Joivan Wade
11887,JoJo Siwa
11888,Joleen Baughman
11889,Jolene Andersen
11890,Jolene Blalock
11891,Jolie Chan
11892,Jolyon Coy
11893,Joman Chiang
11894,Jon Abrahams
11895,Jon Arthur
11896,Jon Atkinson
11897,Jon Barinholtz
11898,Jon Bass
11899,Jon Bernthal
11900,Jon Briddell
11901,Jon Chaffin
11902,Jon Cryer
11903,Jon Curry
11904,Jon Donahue
11905,Jon Favreau
11906,Jon Fishman
11907,Jon Foster
11908,Jon Furlong
11909,Jon Goiri
11910,Jon Gries
11911,Jon Hamm
11912,Jon Heder
11913,Jon Huber
11914,Jon Jaboolian
11915,Jon Kenny
11916,Jon Klaft
11917,Jon Kortajarena
11918,Jon Larsen
11919,Jon Lee Brody
11920,Jon Lemmon
11921,Jon Lovitz
11922,Jon Michael Hill
11923,Jon Mugar
11924,Jon Oswald
11925,Jon Prophet
11926,Jon Ranes
11927,Jon Rudnitsky
11928,Jon Stewart
11929,Jon Stone
11930,Jon Tenney
11931,Jon Voight
11932,Jon Øigarden
11933,Jona Xiao
11934,Jonah Blechman
11935,Jonah Bobo
11936,Jonah Graham
11937,Jonah Hauer-King
11938,Jonah Hill
11939,Jonah Kersey
11940,Jonah Russell
11941,Jonas Armstrong
11942,Jonas Ball
11943,Jonas Bloquet
11944,Jonas Dassler
11945,Jonas Gerholm
11946,Jonas Hoff Oftebro
11947,Jonas Holdenrieder
11948,Jonas Karlsson
11949,Jonas Mekas
11950,Jonas Strand Gravli
11951,Jonas Valanciunas
11952,Jonathan Abrahams
11953,Jonathan Ajayi
11954,Jonathan Aranbayev
11955,Jonathan Aris
11956,Jonathan Bailey
11957,Jonathan Banks
11958,Jonathan Barnwell
11959,Jonathan Bartholmé
11960,Jonathan Bennett
11961,Jonathan Blanco
11962,Jonathan Bogarin
11963,Jonathan Boudina
11964,Jonathan Brandis
11965,Jonathan Breck
11966,Jonathan Brugh
11967,Jonathan Buttram
11968,Jonathan C. Daly
11969,Jonathan Cain
11970,Jonathan Camp
11971,Jonathan Caouette
11972,Jonathan Capehart
11973,Jonathan Chase
11974,Jonathan Cherry
11975,Jonathan Cohen
11976,Jonathan Coyne
11977,Jonathan Daniel Brown
11978,Jonathan De La Torre
11979,Jonathan Delaney Tynan
11980,Jonathan Dubsky
11981,Jonathan Dwayne
11982,Jonathan Frakes
11983,Jonathan Freeman
11984,Jonathan French
11985,Jonathan Garcia
11986,Jonathan Genet
11987,Jonathan Groff
11988,Jonathan Gunning
11989,Jonathan Haagensen
11990,Jonathan Harden
11991,Jonathan Howard
11992,Jonathan Jackson
11993,Jonathan Ke Quan
11994,Jonathan Keltz
11995,Jonathan Kim
11996,Jonathan LaPaglia
11997,Jonathan Lipnicki
11998,Jonathan Livingstone
11999,Jonathan Majors
12000,Jonathan Marc Sherman
12001,Jonathan Mellor
12002,Jonathan Mercedes
12003,Jonathan Park
12004,Jonathan Potts
12005,Jonathan Pryce
12006,Jonathan Raggett
12007,Jonathan Rhys Meyers
12008,Jonathan Richman
12009,Jonathan Rosenthal
12010,Jonathan Rozen
12011,Jonathan Scarfe
12012,Jonathan Shatzky
12013,Jonathan Tucker
12014,Jonathan Velasquez
12015,Jonathan Wade-Drahos
12016,Jonathan Walker
12017,Jonathan Watton
12018,Jonathan Whitesell
12019,Jonathan Whittaker
12020,Jonathan Winters
12021,Jonathan Woodhouse
12022,Jonathan Yunger
12023,Jonathan Zaccaï
12024,Jonathon Watson
12025,Jones Emma
12026,Jong Ik Lee
12027,Jong-ho Kim
12028,Jong-seo Jeon
12029,Jonjo O'Neill
12030,Jonny Beauchamp
12031,Jonny Lee Miller
12032,Jonny Mars
12033,Jonny Orsini
12034,Jonny Phillips
12035,Jonny Sweet
12036,Jonny Weston
12037,Joo-Bong Ki
12038,Joobong Kee
12039,Joonas Koff
12040,Joonas Suotamo
12041,Joong-ok Lee
12042,Jordan Beck
12043,Jordan Black
12044,Jordan Blais
12045,Jordan Bolger
12046,Jordan Borges
12047,Jordan Bridges
12048,Jordan Burtchett
12049,Jordan Calloway
12050,Jordan Carlos
12051,Jordan Elsass
12052,Jordan Fisher
12053,Jordan Fraser-Trumble
12054,Jordan Gavaris
12055,Jordan Gelber
12056,Jordan Houston
12057,Jordan Johnson-Hinds
12058,Jordan L. Jones
12059,Jordan Ladd
12060,Jordan Long
12061,Jordan Monaghan
12062,Jordan Nagai
12063,Jordan Nash
12064,Jordan O'Donegan
12065,Jordan Peele
12066,Jordan Preston Carter
12067,Jordan Raskopoulos
12068,Jordan Ray Fox
12069,Jordan Rieke
12070,Jordan Rodrigues
12071,Jordan Stephens
12072,Jordan Trovillion
12073,Jordan Waller
12074,Jordan Williams
12075,Jordana Brewster
12076,Jordana Lajoie
12077,Jordana Largy
12078,Jordana Spiro
12079,Jordi Mollà
12080,Jordi Vilches
12081,Jordin Sparks
12082,Jordyn Ashley Olson
12083,Jordyn Cavros
12084,Jordyn DiNatale
12085,Joretsis Ibarra
12086,Jorge A. Jimenez
12087,Jorge Burruchaga
12088,Jorge Carrero
12089,Jorge Chapa
12090,Jorge Gidi
12091,Jorge Lamelas
12092,Jorge Lendeborg Jr.
12093,Jorge Leon Martinez
12094,Jorge Luis Bosque
12095,Jorge Noa
12096,Jorge Perugorría
12097,Jorge Román
12098,Jorge Sanz
12099,Jorge Usón
12100,Jorge-Yamam Serrano
12101,Jorja Brown
12102,Jorja Cadence
12103,Jorma Taccone
12104,Joross Gamboa
12105,Jos
12106,Jose Alfredo Jimenez Jr.
12107,Jose Angeles
12108,Jose Carias
12109,Jose Conejo Martin
12110,Jose Guns Alves
12111,Jose Pablo Cantillo
12112,Jose Palma
12113,Jose Rosete
12114,Jose Vasquez
12115,Josef Bierbichler
12116,Josef Davies
12117,Josef Goebbels
12118,Josef Hader
12119,Josef Trojan
12120,Josefina Fiebelkorn
12121,Josep Maria Pou
12122,Joseph A. Garcia
12123,Joseph Akubeze
12124,Joseph Barrows
12125,Joseph Bennett
12126,Joseph Bertót
12127,Joseph Beuys
12128,Joseph Billingiere
12129,Joseph Bishara
12130,Joseph Bologna
12131,Joseph Breen
12132,Joseph Cortese
12133,Joseph Cross
12134,Joseph D Fisher
12135,Joseph D. Reitman
12136,Joseph David-Jones
12137,Joseph Engel
12138,Joseph Fiennes
12139,Joseph Gatt
12140,Joseph Gilgun
12141,Joseph Gordon-Levitt
12142,Joseph Izzo
12143,Joseph Jimbazian
12144,Joseph Lee
12145,Joseph Lee Anderson
12146,Joseph Lyle Taylor
12147,Joseph Marcell
12148,Joseph Mawle
12149,Joseph Mazzello
12150,Joseph McBride
12151,Joseph McCarthy
12152,Joseph Millson
12153,Joseph Oliveira
12154,Joseph Ollman
12155,Joseph Park
12156,Joseph Poliquin
12157,Joseph Quinn
12158,Joseph Sikora
12159,Joseph Singletary
12160,Joseph Stalin
12161,Joseph Stiglitz
12162,Joseph Velez
12163,Joseph Whitebird
12164,Joseph Wray Barney
12165,Joseph Zinyemba
12166,Josephine Elle
12167,Josephine Langford
12168,Josephine Park
12169,Josette Simon
12170,Josh Andrés Rivera
12171,Josh Berry
12172,Josh Brener
12173,Josh Brolin
12174,Josh Burdett
12175,Josh Burford
12176,Josh C. Waller
12177,Josh Caras
12178,Josh Charles
12179,Josh Clark
12180,Josh Cooke
12181,Josh Cruddas
12182,Josh Duhamel
12183,Josh Dylan
12184,Josh Elliott Pickel
12185,Josh Ethier
12186,Josh Fadem
12187,Josh Gad
12188,Josh Green
12189,Josh Hamilton
12190,Josh Hartnett
12191,Josh Helman
12192,Josh Henry
12193,Josh Herdman
12194,Josh Hopkins
12195,Josh Hutcherson
12196,Josh Kornbluth
12197,Josh Lawson
12198,Josh Lucas
12199,Josh MacDonald
12200,Josh Manzer
12201,Josh Mason
12202,Josh McConville
12203,Josh Murray
12204,Josh Myers
12205,Josh O'Connor
12206,Josh Ostrovsky
12207,Josh Pais
12208,Josh Peck
12209,Josh Radnor
12210,Josh Richman
12211,Josh Robert Thompson
12212,Josh Ruben
12213,Josh Segarra
12214,Josh Staab
12215,Josh Stamberg
12216,Josh Stewart
12217,Josh Whitehouse
12218,Josh Wiggins
12219,Josh Zuckerman
12220,Joshua 'Chi-Fung' Wong
12221,Joshua Allan Eads
12222,Joshua Barragan
12223,Joshua Biton
12224,Joshua Boone
12225,Joshua Brennan
12226,Joshua Brockington
12227,Joshua Burge
12228,Joshua C Jackson
12229,Joshua Close
12230,Joshua Cooke
12231,Joshua Daniel Eady
12232,Joshua Diaz
12233,Joshua Dov
12234,Joshua Grannell
12235,Joshua Harto
12236,Joshua Henry
12237,Joshua Hoover
12238,Joshua Jackson
12239,Joshua Johnson-Lionel
12240,Joshua Leonard
12241,Joshua McGuire
12242,Joshua Mikel
12243,Joshua Ovalle
12244,Joshua Patrick Dudley
12245,Joshua R Aragon
12246,Joshua Rivera
12247,Joshua Rosen
12248,Joshua Rush
12249,Joshua Safdie
12250,Joshua Satine
12251,Joshua Schertenleib
12252,Joshua Viner
12253,Joshua Weigel
12254,Joshua Zeman
12255,Josiah Black
12256,Josiah Cerio
12257,Josiah D. Lee
12258,Josiah Gabriel
12259,Josiah McElheny
12260,Josiah Patkotak
12261,Josiane Balasko
12262,Josie Lawrence
12263,Josie Olivo
12264,Josie Walker
12265,Joss Carter
12266,Josse De Pauw
12267,Jostein A.B. Sandvik
12268,Josu Cubero
12269,Josu Varela
12270,Josue Ochoa
12271,José Acosta
12272,José Alberto Solorzano
12273,José Alfredo Fernandez
12274,José Andrés
12275,José Antonio García
12276,José Antonio Toledano
12277,José Barros
12278,José Báez
12279,José Carreras
12280,José Dumont
12281,José Eduardo Calzada Rovirosa
12282,José Eduardo Cardozo
12283,José Garcia
12284,José Javier Domínguez
12285,José Julián
12286,José Luis Ferrer
12287,José Luis Santalices
12288,José María Montero Pérez
12289,José Miguel Fernández
12290,José Vicente
12291,José Zúňiga
12292,José Ángel Egido
12293,Josée Deschênes
12294,Josée Schuller
12295,Joséphine de La Baume
12296,Joséphine Lebas-Joly
12297,Joséphine Sanz
12298,Jouko Ahola
12299,Jouko Puolanto
12300,Jourdan Dunn
12301,Journee Brown
12302,Jovair Arantes
12303,Jovan Adepo
12304,Jovan Armand
12305,Jovan Hathaway
12306,Jovani Ridler
12307,Jovita Rodríguez
12308,Joy Behar
12309,Joy Brewer
12310,Joy Bryant
12311,Joy Buolamwini
12312,Joy Osmanski
12313,Joy Richardson
12314,Joy Rieger
12315,Joy Sunday
12316,Joy Taylor
12317,Joyce DiDonato
12318,Joyce McQueen
12319,Joyce Van Patten
12320,Jozette Figueredo
12321,João Arrais
12322,João Pedro Rodrigues
12323,João Pedro Zappa
12324,Joël Danet
12325,Joël Delsaut
12326,Joël Dupont
12327,JR
12328,JR Hatchett
12329,Ju-bong Gi
12330,Ju-hyuk Kim
12331,Juan Andr
12332,Juan Andres Molina Cardona
12333,Juan Antonio
12334,Juan Antonio Bayona
12335,Juan Barberini
12336,Juan Bautista Martínez
12337,Juan Camillo Roman Estrada
12338,Juan Camilo Castillo
12339,Juan Carlos Ortuño
12340,Juan Carlos Zapata
12341,Juan Castano
12342,Juan de Marcos González
12343,Juan Diego
12344,Juan Diego Botto
12345,Juan Fernández
12346,Juan Gaspard
12347,Juan I. Martínez
12348,Juan Javier Reyes
12349,Juan Jesús Varela
12350,Juan José Ballesta
12351,Juan López-Tagle
12352,Juan Miguel Arias
12353,Juan Minujín
12354,Juan Ochoa
12355,Juan Pablo Geretto
12356,Juan Pablo Olyslager
12357,Juan Pablo Raba
12358,Juan Pablo Urrego
12359,Juan Ramón López
12360,Juan Rodríguez
12361,Juan Saavedra
12362,Juan Trench
12363,Juan Ugarte
12364,Juani Feliz
12365,Judah Abner Paul
12366,Judah Friedlander
12367,Judah Lang
12368,Judah Lewis
12369,Judd Apatow
12370,Judd Hirsch
12371,Judd Krok
12372,Judd Lormand
12373,Jude Hill
12374,Jude Law
12375,Jude S. Walko
12376,Judi Dench
12377,Judit Bárdos
12378,Judith Anderson
12379,Judith Baribeau
12380,Judith Chapman
12381,Judith Godrèche
12382,Judith Goedeke
12383,Judith Heumann
12384,Judith Hill
12385,Judith Hoag
12386,Judith Ivey
12387,Judith Jamison
12388,Judith Light
12389,Judith Roberts
12390,Judith Rodriguez Perez
12391,Judith Scott
12392,Judith Shekoni
12393,Judith State
12394,Judy Bamber
12395,Judy Collins
12396,Judy Davis
12397,Judy Donovan
12398,Judy Geeson
12399,Judy Gold
12400,Judy Greer
12401,Judy Hill
12402,Judy Kain
12403,Judy Kaye
12404,Judy Marte
12405,Judy McQueen Bauer
12406,Judy Reyes
12407,Jue Huang
12408,Juhan Ulfsak
12409,Juju Chan
12410,Juju Journey Brener
12411,Jule B
12412,Julee Cerda
12413,Jules Asner
12414,Jules Brown
12415,Jules Gauzelin
12416,Jules Hartley
12417,Jules Haven
12418,Jules Houplain
12419,Jules Lorenzo
12420,Jules Milo Levy Mackerras
12421,Jules Willcox
12422,Juli
12423,Juli Jakab
12424,Juli Kearns
12425,Julia Avendaño
12426,Julia Beerhold
12427,Julia Blake
12428,Julia Bray
12429,Julia Butters
12430,Julia Child
12431,Julia Deakin
12432,Julia Dufvenius
12433,Julia Effertz
12434,Julia Fox
12435,Julia Franz Richter
12436,Julia Garner
12437,Julia Gdula
12438,Julia Goldani Telles
12439,Julia Greer
12440,Julia Harnett
12441,Julia Jakubowska
12442,Julia Jedlikowska
12443,Julia Jentsch
12444,Julia Jones
12445,Julia K. Murney
12446,Julia Kassar
12447,Julia Knope
12448,Julia Louis-Dreyfus
12449,Julia Marie Peterson
12450,Julia Mart
12451,Julia Michaels
12452,Julia Nickson
12453,Julia Ormond
12454,Julia Ragnarsson
12455,Julia Rehwald
12456,Julia Riedler
12457,Julia Roberts
12458,Julia Rusatsky
12459,Julia Sarah Stone
12460,Julia Sawalha
12461,Julia Schneider
12462,Julia Stiles
12463,Julia Stone
12464,Julia Stressen-Reuter
12465,Julia Taylor Ross
12466,Julia Valentine Larson
12467,Julia Voss
12468,Julia Weldon
12469,Julian Adams
12470,Julian Amery
12471,Julian Assange
12472,Julian Bailey
12473,Julian Barratt
12474,Julian Black Antelope
12475,Julian Casey
12476,Julian Dennison
12477,Julian Ferro
12478,Julian Firth
12479,Julian Flynn
12480,Julian Francis Clift
12481,Julian Garner
12482,Julian Giraldo
12483,Julian Gopal
12484,Julian Grey
12485,Julian Hilliard
12486,Julian Ions
12487,Julian Kostov
12488,Julian Lerner
12489,Julian Lewis Jones
12490,Julian McMahon
12491,Julian Morris
12492,Julian Ovenden
12493,Julian Parker
12494,Julian Rhind-Tutt
12495,Julian Richings
12496,Julian Rozzell Jr.
12497,Julian Sands
12498,Julian Selman
12499,Julian Senior
12500,Julian Swiezewski
12501,Julian Wadham
12502,Julian Wheatland
12503,Julian Works
12504,Julian Zane
12505,Juliana Canfield
12506,Juliana Carneiro da Cunha
12507,Juliana Donald
12508,Juliana Long Tyson
12509,Juliane Elting
12510,Juliane Köhler
12511,Julianna Gamiz
12512,Julianna Margulies
12513,Julianne Hough
12514,Julianne Moore
12515,Julianne Nicholson
12516,Julie Agnete Vang
12517,Julie Agoraki
12518,Julie Andrews
12519,Julie Ann Emery
12520,Julie Bataille
12521,Julie Benz
12522,Julie Bowen
12523,Julie Christie
12524,Julie Cunningham
12525,Julie Davis
12526,Julie Delpy
12527,Julie Duck
12528,Julie Duclos
12529,Julie Engelbrecht
12530,Julie Fain Lawrence
12531,Julie Felix
12532,Julie Ferrier
12533,Julie Gayet
12534,Julie Gonzalo
12535,Julie Hagerty
12536,Julie Hannan
12537,Julie Kavner
12538,Julie Khaner
12539,Julie LeBreton
12540,Julie Lott
12541,Julie McCullough
12542,Julie Mickelson
12543,Julie Mintz
12544,Julie Nolke
12545,Julie Oliver-Touchstone
12546,Julie Pearl
12547,Julie R. Ølgaard
12548,Julie Stackhouse
12549,Julie Stewart
12550,Julie Victor
12551,Julie Vorus
12552,Julie Walters
12553,Julie White
12554,Julie-Marie Parmentier
12555,Julien Benoiton
12556,Julien Boissaud
12557,Julien Boisselier
12558,Julien Bouanich
12559,Julien Manier
12560,Julien Souve
12561,Julien Vargas
12562,Juliet Aubrey
12563,Juliet Brett
12564,Juliet Rylance
12565,Juliet Stevenson
12566,Julieta Cardinali
12567,Julieta Díaz
12568,Julieta Ortiz
12569,Julieta Serrano
12570,Julieth Restrepo
12571,Juliette Allen-Angelo
12572,Juliette Binoche
12573,Juliette Crosbie
12574,Juliette Darche
12575,Juliette Gosselin
12576,Juliette Gr
12577,Juliette Lewis
12578,Juliette Tresanini
12579,Julio A. Sanchez
12580,Julio Bonet
12581,Julio Bracho
12582,Julio Cedillo
12583,Julio Diaz
12584,Julio Martinez
12585,Julio Perillán
12586,Julio Rodríguez
12587,Julio Serrano Echeverría
12588,Julio Torres
12589,Juliocesar Chavez
12590,Julitza Berberena
12591,Julius Fleischanderl
12592,Julián Larquier Tellarini
12593,Julián López
12594,Jun Hu
12595,Jun Kunimura
12596,Jun Murakami
12597,Jun Sagawa
12598,Jun Yu
12599,Jun'ichi Haruta
12600,Jun'ichi Suwabe
12601,Jun-Sang Yu
12602,Jun-yeol Ryu
12603,June Brown
12604,June Diane Raphael
12605,June Peterson
12606,June Squibb
12607,Jung Hyeon-jun
12608,Jung Ik-Han
12609,Jung-hyun Lee
12610,Jung-Jae Lee
12611,Jung-woo Ha
12612,Junichi Kajioka
12613,Junior Afolabi Salokun
12614,Junkie XL
12615,Junko Bailey
12616,Junko Mitsuhashi
12617,Junming 'Jimmy' Wang
12618,Juno Temple
12619,Junya Enoki
12620,Juraj Loj
12621,Juri Henley-Cohn
12622,Jurnee Smollett
12623,Jusef Anthony
12624,Jussie Smollett
12625,Justice Smith
12626,Justin A. Martell
12627,Justin Bartha
12628,Justin Benson
12629,Justin Bieber
12630,Justin Bond
12631,Justin Briner
12632,Justin Ca
12633,Justin Chambers
12634,Justin Chatwin
12635,Justin Chon
12636,Justin Clarke
12637,Justin Cook
12638,Justin Cornwell
12639,Justin Croft
12640,Justin Deas
12641,Justin Eaton
12642,Justin Edwards
12643,Justin Fletcher
12644,Justin France
12645,Justin Guarini
12646,Justin Hartley
12647,Justin Hurtt-Dunkley
12648,Justin Inman
12649,Justin James Boykin
12650,Justin Joseph Bieber
12651,Justin Kauflin
12652,Justin Kelly
12653,Justin Kirk
12654,Justin Korovkin
12655,Justin Levitt
12656,Justin Long
12657,Justin Louis
12658,Justin Marshall
12659,Justin Martin
12660,Justin Peck
12661,Justin Pierce
12662,Justin R. Chan
12663,Justin Rain
12664,Justin Randell Brooke
12665,Justin Rose
12666,Justin Salinger
12667,Justin Sisk
12668,Justin Smith
12669,Justin Swain
12670,Justin Theroux
12671,Justin Thomas Howell
12672,Justin Timberlake
12673,Justin Welborn
12674,Justin Whalin
12675,Justina Kulidu
12676,Justina Machado
12677,Justine Bachelet
12678,Justine Bennett
12679,Justine Clarke
12680,Justine Herbez
12681,Justine Wachsberger
12682,Justine Waddell
12683,Justine Warrington
12684,Juston Street
12685,Justus Davis Graham
12686,Justus von Dohnanyi
12687,Jutta Lampe
12688,Juuso Hirvikangas
12689,Jwaundace Candece
12690,Jyo Kairi
12691,János Derzsi
12692,János Kulka
12693,Jérémie Elkaïm
12694,Jérémie Renier
12695,Jérémie Yuen
12696,Jérôme Brimeux
12697,Jérôme Varanfrain
12698,Jóhann Sigurðarson
12699,Jóhannes Haukur Jóhannesson
12700,József Szarvas
12701,Jördis Triebel
12702,Jörgen Liik
12703,Jörgen Thorsson
12704,Jörn Donner
12705,Jörundur Ragnarsson
12706,Júlia Ladányi
12707,Júlia Nyakó
12708,Júlia Roliz
12709,Júlia Stockler
12710,Júlio Machado
12711,Jürgen Prochnow
12712,Jürgen Tarrach
12713,K. Megan McArthur
12714,K. Todd Freeman
12715,K.C. Collins
12716,K.C. Faldasz
12717,K.J. Apa
12718,Ka Tung Lam
12719,Ka-nin Ngo
12720,Ka-Yan Leung
12721,Kaalan Rashad Walker
12722,Kaan Guldur
12723,Kaarin Fairfax
12724,Kaarle Aho
12725,Kabby Borders
12726,Kabrina Adams
12727,Kabwita Kasongo
12728,Kacie Doocey
12729,Kad Merad
12730,Kadan Rockett
12731,KaDee Strickland
12732,Kadeem Hardison
12733,Kadeem Ramsay
12734,Kadiff Kirwan
12735,Kadir Çermik
12736,Kadrolsha Ona Carole
12737,Kae Alexander
12738,Kaede Hondo
12739,Kael Damlamian
12740,Kagen Albright
12741,Kaho
12742,Kaho Minami
12743,Kai
12744,Kai Bigwood
12745,Kai Cao
12746,Kai Henderson
12747,Kai Kadlec
12748,Kai Lehtinen
12749,Kai Luke Brummer
12750,Kai N. Ture
12751,Kai Nordberg
12752,Kai Wang
12753,Kai Zheng
12754,Kai-Chung Cheung
12755,Kai-Peter Malina
12756,Kaidon McGrath
12757,Kailey Crawford
12758,Kaili Vernoff
12759,Kailyn Davis
12760,Kailyn Orta
12761,Kais Nashif
12762,Kaisa Hammarlund
12763,Kaisaro Jussara Brito
12764,Kait Tenison
12765,Kaitlin Olson
12766,Kaitlin Orem
12767,Kaitlyn Airdrie
12768,Kaitlyn Bernard
12769,Kaitlyn Boyé
12770,Kaitlyn Dever
12771,Kaitlyn Maher
12772,Kaiwi Lyman-Mersereau
12773,Kajol
12774,Kajsa Ernst
12775,Kajsa Mohammar
12776,Kakai Bautista
12777,Kakha Gogidze
12778,Kakha Kintsurashvili
12779,Kal Penn
12780,Kal-El Cage
12781,Kalanikauleleiaiwi Jardine
12782,Kaleb Alexander Roberts
12783,Kaleb Williams
12784,Kaleil Isaza Tuzman
12785,Kaleila Johnson
12786,Kalen Allen
12787,Kalena Yiaueki
12788,Kaleti Williams
12789,Kaley Cuoco
12790,Kaley Cuoco-Sweeting
12791,Kali Hawk
12792,Kallie Tabor
12793,Kallum Tolkien
12794,Kaloyan Hristov
12795,Kalundu Banda
12796,Kalyane Linares
12797,Kamal Angelo Bolden
12798,Kamel Abdeli
12799,Kamel El Basha
12800,Kami King
12801,Kamika Desrosiers
12802,Kamil Lemieszewski
12803,Kamil Nozynski
12804,Kamilla Alnes
12805,Kamlesh Gill
12806,Kamran Shaikh
12807,Kana Hanazawa
12808,Kana Hatakeyama
12809,Kana Ichinose
12810,Kana Mahiro
12811,Kanarpat Phintiang
12812,Kane Hodder
12813,Kane Mahon
12814,Kane Nelson
12815,Kang Echae
12816,Kang Kang
12817,Kang-ho Song
12818,Kang-sheng Lee
12819,Kaniehtiio Horn
12820,Kanji Furutachi
12821,Kanoa Goo
12822,Kanon Tani
12823,Kanza Feris
12824,Kaona Sylejmani
12825,Kapil Kumar Netra
12826,Kara Fenlon
12827,Kara Hayward
12828,Kara Raposo
12829,Kara Royster
12830,Kara Young
12831,Karan Brar
12832,Karan Kendrick
12833,Karan Oberoi
12834,Karan Soni
12835,Kareem Abdul-Jabbar
12836,Kareem Alkabbani
12837,Karel Dobrý
12838,Karel Roden
12839,Karen Abercrombie
12840,Karen Allen
12841,Karen Alyx
12842,Karen Baker Landers
12843,Karen Bjornson
12844,Karen Black
12845,Karen David
12846,Karen Egan
12847,Karen Fu
12848,Karen Gagnon
12849,Karen Gillan
12850,Karen Goeller
12851,Karen Holness
12852,Karen Kaia Livers
12853,Karen Lancaume
12854,Karen Lesiewicz
12855,Karen Lynn Gorney
12856,Karen Martínez
12857,Karen Mason
12858,Karen Mok
12859,Karen Olivo
12860,Karen Quintero
12861,Karen Sampford
12862,Karen Scully
12863,Karen Strassman
12864,Karena Evans
12865,Karena Ng
12866,Kari Hietalahti
12867,Kari Matchett
12868,Kari Perdue
12869,Kari Wahlgren
12870,Kari Wuhrer
12871,Karidja Touré
12872,Karie Lynn McDermott Wilder
12873,Karim Chihab
12874,Karim Jovian
12875,Karim Leklou
12876,Karimah Westbrook
12877,Karin Carr
12878,Karin de Frumerie
12879,Karin Eberhard
12880,Karin Engman
12881,Karin Franz Körlof
12882,Karin Konoval
12883,Karin Leclercq
12884,Karin Lischka
12885,Karin Mustvedt-Plüs
12886,Karin Neuhäuser
12887,Karin Serrouya
12888,Karin Viard
12889,Karina Fernandez
12890,Karina Fontes
12891,Karina Grzella
12892,Karina Kolokolchykova
12893,Karina Ziana Gherasim
12894,Karine Myriam Lapouble
12895,Karine Teles
12896,Karl Farrer
12897,Karl Feder
12898,Karl Geary
12899,Karl Glusman
12900,Karl Heinz Vosgerau
12901,Karl Howman
12902,Karl Jackson
12903,Karl Johnson
12904,Karl Lagerfeld
12905,Karl Markovics
12906,Karl Theobald
12907,Karl Thordarson
12908,Karl Urban
12909,Karl Willetts
12910,Karl-Fred Müller
12911,Karla Crome
12912,Karla Garbelotto
12913,Karla Souza
12914,Karla-Simone Spence
12915,Karle Gwen
12916,Karlee Perez
12917,Karma Meyer
12918,Karma Sood
12919,Karol Sikora
12920,Karolina Wydra
12921,Karoline Eichhorn
12922,Karoline Herfurth
12923,Karoline Schuch
12924,Karra Elejalde
12925,Karren Karagulian
12926,Karrie Cox
12927,Karrueche Tran
12928,Karyn Parsons
12929,Kasey Elise
12930,Kasia Dyszkiewicz
12931,Kasia Smutniak
12932,Kasper van Groesen
12933,Kassia Conway
12934,Kassius Nelson
12935,Kasumi Arimura
12936,Kat Conner Sterling
12937,Kat Dennings
12938,Kat Sawyer
12939,Kat Stewart
12940,Katalin Dombi
12941,Katalin L
12942,Katalin Ladik
12943,Katariina Lauk
12944,Katarina Blind
12945,Katarina Cas
12946,Katarzyna Dziurska
12947,Katarzyna Figura
12948,Katarzyna Gniewkowska
12949,Katarzyna Herman
12950,Kate Adair
12951,Kate Adams
12952,Kate Arrington
12953,Kate Ashfield
12954,Kate Avallone
12955,Kate Beckinsale
12956,Kate Berlant
12957,Kate Bornstein
12958,Kate Bosworth
12959,Kate Bracken
12960,Kate Burton
12961,Kate Butler
12962,Kate Capshaw
12963,Kate Comer
12964,Kate Corbett
12965,Kate del Castillo
12966,Kate Dickie
12967,Kate Drummond
12968,Kate Easton
12969,Kate Edgar
12970,Kate Fenton
12971,Kate Fitzgerald
12972,Kate Fleetwood
12973,Kate Grimes
12974,Kate Harbour
12975,Kate Harcourt
12976,Kate Hodge
12977,Kate Hudson
12978,Kate Levering
12979,Kate Lyn Sheil
12980,Kate Lynch
12981,Kate Mara
12982,Kate Margo
12983,Kate McKinnon
12984,Kate Micucci
12985,Kate Moran
12986,Kate Moyer
12987,Kate Nauta
12988,Kate Nic Chonaonaigh
12989,Kate Nichols
12990,Kate Normington
12991,Kate Nowlin
12992,Kate Phillips
12993,Kate Siegel
12994,Kate Taylor
12995,Kate Theisen
12996,Kate Upton
12997,Kate Walsh
12998,Kate Watson
12999,Kate Williams
13000,Kate Winslet
13001,Katee Sackhoff
13002,Katelijne Damen
13003,Katelyn Farrugia
13004,Katelyn Pearce
13005,Katelyn Wells
13006,Katelynn Rodriguez
13007,Katerina Graham
13008,Kateryna Bursikova
13009,Kateryna Popravka
13010,Katey Sagal
13011,Katharina Linder
13012,Katharina Schüttler
13013,Katharine Isabelle
13014,Katharine King So
13015,Katharine Mangold
13016,Katharine Ross
13017,Katherin
13018,Katherine Cullen
13019,Katherine Cunningham
13020,Katherine DeBoer
13021,Katherine Dickson
13022,Katherine Heigl
13023,Katherine Hozier-Adams
13024,Katherine Jackson
13025,Katherine Jenkins
13026,Katherine Kelly
13027,Katherine Langford
13028,Katherine McNamara
13029,Katherine Parkinson
13030,Katherine Pearce
13031,Katherine Waterston
13032,Katheryn Winnick
13033,Kathie Lee Gifford
13034,Kathleen Bagby
13035,Kathleen Brady
13036,Kathleen Hanna
13037,Kathleen McDermott
13038,Kathleen Munroe
13039,Kathleen Nolan
13040,Kathleen Pollard
13041,Kathleen Quinlan
13042,Kathleen Ray
13043,Kathleen Robertson
13044,Kathleen Turner
13045,Kathleen Wilhoite
13046,Kathreen Khavari
13047,Kathrin Resetarits
13048,Kathrine Barnes
13049,Kathrine Narducci
13050,Kathrine Thorborg Johansen
13051,Kathryn Erbe
13052,Kathryn Feeney
13053,Kathryn Hahn
13054,Kathryn Kates
13055,Kathryn Kelly
13056,Kathryn Kirkpatrick
13057,Kathryn McCormick
13058,Kathryn Newton
13059,Kathryn Prescott
13060,Kathryn Schneider
13061,Kathryn Wilder
13062,Kathryn Zenna
13063,Kathy Baker
13064,Kathy Bates
13065,Kathy Burke
13066,Kathy Carruth
13067,Kathy Declesis
13068,Kathy Griffin
13069,Kathy Jones-Gates
13070,Kathy Najimy
13071,Kathy Valentine
13072,Kati Outinen
13073,Kati Salowsky
13074,Katia Mullova-Brind
13075,Katia Pascariu
13076,Katia Winter
13077,Katiana Milfort
13078,Katie Aselton
13079,Katie Beth Hall
13080,Katie Carpenter
13081,Katie Cassidy
13082,Katie Chang
13083,Katie Claire McGrath
13084,Katie Dippold
13085,Katie Douglas
13086,Katie Duncan
13087,Katie Eichler
13088,Katie Fahey
13089,Katie Featherston
13090,Katie Findlay
13091,Katie Finneran
13092,Katie Hartman
13093,Katie Hayashida
13094,Katie Henoch
13095,Katie Holmes
13096,Katie Jarvis
13097,Katie Kneeland
13098,Katie Leung
13099,Katie Lowes
13100,Katie Lynn McDowell
13101,Katie McClellan
13102,Katie McGovern
13103,Katie O'Grady
13104,Katie Parker
13105,Katie Prentiss
13106,Katie Proctor
13107,Katie Sarife
13108,Katie Stuart
13109,Katinka Evers-Jahnsen
13110,Katinka Faragó
13111,Katja Brenner
13112,Katja Herbers
13113,Katja Riemann
13114,Katja Studt
13115,Katla M. Þorgeirsdóttir
13116,Katori Hall
13117,Katrin Daliot
13118,Katrin Saß
13119,Katrina Begin
13120,Katrina Bowden
13121,Katrina Vasilieva
13122,Katsuki Mori
13123,Katsunosuke Hori
13124,Katsuya Kobayashi
13125,Katsuyuki Konishi
13126,Katt Williams
13127,Katy Bodenhamer
13128,Katy Carmichael
13129,Katy England
13130,Katy Erin
13131,Katy M. O'Brian
13132,Katy P
13133,Katy Perry
13134,Katya Bakat
13135,Kausar Mohammed
13136,Kaveh Ahangar
13137,Kawa Ada
13138,Kawari Desrosiers
13139,Kawsar Al Haddad
13140,Kawthar Al Haddad
13141,Kay Day
13142,Kay Greidanus
13143,Kay Panabaker
13144,Kaya Coleman
13145,Kaya Scodelario
13146,Kaya Wilkins
13147,Kaycee Moore
13148,Kayden Magnuson
13149,Kaye Brownlee-France
13150,Kayko Thompson
13151,Kayla Carraway
13152,Kayla Caulfield
13153,Kayla Hamilton
13154,Kayla Harrity
13155,Kayla Heller
13156,Kayla Lakhani
13157,Kayla Rae Vesce
13158,Kayla Reed
13159,Kayleigh Bennett
13160,Kayli Carter
13161,Kayvan Novak
13162,Kazi Maubert
13163,Kazuaki Nagaya
13164,Kazuaki Shimizu
13165,Kazuhiro Muroyama
13166,Kazuki Kitamura
13167,Kazuko Yoshiyuki
13168,Kazutaka Sangen
13169,Kazuya Kojima
13170,Kazuya Nakai
13171,Kazuya Tanabe
13172,Kazy Tauginas
13173,Kc Solaris
13174,Ke Shi
13175,Ke-Xi Wu
13176,Keala Settle
13177,Keanu Reeves
13178,Kearstin Plemel
13179,Keaver Brenai
13180,Kedar Williams-Stirling
13181,Kee Chan
13182,Keean Johnson
13183,Keegan Joyce
13184,Keegan-Michael Key
13185,Keeley Hawes
13186,Keeli Wheeler
13187,Keelin Woodell
13188,Keely Cat Wells
13189,Keenan Arrison
13190,Keesha Sharp
13191,Kei
13192,Keianna Nutley
13193,Keiko Takeshita
13194,Keir Gilchrist
13195,Keir O'Donnell
13196,Keira Bennett
13197,Keira Chansa
13198,Keira Knightley
13199,Keisha Castle-Hughes
13200,Keisley Gauthier
13201,Keita Ninomiya
13202,Keith
13203,Keith Arthur Bolden
13204,Keith Bourton
13205,Keith Bowser
13206,Keith Carradine
13207,Keith Cavill
13208,Keith D. Evans
13209,Keith David
13210,Keith Godchaux
13211,Keith Jardine
13212,Keith Johnson
13213,Keith L. Williams
13214,Keith LeCreed Harris
13215,Keith MacPherson
13216,Keith Poulson
13217,Keith Powers
13218,Keith Richards
13219,Keith Robinson
13220,Keith Silverstein
13221,Keith Szarabajka
13222,Keith Williams Richards
13223,Keiynan Lonsdale
13224,Keke Palmer
13225,Kel Mitchell
13226,Kelen Coleman
13227,Kellan Lutz
13228,Kellen Goff
13229,Keller Viaene
13230,Kelley Jakle
13231,Kelley Mack
13232,Kelli Bailey
13233,Kelli Berglund
13234,Kelli Garner
13235,Kelli O'Hara
13236,Kelli Simpkins
13237,Kellie Shirley
13238,Kellita Smith
13239,Kelly Abbondanzo
13240,Kelly Albanese
13241,Kelly Asbury
13242,Kelly AuCoin
13243,Kelly Campbell
13244,Kelly Carlson
13245,Kelly Clarkson
13246,Kelly Deadmon
13247,Kelly Frye
13248,Kelly Golden
13249,Kelly Hu
13250,Kelly Jenrette
13251,Kelly Lamor Wilson
13252,Kelly Lin
13253,Kelly Macdonald
13254,Kelly Marie Tran
13255,Kelly McCormack
13256,Kelly McGillis
13257,Kelly Murtagh
13258,Kelly O'Sullivan
13259,Kelly Preston
13260,Kelly Reilly
13261,Kelly Richardson
13262,Kelly Rohrbach
13263,Kelly Rowland
13264,Kelly Schembri
13265,Kelly Sullivan
13266,Kelly Thornton
13267,Kelly Vitz
13268,Kelly Wright
13269,Kelsey Asbille
13270,Kelsey Grammer
13271,Kelsey Pribilski
13272,Kelsy Abbott
13273,Kelvin Hale
13274,Kelvin Harrison Jr.
13275,Kelvin Ho
13276,Kelvin Maxwell Ngoma
13277,Kelvin McGrue
13278,Kelvin Mutuku Ndinda
13279,Kembra Pfahler
13280,Ken Alexander
13281,Ken Auletta
13282,Ken Bevel
13283,Ken Boe
13284,Ken Bradshaw
13285,Ken Burns
13286,Ken Collins
13287,Ken Cook
13288,Ken Davitian
13289,Ken Drury
13290,Ken Foree
13291,Ken Garito
13292,Ken Ham
13293,Ken Hudson Campbell
13294,Ken Jeong
13295,Ken Kaneko
13296,Ken Kirby
13297,Ken Kirzinger
13298,Ken Leung
13299,Ken Marino
13300,Ken Miller
13301,Ken Mitsuishi
13302,Ken Nwosu
13303,Ken Quitugua
13304,Ken Robinson
13305,Ken Sansom
13306,Ken Stott
13307,Ken Takakura
13308,Ken Tremblett
13309,Ken Watanabe
13310,Ken Weiler
13311,Ken White
13312,Ken Yamamura
13313,Ken'ichi Endô
13314,Ken'ichi Matsuyama
13315,Kenan Ibrahimefendic
13316,Kenan Thompson
13317,Kendal Farr
13318,Kendall Joy Hall
13319,Kendra Andrews
13320,Kendra C. Johnson
13321,Kendra Marie
13322,Kendra Mei
13323,Kendrick Cross
13324,Kendrick Sampson
13325,Kendy Cheung
13326,Kendô Kobayashi
13327,Kengo Kôra
13328,Kenichi Masuda
13329,Kennedi Butler
13330,Kennedi Clements
13331,Kennedy Summers
13332,Kenneisha Thompson
13333,Kenneth 'Babyface' Edmonds
13334,Kenneth Bower
13335,Kenneth Branagh
13336,Kenneth Choi
13337,Kenneth Collard
13338,Kenneth Cranham
13339,Kenneth De Abrew
13340,Kenneth Farmer
13341,Kenneth Fok
13342,Kenneth Hadley
13343,Kenneth Israel
13344,Kenneth Kynt Bryan
13345,Kenneth Miller
13346,Kenneth Mitchell
13347,Kenneth Nkosi
13348,Kenneth Wayne Bradley
13349,Kenneth Welsh
13350,Kenny Doughty
13351,Kenny G
13352,Kenny Johnston
13353,Kenny Leu
13354,Kenny Lin
13355,Kenny Low
13356,Kenny S
13357,Kenny Schacter
13358,Kenny Wormald
13359,Kenshô Ono
13360,Kent Cheng
13361,Kent Ekeroth
13362,Kent Fuher
13363,Kent Shelton
13364,Kenta Ogawa
13365,Kenta Satoi
13366,Kentaro Araki
13367,Kentarô Itô
13368,Kentez Asaka
13369,Kentucker Audley
13370,Kenya Sawada
13371,Kenzie Caplan
13372,Kenzo Takada
13373,Keong Sim
13374,Keoni Rebeiro
13375,Kerem Arslan
13376,Kerem Can
13377,Keren Berger
13378,Keri Russell
13379,Kermit Roosevelt
13380,Kerr Smith
13381,Kerri Kenney
13382,Kerri McLean
13383,Kerris Dorsey
13384,Kerry Bishé
13385,Kerry Butler
13386,Kerry Cahill
13387,Kerry Condon
13388,Kerry Flanagan
13389,Kerry Fox
13390,Kerry O'Malley
13391,Kerry Shale
13392,Kerry Washington
13393,Kerry Westcott
13394,Keru Wang
13395,Keshia Knight Pulliam
13396,Kestie Morassi
13397,Kesun Loder
13398,Ketil Høegh
13399,Keung-Kuen Lai
13400,Kev Adams
13401,Kevan Rabat
13402,Kevin Alejandro
13403,Kevin Alves
13404,Kevin Bacon
13405,Kevin Bashev
13406,Kevin Bigley
13407,Kevin Bishop
13408,Kevin Brennan
13409,Kevin Carroll
13410,Kevin Cassidy
13411,Kevin Chamberlin
13412,Kevin Changaris
13413,Kevin Chapman
13414,Kevin Cheng
13415,Kevin Clarke
13416,Kevin Claydon
13417,Kevin Connolly
13418,Kevin Corrigan
13419,Kevin Costner
13420,Kevin Covais
13421,Kevin Crowley
13422,Kevin Dillon
13423,Kevin Dorff
13424,Kevin Downes
13425,Kevin Dunn
13426,Kevin Durand
13427,Kevin Eldon
13428,Kevin Fonteyne
13429,Kevin Fuller
13430,Kevin Garnett
13431,Kevin Gillese
13432,Kevin Goodman
13433,Kevin Graham-Caso
13434,Kevin Guthrie
13435,Kevin Hanchard
13436,Kevin Hart
13437,Kevin Hearn
13438,Kevin Heffernan
13439,Kevin Hernandez
13440,Kevin J. O'Connor
13441,Kevin James
13442,Kevin Janssens
13443,Kevin Johnson
13444,Kevin Jonas
13445,Kevin Kane
13446,Kevin Kent
13447,Kevin Kincaid
13448,Kevin Kline
13449,Kevin Kolack
13450,Kevin L. Johnson
13451,Kevin Layne
13452,Kevin Maier
13453,Kevin Mains
13454,Kevin Matadeen
13455,Kevin McKidd
13456,Kevin McNally
13457,Kevin Mitnick
13458,Kevin Moccia
13459,Kevin Myers
13460,Kevin Nash
13461,Kevin Nealon
13462,Kevin O'Donnell
13463,Kevin O'Rourke
13464,Kevin P. Farley
13465,Kevin Pearce
13466,Kevin Phillips
13467,Kevin Pollak
13468,Kevin Pugh
13469,Kevin Quinn
13470,Kevin Rankin
13471,Kevin Richardson
13472,Kevin Seal
13473,Kevin Sizemore
13474,Kevin Smith
13475,Kevin Sorbo
13476,Kevin Spacey
13477,Kevin Sussman
13478,Kevin Van Doorslaer
13479,Kevin Wiggins
13480,Kevin Wu
13481,Kevin Zegers
13482,Keyaan Hameed
13483,Kezii Curtis
13484,Khadeeja Mua'th
13485,Khadija Emma Neumann
13486,Khadijha Red Thunder
13487,Khail Bryant
13488,Khaled Abdelhamed
13489,Khaled Abol Naga
13490,Khaled Alouach
13491,Khaled Barakeh
13492,Khali Best
13493,Khalid Abdalla
13494,Khalid Abdulraheem
13495,Khalishan Liang
13496,Khan Chittenden
13497,Khaneshia 'KJ' Smith
13498,Khary Payton
13499,Kheon Clarke
13500,Khiyla Aynne
13501,Khoun Sothea
13502,Khris Davis
13503,Khulan Chuluun
13504,Khylin Rhambo
13505,Ki Hong Lee
13506,Ki Joabang
13507,Ki-duk Kim
13508,Ki-moon Ban
13509,Kiah Alexandria Clingman
13510,Kian Lawley
13511,Kiana Madani
13512,Kiana Madeira
13513,Kiara Beltran
13514,Kiara Carrière
13515,Kiara Pichardo
13516,Kiawentiio
13517,Kick Gurry
13518,Kid Cudi
13519,Kiddy Smile
13520,Kiefer Sutherland
13521,Kiele Sanchez
13522,Kiera Allen
13523,Kiera Bell
13524,Kieran Charnock
13525,Kieran Culkin
13526,Kieran Gallagher
13527,Kieran O'Brien
13528,Kiere Johnson
13529,Kieri Kennedy
13530,Kiersey Clemons
13531,Kiersten Armstrong
13532,Kierston Wareing
13533,Kiichi Nakai
13534,Kika Magalhaes
13535,Kiki
13536,Kiki Kitana Rodriguez
13537,KiKi Layne
13538,Kiki Smith
13539,Kiki Sukezane
13540,Kiko Mizuhara
13541,Kiley Casciano
13542,Killer Mike
13543,Killian Coyle
13544,Killian Scott
13545,Kim Adis
13546,Kim Allen
13547,Kim Basinger
13548,Kim Bodnia
13549,Kim Caramele
13550,Kim Cattrall
13551,Kim Chapman
13552,Kim Coates
13553,Kim Collins
13554,Kim Dickens
13555,Kim Donahue
13556,Kim Engelbrecht
13557,Kim Estes
13558,Kim Gordon
13559,Kim Gyngell
13560,Kim Matula
13561,Kim Patel
13562,Kim Ramirez
13563,Kim Rhodes
13564,Kim Rios Lin
13565,Kim Robin Svartdal
13566,Kim Rossi Stuart
13567,Kim Yi-Jeong
13568,Kim Zimmer
13569,Kim-Anh Schreiber
13570,Kimberley Nixon
13571,Kimberly Battista
13572,Kimberly Butler
13573,Kimberly Elise
13574,Kimberly Guerrero
13575,Kimberly Hebert Gregory
13576,Kimberly Hester Huffstetler
13577,Kimberly Howe
13578,Kimberly Kardashian
13579,Kimberly Peirce
13580,Kimberly Quinn
13581,Kimberly Rydell
13582,Kimberly S. Fairbanks
13583,Kimberly Scott
13584,Kimberly W Sandefur
13585,Kimberly Williams-Paisley
13586,Kimi Alexander
13587,Kimi Hsia
13588,Kimia Behpoornia
13589,Kimiko Glenn
13590,Kimmy Choi
13591,Kimmy Jimenez
13592,Kimmy Shields
13593,Kindall Charters
13594,King
13595,King Lau
13596,King Orba
13597,Kingsley Be
13598,Kingsley Ben-Adir
13599,Kingston Foster
13600,Kinh Quoc Nguyen
13601,Kinnie Starr
13602,Kiowa Gordon
13603,Kip Chapman
13604,Kip Pardue
13605,Kipan Rothbury
13606,Kipp Marcus
13607,Kippei Shiina
13608,Kira Buckland
13609,Kira Carman
13610,Kira Powell
13611,Kiran Sonia Sawar
13612,Kiran Yadnyopavit
13613,Kirby Bliss Blanton
13614,Kirby Dick
13615,Kirby Howell-Baptiste
13616,Kirby Johnson
13617,Kirill Bichutsky
13618,Kirill Käro
13619,Kirill Pirogov
13620,Kirin Kiki
13621,Kirk
13622,Kirk Acevedo
13623,Kirk Baltz
13624,Kirk Cameron
13625,Kirk Douglas
13626,Kirk H. Andersen
13627,Kirk Hammett
13628,Kirk Thornton
13629,Kirk Torrance
13630,Kirlew 'bliss' Vilbon
13631,Kirsten Dunst
13632,Kirsten Johnson
13633,Kirsten Olivia Taylor
13634,Kirsten Russell
13635,Kirsten Vangsness
13636,Kirsty Averton
13637,Kirsty Bartolo
13638,Kirsty Mitchell
13639,Kirstyn Anderson
13640,Kiruna Stamell
13641,Kit Connor
13642,Kit Harington
13643,Kit Lambert
13644,Kit Lloyd
13645,Kit Reeve
13646,Kit Williamson
13647,Kita Updike
13648,Kitty Kelly
13649,Kitty Lovett
13650,Kitty O'Beirne
13651,Kitty Zhang Yuqi
13652,Kiyohiko Shibukawa
13653,Kiyoshi Kobayashi
13654,Kiyotaka Furushima
13655,Kjell Wilhelmsen
13656,Klara Kristin
13657,Klaudia Garcia
13658,Klaus Barbie
13659,Klaus Löwitsch
13660,Klaus Nomi
13661,Klaus Pohl
13662,Klaus Staeck
13663,Klaus Theweleit
13664,Knut Berger
13665,Ko Iwagami
13666,Kobi Frumer
13667,Kobi Libii
13668,Kobna Holdbrook-Smith
13669,Kodi Smit-McPhee
13670,Kody Burns
13671,Koen De Bouw
13672,Kofi Annan
13673,Kofi Siriboe
13674,Koh Jia Ler
13675,Kohji Katoh
13676,Koki Maeda
13677,Koko
13678,Kokoro Hirasawa
13679,Kokoro Morita
13680,Kolia Abiteboul
13681,Kolton Stewart
13682,Kolya Spiridonov
13683,Kolyn Brown
13684,Komsan Polsan
13685,Kong Hong-Yeol
13686,Kong To
13687,Konstantin Chernenko
13688,Konstantin Itunin
13689,Konstantin Khabenskiy
13690,Konstantin Lavronenko
13691,Konstantin Murzenko
13692,Kontogiannis Foivos
13693,Koray Alay
13694,Korbi Dean
13695,Kordell Johnson
13696,Kory Grim
13697,Kosar Ali
13698,Kosta Bekric
13699,Kostas Filippoglou
13700,Kostja Ullmann
13701,Kotaro Daigo
13702,Kotone Furukawa
13703,Kotono Mitsuishi
13704,Koudous Seihon
13705,Koumba Ball
13706,Koumbie
13707,Kourtney Kardashian
13708,Koyu Rankin
13709,Koyuki
13710,Kr
13711,Kranti Redkar
13712,Kris Hitchen
13713,Kris Kristo
13714,Kris Kristofferson
13715,Kris Lemche
13716,Kris McQuade
13717,Kris Pearn
13718,Kris Wu
13719,Krish Bhuva
13720,Krisha Fairchild
13721,Krishna Das
13722,Krista Allen
13723,Krista Bradley
13724,Krista Bridges
13725,Krista Hayes
13726,Krista Johnson
13727,Krista Kosonen
13728,Krista Stadler
13729,Kristanna Loken
13730,Kristen Bell
13731,Kristen Cloke
13732,Kristen Connolly
13733,Kristen Gerlanc
13734,Kristen Hager
13735,Kristen Harris
13736,Kristen Holden-Ried
13737,Kristen Johnston
13738,Kristen Ledlow
13739,Kristen Li
13740,Kristen MacCulloch
13741,Kristen Rakes
13742,Kristen Schaal
13743,Kristen Solis
13744,Kristen Stewart
13745,Kristen Wiig
13746,Krister Henriksson
13747,Krister Kern
13748,Kristian Bruun
13749,Kristian Ferrer
13750,Kristian Gwilliam
13751,Kristin Ande
13752,Kristin Carey
13753,Kristin Chenoweth
13754,Kristin Davis
13755,Kristin Dodson
13756,Kristin Griffith
13757,Kristin Kreuk
13758,Kristin Lehman
13759,Kristin Scott Thomas
13760,Kristin Villanueva
13761,Kristin York
13762,Kristina Aponte
13763,Kristina Cepraga
13764,Kristina Clifford
13765,Kristina De Coninck
13766,Kristina Ekmark
13767,Kristina Haddad
13768,Kristina Klebe
13769,Kristina Tonteri-Young
13770,Kristine Froseth
13771,Kristofer Hivju
13772,Kristoffe Brodeur
13773,Kristoffer Joner
13774,Kristoffer Polaha
13775,Kristopher Avedisian
13776,Kristopher Blair
13777,Kristy Banerjee
13778,Kristy Robinson
13779,Kron Moore
13780,Krysta Rodriguez
13781,Krystal Muhammad
13782,Krysten Ritter
13783,Krystina Alabado
13784,Krystle Dos Santos
13785,Krystof Hádek
13786,Krystyna Janda
13787,Krzysztof 'Kris' Mardula
13788,Krzysztof Czeczot
13789,Krzysztof Kowalewski
13790,Krzysztof Meyn
13791,Krzysztof Pieczynski
13792,Ksawery Szlenkier
13793,Ksenia Solo
13794,Kseniya Kutepova
13795,KT Tunstall
13796,Kubilay Tunçer
13797,Kue Lawrence
13798,Kuei-Mei Yang
13799,Kuhoo Verma
13800,Kulvinder Ghir
13801,Kumail Nanjiani
13802,Kumiko Asô
13803,Kumiko Ishida
13804,Kumiko Okae
13805,Kumrije Hoxha
13806,Kumud Pant
13807,Kun Chen
13808,Kunal Nayyar
13809,Kunichi Nomura
13810,Kuno Becker
13811,Kuo-Lin Ting
13812,Kuoth Wiel
13813,Kuranosuke Sasaki
13814,Kurt Braunohler
13815,Kurt Cobain
13816,Kurt Conroyd
13817,Kurt Evans
13818,Kurt Fuller
13819,Kurt Gerron
13820,Kurt Gibson
13821,Kurt Kuenne
13822,Kurt Loder
13823,Kurt Long
13824,Kurt Russell
13825,Kurt Sutter
13826,Kurt Vonnegut Jr.
13827,Kurt Waldheim
13828,Kurt Yue
13829,Kurtis Bedford
13830,Kurôdo Maki
13831,Kwabena Ansah
13832,Kwame Patterson
13833,Kwasi Songui
13834,Kwesi Ameyaw
13835,Kwok-Hung Lam
13836,Kwok-Kwan Chan
13837,Kya Dawn Lau
13838,Kyanna Simone
13839,Kyla Pratt
13840,Kyle Allen
13841,Kyle Ament
13842,Kyle Bornheimer
13843,Kyle Catlett
13844,Kyle Chandler
13845,Kyle Gallner
13846,Kyle Gass
13847,Kyle Glenn Thomas
13848,Kyle Hancock
13849,Kyle Harrison Breitkopf
13850,Kyle Jacob Henry
13851,Kyle Kaminsky
13852,Kyle Kinane
13853,Kyle Kosaki
13854,Kyle Lima
13855,Kyle M. Hamilton
13856,Kyle MacLachlan
13857,Kyle Marvin
13858,Kyle Mooney
13859,Kyle Reardon
13860,Kyle Rees
13861,Kyle Richards
13862,Kyle Soller
13863,Kyle Stanger
13864,Kyle Stoltz
13865,Kyli Zion
13866,Kylian Rehlinger
13867,Kylie Bunbury
13868,Kylie Cantrall
13869,Kylie Hart
13870,Kylie Jenner
13871,Kylie Minogue
13872,Kylie Rogers
13873,Kyliegh Curran
13874,Kyra Sedgwick
13875,Kyra Zagorsky
13876,Kyrannio Margaros
13877,Kyrie Irving
13878,Kyrre Haugen Sydness
13879,Kyôko Fukada
13880,Kyôko Koizumi
13881,Kåre Hedebrant
13882,Kévin Azaïs
13883,Kô Shibasaki
13884,Kôhei Miyauchi
13885,Kôichi Satô
13886,Kôji Nakamoto
13887,Kôji Seto
13888,Kôji Yakusho
13889,Kôtarô Yoshida
13890,L
13891,L. Scott Caldwell
13892,L.J. Benet
13893,La La Anthony
13894,La Monte Young
13895,Laara Sadiq
13896,Lacey Chabert
13897,Lachion Buckingham
13898,Lachlan J. Modrzynski
13899,Lacy Camp
13900,Ladislav Kolár
13901,LaDonna Adams
13902,Lady Gaga
13903,Lady Jaye Breyer P'Orridge
13904,Laeo Mystwood
13905,Laetitia Casta
13906,Laetitia Dosch
13907,Laetitia Isambert-Denis
13908,Laetitia Ky
13909,Lai Yde
13910,Laia Artigas
13911,Laia Costa
13912,Laila Banki
13913,Laila Robins
13914,Laila Samy
13915,Laine Ligere Stengrévica
13916,Laine MacNeil
13917,Lainie Kazan
13918,Laird John Hamilton
13919,Laith Nakli
13920,Lakdhar Dridi
13921,Lake Bell
13922,Lakeith Stanfield
13923,Lakeyria Doughty
13924,Lakin Valdez
13925,Lakshmi Manchu
13926,Lalit Parimoo
13927,Lalor Roddy
13928,Lam Anh Dao
13929,Lam Thanh My
13930,Lamar Johnson
13931,Lambert Wilson
13932,Lamine Cissokho
13933,LaMonica Garrett
13934,Lamont Thompson
13935,Lamorne Morris
13936,Lan Law
13937,Lana Condor
13938,Lana Del Rey
13939,Lana Ettinger
13940,Lana McKissack
13941,Lana Parrilla
13942,Lana Rockwell
13943,Lana Young
13944,Lance Armstrong
13945,Lance Bass
13946,Lance Chantiles-Wertz
13947,Lance E. Nichols
13948,Lance Gross
13949,Lance Henriksen
13950,Lance Reddick
13951,Lance Stephenson
13952,Lancelot Ncube
13953,Landon Gordon
13954,Landon Liboiron
13955,Lane Edwards
13956,Lane Garrison
13957,Lane Hughes
13958,Lane Scott
13959,Lane Stiemsma
13960,Langley Kirkwood
13961,Lanisa Dawn
13962,Lannan Eacott
13963,Lao Rodriguez
13964,Lara Binamé
13965,Lara Decaro
13966,Lara Grice
13967,Lara Heller
13968,Lara Jean Chorostecki
13969,Lara Peake
13970,Lara Persain
13971,Lara Pulver
13972,Lara Rossi
13973,Laraine Newman
13974,Larenz Tate
13975,Larisa Oleynik
13976,Larissa Albuquerque
13977,Larissa Corriveau
13978,Larissa Macfarquhar
13979,Larry 'Ratso' Sloman
13980,Larry Allison
13981,Larry Bishop
13982,Larry Blamire
13983,Larry Bourgeois
13984,Larry Canady
13985,Larry Cedar
13986,Larry David
13987,Larry Eudene
13988,Larry Fessenden
13989,Larry Flynt
13990,Larry Gevirtz
13991,Larry Gilliard Jr.
13992,Larry Hankin
13993,Larry Jack Dotson
13994,Larry Jackson
13995,Larry Jones
13996,Larry King
13997,Larry Kramer
13998,Larry Miller
13999,Larry Pine
14000,Larry Poons
14001,Larry Saperstein
14002,Larry Soderblom
14003,Larry Sullivan
14004,Larry the Cable Guy
14005,Larry Wilmore
14006,Lars Arentz-Hansen
14007,Lars Berge
14008,Lars Brygmann
14009,Lars Eidinger
14010,Lars Mikkelsen
14011,Lars Ranthe
14012,Lars Rudolph
14013,Lars Ulrich
14014,Lars Väringer
14015,Laryssa Ayres
14016,Lasarus Ratuere
14017,Lasco Atkins
14018,Lashana Lynch
14019,Lashun Pollard
14020,Lasse Fogelstr
14021,Latrenda 'Boosie' Ash
14022,Latrice Butts
14023,Lau Ting Kwan
14024,Laufey Elíasdóttir
14025,Laura Adkin
14026,Laura Allen
14027,Laura Austin
14028,Laura Benanti
14029,Laura Benson
14030,Laura Birn
14031,Laura Boujenah
14032,Laura Brent
14033,Laura Bro
14034,Laura Carmichael
14035,Laura Caro
14036,Laura Castrillón
14037,Laura Cayouette
14038,Laura Checkley
14039,Laura Cilevitz
14040,Laura Clifton
14041,Laura Coover
14042,Laura de Boer
14043,Laura DeCarteret
14044,Laura Dern
14045,Laura Dickinson
14046,Laura Donnelly
14047,Laura Donoughue
14048,Laura Duyn
14049,Laura Faye Smith
14050,Laura Fraser
14051,Laura García
14052,Laura García-Lorca
14053,Laura Giordani
14054,Laura Grandinetti
14055,Laura Guzman
14056,Laura Haddock
14057,Laura Harrier
14058,Laura Harring
14059,Laura Harris
14060,Laura Kirk
14061,Laura Leigh
14062,Laura Linney
14063,Laura Marano
14064,Laura Matassa
14065,Laura Morante
14066,Laura Niemi
14067,Laura Olmstead
14068,Laura Ortiz
14069,Laura Paredes
14070,Laura Pizzirani
14071,Laura Post
14072,Laura Poulvet
14073,Laura Prepon
14074,Laura Ramsey
14075,Laura Regan
14076,Laura Rothschild
14077,Laura San Giacomo
14078,Laura Smet
14079,Laura T. Fisher
14080,Laura Tonke
14081,Laura Vandervoort
14082,Laura Verlinden
14083,Laura Waddell
14084,Laura Whyte
14085,Laura Wiggins
14086,Laura Yenga
14087,Laura Yonker Myers
14088,Laure Calamy
14089,Laure Crochet-Sernieclaes
14090,Laure Ferrari
14091,Laure Hennequart
14092,Laure Valentinelli
14093,Laurel Holloman
14094,Lauren 'Lolo' Spencer
14095,Lauren Adams
14096,Lauren Ambrose
14097,Lauren Annie Boyle
14098,Lauren B. Mosley
14099,Lauren Bacall
14100,Lauren Brown
14101,Lauren Cochrane
14102,Lauren Cohan
14103,Lauren Collins
14104,Lauren Evans
14105,Lauren Ford
14106,Lauren German
14107,Lauren Graham
14108,Lauren Greenfield
14109,Lauren Groh-Wargo
14110,Lauren Gros
14111,Lauren Holly
14112,Lauren Hutton
14113,Lauren Laperriere
14114,Lauren Lapkus
14115,Lauren Lee Smith
14116,Lauren London
14117,Lauren Lyle
14118,Lauren Mae Shafer
14119,Lauren Mary Kim
14120,Lauren Miller
14121,Lauren Patel
14122,Lauren Ridloff
14123,Lauren Sick
14124,Lauren Tsai
14125,Lauren Vélez
14126,Lauren Weedman
14127,Lauren-Ashley Cristiano
14128,Laurence Blum
14129,Laurence Fishbur
14130,Laurence Fishburne
14131,Laurence Garvie
14132,Laurence Mason
14133,Laurence Spellman
14134,Laurens Walter
14135,Laurent Arnatsiaq
14136,Laurent Bourgeois
14137,Laurent Capelluto
14138,Laurent Darras
14139,Laurent Fernandez
14140,Laurent Grévill
14141,Laurent Lafitte
14142,Laurent Levesque
14143,Laurent Lucas
14144,Laurent Nicolas
14145,Laurent Poitrenaux
14146,Laurentiu Ginghina
14147,Lauri Tilkanen
14148,Laurie Anderson
14149,Laurie Davidson
14150,Laurie Garrett
14151,Laurie Holden
14152,Laurie Kynaston
14153,Laurie Met
14154,Laurie Metcalf
14155,Laurie Shepherd
14156,Laurie Simmons
14157,Laurie Spiegel
14158,Laurits Honoré Rønne
14159,Lauryn Ajufo
14160,Lauryn Canny
14161,Lauryn Hill
14162,Lauryn Kent
14163,Laverne Cox
14164,Lavinia Biagi
14165,Lavrenti Beria
14166,Lawrence Barry
14167,Lawrence Bingham
14168,Lawrence Chou
14169,Lawrence Edwin
14170,Lawrence Jansen
14171,Lawrence Krauss
14172,Lawrence Makoare
14173,Lawrence Michael Levine
14174,Lawrence O'Donnell
14175,Lawrence Oliver Cherry
14176,Lawrence Parramore
14177,Lawrence Turner
14178,Lawrence Varnado
14179,Lawrence-Hilton Jacobs
14180,Lawrene Denkers
14181,Layla Alizada
14182,Layla Crawford
14183,Layla Walet Mohamed
14184,Layne Beachley
14185,Layo-Christina Akinlude
14186,Laysla De Oliveira
14187,Layton Williams
14188,Laz Alonso
14189,Lazar Dragojevic
14190,Lazare Herson-Macarel
14191,Laëtitia Eïdo
14192,Le
14193,Le Clanché du Rand
14194,Le Geng
14195,Lea Coco
14196,Lea DeLaria
14197,Lea Enslin
14198,Lea Hutton Beasmore
14199,Lea Kalisch
14200,Lea Michele
14201,Lea Salonga
14202,Lea Thompson
14203,Lea Vlamos
14204,Leah Finity
14205,Leah Harvey
14206,Leah Liang Lewis
14207,Leah Oganyan
14208,Leah Pipes
14209,Leah Procito
14210,Leah Remini
14211,Leah Roberts
14212,Leana Lewis
14213,Leander Suleim
14214,Leandro Taub
14215,Leanne Best
14216,Leanne Lapp
14217,LeAnne Lynch
14218,LeBron James
14219,Lech Dyblik
14220,Lech Lotocki
14221,Lech Walesa
14222,Lee Aaron Rosen
14223,Lee Armstrong
14224,Lee Arnold
14225,Lee Barnett
14226,Lee Booker
14227,Lee Byford
14228,Lee Eaton
14229,Lee Eddy
14230,Lee Evans
14231,Lee Harrington
14232,Lee Joo-Hyung
14233,Lee Konitz
14234,Lee Majdoub
14235,Lee Marvin
14236,Lee Nicholas Harris
14237,Lee Norris
14238,Lee Pace
14239,Lee Perry
14240,Lee Radziwill
14241,Lee Raviv
14242,Lee Ross
14243,Lee Shorten
14244,Lee Stringer
14245,Lee Tergesen
14246,Lee Valmassy
14247,Lee-Hom Wang
14248,Lee-Ray Denton
14249,Lee-zen Lee
14250,Leeanna Walsman
14251,Leelee Sobieski
14252,Leem Lubany
14253,Leemore Marrett Jr.
14254,Leesa Kim
14255,Lei Huang
14256,Lei Wu
14257,Lei-Ming Caine
14258,Leida Rammo
14259,Leif Edlund
14260,Leigh Gill
14261,Leigh Whannell
14262,Leighton Meester
14263,Leila George
14264,Leila Hatami
14265,Leila Leigh
14266,Leila Sykes
14267,Leila Weema
14268,Leili Rashidi
14269,Leith M. Burke
14270,LeJeune Fletcher
14271,Lejeune Richardson
14272,LeJon Woods
14273,Lela Loren
14274,Leland Orser
14275,Lele Pons
14276,Lelia Symington
14277,Lembit Ulfsak
14278,Lemogang Tsipa
14279,Lemrabott Zeine Sidamar
14280,Len Cariou
14281,Len Murach
14282,Lena Clark
14283,Lena Drake
14284,Lena Dunham
14285,Lena Endre
14286,Lena Epstein
14287,Lena Hall
14288,Lena Headey
14289,Lena Kitsopoulou
14290,Lena Olin
14291,Lena Waithe
14292,Lene Cecilia Sparrok
14293,Leni Parker
14294,Leni Riefenstahl
14295,Lenn Kudrjawizki
14296,Lennie James
14297,Lennon Bradley
14298,Lennon Lacy
14299,Lenny Clarke
14300,Lenny Jacobson
14301,Lenny Kaye
14302,Lenny Kravitz
14303,Lenora Crichlow
14304,Lenore Zann
14305,Leo Bill
14306,Leo Borg
14307,Leo Chiang
14308,Leo Fitzpatrick
14309,Leo Hatton
14310,Leo Heller
14311,Leo James Davis
14312,Leo Minaya
14313,Leo Rossi
14314,Leo Rubinfien
14315,Leo Sheng
14316,Leon Clingman
14317,Leon Dai
14318,Leon Ford
14319,Leon Jiber
14320,Leon Lucev
14321,Leon Miguel
14322,Leon Ockenden
14323,Leon Russom
14324,Leon Vitali
14325,Leona Helmsley
14326,Leonard Cohen
14327,Leonard Nimoy
14328,Leonard Ouzts
14329,Leonard Siampala
14330,Leonard Wu
14331,Leonardo Defilippis
14332,Leonardo DiCaprio
14333,Leonardo Nam
14334,Leonardo Ortizgris
14335,Leonardo Salerni
14336,Leonardo Sauma
14337,Leonardo Sbaraglia
14338,Leonardo Thimo
14339,Leonid Brezhnev
14340,Leonid Nevzlin
14341,Leonie Benesch
14342,Leonor Varela
14343,Leonor Watling
14344,Leora Einleger
14345,Lera Abova
14346,Leroy Edwards III
14347,Leroy McClain
14348,Les Gardonyi
14349,Les Loveday
14350,Les Twins
14351,Lesley Ann Warren
14352,Lesley Conroy
14353,Lesley Grant
14354,Lesley Harcourt
14355,Lesley Hart
14356,Lesley Leichtweis Ber
14357,Lesley Manville
14358,Lesley Nicol
14359,Lesley-Ann Brandt
14360,Lesli Margherita
14361,Leslie Banks
14362,Leslie Bibb
14363,Leslie Caron
14364,Leslie Cheung
14365,Leslie David Baker
14366,Leslie Grace
14367,Leslie Jones
14368,Leslie Jordan
14369,Leslie Kee
14370,Leslie Lyles
14371,Leslie Mann
14372,Leslie Nielsen
14373,Leslie Odom Jr.
14374,Leslie Phillips
14375,Leslie Sides
14376,Leslie Uggams
14377,Leslie Zemeckis
14378,Lester Bangs
14379,Lester Greene
14380,Leszek Lichota
14381,Leticia Brédice
14382,Leticia Dolera
14383,Letiti
14384,Letitia Brookes
14385,Letitia Wright
14386,Letizia Battaglia
14387,Letty Thomas
14388,Lev Gorn
14389,Levan Gabrava
14390,Levan Gelbakhiani
14391,Levana Finkelstein
14392,Leven Rambin
14393,Levente Molnár
14394,Levi Dylan
14395,Levi Eisenblätter
14396,Levi Ignacio
14397,Levi Martinez
14398,Levi Meaden
14399,Levi Miller
14400,Levin Henning
14401,Levy Easterly
14402,Lew Gardner
14403,Lew Temple
14404,Lewin Lloyd
14405,Lewis Black
14406,Lewis Gribben
14407,Lewis MacDougall
14408,Lewis McAskie
14409,Lewis Pullman
14410,Lewis Tan
14411,Lex Elle
14412,Lex Scott Davis
14413,Lexa Doig
14414,Lexi Ainsworth
14415,Lexi Anastasia
14416,Lexi Benbow-Hart
14417,Lexi Rabe
14418,Lexie Foley
14419,Lexie Ro
14420,Lexie Roth
14421,Lexy Kolker
14422,Lexy Panterra
14423,Leyla Hakim
14424,Leyna Bloom
14425,Leïla Bekhti
14426,Li An
14427,Li Gong
14428,Li Meng
14429,Li Xiaofeng
14430,Li-Ang Chang
14431,Lia Careddu
14432,Lia Frankland
14433,Lia Lam
14434,Lia McHugh
14435,Liah O'Prey
14436,Liam Aiken
14437,Liam Booth
14438,Liam Boyle
14439,Liam Carney
14440,Liam Cunningham
14441,Liam Douglas
14442,Liam Gallagher
14443,Liam Garrigan
14444,Liam Hemsworth
14445,Liam Hughes
14446,Liam James
14447,Liam Legge
14448,Liam McNeill
14449,Liam Neeson
14450,Liam O'Murchu
14451,Liam Payne
14452,Liam Thomas
14453,Liana Liberato
14454,Liana Navrot
14455,Liana Perlich
14456,Liane Balaban
14457,Liang Hong
14458,Liang Qi
14459,Liang Wei-Hei Duncan
14460,Liannet Borrego
14461,Libby Gery
14462,Libby Schaaf
14463,Libby Villari
14464,Libe Barer
14465,Libya Pugh
14466,Licia Maglietta
14467,Lidewij Edelkoort
14468,Lidia Bogacz
14469,Lidia Porto
14470,Lidiya Korotko
14471,Lies Visschedijk
14472,Liesl Ahlers
14473,Liev Schreiber
14474,Lifan Dong
14475,Lifang Xue
14476,Lihi Kornowski
14477,Liisa Koppel
14478,Liisa Lee
14479,Liisi Tandefelt
14480,Lika Babluani
14481,Lil
14482,Lil Peep
14483,Lil Yachty
14484,Lil' Cease
14485,Lil' Fizz
14486,Lil' Romeo
14487,Lila Lacombe
14488,Lila Salet
14489,Lilan Bowden
14490,Lili Anolik
14491,Lili Bordán
14492,Lili Horváth
14493,Lili Majzner
14494,Lili Reinhart
14495,Lili Rich
14496,Lili Sepe
14497,Lili Taylor
14498,Lilian McNeil
14499,Liliana Cabal
14500,Liliana Felipe
14501,Liliana Garc
14502,Liliane Montevecchi
14503,Liliane Rovère
14504,Lilien Batman
14505,Lilith Fury
14506,Lilla Crawford
14507,Lillete Dubey
14508,Lilli Lorenz
14509,Lilli Palmer
14510,Lillian Blankenship
14511,Lillian Doucet-Roche
14512,Lillian Faderman
14513,Lillian Solange Beaudoin
14514,Lilly Bartlam
14515,Lilly Jandreau
14516,Lilly Krug
14517,Lilly Ledbetter
14518,Lilly Wachowski
14519,LillyRose Stevens
14520,Lilou Siauvaud
14521,LilRel Howery
14522,Lily Anne Harrison
14523,Lily Banda
14524,Lily Brand
14525,Lily Brazier
14526,Lily Cole
14527,Lily Collins
14528,Lily Cowles
14529,Lily Dodsworth-Evans
14530,Lily Donoghue
14531,Lily Franky
14532,Lily Frazer
14533,Lily Gao
14534,Lily Gavin
14535,Lily Gladstone
14536,Lily Hyde
14537,Lily James
14538,Lily Knight
14539,Lily Kozub
14540,Lily Lumpkin
14541,Lily Mojekwu
14542,Lily Newmark
14543,Lily Rabe
14544,Lily Scott
14545,Lily Sullivan
14546,Lily Tomlin
14547,Lily Travers
14548,Lily V.K.
14549,Lily-Rose Melody Depp
14550,Lima Duarte
14551,Limo Bob
14552,Lin Cui
14553,Lin Shaye
14554,Lin-Manuel Miranda
14555,Lina Bembe
14556,Lina Bielsten
14557,Lina Esco
14558,Lina Leandersson
14559,Lina Ng
14560,Lina Wendel
14561,Lina-Rose Djedje
14562,Lincoln Maazel
14563,Linda Anborg
14564,Linda Arroz
14565,Linda Bassett
14566,Linda Bates
14567,Linda Blair
14568,Linda Boston
14569,Linda Bove
14570,Linda Cardellini
14571,Linda Cropper
14572,Linda E Greenwood
14573,Linda Emond
14574,Linda Evans
14575,Linda Fiorentino
14576,Linda Frieser
14577,Linda Gegusch
14578,Linda Hall
14579,Linda Hamilton
14580,Linda Hunt
14581,Linda Jann Lewis
14582,Linda John-Pierre
14583,Linda Ko
14584,Linda Kozlowski
14585,Linda Lavin
14586,Linda Leigh
14587,Linda Lovelace
14588,Linda May
14589,Linda McGuire
14590,Linda Moshier
14591,Linda Perry
14592,Linda Powell
14593,Linda Pugach
14594,Linda Ronstadt
14595,Linda Sherman
14596,Linda Sorensen
14597,Lindbergh Farias
14598,Lindsay Ayliffe
14599,Lindsay Beamish
14600,Lindsay Burdge
14601,Lindsay Duncan
14602,Lindsay Farris
14603,Lindsay Karamoh
14604,Lindsay Leese
14605,Lindsay Lohan
14606,Lindsay Mullan
14607,Lindsay Sloane
14608,Lindsay Younce
14609,Lindsey Broad
14610,Lindsey Fuller
14611,Lindsey Jones
14612,Lindsey Kraft
14613,Lindsey Morgan
14614,Lindsey Shaw
14615,Lindsy Campbell
14616,Lindy Booth
14617,Line Pillet
14618,Linette Beaumont
14619,Ling Bai
14620,Linh Dan Pham
14621,Linne-Lu Lungershausen
14622,Linnea Saasen
14623,Lino DiS
14624,Lino Musella
14625,Lino Papa
14626,Linus Roache
14627,Linus Torvalds
14628,Lionel Dray
14629,Lionel Je'Woodyard
14630,Lior Ashkenazi
14631,Lior Raz
14632,Liran Nathan
14633,Liron Ben-Shlush
14634,Liron Levo
14635,Lisa Aitken
14636,Lisa Berry
14637,Lisa Bonet
14638,Lisa Brenner
14639,Lisa Bunting
14640,Lisa Cassileth
14641,Lisa Chandler
14642,Lisa Chess
14643,Lisa Cholodenko
14644,Lisa Clifton-Bumpass
14645,Lisa Codrington
14646,Lisa Cromarty
14647,Lisa Davina Phillip
14648,Lisa Durupt
14649,Lisa Edelstein
14650,Lisa Fischer
14651,Lisa Gay Hamilton
14652,Lisa Haas
14653,Lisa Hagmeister
14654,Lisa Hanawalt
14655,Lisa Henni
14656,Lisa Hensley
14657,Lisa Hitchcock Kallstrom
14658,Lisa Houle
14659,Lisa Howard
14660,Lisa Kudrow
14661,Lisa Lampanelli
14662,Lisa Leslie
14663,Lisa Lindgren
14664,Lisa Loven Kongsli
14665,Lisa Lu
14666,Lisa Lynch
14667,Lisa McGril
14668,Lisa McKinlay
14669,Lisa O'Neill
14670,Lisa Owen
14671,Lisa Palfrey
14672,Lisa Potthoff
14673,Lisa Ray
14674,Lisa Rein
14675,Lisa Sinha
14676,Lisa Starrett
14677,Lisa Tharps
14678,Lisa Truong
14679,Lisa Wynn
14680,LisaGay Hamilton
14681,Lisandro Boccacci
14682,Lisandro Fiks
14683,LisaRaye
14684,Lise Koefoed
14685,Lise Lamétrie
14686,Lise Leplat Prudhomme
14687,Lise Lomi
14688,Lisette Alexis
14689,Lisha Hackney
14690,Liudmyla Bileka
14691,Liv Corfixen
14692,Liv Esmår Dannemann
14693,Liv Hewson
14694,Liv Hill
14695,Liv LeMoyne
14696,Liv Mjönes
14697,Liv Tyler
14698,Liv Ullmann
14699,Livia Matthes
14700,Lixun Xie
14701,Liya Akhedzhakova
14702,Liya Kebede
14703,Liyanna Muscat
14704,Liz Bolton
14705,Liz Cameron
14706,Liz Carr
14707,Liz Eng
14708,Liz Fenning
14709,Liz Fitzgibbon
14710,Liz Franke
14711,Liz Kate
14712,Liz McMullen
14713,Liz Mikel
14714,Liz Priestley
14715,Liz Veronica Foo
14716,Liza Colón-Zayas
14717,Liza Koshy
14718,Liza Lapira
14719,Liza Minnelli
14720,Liza Ross
14721,Lizeth Ariana Izquierdo López
14722,Lizzie Brocheré
14723,Lizzie Velasquez
14724,Lizzie Winkler
14725,Lizzo
14726,Lizzy Caplan
14727,Lizzy DeClement
14728,Lizzy Leigh
14729,Ljutvie Sam
14730,LL Cool J
14731,Lloyd Cunningham
14732,Lluís Altés
14733,Lluís Homar
14734,Lluís Serrat
14735,Lo Chun Yip
14736,Loan Chabanol
14737,Lobo Sebastian
14738,Lochlyn Munro
14739,Logan Arevalo
14740,Logan Bartholomew
14741,Logan Browning
14742,Logan Cormier
14743,Logan Creran
14744,Logan Hannan
14745,Logan Hillier
14746,Logan Huffman
14747,Logan Kearney
14748,Logan Kim
14749,Logan Lerman
14750,Logan Marshall-Green
14751,Logan Miller
14752,Logan Paul
14753,Logan Riley Bruner
14754,Logan Smith
14755,Logann Antuofermo
14756,Lois Robbins
14757,Lois Smith
14758,Lokesh Mittal
14759,Lola Bessis
14760,Lola Blanc
14761,Lola Créton
14762,Lola Daehler
14763,Lola Dueñas
14764,Lola Flanery
14765,Lola Glaudini
14766,Lola Kirke
14767,Lola May
14768,Lola Petticrew
14769,Lola Reid
14770,Loles León
14771,Lolita Chakrabarti
14772,Lolita Chammah
14773,Lolli Sorenson
14774,Lollie Jensen
14775,Lolly Adefope
14776,Lombardo Boyar
14777,London Worthy
14778,Londyn Anderson
14779,Lonette McKee
14780,Long Le Vu
14781,Longlan Stuy
14782,Loni Love
14783,Lonnie Chavis
14784,Lonnie Farmer
14785,Lora Martinez-Cunningham
14786,Lora Moss
14787,Loredana Simioli
14788,Loreece Harrison
14789,Lorelei Linklater
14790,Lorelei Romani
14791,Loren Dean
14792,Loren Horsley
14793,Lorena Comparato
14794,Lorena Diaz
14795,Lorenza Izzo
14796,Lorenzo Berni
14797,Lorenzo Beronilla
14798,Lorenzo Curcio
14799,Lorenzo Ferro
14800,Lorenzo Jackson
14801,Lorenzo Piazzoni
14802,Lorenzo Rojas-Bracho
14803,Lorenzo Yearby
14804,Loretta Burnette
14805,Loretta Devine
14806,Lori Alan
14807,Lori Campbell
14808,Lori Carris
14809,Lori Dragt
14810,Lori Hammel
14811,Lori Hayes
14812,Lori Heuring
14813,Lori Johnston
14814,Lori Pelenise Tuisano
14815,Lori Petty
14816,Lorin McCraley
14817,Loris Scarpa
14818,Lorn Macdonald
14819,Lorna Brown
14820,Lorne Cardinal
14821,Lorne MacFadyen
14822,Lorne Michaels
14823,Lorraine Ashbourne
14824,Lorraine Toussaint
14825,Lorrie Odom
14826,Lory Molino
14827,Lotte Verbeek
14828,Lotti Törnros
14829,Lotus Blossom
14830,Lou Adler
14831,Lou de Laâge
14832,Lou Diamond Phillips
14833,Lou Donaldson
14834,Lou Gonzalez
14835,Lou Martini Jr.
14836,Lou Reed
14837,Lou Romano
14838,Lou Roy-Lecollinet
14839,Lou Taylor Pucci
14840,Lou Wilson
14841,Loubna Abidar
14842,Louie Anderson
14843,Louie Leonardo
14844,Louie Lopez Jr.
14845,Louis Aliot
14846,Louis Ashbourne Serkis
14847,Louis Bernardi
14848,Louis C.K.
14849,Louis Cancelmi
14850,Louis Dempsey
14851,Louis Garrel
14852,Louis Gossett Jr.
14853,Louis Healy
14854,Louis Herthum
14855,Louis Hewison
14856,Louis Hobson
14857,Louis Hofmann
14858,Louis Jay Jordan
14859,Louis Koo
14860,Louis Kurihara
14861,Louis Lay
14862,Louis Lombardi
14863,Louis M. Heyward
14864,Louis Mandylor
14865,Louis Martin
14866,Louis Morissette
14867,Louis Negin
14868,Louis Partridge
14869,Louis Rodriguez
14870,Louis Theroux
14871,Louis Tomlinson
14872,Louis Toshio Okada
14873,Louis-Do de Lencquesaing
14874,Louisa Krause
14875,Louisa-May Parker
14876,Louise Atkins
14877,Louise Chevillotte
14878,Louise Fletcher
14879,Louise Grinberg
14880,Louise Harris
14881,Louise Labeque
14882,Louise Laprade
14883,Louise Lasser
14884,Louise Le Pape
14885,Louise Peterhoff
14886,Louka Minnelli
14887,Loulou De La Falaise
14888,Loungnam Kaosainam
14889,Lourdes de Oliveira
14890,Lourdes Faberes
14891,Lourinelson Vladmir
14892,Lovie Marie Allen
14893,Lovie Simone
14894,Lovina Yavari
14895,Lowell Handler
14896,Lowell Landes
14897,Lowri Ann Richards
14898,Loïc Corbery
14899,Loïs van Wijk
14900,Lu Horta
14901,Lu Junchang
14902,Luan Jaha
14903,Luana Nastas
14904,Luana Velis
14905,Luana Xavier
14906,Lubna Azabal
14907,Lubna Salim
14908,Luc Bernard
14909,Luca Asta Sardelis
14910,Luca Avallone
14911,Luca Calvani
14912,Luca Chikovani
14913,Luca Lionello
14914,Luca Luhan
14915,Luca Malinowski
14916,Luca Marinelli
14917,Luca Nacarlo
14918,Lucas Barker
14919,Lucas Beck
14920,Lucas Belvaux
14921,Lucas Black
14922,Lucas Bléger
14923,Lucas Bond
14924,Lucas Chancel
14925,Lucas Confurius
14926,Lucas Grabeel
14927,Lucas Hedges
14928,Lucas Jade Zumann
14929,Lucas Jaye
14930,Lucas Lavoie
14931,Lucas Oranmian
14932,Lucas Pittaway
14933,Lucas Reiber
14934,Lucas Till
14935,Luce Rains
14936,Luchino Visconti
14937,Lucho Velasco
14938,Luci Baines Johnson
14939,Luci Christian
14940,Luci Enache
14941,Lucia Walters
14942,Lucian Charles Collier
14943,Lucian Msamati
14944,Lucian Perez
14945,Lucian Teodor Rus
14946,Lucian-River Chauhan
14947,Luciana Acuña
14948,Luciana Pedraza
14949,Luciana Souza
14950,Lucianne Walkowicz
14951,Luciano Acuna Jr.
14952,Luciano Mallmann
14953,Luciano Pavarotti
14954,Lucie Aron
14955,Lucie Boujenah
14956,Lucie Debay
14957,Lucie Guest
14958,Lucie Laurier
14959,Lucie Lucas
14960,Lucien Greaves
14961,Lucien Laviscount
14962,Lucien Spelman
14963,Lucile Gauthier
14964,Lucile Roche
14965,Lucille Ball
14966,Lucille Soong
14967,Lucius Baston
14968,Lucius Hoyos
14969,Lucky Afaratu
14970,Lucky Johnson
14971,Lucky Yates
14972,Lucy Appleton
14973,Lucy Beckwith
14974,Lucy Boryer
14975,Lucy Boynton
14976,Lucy Clements
14977,Lucy Cohu
14978,Lucy Davenport
14979,Lucy Davis
14980,Lucy DeVito
14981,Lucy Faust
14982,Lucy Fry
14983,Lucy Gaskell
14984,Lucy Golden
14985,Lucy Hale
14986,Lucy Jayne Murray
14987,Lucy Kaminsky
14988,Lucy Lawless
14989,Lucy Liu
14990,Lucy Miller
14991,Lucy Morningstar
14992,Lucy Punch
14993,Lucy Russell
14994,Lucy Velik
14995,Lucy Walters
14996,Ludacris
14997,Ludi Boeken
14998,Ludi Lin
14999,Ludivine Sagnier
15000,Ludvig Algeback
15001,Luenell
15002,Luigi Lo Cascio
15003,Luigi Sciamanna
15004,Luis Alberti
15005,Luis Alberto García
15006,Luis Bordonada
15007,Luis Callejo
15008,Luis Ciges
15009,Luis Da Silva Jr.
15010,Luis Enrique de Tomás
15011,Luis F. Ramirez
15012,Luis Fernando Peña
15013,Luis Gerardo M
15014,Luis Gnecco
15015,Luis Gonzaga
15016,Luis Guzmán
15017,Luis Jose Lopez
15018,Luis Kelly-Duarte
15019,Luis Olmeda
15020,Luis R. Espinoza
15021,Luis Richard Gomez
15022,Luis Rodriguez
15023,Luis Silva
15024,Luis Tosar
15025,Luisa Lee
15026,Luisa Ranieri
15027,Luisa Williams
15028,Luisa-Céline Gaffron
15029,Luiz Augusto
15030,Luiza Nersisyan
15031,Luka Jamnik
15032,Luka Jones
15033,Luka Kain
15034,Lukas Haas
15035,Lukas Hassel
15036,Lukas Penar
15037,Lukasz Simlat
15038,Luke Arnold
15039,Luke Baybak
15040,Luke Benward
15041,Luke Bracey
15042,Luke Brandon Field
15043,Luke Camilleri
15044,Luke Carroll
15045,Luke Darga
15046,Luke David Blumm
15047,Luke Eberl
15048,Luke Evans
15049,Luke Forbes
15050,Luke Ford
15051,Luke Ganalon
15052,Luke Goss
15053,Luke Griffin
15054,Luke Grimes
15055,Luke Hawker
15056,Luke Hawx
15057,Luke Hemsworth
15058,Luke James
15059,Luke Kirby
15060,Luke Kleintank
15061,Luke Mably
15062,Luke Mitchell
15063,Luke Mpata
15064,Luke Mulhurn
15065,Luke Owen
15066,Luke Perry
15067,Luke Pitzrick
15068,Luke Prael
15069,Luke Slattery
15070,Luke Sorge
15071,Luke Spencer Roberts
15072,Luke Tennie
15073,Luke Treadaway
15074,Luke Vanek
15075,Luke Whit
15076,Luke Wilson
15077,Luke Zimmerman
15078,Lula
15079,Lulu
15080,Lulu Jovovich
15081,Lulu Wilson
15082,Lumi Cavazos
15083,Lun Ai
15084,Luna Campbell
15085,Luna Jokic
15086,Luna Kwok
15087,Lunmei Kwai
15088,Lupe Ontiveros
15089,Lupita Nyong'o
15090,Lurdes Valles
15091,Lusia Strus
15092,Lutz Ebersdorf
15093,Lutz Halbhubner
15094,Luvia Petersen
15095,Luz Jiménez
15096,Luzer Twersky
15097,Luàna Bajrami
15098,Lyah Valade
15099,Lydia Du Veaux
15100,Lydia Hearst
15101,Lydia Hull
15102,Lydia Leonard
15103,Lydia McGuinness
15104,Lydie Kasongo
15105,Lyla Marlow
15106,Lyle Lovett
15107,Lyman Chen
15108,Lyna Khoudri
15109,Lynda Baron
15110,Lynda Boyd
15111,Lynda Carter
15112,Lynda Gravatt
15113,Lynda Mauze
15114,Lynden Prosser
15115,Lyne Renee
15116,Lynette Curran
15117,Lynn Andrews
15118,Lynn Chen
15119,Lynn Cohen
15120,Lynn Collins
15121,Lynn Gilmartin
15122,Lynn Hung
15123,Lynn Johnson
15124,Lynn Marocola
15125,Lynn Redgrave
15126,Lynn Shelton
15127,Lynn Sher
15128,Lynn Whitfield
15129,Lynnae Stine
15130,Lynne Volkman
15131,Lynnette Gaza
15132,Lyon Beckwith
15133,Lyon Daniels
15134,Lyric Hurd
15135,Lyric Wilson
15136,Lyriq Bent
15137,Lyubov Aksyonova
15138,Lára Björk Hall
15139,Lára Jóhanna Jónsdóttir
15140,László Gyémánt
15141,László Szabó
15142,Lázaro Ramos
15143,Lâm Vissay
15144,Léa Drucker
15145,Léa Garcia
15146,Léa Seydoux
15147,Léo Poulet
15148,Lúcia Moniz
15149,M
15150,M. Night Shyamalan
15151,M.I.A.
15152,M.J. Kokolis
15153,M.L. Josepher
15154,M.L. Piyapas Bhirombhakdi
15155,Ma
15156,Ma Duo
15157,Ma Ke
15158,MaameYaa Boafo
15159,Maarten Dannenberg
15160,Maarten Stevenson
15161,Maaya Sakamoto
15162,Maayan Blum
15163,Mabel Johnston
15164,Mac Brandt
15165,Macarena Barros Montero
15166,Macarena Garc
15167,Macaulay Culkin
15168,Macdara Ó Fatharta
15169,Macel Anzian
15170,Machiko Ono
15171,Machine Gun Kelly
15172,Macie Carmosino
15173,Macie McCauley
15174,Maciej Drosio
15175,Maciej Krupianik
15176,MacIntyre Dixon
15177,Mack Beggs
15178,Mackenson Bijou
15179,Mackenzie Astin
15180,Mackenzie Brooke Smith
15181,Mackenzie Cardwell
15182,Mackenzie Crook
15183,Mackenzie Da
15184,Mackenzie Davis
15185,Mackenzie Foy
15186,Mackenzie Grace Castle
15187,Mackenzie Graham
15188,Mackenzie Gray
15189,Mackenzie Lintz
15190,Mackenzie Munro
15191,Mackned
15192,Macon Blair
15193,Macy Whitener
15194,Mad
15195,Madalen Mills
15196,Madalina Anea
15197,Madalina Diana Ghenea
15198,Maddalena Baiocco
15199,Maddalena Ischiale
15200,Maddie Baillio
15201,Maddie Corman
15202,Maddie Dixon-Poirier
15203,Maddie Hasson
15204,Maddie Lenton
15205,Maddie McCormick
15206,Maddie Ziegler
15207,Maddison-Cleo Musumeci
15208,Maddy Wary
15209,Maddy Weinstein
15210,Madeleine Adams
15211,Madeleine Albright
15212,Madeleine Arthur
15213,Madeleine Blaustein
15214,Madeleine Brolly
15215,Madeleine Byrne
15216,Madeleine Coghlan
15217,Madeleine Dennis
15218,Madeleine Harris
15219,Madeleine McGraw
15220,Madeleine Sami
15221,Madeleine Sims-Fewer
15222,Madeleine Waters
15223,Madeleine West
15224,Madeleine Woolner
15225,Madeline Bertani
15226,Madeline Brewer
15227,Madeline Carel
15228,Madeline Carroll
15229,Madeline Quinn
15230,Madeline Weinstein
15231,Madeline Wickins
15232,Madeline Zima
15233,Madelline Harvey
15234,Madelyn Cline
15235,Madelyn Deutch
15236,Madelyn Grace
15237,Madhur Mittal
15238,Madigan Bachman
15239,Madisen Beaty
15240,Madison Arnold
15241,Madison Brydges
15242,Madison Burge
15243,Madison Hu
15244,Madison Ingoldsby
15245,Madison Iseman
15246,Madison McKinley
15247,Madison Paige Jones
15248,Madison Pettis
15249,Madison Stewart
15250,Madison Wolfe
15251,Madonna
15252,Mads Brügger
15253,Mads Korsgaard
15254,Mads Mikkelsen
15255,Mads Reuther
15256,Mads Riisom
15257,Mads Sjøgård Pettersen
15258,Mae Paner
15259,Mae Whitman
15260,Maedeh Erteghaei
15261,Maeve Dermody
15262,Maeve Higgins
15263,Magali Elali
15264,Magalie Lépine Blondeau
15265,Magdalena Boczarska
15266,Magdalena Cielecka
15267,Magdalena Frackowiak
15268,Magdalena Kolesnik
15269,Magdalena Kuta
15270,Magdalena Tótoro
15271,Maggie Abbott
15272,Maggie Budzyna
15273,Maggie Castle
15274,Maggie Cheung
15275,Maggie Clifford
15276,Maggie Cronin
15277,Maggie Grace
15278,Maggie Gyllenhaal
15279,Maggie Mulubwa
15280,Maggie Nixon
15281,Maggie Q
15282,Maggie Riley
15283,Maggie Siff
15284,Maggie Smith
15285,Maggie Steed
15286,Maggie Wheeler
15287,Maggy Vick
15288,Magi Avila
15289,Magnolia Maymuru
15290,Magnolia Morales
15291,Magnus Krepper
15292,Magnus Millang
15293,Magnús Trygvason Eliassen
15294,Mahabanoo Mody-Kotwal
15295,Mahadeo Shivraj
15296,Mahaleia Gray
15297,Mahalia Jackson
15298,Mahdi Cocci
15299,Mahershala Ali
15300,Mahesh Manjrekar
15301,Mahesh Pillai
15302,Mahfuz Rahman
15303,Mahira Kakkar
15304,Mahiro Takasugi
15305,Mahiro Tanimoto
15306,Mahmoud Elsarraj
15307,Mahmoud Fares
15308,Mahmud Shalaby
15309,Mahmut Sifa Erkaya
15310,Mahmut Suvakci
15311,Mahour Jabbari
15312,Mahtab Servati
15313,Mai Thu Huong Maya
15314,Maia Mayor
15315,Maia Mitchell
15316,Maia Shamoevi
15317,Maika Monroe
15318,Maiko Ninua
15319,Maile Flanagan
15320,Mailes Kanapi
15321,Maisa Abd Elhadi
15322,Maisie Richardson-Sellers
15323,Maisie Williams
15324,Maite Suarez Diez
15325,Maitland Ward
15326,Maiya Boyd
15327,Maizie Smith
15328,Maj-Doris Rimpi
15329,Maja Maranow
15330,Maja Ostaszewska
15331,Majandra Delfino
15332,Makarand Mukund
15333,Makenzie Collier
15334,Makenzie Leigh
15335,Makhaola Ndebele
15336,Makio Inoue
15337,Makis Gazis
15338,MAKO
15339,Makram Khoury
15340,Makrand Deshpande
15341,Maksim Shibayev
15342,Mal Noah Safqiu
15343,Malachi Kirby
15344,Malaika Wakoli-Abigaba
15345,Malala Yousafzai
15346,Malcolm Brickhouse
15347,Malcolm Byrne
15348,Malcolm C. Murray
15349,Malcolm Cumming
15350,Malcolm Gets
15351,Malcolm Jarry
15352,Malcolm M. Mays
15353,Malcolm McDowell
15354,Malcolm Stumpf
15355,Maleah Nipay-Padilla
15356,Malena Villa
15357,Maleonn
15358,Malgorzata Bela
15359,Malgorzata Kozuchowska
15360,Malic White
15361,Malik Bader
15362,Malik Yoba
15363,Malik Zidi
15364,Malika Williams
15365,Malin Barr
15366,Malin Bjørhovde
15367,Malin Crépin
15368,Malin Levanon
15369,Malin Steffen
15370,Malin Åkerman
15371,Malina Weissman
15372,Malky Goldman
15373,Mallorie Rodak
15374,Mallory Adams
15375,Mallory Bechtel
15376,Malorie O'Neill
15377,Mamadou Doumbia
15378,Mamadou Samaké
15379,Mame Bineta Sane
15380,Mame Ndoumbé
15381,Mamie Eisenhower
15382,Mamie Gummer
15383,Mamie Meek
15384,Mamoru Miyano
15385,Mamoudou Athie
15386,Man Tat Ng
15387,Mana Ashida
15388,Manabu Hosoi
15389,Manaka Iwami
15390,Manal Issa
15391,Mand Markey
15392,Mandela Bellamy
15393,Mandela Van Peebles
15394,Mandy Moore
15395,Mandy Patinkin
15396,Mani Ghafouri
15397,Manish Dayal
15398,Manisha Koirala
15399,Manjinder Virk
15400,Manjot Jassal
15401,Manny Fajardo
15402,Manny Jacinto
15403,Manny Montana
15404,Manny Pérez
15405,Manoj Mehra
15406,Manolo Blahnik
15407,Manolo Cardona
15408,Manolo Herrera
15409,Manolo Rodríguez
15410,Manon Clavel
15411,Manon Combes
15412,Mansai Nomura
15413,Manuel 'Guajiro' Mirabal
15414,Manuel 'Manny' Gomez
15415,Manuel Bronchud
15416,Manuel Cauchi
15417,Manuel Garcia-Rulfo
15418,Manuel González-Rivero
15419,Manuel Lozano
15420,Manuel Martínez
15421,Manuel Oliver
15422,Manuel Pombo
15423,Manuel Rodal
15424,Manuel Rodriguez
15425,Manuel Tavares Almeida
15426,Manuela Picq
15427,Manuela Velasco
15428,Manya Hartmayer Breuer
15429,Mao
15430,Mapuana Makia
15431,Mar
15432,Mar Sodupe
15433,Mara Bestelli
15434,Mara Cisse
15435,Mara Lopez
15436,Mara Marini
15437,Mara Martinez
15438,Marah Fairclough
15439,Marc Abraham
15440,Marc Alaimo
15441,Marc Alan Austen
15442,Marc Anthony
15443,Marc Arnaud
15444,Marc Barbé
15445,Marc Beaupré
15446,Marc Benjamin
15447,Marc Bettinelli
15448,Marc Blucas
15449,Marc Davis
15450,Marc de Panda
15451,Marc Donato
15452,Marc Evan Jackson
15453,Marc Farley
15454,Marc Fischer
15455,Marc Fraize
15456,Marc Hosemann
15457,Marc Jacobs
15458,Marc John Jefferies
15459,Marc Kudisch
15460,Marc Levin
15461,Marc Maron
15462,Marc Menchaca
15463,Marc Palmieri
15464,Marc Rissmann
15465,Marc Robert
15466,Marc Saez
15467,Marc Susini
15468,Marc Thompson
15469,Marc Weinstein
15470,Marc-Andre Leclerc
15471,Marc-André Grondin
15472,Marc-Edouard Leon
15473,Marcel Carné
15474,Marcel Enache
15475,Marcel Kohler
15476,Marcel Ruiz
15477,Marcelia Cartaxo
15478,Marceline Hugot
15479,Marcell Nagy
15480,Marcella Bragio
15481,Marcella Davies
15482,Marcella Lentz-Pope
15483,Marcelle Purdy
15484,Marcello Conte
15485,Marcello Fonte
15486,Marcelo Arroyo
15487,Marcelo Michinaux
15488,Marcelo Odebrecht
15489,Marcelo Tubert
15490,Marchánt Davis
15491,Marci T. House
15492,Marcia Cross
15493,Marcia DeBonis
15494,Marcia Fudge
15495,Marcia Gay Harden
15496,Marcial Tagle
15497,Marcin Bosak
15498,Marcin Czarnik
15499,Marcin Kowalczyk
15500,Marco Antonio Aguirre
15501,Marco Aurélio Campos
15502,Marco Bettini
15503,Marco Calavita
15504,Marco de la O
15505,Marco Graf
15506,Marco Khan
15507,Marco Krapels
15508,Marco Leonardi
15509,Marco Mario de Notaris
15510,Marco Perella
15511,Marco Perez
15512,Marco Quaglia
15513,Marco Sgrosso
15514,Marcos A. Gonzalez
15515,Marcus
15516,Marcus Anderson
15517,Marcus Cornwall
15518,Marcus DeAnda
15519,Marcus Fraser
15520,Marcus Henderson
15521,Marcus Hutton
15522,Marcus Lewis
15523,Marcus M. Mauldin
15524,Marcus Mossberg
15525,Marcus Scribner
15526,Marcus Thomas
15527,Marcus Wheeler
15528,Marcuz Jess Petersen
15529,Marcy Richardson
15530,Mare Winningham
15531,Marek Epstein
15532,Marek Kondrat
15533,Marek Oravec
15534,Marek Vasut
15535,Maren Eggert
15536,Marg Helgenberger
15537,Margaret Avery
15538,Margaret Cho
15539,Margaret Clunie
15540,Margaret Colin
15541,Margaret Dickson
15542,Margaret Lee
15543,Margaret Newborn
15544,Margaret Qualley
15545,Margaret Ratner Kunstler
15546,Margaret Reed
15547,Margaret Sanchez
15548,Margaret Thatcher
15549,Margareta Krantz
15550,Margarete Tiesel
15551,Margarethe von Trotta
15552,Margarida Moreira
15553,Margarita Irun
15554,Margarita Kenéfic
15555,Margarita Levieva
15556,Margaux Soentjens
15557,Marge Summit
15558,Marghretta McBean
15559,Margo Johnston
15560,Margo Martindale
15561,Margo Moorer
15562,Margo Stilley
15563,Margo Verfondern
15564,Margot Abascal
15565,Margot Bingham
15566,Margot Klein
15567,Margot Robbie
15568,Marguerite Bouchard
15569,Marguerite McNeil
15570,Marguerite Moreau
15571,Marguerite Stimpson
15572,Mari
15573,Mari Hamada
15574,Mari Kasuya
15575,Mari Koda
15576,Mari Malek
15577,Mari Semidovi
15578,Mari Yamamoto
15579,Maria Alexandra Lungu
15580,Maria Alm Norell
15581,Maria Arevalo
15582,Maria Avdjushko
15583,Maria Bakalova
15584,Maria Bamford
15585,Maria Bello
15586,Maria Björnstam
15587,Maria Bock
15588,Maria Bonnevie
15589,Maria Callas
15590,Maria Cina
15591,Maria Conchita Alonso
15592,Maria Da Guia
15593,Maria de Medeiros
15594,Maria Di Angelis
15595,Maria Dizzia
15596,Maria Doyle Kennedy
15597,Maria Erwolter
15598,Maria Fahl-Vikander
15599,Maria Fernanda Cândido
15600,Maria Gladys Garcia
15601,Maria Hagerman
15602,Maria Herrera
15603,Maria Hofstätter
15604,Maria Järvenhelmi
15605,Maria Leite
15606,Maria Logan
15607,Maria Major
15608,Maria Manoella
15609,Maria Mason
15610,Maria Menounos
15611,Maria Mozhdah
15612,Maria Muldaur
15613,Maria Papas
15614,Maria Pia Timo
15615,Maria Ressa
15616,Maria Rivera
15617,Maria Rosaria Alati
15618,Maria Schrader
15619,Maria Simon
15620,Maria Tepavicharova
15621,Maria Thelma Smáradóttir
15622,Maria Vos
15623,Maria Z. Wilson
15624,Maria-Victoria Dragus
15625,Mariah Bozeman
15626,Mariah Carey
15627,Mariam Al Ferjani
15628,Mariam Bokeria
15629,Mariam Parris
15630,Mariam Saleh Saad
15631,Mariana Chilton
15632,Mariana Di Girolamo
15633,Mariana Gyalui
15634,Mariana Loyola
15635,Mariana Nunes
15636,Mariana Oliveira
15637,Mariana Treviño
15638,Marianna Fontana
15639,Marianna McClellan
15640,Marianna Palka
15641,Marianne Bayard
15642,Marianne Denicourt
15643,Marianne Faithfull
15644,Marianne Farley
15645,Marianne Hoppe
15646,Marianne Ihlen
15647,Marianne Jean-Baptiste
15648,Marianne Oldham
15649,Marianne Rendón
15650,Mariano Lopez Seoane
15651,Maribel Legarreta
15652,Maribel Verdú
15653,Maribeth Monroe
15654,Maricela Miranda
15655,Marie Avgeropoulos
15656,Marie Blokhus
15657,Marie Borkowski Foedrowitz
15658,Marie Bunel
15659,Marie Burke
15660,Marie Collins
15661,Marie Denarnaud
15662,Marie Douvet
15663,Marie Gili-Pierre
15664,Marie Hamilton
15665,Marie Helga Helgetveit
15666,Marie Jasmina
15667,Marie Lemiale
15668,Marie Leuenberger
15669,Marie Richardson
15670,Marie Sergeant
15671,Marie Seux
15672,Marie Wagenman
15673,Marie-Ange Casta
15674,Marie-Christine Adam
15675,Marie-Christine Desandré
15676,Marie-Christine Friedrich
15677,Marie-France
15678,Marie-France Alvarez
15679,Marie-Ginette Guay
15680,Marie-Josee Dionne
15681,Marie-Josée Croze
15682,Marie-Julie Maille
15683,Marie-Lou Sellem
15684,Marielle Scott
15685,Marietou Toure
15686,Marife Necesito
15687,Marika Engelhardt
15688,Marika Gogichaishvili
15689,Mariko Takai
15690,Mariko Tsutsui
15691,Marilou Berry
15692,Marilyn Castonguay
15693,Marilyn Dodds Frank
15694,Marilyn Miller
15695,Marilyn Minter
15696,Marilyn Monroe
15697,Marilyn Norry
15698,Marilyne Canto
15699,Marin Din Kajdomcaj
15700,Marin Grigore
15701,Marin Hinkle
15702,Marin Ireland
15703,Marina Abramovic
15704,Marina Alves Domingues
15705,Marina de Tavira
15706,Marina de Van
15707,Marina Foïs
15708,Marina Golbahari
15709,Marina Hayter
15710,Marina Mazepa
15711,Marina Michael
15712,Marina Palii
15713,Marina Schiptjenko
15714,Marina Vasileva
15715,Marina Vasilyeva
15716,Marinda Anderson
15717,Marine Sainsily
15718,Marine Vacth
15719,Marinko Radakovic
15720,Mario Andretti
15721,Mario Casas
15722,Mario Knezovic
15723,Mario Mangion
15724,Mario Pardo
15725,Mario Ponce
15726,Mario Quinonez Jr.
15727,Mario Van Peebles
15728,Mario Zaragoza
15729,Marion Bailey
15730,Marion Cook
15731,Marion Cotillard
15732,Marion Lambert
15733,Marion O'Dwyer
15734,Marion Reymond
15735,Maripier Morin
15736,Marisa Berenson
15737,Marisa Brown
15738,Marisa Coughlan
15739,Marisa Letícia Lula da Silva
15740,Marisa P. Elham and Family
15741,Marisa Paredes
15742,Marisa Tomei
15743,Marisol Correa
15744,Marisol Nichols
15745,Marisol Ramirez
15746,Marissa Skell
15747,Marissa Triandaf
15748,Marit Andreassen
15749,Marita Fjeldheim Wierda
15750,Marius Damian
15751,Marius Damslev
15752,Mariusz Bonaszewski
15753,Mariusz Wilczynski
15754,Mariya Kuznetsova
15755,Mariya Mironova
15756,Mariya Poroshina
15757,Mariya Smolnikova
15758,Marj
15759,Marjorie Estiano
15760,Marjorie Lorico
15761,Mark 'Gator' Rogowski
15762,Mark Addy
15763,Mark Aisbett
15764,Mark Armstrong
15765,Mark Arnold
15766,Mark Ashworth
15767,Mark Banik
15768,Mark Basnight
15769,Mark Behan
15770,Mark Bell
15771,Mark Benton
15772,Mark Berger
15773,Mark Blockovich
15774,Mark Bonnar
15775,Mark Boone Junior
15776,Mark Bramhall
15777,Mark Brandon
15778,Mark Bruk
15779,Mark Burchick
15780,Mark Burnham
15781,Mark Burns
15782,Mark Camacho
15783,Mark Cayne
15784,Mark Consuelos
15785,Mark Cousins
15786,Mark Dacascos
15787,Mark Dexter
15788,Mark Dozlaw
15789,Mark Duplass
15790,Mark Eakin
15791,Mark Elderkin
15792,Mark Falvo
15793,Mark Fleischmann
15794,Mark Frost
15795,Mark Furze
15796,Mark Gagliardi
15797,Mark Gatiss
15798,Mark Gill
15799,Mark Gooden
15800,Mark Hadfield
15801,Mark Hamill
15802,Mark Hapka
15803,Mark Harmon
15804,Mark Hicks
15805,Mark Homonoff
15806,Mark Huberman
15807,Mark Ivanir
15808,Mark Jonathan Davis
15809,Mark Kandborg
15810,Mark Kassen
15811,Mark Kelly
15812,Mark Kozelek
15813,Mark Kren
15814,Mark Krenik
15815,Mark Lambert
15816,Mark Lawrence
15817,Mark Lee
15818,Mark Leonard Winter
15819,Mark Levin
15820,Mark Lewis Jones
15821,Mark Marcarian
15822,Mark Margolis
15823,Mark McKinney
15824,Mark Mitchinson
15825,Mark Monero
15826,Mark Moses
15827,Mark Nelson
15828,Mark O'Brien
15829,Mark Olmstead
15830,Mark Pellegrino
15831,Mark Peranson
15832,Mark Povinelli
15833,Mark Proksch
15834,Mark Rapaport
15835,Mark Rendall
15836,Mark Rhino Smith
15837,Mark Robert Pullen
15838,Mark Rolston
15839,Mark Ronson
15840,Mark Rowley
15841,Mark Ruffalo
15842,Mark Ryan
15843,Mark Rylance
15844,Mark S. Cartier
15845,Mark Sivertsen
15846,Mark Slacke
15847,Mark Smith
15848,Mark Sparks
15849,Mark Stanley
15850,Mark Steger
15851,Mark Stobbart
15852,Mark Strange
15853,Mark Strong
15854,Mark Tandy
15855,Mark Volman
15856,Mark Vonnegut
15857,Mark Wahlberg
15858,Mark Waschke
15859,Mark Webber
15860,Mark Williams
15861,Mark Wystrach
15862,Mark Zak
15863,Mark Zuckerberg
15864,Mark Zupan
15865,Mark-Paul Gosselaar
15866,Markees Christmas
15867,Markian Tarasiuk
15868,Markice Moore
15869,Markku Peltola
15870,Marko Caka
15871,Markus Oberhauser
15872,Markus Silbiger
15873,Markéta Irglová
15874,Marla Aaron Wapner
15875,Marla Gibbs
15876,Marla Olmstead
15877,Marla Renae
15878,Marla Sokoloff
15879,Marlee Matlin
15880,Marlen Kruse
15881,Marlene Brown
15882,Marlene Dietrich
15883,Marlene Forté
15884,Marlene Gerais
15885,Marlene Saldana
15886,Marley Chesham
15887,Marley Shelton
15888,Marli Siu
15889,Marlon Brando
15890,Marlon Clark
15891,Marlon Jackson
15892,Marlon Joubert
15893,Marlon Kazadi
15894,Marlon Lambert
15895,Marlon St. Julien
15896,Marlon Wayans
15897,Marlon Williams
15898,Marlowe Percival
15899,Marpessa Dawn
15900,Marque Richardson
15901,Marquell Manning
15902,Marques Houston
15903,Marquesha Babers
15904,Marquis Rodriguez
15905,Marquise Vilson
15906,Marrese Crump
15907,Mars Callahan
15908,Marsai Martin
15909,Marsha Kreuzman
15910,Marsha P. Johnson
15911,Marsha Stephanie Blake
15912,Marsha Thomason
15913,Marsha Timothy
15914,Marshall Allman
15915,Marshall Bell
15916,Marshall Cook
15917,Marshall Napier
15918,Marta Barrio
15919,Marta Belaustegui
15920,Marta Fernández Muro
15921,Marta González Rodin
15922,Marta Milans
15923,Marta Piekarz
15924,Marta Zoffoli
15925,Marte Magnusdotter Solem
15926,Martha Carbonell
15927,Martha Girvin
15928,Martha Howe-Douglas
15929,Martha Issová
15930,Martha Kelly
15931,Martha Kuwahara
15932,Martha MacIsaac
15933,Martha Plimpton
15934,Martha Sofie Wallstrøm Hansen
15935,Marthe Bernard
15936,Marthe Keller
15937,Martie Maguire
15938,Martijn Lakemeier
15939,Martin Amis
15940,Martin Atkins
15941,Martin Ayles
15942,Martin Balsam
15943,Martin Bats Bradford
15944,Martin Bishop
15945,Martin Bourdieu
15946,Martin C Patterson
15947,Martin Clausen
15948,Martin Compston
15949,Martin D. Ginsburg
15950,Martin Dingle Wall
15951,Martin Donaghy
15952,Martin Donovan
15953,Martin F Ward
15954,Martin Feifel
15955,Martin Freeman
15956,Martin Havelka
15957,Martin Henderson
15958,Martin Howard
15959,Martin Huss
15960,Martin Indyk
15961,Martin J. Corrado
15962,Martin Kemp
15963,Martin Kove
15964,Martin Landau
15965,Martin Lawrence
15966,Martin Loizillon
15967,Martin Lucey
15968,Martin Margiela
15969,Martin Maria Abram
15970,Martin McCann
15971,Martin McCreadie
15972,Martin Mesnier
15973,Martin Mull
15974,Martin Mysicka
15975,Martin Palmer
15976,Martin Patterson
15977,Martin Petit-Guyot
15978,Martin Peña
15979,Martin Pfefferkorn
15980,Martin Portlock
15981,Martin Razpopov
15982,Martin Roach
15983,Martin Scorsese
15984,Martin Sensmeier
15985,Martin Shaw
15986,Martin Sheen
15987,Martin Short
15988,Martin Sitta
15989,Martin Spanjers
15990,Martin Starr
15991,Martin Swabey
15992,Martin Sööder
15993,Martin Verfondern
15994,Martin von Haselberg
15995,Martin Wallström
15996,Martin Weiß
15997,Martin Wuttke
15998,Martina Babisova
15999,Martina De Santis
16000,Martina Eitner-Acheampong
16001,Martina Gedeck
16002,Martina Gusman
16003,Martine Chevallier
16004,Martine Erhel
16005,Martins Vilsons
16006,Marton Csokas
16007,Martti Syrjä
16008,Marty Balin
16009,Marty Maley
16010,Marty Walsh
16011,Martyn Ford
16012,Martyn Mayger
16013,Martín Piroyansky
16014,Maruf Otajonov
16015,Marvin Gaye
16016,Marwan Kenzari
16017,Mary
16018,Mary Ann Rolle
16019,Mary Berry
16020,Mary Beth Peil
16021,Mary Black
16022,Mary Bolt
16023,Mary Dagg
16024,Mary Elizabeth Ellis
16025,Mary Elizabeth Winstead
16026,Mary Ellen Dunlap
16027,Mary Faulkner
16028,Mary Fuller
16029,Mary Galloway
16030,Mary Gauthier
16031,Mary Gidley
16032,Mary Grill
16033,Mary Holland
16034,Mary Hollis Inboden
16035,Mary J. Blige
16036,Mary Jo Catlett
16037,Mary Jones
16038,Mary Kate Malat
16039,Mary Kay Place
16040,Mary Klug
16041,Mary Lane Haskell
16042,Mary Lindsay
16043,Mary Luana Williams
16044,Mary Lynn Rajskub
16045,Mary Makariou
16046,Mary McCormack
16047,Mary McDonnell
16048,Mary McEvoy
16049,Mary Neely
16050,Mary Norris
16051,Mary P. Cosimano
16052,Mary Passeri
16053,Mary Pat Gleason
16054,Mary Scheer
16055,Mary Steenburgen
16056,Mary Stuart Masterson
16057,Mary Sun Kim
16058,Mary Twala
16059,Mary Weiss
16060,Mary Wells
16061,Mary Wilson
16062,Mary Woronov
16063,Mary-Ann Monforton
16064,Mary-Kate Olsen
16065,Mary-Louise Parker
16066,Marya Membreño
16067,Maryam Zaree
16068,Maryana Spivak
16069,Maryann Nagel
16070,Maryann Plunkett
16071,Maryanne Amacher
16072,Maryanne Frost
16073,Marybeth Fisher
16074,Maryiam Palvin Almani
16075,Marylou Belugou
16076,Marylouise Burke
16077,Marziyeh Rezaei
16078,María Birta
16079,María Botto
16080,María Cecilia Botero
16081,María Cid
16082,María Martins
16083,María Mercedes Coroy
16084,María Onetto
16085,María Salomé Simón
16086,María Telón
16087,María Teresa Ortega
16088,María Ucedo
16089,María Valverde
16090,María Villar
16091,Masaaki Akahori
16092,Masaharu Fukuyama
16093,Masahiro Higashide
16094,Masahiro Motoki
16095,Masaki Miura
16096,Masaki Okada
16097,Masaki Suda
16098,Masako Yasumoto
16099,Masami Nagasawa
16100,Masanobu Ando
16101,Masataka Kubota
16102,Masato Hagiwara
16103,Masato Sakai
16104,Masatoshi Nagase
16105,Masatoshi Sakai
16106,Masatô Ibu
16107,Masayoshi Haneda
16108,Mascha Rabben
16109,Masi Oka
16110,Mason Alexander Park
16111,Mason Cook
16112,Mason Gooding
16113,Mason Guccione
16114,Mason Hendricks
16115,Mason Lee
16116,Mason McNulty
16117,Mason Pike
16118,Mason Versaw
16119,Mason Yam
16120,Massiel Hernandez
16121,Massimiliano Caprara
16122,Massimiliano Gallo
16123,Massimiliano Rossi
16124,Massimiliano Ubaldi
16125,Massimo Ceccherini
16126,Massimo De Francovich
16127,Massimo Girotti
16128,MASUMI
16129,Matej Gobec
16130,Mateo Debaets
16131,Mateusz Kosciukiewicz
16132,Matheus Malafaia
16133,Matheus Nachtergaele
16134,Mathew Greer
16135,Mathew Zajac
16136,Mathias Alvarez
16137,Mathias Bengtsson
16138,Mathias Renou
16139,Mathieu Amalric
16140,Mathieu Jaquet
16141,Mathieu Kassovitz
16142,Mathieu Saikaly
16143,Mathilde Auneveux
16144,Mathilde Ollivier
16145,Mathilde Riu
16146,Mathilde Seigner
16147,Mathilde Viseux
16148,Mati Diop
16149,Matias Padin
16150,Matilda Anna Ingrid Lutz
16151,Matilda Del Toro
16152,Matilda Kimber
16153,Matilda Lawler
16154,Matilda Tucker
16155,Matilda Ziegler
16156,Matreya Scarrwener
16157,Matt Ballard
16158,Matt Barber
16159,Matt Barr
16160,Matt Battaglia
16161,Matt Beauman-Jones
16162,Matt Bennett
16163,Matt Berninger
16164,Matt Berry
16165,Matt Besser
16166,Matt Bomer
16167,Matt Burke
16168,Matt Bush
16169,Matt Corboy
16170,Matt Costello
16171,Matt Craven
16172,Matt Czuchry
16173,Matt D'Elia
16174,Matt Damon
16175,Matt Day
16176,Matt Devere
16177,Matt Dillon
16178,Matt Ellis
16179,Matt Esof
16180,Matt Foreman
16181,Matt Frewer
16182,Matt Furie
16183,Matt Gates
16184,Matt Gerald
16185,Matt Helm
16186,Matt Jessup
16187,Matt Johnson
16188,Matt Jones
16189,Matt Labash
16190,Matt Lanter
16191,Matt Lauria
16192,Matt LeBlanc
16193,Matt Letscher
16194,Matt Lewis
16195,Matt Lindquist
16196,Matt Lucas
16197,Matt Maisto
16198,Matt Mancini
16199,Matt McCoy
16200,Matt McGorry
16201,Matt McGrath
16202,Matt Mercer
16203,Matt Mercurio
16204,Matt Murray
16205,Matt Myers
16206,Matt Newton
16207,Matt O'Leary
16208,Matt Passmore
16209,Matt Patresi
16210,Matt Peters
16211,Matt Phillips
16212,Matt Post
16213,Matt Rippy
16214,Matt Salinger
16215,Matt Schulze
16216,Matt Servitto
16217,Matt Smit
16218,Matt Smith
16219,Matt Stokoe
16220,Matt Stone
16221,Matt Story
16222,Matt Stuart
16223,Matt Testro
16224,Matt Walsh
16225,Matthew Barnes
16226,Matthew Barney
16227,Matthew Beard
16228,Matthew Bohrer
16229,Matthew Bomer
16230,Matthew Broderick
16231,Matthew Cardarople
16232,Matthew Daddario
16233,Matthew Davis
16234,Matthew Delamere
16235,Matthew Dillon
16236,Matthew Dylan Roberts
16237,Matthew Felker
16238,Matthew Fox
16239,Matthew Garlick
16240,Matthew Glave
16241,Matthew Goode
16242,Matthew Gray Gubler
16243,Matthew James Ballinger
16244,Matthew Johnson
16245,Matthew Kennedy
16246,Matthew Kevin Anderson
16247,Matthew Lewis
16248,Matthew Lillard
16249,Matthew Macfadyen
16250,Matthew Maher
16251,Matthew Marsh
16252,Matthew McConaughey
16253,Matthew McNulty
16254,Matthew Mills
16255,Matthew Miniero
16256,Matthew Modine
16257,Matthew Morrison
16258,Matthew Nable
16259,Matthew Needham
16260,Matthew Ninaber
16261,Matthew Page
16262,Matthew Perry
16263,Matthew Pilachowski
16264,Matthew Quattrocki
16265,Matthew Reese
16266,Matthew Rhys
16267,Matthew Rimmer
16268,Matthew Shear
16269,Matthew Sheeran
16270,Matthew Steer
16271,Matthew Sunderland
16272,Matthew T. Reynolds
16273,Matthew Underwood
16274,Matthew Van Leeve
16275,Matthew Vey
16276,Matthew Wiechert
16277,Matthew Willig
16278,Matthew Wolf
16279,Matthew Zuk
16280,Matthias Brandt
16281,Matthias Brenner
16282,Matthias Habich
16283,Matthias Hues
16284,Matthias Kocur
16285,Matthias Matschke
16286,Matthias Schoenaerts
16287,Matthias Schweighöfer
16288,Matthias Sebastiun Garry
16289,Matthieu Lucci
16290,Matthijs van Nieuwkerk
16291,Matti Boustedt
16292,Matti Onnismaa
16293,Mattia Piano Del Balzo
16294,Mattias Inwood
16295,Matty Finochio
16296,Matvey Novikov
16297,Matías Oviedo
16298,Maud Le Guenedal
16299,Maude Apatow
16300,Maura Corsini
16301,Maura Tierney
16302,Maureen Brennan
16303,Maureen Carr
16304,Maureen Casey
16305,Maureen Tucker
16306,Maureen Wild
16307,Maurice Benard
16308,Maurice Compte
16309,Maurice Dean Wint
16310,Maurice Gibb
16311,Maurice MacGowan
16312,Mauricio Armas
16313,Mauro Castillo
16314,Mauro Pirovano
16315,Mauro Sanchez Navarro
16316,Maury Ginsberg
16317,Mavie Hörbiger
16318,Mavis Simpson-Ernst
16319,Max Adler
16320,Max Baldry
16321,Max Beesley
16322,Max Bennett
16323,Max Born
16324,Max Brown
16325,Max Casella
16326,Max Charles
16327,Max Cullen
16328,Max Deacon
16329,Max Dowler
16330,Max Gail
16331,Max Greenfield
16332,Max Hartman
16333,Max Harwood
16334,Max Hubacher
16335,Max Huskins
16336,Max Irons
16337,Max Ivutin
16338,Max Jenkins
16339,Max Laferriere
16340,Max Lipchitz
16341,Max Macmillan
16342,Max Madera
16343,Max Malatesta
16344,Max Martini
16345,Max Mauff
16346,Max Maven
16347,Max Minghella
16348,Max Ovaska
16349,Max Pava
16350,Max Raphael
16351,Max Records
16352,Max Riemelt
16353,Max Ripley
16354,Max Roach
16355,Max Schimmelpfennig
16356,Max Schochet
16357,Max Schrem
16358,Max Talisman
16359,Max Thieriot
16360,Max von Sydow
16361,Max Yasgur
16362,Maxence Clément
16363,Maxie Peters
16364,Maxim
16365,Maxim Lemire
16366,Maxim Roy
16367,Maxim Stoianov
16368,Maxime Baudoin
16369,Maxime Foerste
16370,Maximil
16371,Maximilian Brückner
16372,Maximilian Kubiak
16373,Maximilian Simonischek
16374,Maximiliano Bello
16375,Maximiliano Hernández
16376,Maximillian McNamara
16377,Maximino Arciniega
16378,Maxine Muster
16379,Maxine Peake
16380,Maxmillian Robinson
16381,Maxton Miles Baeza
16382,Maxwell Simba
16383,Maxwell Simkins
16384,Maya Ameratunga
16385,Maya Angelou
16386,Maya Dagan
16387,Maya Delmont
16388,Maya Erskine
16389,Maya Eshet
16390,Maya Hawke
16391,Maya Maron
16392,Maya Morales
16393,Maya Peters
16394,Maya Rudolph
16395,Maya Stange
16396,Maya Stojan
16397,Maya Zapata
16398,Mayen Estanero
16399,Mayko Nguyen
16400,Maynor Alvarado
16401,Mayra Batalla
16402,Mayra Juarez
16403,Mayu Matsuoka
16404,Mayumi Shintani
16405,Mazin Ahmed
16406,Maïmouna Gueye
16407,Maïra Schmitt
16408,Maïwenn Le Besco
16409,Mbissine Thérèse Diop
16410,Mbow
16411,McCabe Slye
16412,McCaul Lombardi
16413,McColm Ce
16414,McColm Cephas Jr.
16415,McKaley Miller
16416,Mckenna Grace
16417,McKenna Roberts
16418,McKinley Belcher III
16419,McLean Peterson
16420,Mdavid Low
16421,Mduduzi Mabaso
16422,Me'sha Bryan
16423,Meadow Nguy
16424,Meadow Nobrega
16425,Meadow Williams
16426,Meagan Good
16427,Meagan Kimberly Smith
16428,Mecha Armele
16429,Medalion Rahimi
16430,Medina El Aidi
16431,Medina Senghore
16432,Meeghan Holaway
16433,Meek Mill
16434,Meeko
16435,Meelis Rämmeld
16436,Meena Rayann
16437,Meenakshi Wadhwa
16438,Meera Devi
16439,Meera Ganatra
16440,Meera Rohit Kumbhani
16441,Meera Syal
16442,Meeya Davis
16443,Meg Foster
16444,Meg Fraser
16445,Meg Gibson
16446,Meg McGarry
16447,Meg Ryan
16448,Megalyn Echikunwoke
16449,Megan Ashley Brown
16450,Megan Best
16451,Megan Channell
16452,Megan Charpentier
16453,Megan Chelf Fisher
16454,Megan Dodds
16455,Megan Duffy
16456,Megan Ferguson
16457,Megan Fox
16458,Megan Haley
16459,Megan Hayes
16460,Megan Krizmanich
16461,Megan Leonard
16462,Megan Liu
16463,Megan Mullally
16464,Megan Park
16465,Megan Smart
16466,Megan Stott
16467,Meganne Young
16468,Meghan Leone Cox
16469,Meghan Markle
16470,Meghan McGarry
16471,Meghan Packer
16472,Meghan Treadway
16473,Megumi Han
16474,Megumi Hayashibara
16475,Megumi Ogata
16476,Megumi Okina
16477,Megyn Kelly
16478,Mehcad Brooks
16479,Mehdi A.G. Mohamed
16480,Mehdi Boudina
16481,Meherbaan Singh
16482,Mei-Ru Du
16483,Meighan Gerachis
16484,Meihuizi Zeng
16485,Meijun Zhou
16486,Meinhard Neumann
16487,Meir Golan
16488,Mekhi Phifer
16489,Mekia Cox
16490,Mel
16491,Mel Brooks
16492,Mel Cowan
16493,Mel Gibson
16494,Mel Jarnson
16495,Mel Powell
16496,Mel Raido
16497,Mel Rodriguez
16498,Melania Trump
16499,Melanie Benz
16500,Melanie Clark Pullen
16501,Melanie De Ferranti
16502,Melanie Gr
16503,Melanie Griffith
16504,Melanie Haynes
16505,Melanie Hubert
16506,Melanie Jewel Howard
16507,Melanie Kilburn
16508,Melanie Kiran
16509,Melanie Leishman
16510,Melanie Liburd
16511,Melanie Lynskey
16512,Melanie Nicholls-King
16513,Melanie Papalia
16514,Melanie Rothman
16515,Melanie Scrofano
16516,Melanie Stone
16517,Melanie Vallejo
16518,Melanie Zanetti
16519,Melek Selin Birtürk
16520,Melina Vidler
16521,Melinda Dillon
16522,Melinda Hill
16523,Melinda Kinnaman
16524,Melinda McGraw
16525,Melinda Page Hamilton
16526,Melinda Russell
16527,Melissa Auf der Maur
16528,Melissa Benoist
16529,Melissa Bolona
16530,Melissa Bratton
16531,Melissa Fahn
16532,Melissa George
16533,Melissa Haiden
16534,Melissa Jo Bailey
16535,Melissa Joan Hart
16536,Melissa Kennemore
16537,Melissa LeEllen
16538,Melissa Leo
16539,Melissa Lewis
16540,Melissa Mandisa
16541,Melissa McCarthy
16542,Melissa McMeekin
16543,Melissa Navia
16544,Melissa Nearman
16545,Melissa Ponzio
16546,Melissa Rauch
16547,Melissa Rivers
16548,Melissa Roxburgh
16549,Melissa Sagemiller
16550,Melissa Saint-Amand
16551,Melissa van der Schyff
16552,Melissanthi Mahut
16553,Melissia Lomax
16554,Mellany Barros
16555,Melle Tistounet
16556,Mellen Aura
16557,Melody A. Tally
16558,Melody Carrillo
16559,Melody Hurd
16560,Melody Johnson
16561,Melody Moore
16562,Melody Niemann
16563,Melody Rogers
16564,Melonie Diaz
16565,Melora Walters
16566,Melvil Poupaud
16567,Melvin Gregg
16568,Mem Ferda
16569,Memo Villegas
16570,Mena Massoud
16571,Mena Suvari
16572,Menashe Lustig
16573,Menashe Noy
16574,Meng'er Zhang
16575,Menggie Cobarrubias
16576,Mengnan Li
16577,Meo Wulf
16578,Merab Ninidze
16579,Mercedes Carter
16580,Mercedes de la Zerda
16581,Mercedes Hernández
16582,Mercedes McCambridge
16583,Mercedes Morán
16584,Mercedes Mujica
16585,Mercy Malick
16586,Meredith Baxter
16587,Meredith Broussard
16588,Meredith Burke
16589,Meredith Hagner
16590,Meredith Holzman
16591,Meret Becker
16592,Merit Leighton
16593,Meron Getnet
16594,Merrill Reed Weiner
16595,Merritt Patterson
16596,Merritt Wever
16597,Merry Clayton
16598,Merv Griffin
16599,Meryl Streep
16600,Meryl Williams
16601,Mesfin Lamengo
16602,Method Man
16603,Mette Lysdahl
16604,Mette Towley
16605,Mevis Birungi
16606,Meyer Schwartz
16607,Meytal Gal
16608,Mi-hie Jang
16609,Mi-Kyung Cha
16610,Mia Bella
16611,Mia Carman
16612,Mia Cheung
16613,Mia Doi Todd
16614,Mia Erika Sparrok
16615,Mia Faith
16616,Mia Farrow
16617,Mia Fowler
16618,Mia Goth
16619,Mia Hansen-Løve
16620,Mia Kirshner
16621,Mia Lyhne
16622,Mia Quiney
16623,Mia Skäringer
16624,Mia Wasikowska
16625,Miao Miao
16626,Miaomiao He
16627,Micaela Nevárez
16628,Micah A. Hauptman
16629,Micah Fitzgerald
16630,Micah Howard
16631,Micah Mason
16632,Micah Sloat
16633,Micha
16634,Micha Lescot
16635,Michael A. Lake
16636,Michael Aaron Milligan
16637,Michael Abbott Jr.
16638,Michael Abela
16639,Michael Adamthwaite
16640,Michael Adrienne O'Hagan
16641,Michael Agee
16642,Michael Alago
16643,Michael Alan Collette
16644,Michael Angarano
16645,Michael Angelo Covino
16646,Michael Antonio
16647,Michael Apted
16648,Michael Aronov
16649,Michael Asmussen
16650,Michael Aspel
16651,Michael B. Jordan
16652,Michael Bacall
16653,Michael Badalucco
16654,Michael Baden
16655,Michael Bailey Smith
16656,Michael Banks Repeta
16657,Michael Barbieri
16658,Michael Beach
16659,Michael Beasley
16660,Michael Bellisario
16661,Michael Benefield
16662,Michael Benjamin Hernandez
16663,Michael Benjamin Washington
16664,Michael Benyaer
16665,Michael Benz
16666,Michael Bernardi
16667,Michael Bird
16668,Michael Bisping
16669,Michael Boatman
16670,Michael Bodie
16671,Michael Boisvert
16672,Michael Bolton
16673,Michael Bonsignore
16674,Michael Bortin
16675,Michael Bow
16676,Michael Brandner
16677,Michael Broadhurst
16678,Michael Brostrup
16679,Michael Brumfield
16680,Michael Buffer
16681,Michael Buscemi
16682,Michael C. Hall
16683,Michael Caine
16684,Michael Carbonaro
16685,Michael Carman
16686,Michael Cassidy
16687,Michael Caton
16688,Michael Cera
16689,Michael Chapman
16690,Michael Chernus
16691,Michael Chiklis
16692,Michael Ciccarelli
16693,Michael Cimino
16694,Michael Clarke Duncan
16695,Michael Cohen
16696,Michael Collins
16697,Michael Constantine
16698,Michael Cram
16699,Michael Cristofer
16700,Michael Cudlitz
16701,Michael Culki
16702,Michael Culkin
16703,Michael Cunio
16704,Michael Cuomo
16705,Michael Curry
16706,Michael Cuscuna
16707,Michael Cyril Creighton
16708,Michael D. Cohen
16709,Michael D. McCarthy
16710,Michael Dabrowski
16711,Michael Daniel
16712,Michael Darby
16713,Michael David Baldwin
16714,Michael David Yuhl
16715,Michael De Mesa
16716,Michael Degen
16717,Michael Dempsey
16718,Michael Devine
16719,Michael Dickson
16720,Michael Dorman
16721,Michael Douglas
16722,Michael Dowd
16723,Michael Draper
16724,Michael Drayer
16725,Michael Durodola
16726,Michael Dyson
16727,Michael E. Mann
16728,Michael E. Stogner
16729,Michael Ealy
16730,Michael Eisner
16731,Michael Eklund
16732,Michael Epp
16733,Michael Ernest Sweet
16734,Michael Esper
16735,Michael Everson
16736,Michael Fassbender
16737,Michael Fischer
16738,Michael Fitz
16739,Michael Fitzgerald
16740,Michael Flores
16741,Michael Flynn
16742,Michael Forbes
16743,Michael Friend
16744,Michael Fuith
16745,Michael Gambon
16746,Michael Gandolfini
16747,Michael Garza
16748,Michael Gaston
16749,Michael Gates
16750,Michael Godere
16751,Michael Gor
16752,Michael Gornick
16753,Michael Gould
16754,Michael Graham
16755,Michael Greyeyes
16756,Michael Gross
16757,Michael Hampton
16758,Michael Harney
16759,Michael Herbig
16760,Michael Higgs
16761,Michael Hitchcock
16762,Michael Hogan
16763,Michael Holman
16764,Michael Horse
16765,Michael Hutchence
16766,Michael Hyatt
16767,Michael Ian Black
16768,Michael Imperioli
16769,Michael Ironside
16770,Michael Izquierdo
16771,Michael J Rogers
16772,Michael J. Fox
16773,Michael J. Willett
16774,Michael Jackson
16775,Michael Jai White
16776,Michael Jenn
16777,Michael Jeter
16778,Michael John Treanor
16779,Michael Johnston
16780,Michael Jordan
16781,Michael K. Williams
16782,Michael Keaton
16783,Michael Kelly
16784,Michael Kenneth Williams
16785,Michael Keogh
16786,Michael Kirch
16787,Michael Kiwanuka
16788,Michael Kruse-Dahl
16789,Michael Landes
16790,Michael Lang
16791,Michael Laurence
16792,Michael Legge
16793,Michael Lerner
16794,Michael Liddle Pula
16795,Michael Lomenda
16796,Michael Love Toliver
16797,Michael M. Bilandic
16798,Michael M. Foster
16799,Michael MacKenzie
16800,Michael Madsen
16801,Michael Maertens
16802,Michael Maize
16803,Michael Mando
16804,Michael Martin
16805,Michael McDonald
16806,Michael McElhatton
16807,Michael McFadden
16808,Michael McFaul
16809,Michael McGeown
16810,Michael McHugh
16811,Michael McKean
16812,Michael McMillian
16813,Michael McQuillan
16814,Michael Meeropol
16815,Michael Metelits
16816,Michael Metta
16817,Michael Mihm
16818,Michael Mitton
16819,Michael Mobley
16820,Michael Mogull
16821,Michael Moore
16822,Michael Mosley
16823,Michael Muntz
16824,Michael Murphy
16825,Michael Nardone
16826,Michael Nelson
16827,Michael Nouri
16828,Michael Nyqvist
16829,Michael O'Chonfhlaola
16830,Michael O'Keefe
16831,Michael O'Neill
16832,Michael Og Lane
16833,Michael Oldani
16834,Michael Palin
16835,Michael Papajohn
16836,Michael Parducci
16837,Michael Park
16838,Michael Parks
16839,Michael Parsons
16840,Michael Paré
16841,Michael Patrick Lane
16842,Michael Patrick McGill
16843,Michael Patrick O'Brien
16844,Michael Pavlicek
16845,Michael Peña
16846,Michael Pitt
16847,Michael Polish
16848,Michael Pollan
16849,Michael Potts
16850,Michael Pressman
16851,Michael Provost
16852,Michael Rainey Jr.
16853,Michael Rapaport
16854,Michael Ratner
16855,Michael Ray Escamilla
16856,Michael Raymond-James
16857,Michael Redfield
16858,Michael Reilly Burke
16859,Michael Rianda
16860,Michael Richard
16861,Michael Risley
16862,Michael Rispoli
16863,Michael Rogers
16864,Michael Rooker
16865,Michael Rose
16866,Michael Rosenbaum
16867,Michael Rouse
16868,Michael Ryan Boehm
16869,Michael Sadler
16870,Michael Sandridge
16871,Michael Santiago
16872,Michael Shaeffer
16873,Michael Shamus Wiles
16874,Michael Shannon
16875,Michael Sheasby
16876,Michael Sheen
16877,Michael Shepperd
16878,Michael Showalter
16879,Michael Sinterniklaas
16880,Michael Smiley
16881,Michael Spears
16882,Michael Specht
16883,Michael St. Michaels
16884,Michael Stahl-David
16885,Michael Starr
16886,Michael Stuhlbarg
16887,Michael Ta'Bon
16888,Michael Tayles
16889,Michael Thomas
16890,Michael Tourek
16891,Michael Tow
16892,Michael Trucco
16893,Michael Urie
16894,Michael Vartan
16895,Michael Vitovich
16896,Michael W. Bunch
16897,Michael W. Smith
16898,Michael Warren
16899,Michael Wayne Foster
16900,Michael Weist
16901,Michael Welch
16902,Michael Weston
16903,Michael White
16904,Michael Wiener
16905,Michael Williams
16906,Michael Wincott
16907,Michael Wittenborn
16908,Michael Woods
16909,Michael X. Sommers
16910,Michael Yare
16911,Michael Yates
16912,Michael Zegen
16913,Michael-Anthony Taylor
16914,Michaela Conlin
16915,Michaela Dolezalová
16916,Michaela Kurimsky
16917,Michaela Watkins
16918,Michal Bat-Sheva Rand
16919,Michal Rezný
16920,Michala Plato
16921,Michalina Olszanska
16922,Michaël Abiteboul
16923,Michaël Dacheux
16924,Michaël Louchart
16925,Michaël Youn
16926,Micheal J. Smith Sr.
16927,Micheal Ward
16928,Michel Alexandre Gonzalez
16929,Michel Blanc
16930,Michel Charrel
16931,Michel Deville
16932,Michel Fau
16933,Michel Gondry
16934,Michel Issa Rubio
16935,Michel Joelsas
16936,Michel Piccoli
16937,Michel Robin
16938,Michel Seydoux
16939,Michel Subor
16940,Michel Temer
16941,Michela Atzeni
16942,Michela De Rossi
16943,Michela Farrugia
16944,Michelangelo Antonioni
16945,Michelangelo Marchese
16946,Michele Carboni
16947,Michele Dawson
16948,Michele Moore
16949,Michele Rocco Smeets
16950,Michele Simon
16951,Micheline Bernard
16952,Michelle Ang
16953,Michelle Barthel
16954,Michelle Bonnard
16955,Michelle Borth
16956,Michelle Buteau
16957,Michelle C. Bonilla
16958,Michelle Caspar
16959,Michelle Cho
16960,Michelle Chu
16961,Michelle Conlin
16962,Michelle Coulter
16963,Michelle Creber
16964,Michelle Dockery
16965,Michelle Duncan
16966,Michelle Eugene
16967,Michelle Forbes
16968,Michelle Fournet
16969,Michelle González
16970,Michelle Greenidge
16971,Michelle Harrison
16972,Michelle Horowitz
16973,Michelle Hurd
16974,Michelle Hurst
16975,Michelle Jenner
16976,Michelle John
16977,Michelle Krusiec
16978,Michelle La
16979,Michelle Lang
16980,Michelle Lee
16981,Michelle Lim Davidson
16982,Michelle Lotters
16983,Michelle Maxson
16984,Michelle McLeod
16985,Michelle Monaghan
16986,Michelle Morgan
16987,Michelle N. Carter
16988,Michelle Noh
16989,Michelle Ny
16990,Michelle Obama
16991,Michelle Pfeiffer
16992,Michelle Rios
16993,Michelle Rodriguez
16994,Michelle Rodríguez
16995,Michelle Romano
16996,Michelle Santiago
16997,Michelle St. John
16998,Michelle Tedesco
16999,Michelle Trachtenberg
17000,Michelle Wil
17001,Michelle Williams
17002,Michelle Wilson
17003,Michelle Wong
17004,Michelle Ye
17005,Michelle Yeoh
17006,Micheál Richardson
17007,Michi Fifer
17008,Michiel de Jong
17009,Michiel Huisman
17010,Michiko Neya
17011,Michiyo Yasuda
17012,Michole White
17013,Michèle Caucheteux
17014,Michèle Clément
17015,Michèle Garcia
17016,Michèle Morgan
17017,Mick Coleman
17018,Mick Fleetwood
17019,Mick Foley
17020,Mick Jagger
17021,Mick Lally
17022,Mick O'Rourke
17023,Mick Taylor
17024,Mick Wingert
17025,Mickaël Migliorini
17026,Mickey Cohen
17027,Mickey Cottrell
17028,Mickey Faerch
17029,Mickey Gilmore
17030,Mickey Hart
17031,Mickey Mouse
17032,Mickey Osterreicher
17033,Mickey River
17034,Mickey Rourke
17035,Mickey Sumner
17036,Micky Skeel Hansen
17037,Mieko Harada
17038,Miel Bredouw
17039,Mietek Pemper
17040,Miglen Mirtchev
17041,Miguel A. Núñez Jr.
17042,Miguel Angel Garcia
17043,Miguel Angel Sano
17044,Miguel Anthony
17045,Miguel Bosé
17046,Miguel Ferrer
17047,Miguel Gomez
17048,Miguel Lobo
17049,Miguel Rodarte
17050,Miguel Sandoval
17051,Miguel Varoni
17052,Miguel Viera
17053,Miguel Ángel Solá
17054,Mihaela Murgoci
17055,Mihai Comanoiu
17056,Miho Kanno
17057,Mihály Kormos
17058,Mika Boorem
17059,Mika Seidel
17060,Mika'Ela Fisher
17061,Mikael Persbrandt
17062,Mikaela Hoover
17063,Mikaela Lupu
17064,Mikaela Von Koskull
17065,Mikako Ichikawa
17066,Mikal Delaney
17067,Mikayel Hakhnazaryan
17068,Mike 'The Miz' Mizanin
17069,Mike Anderson
17070,Mike Angelo
17071,Mike Bell
17072,Mike Binder
17073,Mike Birbiglia
17074,Mike C. Manning
17075,Mike C. Nelson
17076,Mike Classic
17077,Mike Cochrane
17078,Mike Colter
17079,Mike Cortese
17080,Mike D
17081,Mike Dara
17082,Mike Duncan
17083,Mike E. Winfield
17084,Mike Epps
17085,Mike Faiola
17086,Mike Faist
17087,Mike Foreman
17088,Mike Foy
17089,Mike Gabriel
17090,Mike Gassaway
17091,Mike Hatton
17092,Mike Hodge
17093,Mike Houston
17094,Mike Iveson
17095,Mike Ivy
17096,Mike Kai Sui
17097,Mike Keneally
17098,Mike Libanon
17099,Mike McGill
17100,Mike Miller
17101,Mike Mitchell
17102,Mike Moh
17103,Mike Moore
17104,Mike Muliadro
17105,Mike Myers
17106,Mike Nawrocki
17107,Mike Papantonio
17108,Mike Pence
17109,Mike Pniewski
17110,Mike Reus
17111,Mike Starr
17112,Mike Sutton
17113,Mike Tornabene
17114,Mike Tyson
17115,Mike Vogel
17116,Mike Wallace
17117,Mike White
17118,Mike Wiluan
17119,Mikel Murfi
17120,Mikey
17121,Mikey Day
17122,Mikey Madison
17123,Mikhail Baryshnikov
17124,Mikhail Bogdanov
17125,Mikhail Efremov
17126,Mikhail Gorbachev
17127,Mikhail Gorevoy
17128,Mikhail Khodorkovsky
17129,Mikhaïl Ahooja
17130,Miki Kam
17131,Miki Manojlovic
17132,Mikkel Boe Følsgaard
17133,Miklos Nemeth
17134,Miku Patricia Martineau
17135,Mila Al Zahrani
17136,Mila Brener
17137,Mila Cuda
17138,Mila Kunis
17139,Milad Eskandari
17140,Milah Thompson
17141,Milan Fras
17142,Milan Maric
17143,Milan Peschel
17144,Milan Ray
17145,Milan Strljic
17146,Milan-Devi LaBrey
17147,Milana Vayntrub
17148,Milanka Brooks
17149,Milauna Jemai
17150,Mildred Bailey
17151,Milena Smit
17152,Milena Tscharntke
17153,Miles Anderson
17154,Miles Canapi
17155,Miles Davis
17156,Miles Doleac
17157,Miles Heizer
17158,Miles Jupp
17159,Miles Rich
17160,Miles Robbins
17161,Miles Teller
17162,Miley Cyrus
17163,Milford Graves
17164,Milind Gunaji
17165,Milla Jovovich
17166,Millicent Simmonds
17167,Millie Bobby Brown
17168,Millie Brady
17169,Milly Shapiro
17170,Milo Cawthorne
17171,Milo Gibson
17172,Milo Ventimiglia
17173,Milorad Kapor
17174,Milos Forman
17175,Milton Velasquez
17176,Miluette Nalin
17177,Mimi Branescu
17178,Mimi Davila
17179,Mimi Keene
17180,Mimi Kirkland
17181,Mimi Kuzyk
17182,Mimi Pond
17183,Mimi Rogers
17184,Min Tanaka
17185,Min-hee Kim
17186,Min-jae Kim
17187,Min-sik Choi
17188,Min-woo Lee
17189,Mina Farid
17190,Mina Joo
17191,Mina Sundwall
17192,Minako Kotobuki
17193,Mindy Kaling
17194,Mindy Raymond
17195,Mindy Sterling
17196,Ming Wang
17197,Ming Yao
17198,Ming-Shuai Shih
17199,Ming-yi Fei
17200,Minka Kelly
17201,Minka Kuustonen
17202,Minnie Driver
17203,Minori Omi
17204,Minosuke
17205,Minzhi Wei
17206,Miou-Miou
17207,Miquel Fernández
17208,Mir Sarwar
17209,Mira Barkhammar
17210,Mira Furlan
17211,Mira Grosin
17212,Mira Mitchell
17213,Mira Silverman
17214,Mira Sorvino
17215,Miracle Laurie
17216,Miranda Bailey
17217,Miranda Cosgrove
17218,Miranda Frangou
17219,Miranda Frigon
17220,Miranda H
17221,Miranda Harcourt
17222,Miranda Hart
17223,Miranda July
17224,Miranda LaDawn Hill
17225,Miranda Millar
17226,Miranda Otto
17227,Miranda Parham
17228,Miranda Raison
17229,Miranda Richardson
17230,Miranda Sarfo Peprah
17231,Miranda Tapsell
17232,Mircea Monroe
17233,Mireille Enos
17234,Mirela Neag
17235,Miri Abu
17236,Miriam A. Hyman
17237,Miriam Colón
17238,Miriam Margolyes
17239,Miriam Morgenstern
17240,Miriam Moss
17241,Miriam Sambol
17242,Miriam Shor
17243,Miriam Westheimer
17244,Miriama McDowell
17245,Miriana Moro
17246,Mirja Oksanen
17247,Mirjam Novak
17248,Mirko Grillini
17249,Mirna Fridman
17250,Miroslav Hanus
17251,Miroslav Krobot
17252,Misa Shimizu
17253,Misa Uehara
17254,Misaki Ito
17255,Misaki Kuno
17256,Misako Tanaka
17257,Mischa Barton
17258,Misha Defonseca
17259,Misha Gabriel Hamilton
17260,Misha Handley
17261,Misha Meskhi
17262,Miss Lawrence
17263,Missi Pyle
17264,Missy 'Misdemeanor' Elliott
17265,Missy Peregrym
17266,Missy Yager
17267,Misty Copeland
17268,Misty Upham
17269,Misuzu Kanno
17270,Mitch McConnell
17271,Mitch Morris
17272,Mitch Winehouse
17273,Mitchel Musso
17274,Mitchell Edwards
17275,Mitchell Hoog
17276,Mitchell Nguyen-McCormick
17277,Mitchell Slaggert
17278,Mitesh Soni
17279,Mitsuo Yoshihara
17280,Mitsuru Fukikoshi
17281,Mitsuru Miyamoto
17282,Mitzi Gaynor
17283,Mitzi Ruhlmann
17284,Miya Cech
17285,Miya Muqi
17286,Miyavi
17287,Miyoko Shôji
17288,Miyoko Yamaguchi
17289,Miyu Irino
17290,Miyu Ozawa
17291,Miyu Sasaki
17292,Miyuki Sawashiro
17293,Mj Rodriguez
17294,Mo
17295,Mo Aboul-Zelof
17296,Mo Brings Plenty
17297,Mo Gaffney
17298,Mo Scott
17299,Mo'Nique
17300,Moa Khouas
17301,Moatasem Rashed
17302,Moby
17303,Mocha Uson
17304,Moe Dunford
17305,Moemi Katayama
17306,Moerangi Tihore
17307,Moey Hassan
17308,Mohamad
17309,Mohamad Nader Khadjeh
17310,Mohamed Abdel Azim
17311,Mohamed Abderrahmane Arav
17312,Mohamed Abdouni
17313,Mohamed Akkari
17314,Mohamed Brikat
17315,Mohamed Fellag
17316,Mohamed Gaber
17317,mohamed Hakeemshady
17318,Mohamed Khalil
17319,Mohamed Nasheed
17320,Mohamed Yousry
17321,Mohammad Abdollahi
17322,Mohammad Amiri
17323,Mohammad Eid
17324,Mohammad Mahdi Mousavifar
17325,Mohammad Reza Forutan
17326,Mohammad Seddighimehr
17327,Mohammad Valizadegan
17328,Mohammed Ali
17329,Mohammed Mossadegh
17330,Mohammed Tareq Al Shehhi
17331,Moisés Arias
17332,Mojean Aria
17333,Moka Kamishiraishi
17334,Molikë Maxhuni
17335,Mollie Milligan
17336,Molly Beth Thomas
17337,Molly Blixt Egelind
17338,Molly Broadstock
17339,Molly Brown
17340,Molly C. Quinn
17341,Molly Chester
17342,Molly Ephraim
17343,Molly Evensen
17344,Molly Fahey
17345,Molly Gordon
17346,Molly Grace
17347,Molly Grant Kallins
17348,Molly Hagan
17349,Molly Harris
17350,Molly McCann
17351,Molly McQueen
17352,Molly Parker
17353,Molly Ringwald
17354,Molly Shannon
17355,Molly Sims
17356,Molly Sue Harrison
17357,Molly Tarlov
17358,Molly Webster
17359,Molly Whitener
17360,Molly Windsor
17361,Momchil Sinanov
17362,Momoko Shimizu
17363,Momona Tamada
17364,Momone Shinokawa
17365,Moms Mabley
17366,Mona Ghiasi
17367,Mona Jaffart
17368,Mona Walravens
17369,Mondo Okumura
17370,Mone Kamishiraishi
17371,Monet Mazur
17372,Monia Chokri
17373,Monica Ayobi
17374,Monica Ayres
17375,Monica Bellucci
17376,Monica del Carmen
17377,Monica Dolan
17378,Monica Giordano
17379,Monica Hammond
17380,Monica Haynes
17381,Monica Lawson
17382,Monica Parker
17383,Monica Potter
17384,Monica Swinn
17385,Monica Viegas
17386,Monika Oschek
17387,Monique Alvarez
17388,Monique Candelaria
17389,Monique Coleman
17390,Monique Gabriela Curnen
17391,Monique Grant
17392,Monique Rockman
17393,Monique StaTeena
17394,Monique Straw
17395,Monk Serrell Freed
17396,Montana Jordan
17397,Montse Hernandez
17398,Montse Sanz
17399,Montse Triola
17400,Montserrat Lombard
17401,Monty Lapica
17402,Mony Ros
17403,Moon Sung-Keun
17404,Mor
17405,Morad Ammar
17406,Moran Rosenblatt
17407,Morena Baccarin
17408,Morfydd Clark
17409,Morgan Alexandria
17410,Morgan Allen
17411,Morgan Brown
17412,Morgan Csarno-Peklar
17413,Morgan David Jones
17414,Morgan Fairchild
17415,Morgan Freeman
17416,Morgan Gingerich
17417,Morgan Kelly
17418,Morgan Lily
17419,Morgan Lindholm
17420,Morgan Lund
17421,Morgan Marinne
17422,Morgan Pyle
17423,Morgan Saylor
17424,Morgan Schild
17425,Morgan Spector
17426,Morgan Spurlock
17427,Morgan Taylor Campbell
17428,Morgan Turner
17429,Morgan Watkins
17430,Morgana Davies
17431,Morgana Robinson
17432,Morgana Shaw
17433,Morgane Polanski
17434,Moritz Bleibtreu
17435,Moritz Gottwald
17436,Morley Safer
17437,Morne Visser
17438,Morning Star Wilson
17439,Morrie Warshawski
17440,Morris Chestnut
17441,Morse Diggs
17442,Morten Suurballe
17443,Morteza Latif
17444,Morton Downey Jr.
17445,Morton Halperin
17446,Mos Def
17447,Mosab Hassan Yousef
17448,Moses Das
17449,Moses Jacob Storm
17450,Moshe Ivgy
17451,Moshe Lobel
17452,Mossie Smith
17453,Mot
17454,Mothusi Magano
17455,Motokatsu Suzuki
17456,Motomu Kiyokawa
17457,Motti Katz
17458,Mouna Hawa
17459,Mouna Soualem
17460,Mounir Amamra
17461,Mounir Kateb
17462,Mourad Boudaoud
17463,Mourad Gharsalli
17464,Mousa Kraish
17465,Moushumi Chatterjee
17466,Moussa Maaskri
17467,Moxiang Qi
17468,Mozhan Marnò
17469,Mpho Koaho
17470,Mr. Lawrence
17471,Mu-Yeol Kim
17472,Mudhafar
17473,Mugga
17474,Muhammad Ali
17475,Muhammed Hassan
17476,Muli Shulman
17477,Mun Kimhak
17478,Muna Otaru
17479,Muneeb Rehman
17480,Mungo McKay
17481,Murad Ismael
17482,Murat Cemcir
17483,Murathan Muslu
17484,Mureene Chaba
17485,Muriel Bersy
17486,Muriel Bénazéraf
17487,Muriel Combeau
17488,Murilo Caliari
17489,Murray Furrow
17490,Musa Hadid
17491,Mustafa Shakir
17492,Mustafa Shehata
17493,Mustafic Azir
17494,Musto Pelinkovicci
17495,Muthoni Gathecha
17496,Muyassar Berdiqulova
17497,MWW Michael Wilkerson
17498,Mya Gonzales
17499,Mya Taylor
17500,MyAnna Buring
17501,Myeong-hoon Park
17502,Myk Watford
17503,Mykael S. Riley
17504,Mykaell Riley
17505,Mykel Shannon Jenkins
17506,Mykelti Williamson
17507,Myl
17508,Myles Evans
17509,Myles Humphus
17510,Myles McGee
17511,Myles Moore
17512,Myles Pollard
17513,Myles Truitt
17514,Mylène Dinh-Robic
17515,Myndy Crist
17516,Myra Lucretia Taylo
17517,Myra Lucretia Taylor
17518,Myra MacPherson
17519,Myra McFadyen
17520,Myra Molloy
17521,Myriam Boyer
17522,Myriam Cyr
17523,Myriam Hamma
17524,Myriam Loucif
17525,Myriem Akeddiou
17526,Myrna Cabello
17527,Myster Jo
17528,Mystie Smith
17529,Mário Aguilar
17530,Mário Filipe Neves
17531,Máté Haumann
17532,Máté Mészáros
17533,Märt Avandi
17534,Médhi Touré
17535,Mélanie Bernier
17536,Mélanie Doutey
17537,Mélanie Laurent
17538,Mélanie Rover
17539,Mélanie Thierry
17540,Mélissa Guilbert
17541,Mía Maestro
17542,Mónica Cervera
17543,Mónika Balsai
17544,N
17545,N'Bushe Wright
17546,Na-Dou Lin
17547,Na-kel Smith
17548,Naama Schendar
17549,Nabhaan Rizwan
17550,Nabil Missoumi
17551,Nabiullah
17552,Nacho Vigalondo
17553,Nade Dieu
17554,Nadezhda Markina
17555,Nadezhda Russo
17556,Nadia Alexander
17557,Nadia Bjorlin
17558,Nadia Dajani
17559,Nadia Hilker
17560,Nadia Konakchieva
17561,Nadia Murad
17562,Nadia Simms
17563,Nadia Tereszkiewicz
17564,Nadia Tichonova
17565,Nadia Tonen
17566,Nadia Townsend
17567,Nadia Verrucci
17568,Nadim Sawalha
17569,Nadine Labaki
17570,Nadine Ndebo
17571,Nadine Velazquez
17572,Nadira Babbar
17573,Nadiv Molcho
17574,Nadja Bobyleva
17575,Nadja Nguyen
17576,Nadja Stübiger
17577,Nadja Uhl
17578,Nadji Jeter
17579,Nadya Keranova
17580,Nadège Ouedraogo
17581,Naeem Khan
17582,Nael Ali
17583,Naelle Dariya
17584,Nafa Hilario-Cruz
17585,Nafessa Williams
17586,Nagiko Tôno
17587,Nagis Grappi
17588,Naheem Garcia
17589,Nahel Ange
17590,Nahoko Kawasumi
17591,Nahuel Cano
17592,Nahuel Pérez Biscayart
17593,Naian González Norvind
17594,Najah Bradley
17595,Naji Jerf
17596,Najoua Zouhair
17597,Najwa Nimri
17598,Nakhane Touré
17599,Nalneesh Neel
17600,Namrata Shirodkar
17601,Nan
17602,Nan Goldin
17603,Nana Mori
17604,Nana Ou-Yang
17605,Nana Visitor
17606,Nanako Matsushima
17607,Nanami Sakuraba
17608,Nanase Iwai
17609,Nancy Bacal
17610,Nancy Cartwright
17611,Nancy Crane
17612,Nancy Davis
17613,Nancy Demorest
17614,Nancy Ellen Shore
17615,Nancy García García
17616,Nancy Harris
17617,Nancy Hollander
17618,Nancy Kwan
17619,Nancy Murillo
17620,Nancy Murilo
17621,Nancy North
17622,Nancy Robertson
17623,Nancy Sorel
17624,Nancy Tate
17625,Nancy Travis
17626,Nanda Costa
17627,Nando Paone
17628,Nando Vázquez
17629,Nandy Martin
17630,Nanfu Wang
17631,Nanna Blondell
17632,Nannette Klatt
17633,Nanni Moretti
17634,Nanny Vonnegut
17635,Nao Omori
17636,Naoimh Morgan
17637,Naoki Kobayashi
17638,Naomi Ackie
17639,Naomi Battrick
17640,Naomi Campbell
17641,Naomi Frenette
17642,Naomi Grossman
17643,Naomi McDonald
17644,Naomi Nishida
17645,Naomi Oreskes
17646,Naomi Scott
17647,Naomi Snieckus
17648,Naomi Urushibara
17649,Naomi Watts
17650,Naomie Harris
17651,Naoto Takenaka
17652,Napoleon Highbrou
17653,Narges Delaram
17654,Nargess Mamizadeh
17655,Nargis Fazili
17656,Narisa Suzuki
17657,Nas
17658,Naseeruddin Shah
17659,Naser Al Algeel
17660,Nash Edgerton
17661,Nasim Pedrad
17662,Nasir Jama
17663,Nasir Rahim
17664,Nasser Memarzia
17665,Nassim Abdi
17666,Nassim Avat
17667,Nassim Si Ahmed
17668,Nastashia Fuller
17669,Nastassja Kinski
17670,Nastya Golubeva Carax
17671,Nat Faxon
17672,Nat Wolff
17673,Natacha Karam
17674,Natacha Régnier
17675,Natali Yura
17676,Natalia Cordova-Buckley
17677,Natalia Dyer
17678,Natalia Jaroszyk
17679,Natalia Kostrzewa
17680,Natalia Lafourcade
17681,Natalia López
17682,Natalia Oreiro
17683,Natalia Reyes
17684,Natalia Sophie Butler
17685,Natalia Tena
17686,Natalia Traven
17687,Natalia Verbeke
17688,Natalie Arle-Toyne
17689,Natalie Britton
17690,Natalie Canerday
17691,Natalie Carter
17692,Natalie Dormer
17693,Natalie Farrow
17694,Natalie Ganzhorn
17695,Natalie Gold
17696,Natalie Hall
17697,Natalie Imbruglia
17698,Natalie Jackson Mendoza
17699,Natalie Jean
17700,Natalie Krill
17701,Natalie Loren Kwatinetz
17702,Natalie Maines
17703,Natalie Martinez
17704,Natalie Moon
17705,Natalie Morales
17706,Natalie Paul
17707,Natalie Portman
17708,Natalie Press
17709,Natalie Roers
17710,Natalie Sharp
17711,Natalie Shershow
17712,Natalie Stephany Aguilar
17713,Natalie Walsh
17714,Natalie Zea
17715,Natalino Balasso
17716,Nataliya Stefanac
17717,Natalya Drozd
17718,Natalya Potapova
17719,Natalya Rudakova
17720,Natar Ungalaaq
17721,Natasa Stork
17722,Natascha McElhone
17723,Natascha Wiese
17724,Natasha Bassett
17725,Natasha Burnett
17726,Natasha Calis
17727,Natasha Goubskaya
17728,Natasha Hall
17729,Natasha Henstridge
17730,Natasha Jayetileke
17731,Natasha Jean Sparkes
17732,Natasha Little
17733,Natasha Liu Bordizzo
17734,Natasha Lyonne
17735,Natasha Novak
17736,Natasha Pruchniewicz
17737,Natasha Richardson
17738,Natasha Romanova
17739,Natasha Rothwell
17740,Natasha Tina Liu
17741,Natasha Wanganeen
17742,Natasha Yarovenko
17743,Natasia Demetriou
17744,Natassia Gorey Furber
17745,Natassia Malthe
17746,Nate 'Rocket' Wonder
17747,Nate Bynum
17748,Nate Corddry
17749,Nate Mann
17750,Nate Mooney
17751,Nate Parker
17752,Nate Richman
17753,Nate Robinson
17754,Nate Smith
17755,Nate Wonder
17756,Nathalie Baye
17757,Nathalie Boutefeu
17758,Nathalie Boyer
17759,Nathalie Emmanuel
17760,Nathalie Morris
17761,Nathalie Poza
17762,Nathalie Rapti Gomez
17763,Nathalie Richard
17764,Nathalie Vadim
17765,Nathalie Van Tongelen
17766,Nathaly Thibault
17767,Nathan Anderson
17768,Nathan Arenas
17769,Nathan Baesel
17770,Nathan Blair
17771,Nathan Chandler Reid
17772,Nathan Cooper
17773,Nathan Dales
17774,Nathan Dean Williams
17775,Nathan Fillion
17776,Nathan Gamble
17777,Nathan Goshen
17778,Nathan Harrington
17779,Nathan Head
17780,Nathan Jones
17781,Nathan Keyes
17782,Nathan Kress
17783,Nathan Lane
17784,Nathan Lucrezio
17785,Nathan Lynn
17786,Nathan Meister
17787,Nathan Page
17788,Nathan Parsons
17789,Nathan Phillips
17790,Nathan Stewart-Jarrett
17791,Nathan West
17792,Nathan Zellner
17793,Nathanael Saleh
17794,Nathanel Geng
17795,Nathaniel Brown
17796,Nathaniel Dean
17797,Nathaniel Parker
17798,Nati Rabinowitz
17799,Natsuki Hanae
17800,Natsuki Inaba
17801,Natthacha De Souza
17802,Naturi Naughton
17803,Naveed Choudhry
17804,Naveen Andrews
17805,Navi Rawat
17806,Navid Mohammadzadeh
17807,Navid Nazir
17808,Navid Negahban
17809,Nawras Alzubaidy
17810,Nayef Rashed
17811,Nazanin
17812,Nazanin Boniadi
17813,Nazife Muratova
17814,Nazir Zhukov
17815,Nazmî Kirik
17816,Nazneen Contractor
17817,Ncuti Gatwa
17818,Ne-Yo
17819,Neal Cantin
17820,Neal Huff
17821,Neal McDonoug
17822,Neal McDonough
17823,Neal Schon
17824,Necro
17825,Ned Beatty
17826,Ned Dennehy
17827,Ned Van Zandt
17828,Ned Vaughn
17829,Ned Wills
17830,Neda Margrethe Labba
17831,Neddy Banda
17832,Neder Ghouati
17833,Neel Sethi
17834,Neela Khedkar
17835,Neels Clasen
17836,Neil Andrea
17837,Neil Armstrong
17838,Neil Barofsky
17839,Neil Brown Jr.
17840,Neil Casey
17841,Neil deGrasse Tyson
17842,Neil Fanning
17843,Neil Gaiman
17844,Neil Hamburger
17845,Neil Hughes
17846,Neil Jackson
17847,Neil Kaplan
17848,Neil Leiper
17849,Neil Maskell
17850,Neil Napier
17851,Neil Newbon
17852,Neil Patrick Harris
17853,Neil Young
17854,Nekhebet Kum Juch
17855,Nelcie Souffrant
17856,Nele Hardiman
17857,Nele Trebs
17858,Neli Tagar
17859,Nell Cattrysse
17860,Nell Tiger Free
17861,Nell Williams
17862,Nellie Munamonga
17863,Nello Iorio
17864,Nelly Karim
17865,Nelofer Pazira
17866,Nels Cline
17867,Nelsan Ellis
17868,Nelson
17869,Nelson Bonilla
17870,Nelson Estevez
17871,Nelson Franklin
17872,Nelson Lee
17873,Nelson Mandela
17874,Nelson Wong
17875,Nemo Baletic
17876,Nenna Abuwa
17877,Neo Randall
17878,Nery Arredondo
17879,Nessa Eriksson
17880,Nesta Cooper
17881,Nestor Carbonell
17882,Nestor Cerveró
17883,Nestor de la Zerda
17884,Nestor Serrano
17885,Neta Riskin
17886,Neus Asensi
17887,Neusa Velasco
17888,Nev Scharrel
17889,Nev Schulman
17890,Neve Campbell
17891,Neveen Hanna
17892,Neven Pajkic
17893,Neville Archambault
17894,Neville Misati
17895,Newroz Baz
17896,Ngozi Nnaji
17897,Ngozi Yarwood
17898,Nguyen Myan
17899,Nguyen Phuong Tra My
17900,Nguyen Thanh Tam
17901,Nhu Quynh Nguyen
17902,Ni Ni
17903,Ni Yan
17904,Nia Long
17905,Nia Mirianashvili
17906,Nia Roam
17907,Nia Roberts
17908,Nia Vardalos
17909,Niall Greig Fulton
17910,Niall Horan
17911,Niall Matter
17912,Niall McNamee
17913,Niamh Algar
17914,Niamh Moyles
17915,Niamh Wilson
17916,Nic
17917,Nic Rasenti
17918,Nican Robinson
17919,Nice Githinji
17920,Nichola Burley
17921,Nicholas
17922,Nicholas Aaron
17923,Nicholas Agnew
17924,Nicholas Alexander
17925,Nicholas Barasch
17926,Nicholas Bateman
17927,Nicholas Blane
17928,Nicholas Boulton
17929,Nicholas Braun
17930,Nicholas Brendon
17931,Nicholas Burns
17932,Nicholas Campbell
17933,Nicholas Carella
17934,Nicholas Clark
17935,Nicholas Coombe
17936,Nicholas Crovetti
17937,Nicholas Crowe
17938,Nicholas D'Agosto
17939,Nicholas Farrell
17940,Nicholas Galitzine
17941,Nicholas Grgich
17942,Nicholas Hamilton
17943,Nicholas Hitchon
17944,Nicholas Holmes
17945,Nicholas Hoult
17946,Nicholas Jones
17947,Nicholas Lea
17948,Nicholas Logan
17949,Nicholas Pinnock
17950,Nicholas Pryor
17951,Nicholas Rulon
17952,Nicholas Ryan Hernandez
17953,Nicholas Shakespeare
17954,Nicholas Sims
17955,Nicholas Tucci
17956,Nicholas Turturro
17957,Nicholas V. Cozzi
17958,Nicholas Walker
17959,Nicholas Wittman
17960,Nicholas Woodeson
17961,Nicholas X. Parsons
17962,Nichole Abshire
17963,Nichole Hiltz
17964,Nick Adams
17965,Nick Alachiotis
17966,Nick Baillie
17967,Nick Basta
17968,Nick Bostrom
17969,Nick Brimble
17970,Nick Broomfield
17971,Nick Buda
17972,Nick Cannon
17973,Nick Carroll
17974,Nick Cassavetes
17975,Nick Castle
17976,Nick Cavaliere
17977,Nick Cave
17978,Nick Champa
17979,Nick Cheung
17980,Nick Chinlund
17981,Nick Damici
17982,Nick Darmstaedter
17983,Nick Denton
17984,Nick Fisher
17985,Nick Frost
17986,Nick Gracer
17987,Nick Jaine
17988,Nick Jonas
17989,Nick Kici
17990,Nick Krause
17991,Nick Kroll
17992,Nick Launchbury
17993,Nick McKinless
17994,Nick Mohammed
17995,Nick Moran
17996,Nick Mullen
17997,Nick Nolte
17998,Nick Offerman
17999,Nick Park
18000,Nick Peine
18001,Nick Perata
18002,Nick Purcha
18003,Nick Rhodes
18004,Nick Robinson
18005,Nick Sagan
18006,Nick Searcy
18007,Nick Stahl
18008,Nick Sullivan
18009,Nick Swardson
18010,Nick Symmond
18011,Nick Tarabay
18012,Nick Thu
18013,Nick Thune
18014,Nick Vallelonga
18015,Nick Whitaker
18016,Nick Zano
18017,Nick Zukin
18018,Nicki Aycox
18019,Nicki Micheaux
18020,Nicki Minaj
18021,Nickola Shreli
18022,Nicky Guadagni
18023,Nicky Haslam
18024,Nicky Whelan
18025,Niclas Ericsson
18026,Nico Floresca
18027,Nico Hiraga
18028,Nico Liersch
18029,Nico Max Tedeschi
18030,Nico Mirallegro
18031,Nico Parker
18032,Nico Rockwell
18033,Nicodim Ungureanu
18034,Nicol
18035,Nicola Adobati
18036,Nicola Calì
18037,Nicola Correia-Damude
18038,Nicola De Paola
18039,Nicola Frew
18040,Nicola Lambo
18041,Nicola Peltz
18042,Nicola Stuart-Hill
18043,Nicolae Ceausescu
18044,Nicolas Arze
18045,Nicolas Bechtel
18046,Nicolas Bedos
18047,Nicolas Bouchaud
18048,Nicolas Bridet
18049,Nicolas Bro
18050,Nicolas Buchoux
18051,Nicolas Cage
18052,Nicolas Dibla
18053,Nicolas Duvauchelle
18054,Nicolas Fontaine
18055,Nicolas Giraud
18056,Nicolas Hau
18057,Nicolas Leclaire
18058,Nicolas Marié
18059,Nicolas Maury
18060,Nicolas Phongpheth
18061,Nicolas Shake
18062,Nicolas Trevijano
18063,Nicolas Winding Refn
18064,Nicole Andrews
18065,Nicole Anthony
18066,Nicole Ari Parker
18067,Nicole Atalla
18068,Nicole Barrett
18069,Nicole Beharie
18070,Nicole Berry
18071,Nicole Brydon Bloom
18072,Nicole Byer
18073,Nicole Byrd
18074,Nicole Collett
18075,Nicole Doring
18076,Nicole Elizabeth Berger
18077,Nicole Favart
18078,Nicole Flyus
18079,Nicole Forester
18080,Nicole Garcia
18081,Nicole K
18082,Nicole Kang
18083,Nicole Kidman
18084,Nicole LaPlaca
18085,Nicole Parker
18086,Nicole Randall Johnson
18087,Nicole Sellars
18088,Nicole Shipman
18089,Nicole Sougou
18090,Nicole Vicius
18091,Nicole Webster
18092,Nicole Wong
18093,Nicoletta Braschi
18094,Nicoletta Mantovani
18095,Nicolette Pierini
18096,Nicolette Robinson
18097,Nicollette Sheridan
18098,Nicolás Cancino
18099,Nicolás Durán
18100,Nicolás Saavedra
18101,Nicusor Enache
18102,Nida Muhammad
18103,Niecy Nash
18104,Niels Arestrup
18105,Niels Schneider
18106,Nien-Jen Wu
18107,Nigel A. Fullerton
18108,Nigel Barber
18109,Nigel Bennett
18110,Nigel Betts
18111,Nigel Farage
18112,Nigel Goldsack
18113,Nigel Lindsay
18114,Nigel Planer
18115,Nigel Travis
18116,Nik Do
18117,Nik Dodani
18118,Nik Mohammed
18119,Nika Futterman
18120,Nikea Gamby-Turner
18121,Nikesh Patel
18122,Niki Koss
18123,Nikita Efremov
18124,Nikita Kamaev
18125,Nikita Khrushchev
18126,Nikita Mehta
18127,Nikita Pavlenko
18128,Nikki Amuka Bird
18129,Nikki Belfiglio
18130,Nikki Blonsky
18131,Nikki Donley
18132,Nikki Duval
18133,Nikki Greene
18134,Nikki Hahn
18135,Nikki Lamborn
18136,Nikki Reed
18137,Nikkita Chadha
18138,Niklas Frank
18139,Niko Guardado
18140,Nikola Kent
18141,Nikolai Nikolaeff
18142,Nikolai Witschl
18143,Nikolaj Coster Waldau
18144,Nikolaj Lie Kaas
18145,Nikolas Antunes
18146,Nikolas Dukic
18147,Nikolas Kontomanolis
18148,Nikolay Reutov
18149,Nikos Karathanos
18150,Nikos Orphanos
18151,Nilbio Torres
18152,Nilda Gonzalez
18153,Nile Rodgers
18154,Niles Fitch
18155,Nils d'Aulaire
18156,Nils Magnusson
18157,Nils Westblom
18158,Nimmi Harasgama
18159,Nimo Gandhi
18160,Nimrat Kaur
18161,Nin
18162,Nina Arianda
18163,Nina Belforte
18164,Nina Burleigh
18165,Nina Daniels
18166,Nina Dobrev
18167,Nina Garcia
18168,Nina Hoss
18169,Nina Kunzendorf
18170,Nina Marlin
18171,Nina Medeiros
18172,Nina Meurisse
18173,Nina Simone
18174,Nina Sosanya
18175,Nina Sunevic
18176,Nina Totenberg
18177,Ninette Finch
18178,Ninetto Davoli
18179,Ninja
18180,Ninja N. Devoe
18181,Nino Amareno
18182,Nino Castelnuovo
18183,Nino Gabisonia
18184,Nino Porzio
18185,Ninon François
18186,Niousha Jafarian
18187,Niousha Noor
18188,Nir Levy
18189,Nirmeen Hazineh
18190,Niroz Haji
18191,Nish Nathwani
18192,Nisrin Abou-Hanna
18193,Nita Mishra
18194,Nita Sahai
18195,Nita-Josee Hanna
18196,Nitai Gvirtz
18197,Nitin Ganatra
18198,Niv Nissim
18199,Nive Nielsen
18200,Niza Jay
18201,Njideka Akunyili Crosby
18202,Nnamdi Asomugha
18203,Nneka
18204,Nneoma Nkuku
18205,Noa Bodner
18206,Noa Fisher
18207,Noa Koler
18208,Noah Bain Garret
18209,Noah Centineo
18210,Noah Cottrell
18211,Noah D
18212,Noah Daccrissio
18213,Noah Emmerich
18214,Noah Gaynor
18215,Noah Harpster
18216,Noah Huntley
18217,Noah Jupe
18218,Noah Kershisnik
18219,Noah Le Gros
18220,Noah Lomax
18221,Noah Parker
18222,Noah Reid
18223,Noah Rhodes
18224,Noah Ringer
18225,Noah Robbins
18226,Noah Salsbury Lipson
18227,Noah Schnapp
18228,Noah Segan
18229,Noah Silver
18230,Noah Taylor
18231,Noah Wiseman
18232,Noam Chomsky
18233,Noam Jenkins
18234,Nobue Iketani
18235,Nobuo Kawakami
18236,Nobuyuki Hayakawa
18237,Nobuyuki Hiyama
18238,Noe Krejcí
18239,Noel Cho
18240,Noel Clarke
18241,Noel Czuczor
18242,Noel Fisher
18243,Noel Gallagher
18244,Noel Gugliemi
18245,Noelle Brown
18246,Noelle Sheldon
18247,Noemi Gonzalez
18248,Nogi Sumiko
18249,Nojoud Ahmed
18250,Nokokure Dahl
18251,Nolan Gerard Funk
18252,Nolan Guerra
18253,Noma Dumezweni
18254,Non
18255,Nona Gaye
18256,Noni Buencamino
18257,Nonso Anozie
18258,Noomen Hamda
18259,Noomi Rapace
18260,Noorin Gulamgaus
18261,Noortje Herlaar
18262,Nophand Boonyai
18263,Nora Al Awad
18264,Nora Al Awadh
18265,Nora Arnezeder
18266,Nora Dunn
18267,Nora Hamzawi
18268,Nora Mullins
18269,Nora Navas
18270,Nora Twomey
18271,Nora Zehetner
18272,Nora-Jane Noone
18273,Norah Jones
18274,Norbert Ferrer
18275,Norbert Leo Butz
18276,Noreaga
18277,Noree Victoria
18278,Nori Sharif
18279,Noriko Shinohara
18280,Norinda Reed
18281,Norm Lewis
18282,Norm Macdonald
18283,Norm Misura
18284,Norma Farnes
18285,Norma Kuhling
18286,Norma Pablo
18287,Norman Anstey
18288,Norman Foster
18289,Norman Jewison
18290,Norman Lear
18291,Norman Mailer
18292,Norman Reedus
18293,Normand Carrière
18294,Northern Calloway
18295,Noshir Dalal
18296,Nour El Husseini
18297,Noura Benbahlouli
18298,Noureddine Maamar
18299,Noureen DeWulf
18300,Novak Bilbija
18301,Nowaz
18302,Nozipho Mclean
18303,Nozomi de Lencquesaing
18304,Noé Boon
18305,Noé Hernández
18306,Noée Abita
18307,Noémie Merlant
18308,Noémie Nakai
18309,Noël Wells
18310,Nuala Kelly
18311,Nuala McGowan
18312,Nuch Grenet
18313,Numa Perrier
18314,Numan A
18315,Nuno Lopes
18316,Nunzia Schiano
18317,Nuria Marín
18318,Nurith Aviv
18319,Nyabel Lual
18320,Nyah Marie Johnson
18321,Nyambi Nyambi
18322,Nyasha Hatendi
18323,Nydia Caro
18324,Nyisha Bell
18325,Nyree Yergainharsian
18326,Néhémy Pierre-Dahomey
18327,Néstor Cantillana
18328,Nína Dögg Filippusdóttir
18329,O'Shay Brooks
18330,O'Shea Jackson Jr.
18331,O.J. Keith Simpson
18332,O.T. Fagbenle
18333,Oakes Fegley
18334,Oaklee Pendergast
18335,Oakley Bull
18336,Obada Adnan
18337,Obba Babatundé
18338,Obi Abili
18339,Obie Matthew
18340,Obinna Nwachukwu
18341,Obssa Ahmed
18342,Ocean Navarro
18343,Octavia Chavez-Richmond
18344,Octavia Spencer
18345,Octavio Pizano
18346,Odd Magnus Williamson
18347,Oded Fehr
18348,Oded Leopold
18349,Odessa Adlon
18350,Odessa Rae
18351,Odessa Young
18352,Odette Yustman
18353,Odeya Rush
18354,Odin Lowe
18355,Ofelia Medina
18356,Ofer Shechter
18357,Ohad Knoller
18358,Ohad Naharin
18359,Ohshirô Maeda
18360,Oja Kodar
18361,Ok-bin Kim
18362,Oka Antara
18363,Okay Kaya
18364,Okieriete Onaodowan
18365,Oksana Akinshina
18366,Okwui Okpokwasili
18367,Ola Normelli
18368,Ola Orebiyi
18369,Ola Schur Selektar
18370,Ola Stensson
18371,Olaf
18372,Olaf Marchwicki
18373,Olan Prenatt
18374,Oldrich Kaiser
18375,Ole Dupont
18376,Oleg Dolin
18377,Oleg Ivenko
18378,Oleg Taktarov
18379,Oleg Volku
18380,Olegar Fedoro
18381,Olek Krupa
18382,Olena
18383,Olga Boladz
18384,Olga Consorti
18385,Olga Dragunova
18386,Olga Hellsing
18387,Olga Kurylenko
18388,Olga Merediz
18389,Olga Miller
18390,Olga Plojhar Bursikova
18391,Olga Spyraki
18392,Olga Wehrly
18393,Oli Bauer
18394,Oliko Barbakadze
18395,Olimpia Malai
18396,Olimpia Melinte
18397,Olive Gray
18398,Olive Tennant
18399,Oliver Alexander
18400,Oliver Bodart
18401,Oliver Boyle
18402,Oliver Cooper
18403,Oliver Cotton
18404,Oliver David
18405,Oliver Dimsdale
18406,Oliver Driver
18407,Oliver Ford Davies
18408,Oliver Huds
18409,Oliver Hudson
18410,Oliver Jackson-Cohen
18411,Oliver Maltman
18412,Oliver Masucci
18413,Oliver McGrath
18414,Oliver Oswald
18415,Oliver Platt
18416,Oliver Rice
18417,Oliver Ritchie
18418,Oliver Ryan
18419,Oliver Sacks
18420,Oliver Sindcup
18421,Oliver Stokowski
18422,Olivi
18423,Olivia Benavides
18424,Olivia Bernstone
18425,Olivia Bond
18426,Olivia Boreham-Wing
18427,Olivia Buckland
18428,Olivia Byrne
18429,Olivia Colman
18430,Olivia Cooke
18431,Olivia Costello
18432,Olivia Crocicchia
18433,Olivia Culpo
18434,Olivia Deeble
18435,Olivia DeJonge
18436,Olivia Dudley
18437,Olivia Edward
18438,Olivia Emden
18439,Olivia Gilliatt
18440,Olivia Grace Applegate
18441,Olivia Grant
18442,Olivia Hamilton
18443,Olivia Hearn
18444,Olivia Hendrick
18445,Olivia Holt
18446,Olivia Jewson
18447,Olivia Kundisch
18448,Olivia Lagunas
18449,Olivia Luccardi
18450,Olivia Mekdara
18451,Olivia Munn
18452,Olivia Oguma
18453,Olivia Ross
18454,Olivia Scriven
18455,Olivia Thirlby
18456,Olivia Trujillo
18457,Olivia Vinall
18458,Olivia Welch
18459,Olivia Wilde
18460,Olivia Williams
18461,Olivier Assayas
18462,Olivier Aubin
18463,Olivier Bonnaud
18464,Olivier Broche
18465,Olivier Cadiot
18466,Olivier Chantreau
18467,Olivier de Benoist
18468,Olivier Ducastel
18469,Olivier Faliez
18470,Olivier Gourmet
18471,Olivier Lemaire
18472,Olivier Loustau
18473,Olivier Martinez
18474,Olivier Rabourdin
18475,Olivier Richters
18476,Olivier Saillard
18477,Olivier Thouret
18478,Olle Sarri
18479,Olli Haaskivi
18480,Olly Alexander
18481,Oluniké Adeliyi
18482,Olwen Fouere
18483,Olympia Dukakis
18484,Om Puri
18485,Omar Abdulaziz
18486,Omar Ayala
18487,Omar Bader
18488,Omar Benson Miller
18489,Omar Brunson
18490,Omar Chaparro
18491,Omar Epps
18492,Omar J. Dorsey
18493,Omar Leyva
18494,Omar Malik
18495,Omar Maskati
18496,Omar Metwally
18497,Omar Salazar
18498,Omar Shargawi
18499,Omar Sharif
18500,Omar Sharif Jr.
18501,Omar Sy
18502,Omar Wasow
18503,Omara Portuondo
18504,Omari Hardw
18505,Omari Hardwick
18506,Omarion Grandberry
18507,Omaryus Luckett
18508,Omid Djalili
18509,Omid Memar
18510,Omkar Das
18511,Omri Drumlevich
18512,Ona Grauer
18513,Onalee Ames
18514,Onata Aprile
18515,Ondrej Vetchý
18516,Ony Uhiara
18517,Oona Castillo Chaplin
18518,Oona Chaplin
18519,Oona Laurence
18520,Oona Roche
18521,Oona Yaffe
18522,Ophelia Dahl
18523,Ophelia Lovibond
18524,Oprah Winfrey
18525,Or Barak
18526,Or Schraiber
18527,Orelsan
18528,Orestes Villasan Rodriguez
18529,Ori Pfeffer
18530,Oriana Jimenez
18531,Orion Lee
18532,Orla Brady
18533,Orla Hill
18534,Orlagh Cassidy
18535,Orlando Bloom
18536,Orlando Giraldo
18537,Orlando Jones
18538,Orlando Schwerdt
18539,Orli Shuka
18540,Orly Silbersatz Banai
18541,Orna Pitussi
18542,Orna Rotenberg
18543,Ornella Muti
18544,Orrin G. Hatch
18545,Orso Maria Guerrini
18546,Orson Chaplin
18547,Orson Scott Card
18548,Orson Welles
18549,Osama Abdallah
18550,Osama Osama
18551,Osama Suheil Al Zarafi
18552,Osamu Tanpopo
18553,Osamu Tomita
18554,Osbert Solomons
18555,Oscar Avila
18556,Oscar Best
18557,Oscar Escalante
18558,Oscar Flores
18559,Oscar Isaac
18560,Oscar Moreno
18561,Oscar Nuñez
18562,Oscar Reis
18563,Oscar Wahlberg
18564,Osdeymi Pastrana
18565,Oshri Cohen
18566,Oskar Kirk Damsgaard
18567,Ossie Davis
18568,Ostap Dziadek
18569,Oswaldo Castillo
18570,Osy Ikhile
18571,Othmane Moumen
18572,Otmara Marrero
18573,Oto Brantevics
18574,Otto Hornung
18575,Ottokar Sachse
18576,Ouidad Elma
18577,Oulaya Amamra
18578,Oun Srey Neang
18579,Ove Hoegh-Guldberg
18580,Owain Yeoman
18581,Owen Asztalos
18582,Owen Burke
18583,Owen Campbell
18584,Owen Davis
18585,Owen Teague
18586,Owen Teale
18587,Owen Vaccaro
18588,Owen Wilson
18589,Oz Zehavi
18590,Ozioma Akagha
18591,Ozzy Myers
18592,Ozzy Osbourne
18593,P
18594,P!nk
18595,P.J. Boudousqué
18596,P.J. Byrne
18597,P.J. Rainey
18598,Paapa Essiedu
18599,Pab Schwendimann
18600,Pablo Arenales
18601,Pablo Chemor
18602,Pablo Ferro
18603,Pablo Galán
18604,Pablo Rago
18605,Pablo Rosso
18606,Pablo Schreiber
18607,Pablo Seijo
18608,Pablo Sigal
18609,Pablo Torre Nilson
18610,Pablo Trimarchi
18611,Pacharo Mzembe
18612,Packy Lee
18613,Paddy Considine
18614,Padraic Delaney
18615,Page Kennedy
18616,Paget Brewster
18617,Paige Hullett
18618,Paige Kimble
18619,Paige O'Hara
18620,Paige Spara
18621,Pais
18622,Pak Hyo-Shin
18623,Pallavi Sharda
18624,Paloma Bloyd
18625,Paloma Elsesser
18626,Paloma Kwiatkowski
18627,Paloma Morales
18628,Pam Dawber
18629,Pam Eichner
18630,Pam Ferris
18631,Pam Grier
18632,Pamela Adlon
18633,Pamela Des Barres
18634,Pamela Figueiredo Wilcox
18635,Pamela Flores
18636,Pamela Harper
18637,Pamela Jayne Morgan
18638,Pamela Reed
18639,Pamelyn Chee
18640,Pan Luo
18641,Panayotis Pascot
18642,Pandora Colin
18643,Pankaj Tripathy
18644,Panos Koronis
18645,Panya Yimmumphai
18646,Paola Giannini
18647,Paola Lara
18648,Paola Lázaro
18649,Paola Minaccioni
18650,Paolo Bonacelli
18651,Paolo Carpignano
18652,Paolo Mazzarelli
18653,Papi Mpaka
18654,Paprika Steen
18655,Paras Gola
18656,Paris Cronin
18657,Paris Hilton
18658,Paris Jackson
18659,Paris McGarry
18660,Paris Moletti
18661,Paris Warner
18662,Parisa Fitz-Henley
18663,Park Dietz
18664,Parker Posey
18665,Parker Sawyers
18666,Parker Sevak
18667,Parker Wierling
18668,Parminder
18669,Parminder Nagra
18670,Parnian Akhtari
18671,Parry Shen
18672,Parvesh Cheena
18673,Pascacio López
18674,Pascal Bongard
18675,Pascal Cervo
18676,Pascal Germain
18677,Pascal Greggory
18678,Pascal Montero
18679,Pascal Petardi
18680,Pascale Coppola
18681,Pasha D. Lychnikoff
18682,Pasquale Gaeta
18683,Pasquale Marotta
18684,Passar Hariky
18685,Pat Bianco
18686,Pat Buchanan
18687,Pat Cleveland
18688,Pat Edwards
18689,Pat Fraley
18690,Pat Healy
18691,Pat Henschel
18692,Pat O'Brien
18693,Pat Starke
18694,Pat Thornton
18695,Pat Tillman
18696,Pata
18697,Patachou
18698,Patch Darragh
18699,Pathy Aiyar
18700,Patra Au
18701,Patria Jiménez Flores
18702,Patrice Bell
18703,Patrice Chéreau
18704,Patrice Cossoneau
18705,Patrice Lovely
18706,Patrice Oneal
18707,Patricia Amira
18708,Patricia Arquette
18709,Patricia Barzyk
18710,Patricia Belcher
18711,Patricia Bell-Scott
18712,Patricia Bernal
18713,Patricia Carreira
18714,Patricia Chaambwa
18715,Patricia Clarkson
18716,Patricia De Leon
18717,Patricia Field
18718,Patricia French
18719,Patricia Gaines
18720,Patricia Gayod
18721,Patricia Grier
18722,Patricia Guggenheim
18723,Patricia Heaton
18724,Patricia Kaas
18725,Patricia Kihoro
18726,Patricia Llaca
18727,Patricia Orantes
18728,Patricia Quinn
18729,Patricia R. Floyd
18730,Patricia Summersett
18731,Patricia Velásquez
18732,Patricia Volny
18733,Patricia Wright
18734,Patrick Bergin
18735,Patrick Borriello
18736,Patrick Boucheron
18737,Patrick Brana
18738,Patrick Bristow
18739,Patrick Bruel
18740,Patrick Byas
18741,Patrick Caddell
18742,Patrick Carroll
18743,Patrick Cavanaugh
18744,Patrick Chesnais
18745,Patrick Cox
18746,Patrick d'Assum
18747,Patrick D. Green
18748,Patrick Davis
18749,Patrick Dempsey
18750,Patrick Descamps
18751,Patrick Durham
18752,Patrick Fabian
18753,Patrick Fischler
18754,Patrick Flanagan
18755,Patrick Fugit
18756,Patrick Gallagher
18757,Patrick Gibson
18758,Patrick Güldenberg
18759,Patrick Heusinger
18760,Patrick Huard
18761,Patrick Johnson
18762,Patrick Joseph Byrnes
18763,Patrick Keating
18764,Patrick Klein
18765,Patrick Lizana
18766,Patrick Lyster
18767,Patrick M. Walsh
18768,Patrick Malahide
18769,Patrick McDade
18770,Patrick Mille
18771,Patrick Muldoon
18772,Patrick Murney
18773,Patrick Murphy
18774,Patrick Newall
18775,Patrick Roccas
18776,Patrick Romer
18777,Patrick Schwar
18778,Patrick Schwarzenegger
18779,Patrick Stewart
18780,Patrick Swayze
18781,Patrick Tam
18782,Patrick Timsit
18783,Patrick Warburton
18784,Patrick Ward
18785,Patrick White
18786,Patrick Wilson
18787,Patrika Darbo
18788,Patrizia Amato
18789,Patsy Ferran
18790,Patti Harrison
18791,Patti Kim
18792,Patti LuPone
18793,Patti Quatro
18794,Patti Schellhaas
18795,Patti Smith
18796,Patti Wiley
18797,Patton Oswalt
18798,Patty O'Neil
18799,Paul
18800,Paul Agarikon
18801,Paul Ahmarani
18802,Paul Alayo
18803,Paul Alexander Désiré
18804,Paul Alwright
18805,Paul Anderson
18806,Paul Antony-Barber
18807,Paul B. Johnson
18808,Paul Bates
18809,Paul Bellantoni
18810,Paul Ben-Victor
18811,Paul Bentall
18812,Paul Bettany
18813,Paul Blackwell
18814,Paul Blain
18815,Paul Blair
18816,Paul Blott
18817,Paul Bonar
18818,Paul Bradley
18819,Paul Brannigan
18820,Paul Braunstein
18821,Paul Brian Johnson
18822,Paul Briganti
18823,Paul Bullion
18824,Paul Butterfield
18825,Paul Chahidi
18826,Paul Cheney
18827,Paul Clough
18828,Paul Cook
18829,Paul Cubides
18830,Paul Dano
18831,Paul David
18832,Paul Dawson
18833,Paul Dean
18834,Paul Dean-Kelly
18835,Paul Dooley
18836,Paul Doucet
18837,Paul Essiembre
18838,Paul Farmer
18839,Paul Fauteux
18840,Paul Fitzgerald
18841,Paul Freeman
18842,Paul Giamatti
18843,Paul Gordon
18844,Paul Gude
18845,Paul Hamy
18846,Paul Higgins
18847,Paul Hilder
18848,Paul Hilton
18849,Paul Hipp
18850,Paul Hogan
18851,Paul Iacono
18852,Paul Ireland
18853,Paul James
18854,Paul Jeanson
18855,Paul Jesson
18856,Paul Kaye
18857,Paul Kramer
18858,Paul Krugman
18859,Paul L. Brown
18860,Paul Laasik
18861,Paul Lewis
18862,Paul M
18863,Paul Manafort
18864,Paul Marshall Johnson Jr.
18865,Paul Mason
18866,Paul Mc
18867,Paul McCartney
18868,Paul McGillion
18869,Paul Mescal
18870,Paul Michael Bradley
18871,Paul Mischeshin
18872,Paul Moniz de Sa
18873,Paul Morrissey
18874,Paul Nakauchi
18875,Paul Nazak
18876,Paul Newman
18877,Paul Norie
18878,Paul O'Brien
18879,Paul O'Kelly
18880,Paul Painter
18881,Paul Piff
18882,Paul Popplewell
18883,Paul Raci
18884,Paul Ready
18885,Paul Reid
18886,Paul Reiser
18887,Paul Rhys
18888,Paul Ritter
18889,Paul Rodriguez
18890,Paul Ronan
18891,Paul Rudd
18892,Paul Rust
18893,Paul Ryan
18894,Paul Sampson
18895,Paul Scheer
18896,Paul Schneider
18897,Paul Schulze
18898,Paul Sorvino
18899,Paul Soter
18900,Paul Sparks
18901,Paul Stamets
18902,Paul Steinhardt
18903,Paul Swaine
18904,Paul Tinto
18905,Paul Toucang
18906,Paul Town
18907,Paul Verhoeven
18908,Paul W. Downs
18909,Paul W. He
18910,Paul Walker
18911,Paul Walter Hauser
18912,Paul Warren
18913,Paul Watson
18914,Paul Wesley
18915,Paul Westwood
18916,Paul Whitehouse
18917,Paul Wight
18918,Paul Williams
18919,Paul Wollin
18920,Paul Young
18921,Paul-Olivier Dehaye
18922,Paula Beer
18923,Paula Biren
18924,Paula Blanco
18925,Paula Boudreau
18926,Paula Dofat
18927,Paula Garcés
18928,Paula Jean Swearengin
18929,Paula Jean Swearingen
18930,Paula Lindberg
18931,Paula Luchsinger
18932,Paula Malcomson
18933,Paula Marshall
18934,Paula Niedert Elliott
18935,Paula Patton
18936,Paula Pell
18937,Paula Robles
18938,Paula T. Lin
18939,Paula Weinstein
18940,Paula Yarr
18941,Paula Yates
18942,Paulin Jaccoud
18943,Paulina Alexis
18944,Paulina Bugembe
18945,Paulina Gaitan
18946,Paulina Galazka
18947,Paulina Garc
18948,Pauline Black
18949,Pauline Burlet
18950,Pauline Chalamet
18951,Pauline Etienne
18952,Pauline McLynn
18953,Pauline Oliveros
18954,Pauline Parigot
18955,Pauline Rugo
18956,Paulino Nuñes
18957,Paulo Calatré
18958,Paulo Costanzo
18959,Paulo dos Santos
18960,Paulo Maluf
18961,Paulo Morillo
18962,Paulyne Wei
18963,Pavel Kríz
18964,Pavel Ponomaryov
18965,Pavle Cemerikic
18966,Pavle Dragas
18967,Pawalit Mongkolpisit
18968,Pawan Dhingra
18969,Pawel Szajda
18970,Paxx Moll
18971,Payton Lepi
18972,Payton Lepinski
18973,Paz de la Huerta
18974,Paz Vega
18975,Peadar Cox
18976,Pearce Quigley
18977,Pearl Amanda Dickson
18978,Pearl Mackie
18979,Peder Thomas Pedersen
18980,Pedro Almodóvar
18981,Pedro Calvo
18982,Pedro Hossi
18983,Pedro Javier Silva Lira
18984,Pedro Lopez
18985,Pedro Pascal
18986,Pedro Tavarez Jr.
18987,Peggy Ashcroft
18988,Peggy Lipton
18989,Peggy Lu
18990,Peggy Schott
18991,Peggy Scott
18992,Peggy Sheffield
18993,Pegi Young
18994,Pei-pei Cheng
18995,Peiqi Liu
18996,Pej Vahdat
18997,Pekka Strang
18998,Pell James
18999,Pelé
19000,Penelope Ann Miller
19001,Penelope Kapudija
19002,Penelope Mitchell
19003,Penelope Wilton
19004,Peng Wang
19005,Penn Badgley
19006,Penn Jillette
19007,Penny Marshall
19008,Penpak Sirikul
19009,Penélope Cruz
19010,Pepa Charro
19011,Pepa Gracia
19012,Pepe Balderrama
19013,Pepe Serna
19014,Pepe Sierra
19015,Pepijn Caudron
19016,Peppe Servillo
19017,Per Christian Ellefsen
19018,Per Ragnar
19019,Perdita Weeks
19020,Pere Ponce
19021,Peri Gilpin
19022,Perla Haney-Jardine
19023,Perla Middleton
19024,Pernilla August
19025,Pernille Bergendorff
19026,Perrey Reeves
19027,Perrie Kapernaros
19028,Perrin Drumm
19029,Perry
19030,Perry Botkin Jr.
19031,Perry Dizon
19032,Perry Jaques
19033,Perry Smith
19034,Perry Yung
19035,Pervez Bilgrami
19036,Peta Wilson
19037,Petchtai Wongkamlao
19038,Pete
19039,Pete Buttigieg
19040,Pete Chovan
19041,Pete Dav
19042,Pete Davidson
19043,Pete Doherty
19044,Pete Holmes
19045,Pete Meads
19046,Pete Souza
19047,Pete Townsend
19048,Peter
19049,Peter Adrian Sudarso
19050,Peter Albrink
19051,Peter Andersson
19052,Peter Bart
19053,Peter Beard
19054,Peter Bebjak
19055,Peter Benedict
19056,Peter Berg
19057,Peter Billingsley
19058,Peter Bogdanovich
19059,Peter Bonerz
19060,Peter Bouckaert
19061,Peter Bowles
19062,Peter Boyle
19063,Peter Brown
19064,Peter Brownlee
19065,Peter Caffrey
19066,Peter Cambor
19067,Peter Campion
19068,Peter Capaldi
19069,Peter Carlberg
19070,Peter Cilella
19071,Peter Cockett
19072,Peter Coonan
19073,Peter Coyote
19074,Peter Cullen
19075,Peter Curtin
19076,Peter Davies
19077,Peter Davison
19078,Peter Davor
19079,Peter Dawson
19080,Peter Dinklage
19081,Peter Dunning
19082,Peter Ekedahl
19083,Peter Eyre
19084,Peter Facinelli
19085,Peter Falk
19086,Peter Ferdinando
19087,Peter Firth
19088,Peter Fitz
19089,Peter Fonda
19090,Peter Franzén
19091,Peter Freiburghaus
19092,Peter Gabriel
19093,Peter Gadiot
19094,Peter Gallagher
19095,Peter Gantzler
19096,Peter Georgo Georgopoulos
19097,Peter Gerety
19098,Peter Grosz
19099,Peter H. Gleick
19100,Peter Haber
19101,Peter Horton
19102,Peter Hujar
19103,Peter Jacobsen
19104,Peter Jacobson
19105,Peter James DeLuca
19106,Peter Jason
19107,Peter Kelamis
19108,Peter Krause
19109,Peter Kurth
19110,Peter Lanzani
19111,Peter Leighton
19112,Peter Liddell
19113,Peter Linka
19114,Peter Macdissi
19115,Peter Mackenzie
19116,Peter MacNeill
19117,Peter MacQueen
19118,Peter Mark Kendall
19119,Peter Marshall
19120,Peter McCoy
19121,Peter McDonald
19122,Peter McRobbie
19123,Peter Medak
19124,Peter Mensah
19125,Peter Miller
19126,Peter Mooney
19127,Peter Mortimer
19128,Peter Mullan
19129,Peter O'Meara
19130,Peter O'Toole
19131,Peter Ondrejicka
19132,Peter Outerbridge
19133,Peter Plaugborg
19134,Peter Polycarpou
19135,Peter Reznikoff
19136,Peter Riegert
19137,Peter Sallis
19138,Peter Sarsgaard
19139,Peter Schneider
19140,Peter Sellars
19141,Peter Sellers
19142,Peter Serafinowicz
19143,Peter Simonischek
19144,Peter Simpson
19145,Peter Sohn
19146,Peter Spears
19147,Peter Staley
19148,Peter Stickles
19149,Peter Stormare
19150,Peter Strauss
19151,Peter Sullivan
19152,Peter Turner
19153,Peter Ustinov
19154,Peter Vack
19155,Peter Van den Begin
19156,Peter van Eyck
19157,Peter Verby
19158,Peter Weller
19159,Peter Wight
19160,Peter Y. Kim
19161,Peter York
19162,Peter Yu
19163,Petr Forman
19164,Petr Kotlar
19165,Petr Vanek
19166,Petra Buckova
19167,Petrina Bromley
19168,Petronella Vaarzon-Morel
19169,Pevita Pearce
19170,Peyman Moaadi
19171,Peyton Belcher
19172,Peyton Elizabeth Lee
19173,Peyton Kennedy
19174,Peyton List
19175,Peyton Meyer
19176,Peyton Wich
19177,Pfeifer Brown
19178,Phan Bao Ngoc
19179,Pharrell Williams
19180,Phelim Kelly
19181,Phi Vu
19182,Phil Burgers
19183,Phil Cornwell
19184,Phil Davis
19185,Phil Donahue
19186,Phil Dunster
19187,Phil Dustan
19188,Phil Lesh
19189,Phil Neilson
19190,Phil Vischer
19191,Philip Arditti
19192,Philip Baker Hall
19193,Philip Bolden
19194,Philip Bosco
19195,Philip Boyd
19196,Philip Brodie
19197,Philip Cheah
19198,Philip Ettinger
19199,Philip H. Ashley
19200,Philip Jackson
19201,Philip K. Dick
19202,Philip Kerr
19203,Philip Kkalas
19204,Philip Labey
19205,Philip Martin Brown
19206,Philip Ng
19207,Philip Paul Peter Hudson
19208,Philip Seymour Hoffman
19209,Philip Williams
19210,Philip Zhao
19211,Philipp Baltus
19212,Philipp Nowicki
19213,Philippa Coulthard
19214,Philippe Bas
19215,Philippe Couerre
19216,Philippe de Monts
19217,Philippe Decouflé
19218,Philippe Duquesne
19219,Philippe Garner
19220,Philippe Jeusette
19221,Philippe Katerine
19222,Philippe Laudenbach
19223,Philippe Martz
19224,Philippe Ohrel
19225,Philippe Petit
19226,Philippe Sands
19227,Philippe Spall
19228,Philippe Starck
19229,Philippe Uchan
19230,Philippe Vincent
19231,Philippine Velge
19232,Phillip Andre Botello
19233,Phillip Wampler
19234,Phillip Whitely
19235,Phillipa Soo
19236,Phillipe Coquet
19237,Phoebe Fox
19238,Phoebe Nicholls
19239,Phoebe Robinson
19240,Phoebe Waller-Bridge
19241,Phoeung Kompheak
19242,Phouen Nisa
19243,Phyl
19244,Phylicia Rashad
19245,Phyllis Casterwiler
19246,Phyllis Cicero
19247,Phyllis Rifield
19248,Phyllis Smith
19249,Phyllis Somerville
19250,Phénix Brossard
19251,Pia Hierzegger
19252,Pia Mia
19253,Pia Miranda
19254,Pia Ranada
19255,Pico Alexander
19256,Pier Paolo Pasolini
19257,Pier-Luc Funk
19258,Pierce B
19259,Pierce Brosnan
19260,Pierce Conran
19261,Pierce Gagnon
19262,Pierce Pope
19263,Pierfrancesco Favino
19264,Pierre Arditi
19265,Pierre Bergman
19266,Pierre Bergé
19267,Pierre Boulanger
19268,Pierre Cardin
19269,Pierre Coffin
19270,Pierre Coppens
19271,Pierre Deladonchamps
19272,Pierre Dulaine
19273,Pierre Emö
19274,Pierre Giraud
19275,Pierre Gommé
19276,Pierre Gruno
19277,Pierre Lacy
19278,Pierre Langlois
19279,Pierre Lehu
19280,Pierre Léon
19281,Pierre Niney
19282,Pierre Nisse
19283,Pierre Pirol
19284,Pierre Richard
19285,Pierre Salvadori
19286,Pierre Sumkay
19287,Pierre-Marie Rochefort-Schneider
19288,Pierrino Mascarino
19289,Pietro Ragusa
19290,Pihla Penttinen
19291,Pilar Castro
19292,Pilar Gamboa
19293,Pilar López de Ayala
19294,Pilar Padilla
19295,Pili Groyne
19296,Pilou Asbæk
19297,Pim Bongaerts
19298,Pineapple Tangaroa
19299,Ping-Chun Cheng
19300,Pingwa Jia
19301,Pink
19302,Pino Maiello
19303,Pio Amato
19304,Pio Marmaï
19305,Piotr Gasowski
19306,Piotr Glowacki
19307,Pip Carter
19308,Pip Miller
19309,Pip Philli
19310,Pip Torrens
19311,Piper Curda
19312,Piper Laurie
19313,Piper Perabo
19314,Pippa Bennett-Warner
19315,Pippa Haywood
19316,Pippa Rathborne
19317,Pippa Winslow
19318,Piret Kalda
19319,Pirjo Lonka
19320,Piroska Molnár
19321,Pisay Pao
19322,Pitbull
19323,Pitobash
19324,Pixie Davies
19325,Piyush Khati
19326,PJ DeBoy
19327,PJ McCabe
19328,PJ Oaten
19329,Pl
19330,Pleasant Gehman
19331,Polina Aug
19332,Polly Allen
19333,Polly Draper
19334,Polly Greenberg
19335,Polly McKie
19336,Polly Walker
19337,Pom Klementieff
19338,Pooch Hall
19339,Pooja Kumar
19340,Poorna Jagannathan
19341,Pop Smoke
19342,Pope Francis
19343,Poppy Cunningham
19344,Poppy Delevingne
19345,Poppy Gagnon
19346,Poppy Lee Friar
19347,Porchea Carroll
19348,Pornchanok Mabklang
19349,Portia Doubleday
19350,Post Malone
19351,Poundcake
19352,Pouya Mehri
19353,Powers Boothe
19354,Pramod Agrahari
19355,Pras
19356,Prasad Vanarse
19357,Prashant Narayanan
19358,Preben Kristensen
19359,Premsinee Ratanasopha
19360,Presciliana Esparolin
19361,Presciliana Esparolini
19362,Presley Chweneyagae
19363,Preston Bailey
19364,Preston Christopher Lawrence
19365,Preston Nyman
19366,Preston Sadleir
19367,Pretty Ricki Fontaine
19368,Priah Ferguson
19369,Price
19370,Price T. Morgan
19371,Primoz Hladnik
19372,Prince Charles
19373,Prince Mbasi
19374,Princess Diana
19375,Princess Punzalan
19376,Priscilla Doueihy
19377,Priscilla Evans
19378,Priscilla Evans Shirer
19379,Priscilla López
19380,Priya Darshini
19381,Priya Rajaratnam
19382,Priyanga Burford
19383,Priyanka Chopra
19384,Priyanka Samra
19385,Priyanshu Painyuli
19386,Prui
19387,Pruitt Taylor Vince
19388,Ptosha Storey
19389,Pua-Taï Hikutini
19390,Pun Bandhu
19391,Pura Fe
19392,Purbi Joshi
19393,Puru Chibber
19394,Purva Bedi
19395,Puy Navarro
19396,Pyotr Fyodorov
19397,Pál Mácsai
19398,Páll Arason
19399,Pål Sverre Valheim Hagen
19400,Péter Fancsikai
19401,Péter Rudolf
19402,Péter Tóth
19403,Pêpê Rapazote
19404,Pól Ó Ceannab
19405,Q'orianka Kilcher
19406,Q. Smith
19407,Qais Qandil
19408,Qi Shu
19409,Qianyuan Wang
19410,Qingxiang Wang
19411,Qiu Yuen
19412,Queen Bee Ho
19413,Queen Latifah
19414,Quei Tann
19415,Quentin Baillot
19416,Quentin D'Hainaut
19417,Quentin Dolmaire
19418,Quentin Tarantino
19419,Quentin Thébault
19420,Quin Walters
19421,Quincy Bryant
19422,Quincy Chad
19423,Quincy Dunn-Baker
19424,Quincy Jones
19425,Quincy Kirkwood
19426,Quincy Tyler Bernstine
19427,Quinn Gasaway
19428,Quinn Liebling
19429,Quinn Shephard
19430,Quintana Roo Dunne
19431,Quintessa Swindell
19432,Quinton Aaron
19433,Quran Pender
19434,Qutaiba Abdelhaq
19435,Quvenzhané Wallis
19436,R
19437,R. Bhakti Klein
19438,R. Lee Ermey
19439,Raad Rawi
19440,Raanan Paz
19441,Rabah Nait Oufella
19442,Rabia Cheema
19443,Rabindra Singh Baniya
19444,Rachael Blake
19445,Rachael Crawford
19446,Rachael Deering
19447,Rachael Harris
19448,Rachael Keiller
19449,Rachael Leigh Cook
19450,Rachael Lillis
19451,Rachael Mcadams
19452,Rachael Perrell Fosket
19453,Rachael Ray
19454,Rachael Taylor
19455,Racheal King
19456,Racheal Ofori
19457,Rachel Agee
19458,Rachel Alexandria Arnold
19459,Rachel Bailit
19460,Rachel Bay Jones
19461,Rachel Bilson
19462,Rachel Blais
19463,Rachel Boston
19464,Rachel Braunschweig
19465,Rachel Brosnahan
19466,Rachel de la Torre
19467,Rachel Dolezal
19468,Rachel Dratch
19469,Rachel Durose
19470,Rachel Faro
19471,Rachel Finnegan
19472,Rachel Gordon
19473,Rachel Graton
19474,Rachel Griffiths
19475,Rachel Hamilton
19476,Rachel Hendrix
19477,Rachel Hilson
19478,Rachel House
19479,Rachel Hurd-Wood
19480,Rachel Jackson
19481,Rachel Johnson
19482,Rachel Keller
19483,Rachel Korine
19484,Rachel Lascar
19485,Rachel Maddow
19486,Rachel Mason
19487,Rachel Matthews
19488,Rachel McAdams
19489,Rachel Melvin
19490,Rachel Nichols
19491,Rachel Ramras
19492,Rachel Redleaf
19493,Rachel Roberts
19494,Rachel Sennott
19495,Rachel Skarsten
19496,Rachel Tico
19497,Rachel True
19498,Rachel VanDuzer
19499,Rachel Weisz
19500,Rachel Wilson
19501,Rachel Winfree
19502,Rachel Zegler
19503,Rachel Zoe
19504,Rachelle Hardy
19505,Rachelle Lefevre
19506,Rachelle Vinberg
19507,Rachid El Ghazaoui
19508,Rachid Guellaz
19509,Rachida Lièvre
19510,Racquel Bianca John
19511,Rade Serbedzija
19512,Radha Blank
19513,Radha Mitchell
19514,Radhika Apte
19515,Radina Drandova
19516,Radivoje Bukvic
19517,Radney Foster
19518,Radoje Cupic
19519,Rady Gamal
19520,Rae Bell
19521,Rae Gray
19522,Rae Lim
19523,Rae Ritke
19524,Rafael Casal
19525,Rafael Cebrián
19526,Rafael Federman
19527,Rafael Inclán
19528,Rafael Pacchiano Alamán
19529,Rafael Sayegh
19530,Rafael Silva
19531,Rafael Spregelburd
19532,Rafael Stachowiak
19533,Rafe Spall
19534,Raffaele Ferrante
19535,Raffaëla Anderson
19536,Raffey Cassidy
19537,Raffi Tavor
19538,Rafi Gavron
19539,Raghuvir Yadav
19540,Rahart Adams
19541,Raheem Kassam
19542,Rahel Romahn
19543,Rahm Braslaw
19544,Rahul Khanna
19545,Raimonds Celms
19546,Rain
19547,Rainbow Dickerson
19548,Rainer Bock
19549,Rainer Krause
19550,Rainer Steffen
19551,Rainey Qualley
19552,Raini Rodriguez
19553,Rainn Sheppard
19554,Rainn Wilson
19555,Raisa Maximovna Gorbacheva
19556,Raivo Trass
19557,Raj Kumar Yadav
19558,Raj Patel
19559,Rajeev Raj
19560,Rajesh Kumar Sharma
19561,Rakan Abdulhaman
19562,Rakel Wärmländer
19563,Rakim Mayers
19564,Ralf Tempel
19565,Ralph Adriel Johnson
19566,Ralph Berkin
19567,Ralph Brown
19568,Ralph Fiennes
19569,Ralph Ineson
19570,Ralph Nader
19571,Ralph Palka
19572,Ralph Richardson
19573,Ralph Steadman
19574,Ram
19575,Ram Dass
19576,Ram Naresh Diwakar
19577,Raman Srinivasan
19578,Ramblin' Jack Elliott
19579,Ramesh Reddy
19580,Rami Buzaglo
19581,Rami Jaber
19582,Rami Malek
19583,Rami Rusinen
19584,Ramiz Monsef
19585,Ramon Pujol
19586,Ramon Thompson
19587,Ramona Edith-Williams
19588,Ramona Kunze-Libnow
19589,Ramona Shah
19590,Ramona Young
19591,Ramone Hamilton
19592,Ramses Jimenez
19593,Ramsey
19594,Ramsey Anderson
19595,Ramsey Hanchette
19596,Ramzan Miah
19597,Ramón Barea
19598,Ramón Rodríguez
19599,Ran Buxenbaum
19600,Rana El Kaliouby
19601,Rana Foroohar
19602,Rand
19603,Randal Edwards
19604,Randal Gonzalez
19605,Randal Reeder
19606,Randall Arauz
19607,Randall Archer
19608,Randall Carver
19609,Randall P. Havens
19610,Randall Park
19611,Randall Paul
19612,Randee Heller
19613,Randi Kleiner
19614,Randolph Fields
19615,Randy Cartwright
19616,Randy Castillo
19617,Randy Couture
19618,Randy Kovitz
19619,Randy Newman
19620,Randy Ryan
19621,Randy Wayne
19622,Ransom Ashley
19623,Rao Rampilla
19624,Raoul Bhaneja
19625,Raoul Bova
19626,Raoul Coutard
19627,Raoul Trujillo
19628,Raphael Alejandro
19629,Raphael Barker
19630,Raphael Desprez
19631,Raphaël Dever
19632,Raphaël Naasz
19633,Raphaël Personnaz
19634,Raphaël Quenard
19635,Raphaël Thierry
19636,Raphaëlle Agogué
19637,Raphaëlle Molinier
19638,Rapulana Seiphemo
19639,Raquel Alessi
19640,Raquel Aurora
19641,Raquel Castro
19642,Raquel Horsford
19643,Raresh DiMofte
19644,Rasaq Kukoyi
19645,Rashid Aitouganov
19646,Rashid Akbari
19647,Rashida Jones
19648,Rashidi Athuman
19649,Rashonna Jenkins
19650,Rasmane Ouedraogo
19651,Rasmus Hardiker
19652,Rasneet Kaur
19653,Rati Oneli
19654,Ratidzo Mambo
19655,Ratnam Chitturi
19656,Raukura Turei
19657,Raul de Molina
19658,Raul I Torres
19659,Raul Julia
19660,Ravdeep Singh Bajwa
19661,Raven Goodwin
19662,Raven Whitley
19663,Raven Wynn
19664,Raven-Symoné
19665,Ravi
19666,Ravi Cabot-Conyers
19667,Ravi Naik
19668,Ravi Patel
19669,Ravi Ramos Lacerda
19670,Raw Leiba
19671,Rawiri Paratene
19672,Ray Abruzzo
19673,Ray Bouderau
19674,Ray Burnet
19675,Ray Charles
19676,Ray Cokes
19677,Ray Corasani
19678,Ray Fearon
19679,Ray Fisher
19680,Ray Gurton
19681,Ray Kelleher
19682,Ray Liotta
19683,Ray Lui
19684,Ray Magliozzi
19685,Ray McKinnon
19686,Ray Nicholson
19687,Ray Panthaki
19688,Ray Park
19689,Ray Ray Chase
19690,Ray Romano
19691,Ray Sahetapy
19692,Ray Stevenson
19693,Ray Winstone
19694,Ray Wise
19695,Raymond Ablack
19696,Raymond Cruz
19697,Raymond J. Barry
19698,Raymond Kurzweil
19699,Raymond Ma
19700,Raymond Ochoa
19701,Raymond Pinharry
19702,Raymond Santana
19703,Raymond Thiry
19704,Rayon McLean
19705,Rayshawn Richardson
19706,Rayven Symone Ferrell
19707,Raz B
19708,Raza Jaffrey
19709,Razia Israeli
19710,Razvan Lutac
19711,Raúl Arévalo
19712,Raúl Briones
19713,Raúl Castillo
19714,Re Lee
19715,Rea Lest
19716,Reatha Grey
19717,Reba McEntire
19718,Rebecca Adams
19719,Rebecca Aldworth
19720,Rebecca Bower
19721,Rebecca Chulew
19722,Rebecca Da Costa
19723,Rebecca De Mornay
19724,Rebecca Delgado Smith
19725,Rebecca Drysdale
19726,Rebecca Faulkenberry
19727,Rebecca Ferguson
19728,Rebecca Field
19729,Rebecca Flinn-White
19730,Rebecca Friday
19731,Rebecca Front
19732,Rebecca Gibney
19733,Rebecca Hall
19734,Rebecca Hanssen
19735,Rebecca Hazlewood
19736,Rebecca Henderson
19737,Rebecca Husain
19738,Rebecca Jenkins
19739,Rebecca Johnson
19740,Rebecca Koon
19741,Rebecca Lee Robert
19742,Rebecca Liddiard
19743,Rebecca Lines
19744,Rebecca Makar
19745,Rebecca Manley
19746,Rebecca Marder
19747,Rebecca Naomi Jones
19748,Rebecca O'Mara
19749,Rebecca Pidgeon
19750,Rebecca Rittenhouse
19751,Rebecca Robin
19752,Rebecca Romijn
19753,Rebecca Root
19754,Rebecca Rose
19755,Rebecca Spence
19756,Rebecca Staab
19757,Rebecca Stone
19758,Rebecca Watson
19759,Rebekah Kennedy
19760,Rebekah Ward
19761,Rebekka Johnson
19762,Rebel Wilson
19763,Recep Kotan
19764,Recep Tayyip Erdogan
19765,Red Saunders
19766,Red West
19767,Reda Kateb
19768,Redman
19769,Reece Cody
19770,Reece Ennis
19771,Reece Ritchie
19772,Reece Shearsmith
19773,Reece Thompson
19774,Reece Yates
19775,Reed Birney
19776,Reed Diamond
19777,Reed Evins
19778,Reegus Flenory
19779,Reese C. Hartwig
19780,Reese Hartwig
19781,Reese Mishler
19782,Reese Witherspoon
19783,Reeve Carney
19784,Reg E. Cathey
19785,Reg Wilson
19786,Regan Burns
19787,Regan Farquhar
19788,Rege-Jean Page
19789,Reggie Lee
19790,Reggie Miller
19791,Reggie Watts
19792,Reggie Willis
19793,Regi Domingo
19794,Regina Casé
19795,Regina Fritsch
19796,Regina Hall
19797,Regina King
19798,Regina Kort
19799,Regina Lewis
19800,Regina Spektor
19801,Regina Taylor
19802,Regina Wan
19803,Regina Williams
19804,Regis Myrupu
19805,Rehan Mudannayake
19806,Rei Yoshida
19807,Reid Miller
19808,Reid Scott
19809,Reign Edwards
19810,Reika Kirishima
19811,Reiko Aylesworth
19812,Rein Hofman
19813,Reinhardt Wetrek
19814,Reinhold Messner
19815,Reinout Bussemaker
19816,Reko Moreno
19817,Remano De Beer
19818,Remo Girone
19819,Remy Hii
19820,Remy Teicher
19821,Ren Hanami
19822,Ren Komai
19823,Ren Sudo
19824,Rena Drexler
19825,Rena MacMonegle
19826,Rena Maliszewski
19827,Rena Owen
19828,Rena Sellars
19829,Renah Gallagher
19830,Renan Rovida
19831,Renana Raz
19832,Renars Zeltins
19833,Renata Cabral
19834,Renata Maikel Machin Blanco
19835,Renato Carpentieri
19836,Renato Salvatori
19837,Renato Scarpa
19838,Rene Bitorajac
19839,Rene Borisewitz
19840,Rene Cadet
19841,Rene Costa
19842,Rene Liu
19843,Rene Michelle Aranda
19844,Rene Moran
19845,Rene Russo
19846,Rene Wanko
19847,Renee Billing
19848,Renee Faia
19849,Renee Firestone
19850,Renee Goldsberry
19851,Renee Lim
19852,Renee Olstead
19853,Renee Victor
19854,Renell Gibbs
19855,Renes Rivera
19856,René Auberjonois
19857,Renée Soutendijk
19858,Renée Taylor
19859,Renée Willett
19860,Renée Zellweger
19861,Reo Sato
19862,Reshawna Douglas
19863,Retta
19864,Reuben Dodd
19865,Reut Fish
19866,Rev. Pat Bumgardner
19867,Reverand James Cleveland
19868,Rey Hernandez
19869,Reyn Doi
19870,Reynaldo Gallegos
19871,Reynaldo Piniella
19872,Rez Kempton
19873,Rezija Kalnina
19874,Rhea Perlman
19875,Rhea Seehorn
19876,Rhea Thönges-Stringaris
19877,Rhenzy Feliz
19878,Rhian Ramos
19879,Rhian Rees
19880,Rhianna Dorris
19881,Rhianne Barreto
19882,Rhoda Griffis
19883,Rhoda Pell
19884,Rhodri Meilir
19885,Rhona Mitra
19886,Rhonda Graam
19887,Rhonda Rodgers
19888,Rhosinah Sekeleti
19889,Rhyan Elizabeth
19890,Rhys ap William
19891,Rhys Coiro
19892,Rhys Darby
19893,Rhys Ifans
19894,Rhys Meredith
19895,Rhys Stone
19896,Rhys Wakefield
19897,Ri
19898,Ria Zmitrowicz
19899,Rian Gordon
19900,Ric Reitz
19901,Ric Sarabia
19902,Rica Enache
19903,Ricardo Abarca
19904,Ricardo Adam Zarate
19905,Ricardo Ariel Toribio
19906,Ricardo Darín
19907,Ricardo Gonzalez
19908,Ricardo Hurtado
19909,Ricardo Lorenzo
19910,Ricardo Mamood-Vega
19911,Ricardo Meneses
19912,Ricardo Niño
19913,Riccardo Scamarcio
19914,Rich Dietl
19915,Rich Hutchman
19916,Rich Little
19917,Rich Sommer
19918,Rich Ting
19919,Richa
19920,Richa Chandra
19921,Richard Abel
19922,Richard Anastasios
19923,Richard Armitage
19924,Richard Ashton
19925,Richard Atwill
19926,Richard Ayoade
19927,Richard Bakalyan
19928,Richard Barone
19929,Richard Beggs
19930,Richard Belzer
19931,Richard Ben-Veniste
19932,Richard Benjamin
19933,Richard Brake
19934,Richard Bremmer
19935,Richard Brimblecombe
19936,Richard Burr
19937,Richard Burton
19938,Richard Ca
19939,Richard Cabral
19940,Richard Cant
19941,Richard Cawthorne
19942,Richard Chamberlain
19943,Richard Chevallier
19944,Richard Clarkin
19945,Richard Clews
19946,Richard Coyle
19947,Richard Cunningham
19948,Richard Curtis
19949,Richard de Klerk
19950,Richard Dixon
19951,Richard Dormer
19952,Richard Dreyfuss
19953,Richard Durden
19954,Richard Dutcher
19955,Richard E. Grant
19956,Richard Elfyn
19957,Richard Ellis
19958,Richard Evans
19959,Richard Fontaine
19960,Richard Gere
19961,Richard Glover
19962,Richard Graeme Iii
19963,Richard Griffiths
19964,Richard Gunn
19965,Richard Hansell
19966,Richard Harmon
19967,Richard Harris
19968,Richard Herd
19969,Richard Hope
19970,Richard Jenkins
19971,Richard K. Jones
19972,Richard Kern
19973,Richard Kind
19974,Richard Kline
19975,Richard Koyasu Park
19976,Richard Krause
19977,Richard L. Anderson
19978,Richard L. Olsen
19979,Richard Labuda
19980,Richard Lane
19981,Richard Lewis
19982,Richard Lumsden
19983,Richard M. Stallman
19984,Richard Madden
19985,Richard McCabe
19986,Richard Mesquita
19987,Richard Ng
19988,Richard Nixon
19989,Richard O'Barry
19990,Richard O'Brien
19991,Richard Polt
19992,Richard Rasmussen
19993,Richard Robichaux
19994,Richard Romain
19995,Richard Romanus
19996,Richard Roundtree
19997,Richard Roxburgh
19998,Richard Ruccolo
19999,Richard Salvatore
20000,Richard Sammel
20001,Richard Schiff
20002,Richard Speight Jr.
20003,Richard Spencer
20004,Richard Stanley
20005,Richard T. Jones
20006,Richard Thomas
20007,Richard Turner
20008,Richard Vick
20009,Richard Webber
20010,Richenda Carey
20011,Richie Have
20012,Richie Lawrence
20013,Richie Merritt
20014,Richmond Arquette
20015,Rick Amsbury
20016,Rick Armstrong
20017,Rick Dano
20018,Rick Fox
20019,Rick Gonzalez
20020,Rick Hall
20021,Rick Kissack
20022,Rick Malambri
20023,Rick Moranis
20024,Rick Okon
20025,Rick Oliver
20026,Rick Overton
20027,Rick Pasqualone
20028,Rick Pitino
20029,Rick Ravanello
20030,Rick Roberts
20031,Rick Rubin
20032,Rick Springfield
20033,Rick Warden
20034,Rick Yune
20035,Rickey D'Shon Collins
20036,Ricki Lake
20037,Rickson Tevez
20038,Ricky Carmichael
20039,Ricky Garcia
20040,Ricky Gervais
20041,Ricky Martin
20042,Ricky Muse
20043,Ricky Pascua
20044,Ricky Russert
20045,Ricky Whittle
20046,RickyLee Waipuka-Russell
20047,Rida Ismail
20048,Rider Strong
20049,Rie Rasmussen
20050,Rifaat Torbey
20051,Rifat Sungar
20052,Rigan Machado
20053,Rihanna
20054,Rik Swartzwelder
20055,Riki Lindhome
20056,Rikiya Koyama
20057,Riko Narumi
20058,Rikus Terblanche
20059,Riley Barnes
20060,Riley Hough
20061,Riley Keough
20062,Riley Roberts
20063,Riley Wood
20064,Rima Te Wiata
20065,Rimas Kurtinaitis
20066,Rin Takanashi
20067,Rina Kawaei
20068,Rina Satô
20069,Ringo Starr
20070,Rinko Kikuchi
20071,Rio Mangini
20072,Rio Yamashita
20073,Rip Torn
20074,RiRia
20075,Rish Shah
20076,Risteard Cooper
20077,Rit
20078,Rita
20079,Rita Bäde
20080,Rita Hayek
20081,Rita Moreno
20082,Rita Ora
20083,Rita Pauls
20084,Rita Pinheiro
20085,Rita Raider
20086,Rita Rani Ahuja
20087,Rita Redberg
20088,Rita Russek
20089,Rita Wilson
20090,Ritchie Coster
20091,Ritchie Montgomery
20092,River Alexander
20093,River Hawkins
20094,Riya May Atwood
20095,Riyoko Ikeda
20096,Riz Ahmed
20097,Rizwan Manji
20098,RJ Cyler
20099,RJ Fetherstonhaugh
20100,RJ Mitte
20101,RJ Walker
20102,Ro
20103,Roan Curtis
20104,Roanna Cochrane
20105,Roark Critchlow
20106,Rob Bowen
20107,Rob Bowman
20108,Rob Brown
20109,Rob Brownstein
20110,Rob Brydon
20111,Rob Cavallo
20112,Rob Collins
20113,Rob Corddry
20114,Rob Delaney
20115,Rob Devaney
20116,Rob Gough
20117,Rob Grabow
20118,Rob Gronkowski
20119,Rob Haerr
20120,Rob Huebel
20121,Rob James-Collier
20122,Rob Jenkins
20123,Rob LaBelle
20124,Rob Lowe
20125,Rob Lévesque
20126,Rob Mayes
20127,Rob Mello
20128,Rob Moran
20129,Rob Morgan
20130,Rob Morrow
20131,Rob Nagle
20132,Rob Paulsen
20133,Rob Reiner
20134,Rob Riggle
20135,Rob Schneider
20136,Rob Stewart
20137,Rob Tunstall
20138,Rob Welsh
20139,Robb Derringer
20140,Robb Reiner
20141,Robbie
20142,Robbie Amell
20143,Robbie Coltrane
20144,Robbie DeRaffele
20145,Robbie Hutton
20146,Robbie Jones
20147,Robbie Robertson
20148,Robbie Tann
20149,Robe
20150,Rober
20151,Robert
20152,Robert Ackerman Moss
20153,Robert Acosta
20154,Robert Agengo
20155,Robert Allen
20156,Robert Altman
20157,Robert Aramayo
20158,Robert Baer
20159,Robert Barnes
20160,Robert Barron
20161,Robert Bathurst
20162,Robert Bea
20163,Robert Ben Garant
20164,Robert Blythe
20165,Robert Bogue
20166,Robert Bridges
20167,Robert Burns
20168,Robert C. Kirk
20169,Robert Capron
20170,Robert Carlyle
20171,Robert Carradine
20172,Robert Cedars
20173,Robert Christopher Riley
20174,Robert Clohessy
20175,Robert Corbitt
20176,Robert Cormier
20177,Robert Cox
20178,Robert Cunniff
20179,Robert Daniel Sloan
20180,Robert De Niro
20181,Robert Downey Jr.
20182,Robert Duv
20183,Robert Duvall
20184,Robert Emms
20185,Robert Enckell
20186,Robert Englund
20187,Robert Evans
20188,Robert Fairchild
20189,Robert Feldman
20190,Robert Fisk
20191,Robert Forster
20192,Robert Garcia Cabrera
20193,Robert Gawellek
20194,Robert Glasper
20195,Robert Glenister
20196,Robert Goodman
20197,Robert Gottlieb
20198,Robert Gulaczyk
20199,Robert Gustafsson
20200,Robert Helms
20201,Robert Henny
20202,Robert Hill
20203,Robert Hobbs
20204,Robert Hoffman
20205,Robert Hofler
20206,Robert Homer
20207,Robert Homer Mollohan
20208,Robert Hunter
20209,Robert Ifedi
20210,Robert John Burke
20211,Robert Jon Mello
20212,Robert K. Wittman
20213,Robert Kazinsky
20214,Robert Knepper
20215,Robert Larriviere
20216,Robert LaSardo
20217,Robert Lawrenson
20218,Robert Lindsay
20219,Robert Loggia
20220,Robert Longst
20221,Robert Longstreet
20222,Robert Macaux
20223,Robert Maillet
20224,Robert Malley
20225,Robert McNamara
20226,Robert Naylor
20227,Robert Parsons
20228,Robert Patrick
20229,Robert Pattinson
20230,Robert Peters
20231,Robert Pine
20232,Robert Pralgo
20233,Robert Pugh
20234,Robert Random
20235,Robert Redford
20236,Robert Reich
20237,Robert Ri'chard
20238,Robert Rusler
20239,Robert Ryan
20240,Robert Schwartzman
20241,Robert Sean Leonard
20242,Robert Shafran
20243,Robert Sheehan
20244,Robert Stadlober
20245,Robert Stapleton
20246,Robert Strauser
20247,Robert T. Cunningham
20248,Robert Taylor
20249,Robert Thomason
20250,Robert Tinkler
20251,Robert Trujillo
20252,Robert Wagner
20253,Robert Walker Branchaud
20254,Robert Whitelock
20255,Robert Wieckiewicz
20256,Robert Wilfort
20257,Robert Williams
20258,Robert Wisdom
20259,Robert Wright
20260,Robert Wuhl
20261,Roberta Maxwell
20262,Roberta Sparta
20263,Roberta Taylor
20264,Roberto Aguire
20265,Roberto Audio
20266,Roberto Benigni
20267,Roberto Calasso
20268,Roberto De Francesco
20269,Roberto Garcia
20270,Roberto Lopez
20271,Roberto Maciel
20272,Roberto Medina
20273,Roberto Rossellini
20274,Roberto Zibetti
20275,Robia LaMorte
20276,Robin Dalton
20277,Robin Das
20278,Robin de Jesus
20279,Robin DeMarco
20280,Robin Dyke
20281,Robin Gibb
20282,Robin Givens
20283,Robin Goldbronn
20284,Robin Hill
20285,Robin Hodges
20286,Robin Kermode
20287,Robin Laing
20288,Robin McDonald
20289,Robin Mullins
20290,Robin Northover
20291,Robin Peters
20292,Robin Soans
20293,Robin Thomas
20294,Robin Tunney
20295,Robin Weigert
20296,Robin Williams
20297,Robin Wright
20298,Robine Román
20299,Roby Attal
20300,Robyn Adams
20301,Robyn Crawford
20302,Robyn Elwell
20303,Robyn Lively
20304,Robyn Malcolm
20305,Robyn Nevin
20306,Robyn Ross
20307,Rocci Williams
20308,Rocco Amato
20309,Rocco Papaleo
20310,Rocco Sisto
20311,Rochelle Aycoth
20312,Rochelle Robinson
20313,Rochenda Sandall
20314,Rockwelle Dortch
20315,Rod Chaouqi
20316,Rod Hallett
20317,Rod Paradot
20318,Rod Rondeaux
20319,Roddy Bottum
20320,Roderick Gilkison
20321,Rodger Bumpass
20322,Rodica Lazar
20323,Rodney Afif
20324,Rodney Alex
20325,Rodney Bingenheimer
20326,Rodney Evans
20327,Rodney To
20328,Rodolphe Barrangou
20329,Rodrigo Corea
20330,Rodrigo Cortes
20331,Rodrigo De la Serna
20332,Rodrigo Fernandez-Stoll
20333,Rodrigo Franco
20334,Rodrigo Noya
20335,Rodrigo R. Duterte
20336,Rodrigo Santoro
20337,Rodriguez
20338,Rodson Vasconcelos
20339,Roe Hartrampf
20340,Roe-ha Kim
20341,Roeland Wiesnekker
20342,Roger Ailes
20343,Roger Allam
20344,Roger Allers
20345,Roger Ashton-Griffiths
20346,Roger Barclay
20347,Roger Barnes
20348,Roger Bracco
20349,Roger Casamajor
20350,Roger Christian
20351,Roger Corman
20352,Roger Dale Floyd
20353,Roger Daltrey
20354,Roger Davies
20355,Roger Ebert
20356,Roger Edwards
20357,Roger Fan
20358,Roger Groh
20359,Roger Guenveur Smith
20360,Roger Hawkins
20361,Roger Huddle
20362,Roger McGuinn
20363,Roger Michell
20364,Roger Príncep
20365,Roger Stone
20366,Roger Van Hool
20367,Roger Yuan
20368,Rogers Leona
20369,Rogers Stevens
20370,Rogul
20371,Rohan Campbell
20372,Rohan Chand
20373,Rohan Nedd
20374,Rohit Saraf
20375,Roisin O'Neill
20376,Rok Lopatic
20377,Roksana Nievadis
20378,Rol
20379,Roland Buck III
20380,Roland Møller
20381,Roland Plantin
20382,Rolanda D. Bell
20383,Rolando Matsangos
20384,Rolf Lassgård
20385,Rollo Weeks
20386,Roma Maffia
20387,Romain Duris
20388,Romain Goupil
20389,Romain Guillermic
20390,Romain Torres
20391,Roman Bilyk
20392,Roman Christou
20393,Roman Ferber
20394,Roman Fuzaylov
20395,Roman Gianarthur
20396,Roman GianArthur Irvin
20397,Roman Griffin Davis
20398,Roman Madyanov
20399,Romane Bohringer
20400,Romane Denis
20401,Romano Orzari
20402,Romany Malco
20403,Rome Flynn
20404,Romel Eduardo Ledezma Abaroa
20405,Romeo Travis
20406,Romeo Visca
20407,Romesh Ranganathan
20408,Romina Paula
20409,Romina Power
20410,Romola Garai
20411,Romy Byrne
20412,Romyri Ross
20413,Roméo Elvis
20414,Ron
20415,Ron Ben-Yishai
20416,Ron Braunstein
20417,Ron C. Jones
20418,Ron Canada
20419,Ron Carter
20420,Ron Clements
20421,Ron Cook
20422,Ron Cornelius
20423,Ron Eldard
20424,Ron Funches
20425,Ron Guttman
20426,Ron Jeremy
20427,Ron Lea
20428,Ron Leibman
20429,Ron Livingston
20430,Ron Mael
20431,Ron Meyer
20432,Ron Pardo
20433,Ron Perlman
20434,Ron Rifkin
20435,Ron Rogell
20436,Ron Yuan
20437,Ronak Singh Chadha Berges
20438,Ronald Cohen
20439,Ronald Guttman
20440,Ronald Peet
20441,Ronald Pi
20442,Ronald Pickup
20443,Ronald Reagan
20444,Ronald Robinson
20445,Ronald Yang
20446,Ronald Zehrfeld
20447,Ronaldo King
20448,Ronan Daly
20449,Ronan Farrow
20450,Ronan Raftery
20451,Ronan Rees
20452,Ronan Vibert
20453,Ronda Rousey
20454,Rongguang Yu
20455,Ronit Elkabetz
20456,Ronke Adekoluej
20457,Ronni Ancona
20458,Ronnie Adrian
20459,Ronnie Gene Blevins
20460,Ronnie Rowe
20461,Ronnie Sandahl
20462,Ronnie Yelverton
20463,Ronny Chieng
20464,Ronny Cox
20465,Ronny Dayag
20466,Ronny Merhavi
20467,Ronobir Lahiri
20468,RonReaco Lee
20469,Rony Kramer
20470,Roohollah Zamani
20471,Rooney Mara
20472,Rooster McConaughey
20473,Rophium Banda
20474,Rory Cochrane
20475,Rory Culkin
20476,Rory Fleck-Byrne
20477,Rory Jackson
20478,Rory Kinnear
20479,Rory McDonald
20480,Rory Nolan
20481,Rory Scovel
20482,Rory Uphold
20483,Rosa Babiy
20484,Rosa Celi
20485,Rosa Coduri
20486,Rosa Crespo
20487,Rosa Escoda
20488,Rosa Gilmore
20489,Rosa María Bianchi
20490,Rosa Peixoto
20491,Rosa Salazar
20492,Rosa Valetti
20493,Rosal
20494,Rosal Colon
20495,Rosalie Craig
20496,Rosalind Chao
20497,Rosalind Eleazar
20498,Rosalind Halstead
20499,Rosalind Rosenberg
20500,Rosalynn Carter
20501,Rosalía
20502,Rosamund Pike
20503,Rosana Araújo
20504,Rosane Paulo
20505,Rosanna Arquette
20506,Rosanne Cash
20507,Rosaria D'Urso
20508,Rosario Dawson
20509,Rosario Flores
20510,Roschdy Zem
20511,Rosco Campb
20512,Roscoe Orman
20513,Rosdely Ciprian
20514,Rose
20515,Rose Abdoo
20516,Rose Adam
20517,Rose Bianco
20518,Rose Byrne
20519,Rose Elizabeth Richards
20520,Rose Gregorio
20521,Rose Keegan
20522,Rose Leslie
20523,Rose Marie
20524,Rose Mc
20525,Rose McGowan
20526,Rose Noble
20527,Rose Reid
20528,Rose Williams
20529,Rose-Marie Perreault
20530,Roseanne
20531,Roselyn Kasmire
20532,Roselyn Sanchez
20533,Rosemarie DeWitt
20534,Rosemary Howard
20535,Rosemary Prinz
20536,Roshan Seth
20537,Roshon Thomas
20538,Rosie Cavaliero
20539,Rosie Day
20540,Rosie Fellner
20541,Rosie Huntington-Whiteley
20542,Rosie Perez
20543,Rosie Sansom
20544,Rosie Shaw
20545,Ross Anderson
20546,Ross Brewster
20547,Ross Butler
20548,Ross Francis
20549,Ross Lynch
20550,Ross Mann
20551,Ross O'Hennessy
20552,Ross Partridge
20553,Ross Valory
20554,Ross Wirtanen
20555,Rossana Bellassai
20556,Rossif Sutherland
20557,Rossy de Palma
20558,Rostam Mir-Mohammed-Ullah
20559,Rotem Keinan
20560,Rotimi
20561,Rotimi Paul
20562,Rowan Atkinson
20563,Rowan Blanchard
20564,Rowan Russell
20565,Roxane Arnal
20566,Roxane Duran
20567,Roxane Mesquida
20568,Roxanne McKee
20569,Roy Abramsohn
20570,Roy Assaf
20571,Roy Billing
20572,Roy Edward Disney
20573,Roy Hill
20574,Roy M. Cohn
20575,Roy Miller
20576,Roy Scheider
20577,Roy Walford
20578,Roy Wood Jr.
20579,Roya Nonahali
20580,Royalty Hightower
20581,Roz Alexander
20582,Roza Mirzoiani
20583,Rozita Assadollahy
20584,Ruairi O'Connor
20585,Ruben Niborsk
20586,Ruben Wheeler
20587,Ruben Östlund
20588,Rubens Santos
20589,Ruby Barnhill
20590,Ruby Bentall
20591,Ruby Berube
20592,Ruby Bustamante
20593,Ruby Dunne
20594,Ruby Harris
20595,Ruby Matenko
20596,Ruby McCollister
20597,Ruby Modine
20598,Ruby O. Fee
20599,Ruby Rose
20600,Ruby Rose O'Hara
20601,Ruby Stokes
20602,Ruby Taylor
20603,Rubén Blades
20604,Rubén Ochandiano
20605,Rudi Dharmalingam
20606,Rudolph W. Giuliani
20607,Rudy Chernicoff
20608,Rudy Doherty
20609,Rudy Wowor
20610,Rudy Youngblood
20611,Rufus Jones
20612,Rufus Sewell
20613,Rufus Wainwright
20614,Rui Frati
20615,Ruibo Qian
20616,Rukia Lumumba
20617,Rukiya Bernard
20618,Rumer Willis
20619,Rumi Kikuchi
20620,Run Malyna
20621,Rune Temte
20622,Ruohan Xu
20623,RuPaul
20624,Rupert Evans
20625,Rupert Everett
20626,Rupert Friend
20627,Rupert Graves
20628,Rupert Grint
20629,Rupert Holliday-Evans
20630,Rupert Penry-Jones
20631,Rupert Vansittart
20632,Rus Blackwell
20633,Ruschell Boone
20634,Rush Limbaugh
20635,Rushi Birudala
20636,Russ Little
20637,Russ Solomon
20638,Russell Balogh
20639,Russell Banks
20640,Russell Bentley
20641,Russell Brand
20642,Russell Crous
20643,Russell Crowe
20644,Russell G. Jones
20645,Russell Hornsby
20646,Russell Mael
20647,Russell Peters
20648,Russell Posner
20649,Russell Simmons
20650,Russell Tovey
20651,Russell Wong
20652,Rustam Akhmadeev
20653,Rusty Schwimmer
20654,Rut Reygadas
20655,Ruta Gedmintas
20656,Rutger Hauer
20657,Ruth Bader Ginsburg
20658,Ruth Beckermann
20659,Ruth Bickelhaupt
20660,Ruth Bradley
20661,Ruth Elias
20662,Ruth Fitzmaurice
20663,Ruth Gates
20664,Ruth Greenwood
20665,Ruth Gregory
20666,Ruth Horrocks
20667,Ruth Livier
20668,Ruth Negga
20669,Ruth Ollman
20670,Ruth Ramos
20671,Ruth Sheen
20672,Ruth Westheimer
20673,Ruth Wilson
20674,Ruthie Ann Miles
20675,Ruthxjiah Bellenea
20676,Rutina Wesley
20677,Ruvin De Silva
20678,Ry'nesia Chambers
20679,Rya Kihlstedt
20680,Ryan Allen
20681,Ryan Aquino
20682,Ryan Barber
20683,Ryan Begay
20684,Ryan Beil
20685,Ryan Blakely
20686,Ryan Boz
20687,Ryan Bruce
20688,Ryan Cargill
20689,Ryan Cartwright
20690,Ryan Cassata
20691,Ryan Clark
20692,Ryan Coogler
20693,Ryan Cooper
20694,Ryan Corr
20695,Ryan Dinning
20696,Ryan Egg
20697,Ryan Eggold
20698,Ryan Findley
20699,Ryan Fletcher
20700,Ryan Gaul
20701,Ryan Good
20702,Ryan Gosl
20703,Ryan Gosling
20704,Ryan Guzman
20705,Ryan Hallahan
20706,Ryan Hansen
20707,Ryan Higa
20708,Ryan Homchick
20709,Ryan Hurst
20710,Ryan Joiner
20711,Ryan Jonze
20712,Ryan Kelley
20713,Ryan Kiera Armstrong
20714,Ryan Knighton
20715,Ryan Koch
20716,Ryan Kwanten
20717,Ryan Lee
20718,Ryan Martin Brown
20719,Ryan Masson
20720,Ryan McDonald
20721,Ryan McKen
20722,Ryan McParland
20723,Ryan McPartlin
20724,Ryan Merriman
20725,Ryan Michelle Bathe
20726,Ryan Music
20727,Ryan Northcott
20728,Ryan O'Nan
20729,Ryan O'Neal
20730,Ryan Oliva
20731,Ryan Phillippe
20732,Ryan Piers Williams
20733,Ryan Pinkston
20734,Ryan Pope
20735,Ryan Potter
20736,Ryan Quinn Adams
20737,Ryan Reynolds
20738,Ryan Shoos
20739,Ryan Simpkins
20740,Ryan Spahn
20741,Ryan Tarran
20742,Ryan Tasker
20743,Ryan Tedder
20744,Ryan Teeple
20745,Ryan Walton
20746,Ryan Wichert
20747,Ryan Zwick
20748,Ryder Allen
20749,Ryder McLaughlin
20750,Rylan Healey
20751,Ryo Ishibashi
20752,Ryo Kase
20753,Ryoko Hirosue
20754,Ryuhei Matsuda
20755,Ryuichi Sakamoto
20756,Ryôta Bandô
20757,Ryôta Katayose
20758,Ryûji Akiyama
20759,Ryûnosuke Kamiki
20760,Régine Delalin
20761,Réka Pelsöczy
20762,Réka Tenki
20763,Rémi Goulet
20764,Rémy Girard
20765,Róisín Murphy
20766,Rúaidhrí Conroy
20767,Rüdiger Klink
20768,Rüdiger Vogler
20769,S
20770,S. Berdichevsky
20771,S. Epatha Merkerson
20772,Sa
20773,Saad Lostan
20774,Saad Siddiqui
20775,Saadia Bentaïeb
20776,Saahil Sehgal
20777,Saara Chaudry
20778,Saba Abashidze
20779,Sabin Tambrea
20780,Sabina Cameron
20781,Sabina Frie
20782,Sabina Gadecki
20783,Sabine Azéma
20784,Sabine Timoteo
20785,Sable Boykin
20786,Sabrina Carpenter
20787,Sabrina De La Hoz
20788,Sabrina Haskett
20789,Sabrina Revelle
20790,Sabrina Seyvecou
20791,Sabu Kawahara
20792,Sacha Baron Co
20793,Sacha Baron Cohen
20794,Sacha Bourdo
20795,Sacha Cordy-Nice
20796,Sacha Dhawan
20797,Sachiko Kojima
20798,Sachin Joab
20799,Sachin Khedekar
20800,Sadaf Asgari
20801,Sade Katarina
20802,Sadia Faiz
20803,Sadia Gordon
20804,Sadie Seelert
20805,Sadie Sink
20806,Sadie Soverall
20807,Sadie Stanley
20808,Sae-byeok Kim
20809,Sae-Byuk Kim
20810,Saeborg
20811,Saeed Dakh
20812,Safar Mohammadi
20813,Saffron Burrows
20814,Sagar Deshpande
20815,Sagar Kadadevarmath
20816,Sage Brocklebank
20817,Sage Correa
20818,Sagi Shemesh
20819,Sahajak Boonthanakit
20820,Sahaphap Tor
20821,Saharsh Kumar Shukla
20822,Saichia Wongwirot
20823,Said Mohamadi
20824,Saida Mansoor
20825,Saige Hawthorne
20826,Saikat Chakrabarti
20827,Sairi Itô
20828,Sakari Kuosmanen
20829,Sakda Niamhom
20830,Saki Ohwada
20831,Sakina Asamori
20832,Sakina Jaffrey
20833,Sakir Uyar
20834,Sakis Rouvas
20835,Sakura Andô
20836,Sakurako Konishi
20837,Sal De Ciccio
20838,Sal López
20839,Sal Masekela
20840,Sala Baker
20841,Salam Magames
20842,Salar Khamseh
20843,Saleh Bakri
20844,Salem Murphy
20845,Salena Qureshi
20846,Salim Dau
20847,Salim Kechiouche
20848,Salim Namour
20849,Salim Torki
20850,Salli Richardson-Whitfield
20851,Sally Erwin
20852,Sally Field
20853,Sally Ha
20854,Sally Hawkins
20855,Sally Hershberger
20856,Sally Rogers
20857,Sally Scott
20858,Salma Dharsee
20859,Salma Hayek
20860,Salvador Dalí
20861,Salvador del Solar
20862,Salvator
20863,Salvatore Abruzzese
20864,Salvatore DiSanto
20865,Salvatore LI Causi
20866,Salvatore Ruocco
20867,Sam
20868,Sam Adewunmi
20869,Sam Anderson
20870,Sam Bompas
20871,Sam Bottoms
20872,Sam Boyd
20873,Sam Claflin
20874,Sam Coleman
20875,Sam Corlett
20876,Sam Cutler
20877,Sam Daly
20878,Sam Dodd
20879,Sam Dugger
20880,Sam EidsonVicky
20881,Sam El
20882,Sam Elliott
20883,Sam Ellis
20884,Sam Gilroy
20885,Sam Gittins
20886,Sam Hargrave
20887,Sam Haze
20888,Sam Hazeldine
20889,Sam Hernandez
20890,Sam Heughan
20891,Sam Hoare
20892,Sam Humphrey
20893,Sam Jaeger
20894,Sam Jules
20895,Sam Kalidi
20896,Sam Kamerman
20897,Sam Keeley
20898,Sam Kula
20899,Sam Lavagnino
20900,Sam Lerner
20901,Sam Louwyck
20902,Sam McCarthy
20903,Sam Medina
20904,Sam Moore
20905,Sam Neill
20906,Sam Page
20907,Sam Pancake
20908,Sam Parks
20909,Sam Reid
20910,Sam Richardson
20911,Sam Riley
20912,Sam Robards
20913,Sam Roberts
20914,Sam Rockwell
20915,Sam Roe
20916,Sam Shepard
20917,Sam Smith
20918,Sam Spruell
20919,Sam Stermer
20920,Sam Straley
20921,Sam Strike
20922,Sam Swainsbury
20923,Sam Tarazandehpo
20924,Sam Trammell
20925,Sam Troughton
20926,Sam Upton
20927,Sam Waterston
20928,Sam White
20929,Sam Worthington
20930,Sama Al-Khateab
20931,Samaire Armstrong
20932,Samantha Barks
20933,Samantha Beaulieu
20934,Samantha Bee
20935,Samantha Berg
20936,Samantha Bond
20937,Samantha Boscarino
20938,Samantha Buck
20939,Samantha Close
20940,Samantha Colburn
20941,Samantha Cole
20942,Samantha Elisofon
20943,Samantha Fuentes
20944,Samantha Gracie
20945,Samantha Isler
20946,Samantha Jo
20947,Samantha LeBretton
20948,Samantha Lemole
20949,Samantha Mathis
20950,Samantha Morton
20951,Samantha Mugatsia
20952,Samantha Power
20953,Samantha Robinson
20954,Samantha Scaffidi
20955,Samantha Weinstein
20956,Samar Qupty
20957,Samara Lee
20958,Samara Weaving
20959,Sameena Jabeen Ahmed
20960,Sameera Asir
20961,Samel Edwards
20962,Samer Bisharat
20963,Sami Bouajila
20964,Sami Gayle
20965,Sami Lati
20966,Samia Muriel Chancrin
20967,Samir Guesmi
20968,Samira Chalhoub
20969,Samira Wiley
20970,Sammi Rotibi
20971,Sammy Nagi Njuguna
20972,Sammy Voit
20973,Samrat Chakrabarti
20974,Samson Coulter
20975,Samuel Ademola
20976,Samuel Bearman
20977,Samuel Bottomley
20978,Samuel Caleb Hunt
20979,Samuel Davis
20980,Samuel E. Wright
20981,Samuel Finzi
20982,Samuel Gauthier
20983,Samuel H. Levine
20984,Samuel Jouy
20985,Samuel Kai Taylor
20986,Samuel Krost
20987,Samuel L. Jackson
20988,Samuel Labarthe
20989,Samuel Larsen
20990,Samuel Le Bihan
20991,Samuel Leakey
20992,Samuel Logan
20993,Samuel Roukin
20994,Samuel Smith
20995,Samuel Summer
20996,Samuel Toledo
20997,Samuel West
20998,Samuel Zeif
20999,Samuli Jaskio
21000,Samy Naceri
21001,Sana Jammelieh
21002,Sana'a Shaik
21003,Sanaa Lathan
21004,Sancho Gracia
21005,Sandeep Singh
21006,Sandi Tan
21007,Sandor Funtek
21008,Sandra Amador
21009,Sandra Beech
21010,Sandra Bullock
21011,Sandra Caldwell
21012,Sandra Corveloni
21013,Sandra Ellis Lafferty
21014,Sandra Hüller
21015,Sandra Landers
21016,Sandra Milo
21017,Sandra Oh
21018,Sandra Personnic-House
21019,Sandra Roberts
21020,Sandra Rosko
21021,Sandra Sade
21022,Sandra Teles
21023,Sandra Zellweger
21024,Sandrine Bonnaire
21025,Sandrine Dumas
21026,Sandrine Holt
21027,Sandrine Kiberlain
21028,Sandro do Nascimento
21029,Sandy Foster
21030,Sandy Givelber
21031,Sandy Gonzales
21032,Sandy Kane
21033,Sandy Martin
21034,Sandy Middleton
21035,Sang Chon
21036,Sang Hyun Lee
21037,Saniyya Sidney
21038,Sanja Buric
21039,Sanjay Gupta
21040,Sanjay Kumar Sonu
21041,Sanjeev Bhaskar
21042,Sanjeev Kohli
21043,Sanni McCandless
21044,Sansei Shiomi
21045,Santana Dempsey
21046,Santiago Cabrera
21047,Santiago Douglas
21048,Santiago Genovés
21049,Santiago Londoño
21050,Santiago Segura
21051,Santiago Veizaga
21052,Santina Muha
21053,Santino Fontana
21054,Santtu Karvonen
21055,Sanurzhan Suleimeniv
21056,Sanya
21057,Saoirse Bertram
21058,Saoirse Ronan
21059,Saoirse-Monica Jackson
21060,Saori Hayami
21061,Sapir Azu
21062,Sara Apostolaki
21063,Sara Casu
21064,Sara Dögg Ásgeirsdóttir
21065,Sara Forestier
21066,Sara Foster
21067,Sara Lazzaro
21068,Sara Luna Zoric
21069,Sara Moore
21070,Sara Paxton
21071,Sara Raftery
21072,Sara Simmonds
21073,Sara Sohn
21074,Sara Sálamo
21075,Sara Takatsuki
21076,Sara Thompson
21077,Sara Visser
21078,Sara Woodyard
21079,Sarada Adhikari
21080,Sarah Adler
21081,Sarah Alimoradi
21082,Sarah Allen
21083,Sarah Anne Williams
21084,Sarah Armstrong
21085,Sarah Arnold
21086,Sarah Ba
21087,Sarah Baker
21088,Sarah Bennani
21089,Sarah Bolger
21090,Sarah Brightman
21091,Sarah Burns
21092,Sarah Carter
21093,Sarah Cat
21094,Sarah Chalke
21095,Sarah Chaney
21096,Sarah Cleveland
21097,Sarah Crowden
21098,Sarah Davenport
21099,Sarah Donna
21100,Sarah Drew
21101,Sarah Dugdale
21102,Sarah Dumont
21103,Sarah Elizabeth Mitchell
21104,Sarah Gadon
21105,Sarah Gillespie
21106,Sarah Goldberg
21107,Sarah Greene
21108,Sarah Hanly
21109,Sarah Hernandez
21110,Sarah Hoffmeister
21111,Sarah Hyland
21112,Sarah Jes Austell
21113,Sarah Jessica Parker
21114,Sarah Jones
21115,Sarah Jurgens
21116,Sarah Kinlen
21117,Sarah Lambie
21118,Sarah Lancashire
21119,Sarah Lawn
21120,Sarah Levesque
21121,Sarah Lind
21122,Sarah Markowitz
21123,Sarah McDaniel
21124,Sarah Megan Thomas
21125,Sarah Mezzanotte
21126,Sarah Mi
21127,Sarah Michelle Gellar
21128,Sarah Minnich
21129,Sarah Niles
21130,Sarah Ovens
21131,Sarah Paulson
21132,Sarah Peirse
21133,Sarah Polley
21134,Sarah Ramos
21135,Sarah Roemer
21136,Sarah Rose Huckman
21137,Sarah Sculco
21138,Sarah Shahi
21139,Sarah Silverman
21140,Sarah Smyth
21141,Sarah Snook
21142,Sarah Solem
21143,Sarah Solemani
21144,Sarah Stiles
21145,Sarah Sutherland
21146,Sarah Swire
21147,Sarah T. Roberts
21148,Sarah Tither-Kaplan
21149,Sarah Vowell
21150,Sarah Wayne Callies
21151,Sarah Weber
21152,Sarah White
21153,Sarah Wilson
21154,Sarah Winter
21155,Sarah Woodward
21156,Sarah Wright
21157,Sarah Wynter
21158,Sarah Yarkin
21159,Sarah-Jane Dias
21160,Sarah-Jane Potts
21161,Sarah-Jeanne Labrosse
21162,Sarah-Megan Allouch-Mainier
21163,Sarah-Sofie Boussnina
21164,Saraya-Jade Bevis
21165,Sarayu Rao
21166,Sareh Bayat
21167,Sareoun Sopheara
21168,Sareum Srey Moch
21169,Sargon Yelda
21170,Sari Lennick
21171,Sarianne Cormier
21172,Sarit Vino-Elad
21173,Sarita Choudhury
21174,Sarm Heng
21175,Sarra Tsorakidis
21176,Sarun Nika
21177,Sarunas Marciulionis
21178,Sarunyu Wongkrachang
21179,Sas Goldberg
21180,Sasan Behroozian
21181,Sascha Nathan
21182,Sascha Radetsky
21183,Sasha
21184,Sasha Alexander
21185,Sasha Barry
21186,Sasha Compère
21187,Sasha Frolova
21188,Sasha Grey
21189,Sasha Knight
21190,Sasha Lane
21191,Sasha Luss
21192,Sasha Petrov
21193,Sasha Pieterse
21194,Sasha Rossof
21195,Sasha Samar
21196,Sasha Spencer
21197,Sasheer Zamata
21198,Saskia Burmeister
21199,Saskia Larsen
21200,Saskia Mulder
21201,Saskia Paige Martin
21202,Saskia Rosendahl
21203,Sasson Gabai
21204,Satchel Eden Bell
21205,Satish Kaushik
21206,Satoko Abe
21207,Satoshi Hino
21208,Satoshi Mizuno
21209,Satya Dusaugey
21210,Saul Friedländer
21211,Saul Rubinek
21212,Saul Stein
21213,Saul Stermer
21214,Saul Williams
21215,Savas Beyazgül
21216,Savion Glover
21217,Savira Windyani
21218,Savitri Salant
21219,Savonna Spracklin
21220,Sawandi Wilson
21221,Sawyer Barth
21222,Sawyer Jones
21223,Sawyer Spielberg
21224,Saxon Sharbino
21225,Saycon Sengbloh
21226,Sayed Badreya
21227,Sayed Muqaddas-Saies
21228,Sayyid El Alami
21229,Saïd Taghmaoui
21230,Scali Delpeyrat
21231,Scar
21232,Scarlet Rivera
21233,Scarlett Estevez
21234,Scarlett Hicks
21235,Scarlett Johansson
21236,Scarlett Lindsey
21237,Schelaine Bennett
21238,Schuyler Fisk
21239,Scoot McNairy
21240,Scooter Braun
21241,Scott 'Carrot Top' Thompson
21242,Scott Adkins
21243,Scott Adsit
21244,Scott Andrew
21245,Scott Andrews
21246,Scott Anthony Leet
21247,Scott Anton
21248,Scott Arthur
21249,Scott Baio
21250,Scott Bakula
21251,Scott Broderick
21252,Scott Caan
21253,Scott Cleland
21254,Scott Cohen
21255,Scott Coker
21256,Scott Cotter
21257,Scott Crane
21258,Scott Crouch
21259,Scott Crow
21260,Scott D. Altman
21261,Scott Denny
21262,Scott Devendorf
21263,Scott E. Noble
21264,Scott Eastwood
21265,Scott Evans
21266,Scott Folan
21267,Scott Friend
21268,Scott Glenn
21269,Scott Gurney
21270,Scott Haze
21271,Scott Horton
21272,Scott Johnson
21273,Scott Krinsky
21274,Scott Lawrence
21275,Scott Levin
21276,Scott Lunsford
21277,Scott MacArthur
21278,Scott MacDonald
21279,Scott Manley
21280,Scott McMillion
21281,Scott McNeil
21282,Scott Mechlowicz
21283,Scott Menville
21284,Scott Mescudi
21285,Scott Murray
21286,Scott Narver
21287,Scott Patterson
21288,Scott Peat
21289,Scott Porter
21290,Scott Poythress
21291,Scott Prendergast
21292,Scott Reed
21293,Scott Rodgers
21294,Scott Shepherd
21295,Scott Speedman
21296,Scott Wilson
21297,Scottie DiGiacomo
21298,Scottie Thompson
21299,Scotty Bowers
21300,Scotty Murray
21301,Scout Smith
21302,Scout Taylor-Compton
21303,Scroobius Pip
21304,Seamus
21305,Seamus Davey-Fitzpatrick
21306,Seamus O'Neill
21307,Seamus Patterson
21308,Sean 'P. Diddy' Combs
21309,Sean A. Rosales
21310,Sean Astin
21311,Sean Bannon
21312,Sean Bean
21313,Sean Biggerstaff
21314,Sean Blakemore
21315,Sean Bridgers
21316,Sean Cameron Michael
21317,Sean Connery
21318,Sean Connor
21319,Sean Delaney
21320,Sean Duggan
21321,Sean Faris
21322,Sean Gilder
21323,Sean Gourley
21324,Sean Gunn
21325,Sean Harris
21326,Sean Hayes
21327,Sean Huze
21328,Sean J. Young
21329,Sean Jones
21330,Sean Keenan
21331,Sean Liang
21332,Sean Maguire
21333,Sean Mahon
21334,Sean Marquette
21335,Sean McNamara
21336,Sean Meehan
21337,Sean Mongoza
21338,Sean O'Bryan
21339,Sean Patrick Dolan
21340,Sean Patrick Flanery
21341,Sean Patrick Thomas
21342,Sean Pen
21343,Sean Penn
21344,Sean Pertwee
21345,Sean Ringgold
21346,Sean Sagar
21347,Sean Sisson
21348,Sean Sullivan
21349,Sean Whitaker
21350,Sean Wright
21351,Sean Young
21352,Seani Love
21353,Seann William S
21354,Seann William Scott
21355,Sebastian Armesto
21356,Sebastian Blomberg
21357,Sebastian Chacon
21358,Sebastian De Souza
21359,Sebastian Hülk
21360,Sebastian Jessen
21361,Sebastian Koch
21362,Sebastian Maniscalco
21363,Sebastian Pigott
21364,Sebastian Roché
21365,Sebastian Sozzi
21366,Sebastian Stan
21367,Sebastian Telfair
21368,Sebastian Urzendowsky
21369,Sebastián Ayala
21370,Sebastián Cano
21371,Sebastián Silva
21372,Sebelethu Bonkolo
21373,Sebestien Soliz
21374,Seema Biswas
21375,Seetharaman Krishna
21376,Sei Hiraizumi
21377,Seidi Haarla
21378,Seiko Matsuda
21379,Seiko Niizuma
21380,Seishû Uragami
21381,Seiyô Uchino
21382,Sela Ward
21383,Selah Kimbro Jones
21384,Selah Victor
21385,Selena Anduze
21386,Selena Gomez
21387,Selene Luna
21388,Selina Griffiths
21389,Selina Lo
21390,Selma Björnsdóttir
21391,Selma Blair
21392,Selva Kasilingam
21393,Selva Rasalingam
21394,Sena Nakajima
21395,Senan Jennings
21396,Sendhil Ramamurthy
21397,Senie Priti
21398,Sennia Nanua
21399,Seno Sever
21400,Seo Joon Park
21401,Seo-Hyeon Ahn
21402,Seo-hyeong Kim
21403,Seon-gyun Lee
21404,Seon-mi Song
21405,Seong-kun Mun
21406,Sepideh Moafi
21407,September D'Angelo
21408,Ser Anzoategui
21409,Ser'Darius Blain
21410,Ser'Darius William
21411,Ser'Darius William Blain
21412,Serafin Mishiev
21413,Serban Lazarovici
21414,Serban Pavlu
21415,Serena Barone
21416,Serena Laney
21417,Serena Scott Thomas
21418,Serenity Reig
21419,Serge Bozon
21420,Serge Gainsbourg
21421,Serge Hazanavicius
21422,Serge Holvoet
21423,Serge Houde
21424,Serge Klarsfeld
21425,Sergei Borisov
21426,Sergei Erlish
21427,Sergei Kolesov
21428,Sergei Makovetsky
21429,Sergei Polunin
21430,Sergej Moya
21431,Sergey Bondarchuk
21432,Sergey Garmash
21433,Sergi López
21434,Sergio
21435,Sergio Castellitto
21436,Sergio Cilli
21437,Sergio Coen
21438,Sergio Di Zio
21439,Sergio Díaz
21440,Sergio Hern
21441,Sergio Luna
21442,Sergio Peris-Mencheta
21443,Sergiy Komishon
21444,Sergiy Livitsky
21445,Serkan Keskin
21446,Servane Zanotti
21447,Set Sjöstr
21448,Seth Baker
21449,Seth Barrish
21450,Seth Carr
21451,Seth Crossno
21452,Seth Gilliam
21453,Seth Green
21454,Seth MacFarlane
21455,Seth Roge
21456,Seth Rogen
21457,Seu Jorge
21458,Seumas F. Sargent
21459,Seung-ho Choi
21460,Seung-ho Yu
21461,Seung-su Ryu
21462,Seung-woo Cho
21463,Seung-yeon Lee
21464,Seung-Yun Lee
21465,Sewell Whitney
21466,Sey
21467,Seyfolah Samadian
21468,Seylan Baxter
21469,Seymour Cassel
21470,Seyneb Saleh
21471,Seán Cullen
21472,Seána Kerslake
21473,Sha
21474,Shadaan Felfeli
21475,Shaden Kanboura
21476,Shae D'Lyn
21477,Shafi Alharthy
21478,Shaghayegh Shoorian
21479,Shahadi Wright Joseph
21480,Shaheem Sanchez
21481,Shahi Jila
21482,Shahid Ahmed
21483,Shahira Fahmy
21484,Shahkrit Yamnarm
21485,Shahrukh Khan
21486,Shai Fredo
21487,Shailene Woodley
21488,Shaista Latif
21489,Shakira Ja'nai Paye
21490,Shakira Rahman
21491,Shalini Vatsa
21492,Shalynne Figueredo
21493,Shamaine Buencamino
21494,Shameem Ahmad
21495,Shameik Moore
21496,Shamier Anderson
21497,Shamila Shirzad
21498,Shana Hart
21499,Shane
21500,Shane Attwooll
21501,Shane Berengue
21502,Shane Brady
21503,Shane Brolly
21504,Shane Carpenter
21505,Shane Carruth
21506,Shane Daly
21507,Shane Dawson
21508,Shane Donovan Lewis
21509,Shane Edelman
21510,Shane Fistell
21511,Shane Ghost Keeper
21512,Shane MacGowan
21513,Shane McRae
21514,Shane O'Brien
21515,Shane Paul McGhie
21516,Shane Taylor
21517,Shane West
21518,Shaneigha-Monik Greyson
21519,Shanessa Sweeney
21520,Shang-Ho Huang
21521,Shangqing Su
21522,Shani Aviv
21523,Shani Klein
21524,Shania Twain
21525,Shanice Banton
21526,Shanina Shaik
21527,Shaniqua Okwok
21528,Shanley Caswell
21529,Shanna Collins
21530,Shanno
21531,Shannon Beer
21532,Shannon Chan-Kent
21533,Shannon Elizabeth
21534,Shannon Esper
21535,Shannon Hoon
21536,Shannon Maree Walsh
21537,Shannon McCormick
21538,Shannon McKain
21539,Shannon Patricia O'Neill
21540,Shannon Purser
21541,Shannon Sharpe
21542,Shannon Tarbet
21543,Shannon Whisnant
21544,Shannon Woodward
21545,Shannyn Sossamon
21546,Shanti Roney
21547,Shantiel Alexis Vazquez
21548,Shantol Jackson
21549,Shanyn Leigh
21550,Shao-Huai Chang
21551,Shaofeng Feng
21552,Shapour Bakhtiar
21553,Shaquille O'Neal
21554,Sharae Foxie
21555,Shareeka Epps
21556,Shari Headley
21557,Shari Sebbens
21558,Shari Springer Berman
21559,Sharice Davids
21560,Shariff Earp
21561,Sharleen Temple
21562,Sharlto Copley
21563,Sharni Vinson
21564,Sharon
21565,Sharon Anne Henderson
21566,Sharon Bajer
21567,Sharon Blackwood
21568,Sharon Crandall
21569,Sharon Duncan-Brewster
21570,Sharon Horgan
21571,Sharon Lawrence
21572,Sharon Leal
21573,Sharon Morris
21574,Sharon Percy
21575,Sharon Rooney
21576,Sharon Rose
21577,Sharon Stone
21578,Sharon Washington
21579,Sharron Frontiero
21580,Shashawnee Hall
21581,Shaughn Buchholz
21582,Shaul Amir
21583,Shaun Angeles Penange
21584,Shaun Benson
21585,Shaun Brown
21586,Shaun Dingwall
21587,Shaun Dooley
21588,Shaun Evans
21589,Shaun Fleming
21590,Shaun Parkes
21591,Shaun Thomas
21592,Shaun Toub
21593,Shaun W. Loeser
21594,Shaun White
21595,Shauna Johannesen
21596,Shauna MacDonald
21597,Shauna Mizula
21598,Shaunette Renée Wilson
21599,Shavidee Trotter
21600,Shaw Jones
21601,Shawn
21602,Shawn Ashmore
21603,Shawn Christensen
21604,Shawn Contois
21605,Shawn Dou
21606,Shawn Farmer
21607,Shawn Hatosy
21608,Shawn Hopseker
21609,Shawn M. Essler
21610,Shawn McBride
21611,Shawn Roberts
21612,Shawn Wayans
21613,Shawna Hamic
21614,Shawnea Rosser
21615,Shawnee Smith
21616,Shay Guthrie
21617,Shay Walker
21618,Shaye Ogbonna
21619,Shayesteh Irani
21620,Shayesteh Sajadi
21621,Shayla Allen
21622,Shayna McHayle
21623,Shazad Latif
21624,Shazi Raja
21625,Shea Buckner
21626,Shea Whigham
21627,Sheaun McKinney
21628,Sheeba Chaddha
21629,Sheen Gener
21630,Sheena Kamal
21631,Sheenan Cole
21632,Sheetal Sheth
21633,Shehab Ibrahim
21634,Shei
21635,Sheila Atim
21636,Sheila Dunkerley
21637,Sheila Hancock
21638,Sheila Kelley
21639,Sheila McCarthy
21640,Sheila Munyiva
21641,Sheila Shah
21642,Sheila Vand
21643,Shelby Dash
21644,Shelby Duclos
21645,Shelby Fero
21646,Shelby Simm
21647,Shelby Welinder
21648,Shelby Wulfert
21649,Sheldon Harnick
21650,Sheldon Shepherd
21651,Sheldon Whitehouse
21652,Shelean Newman
21653,Shelley Calene-Black
21654,Shelley Hennig
21655,Shelley Regner
21656,Shelley Waggener
21657,Shelley Wanger
21658,Shelley Winters
21659,Shelly Lipkin
21660,Shelton Shakespear Alexander
21661,Shemar Moore
21662,Shenell Edmonds
21663,Shengyi Huang
21664,Shep Gordon
21665,Shepard Fairey
21666,Sheri
21667,Sheri Fairchild
21668,Sheri Foster
21669,Sheri Moon Zombie
21670,Sherri
21671,Sherri Shepherd
21672,Sherrilyn Ifill
21673,Sherrod Brown
21674,Sherry Cola
21675,Sherwan Haji
21676,Sheryl Le
21677,Sheryl Sims-Daniels
21678,Shetu Musah
21679,Sheyi Cole
21680,Shi Bin Yang
21681,Shia LaBeouf
21682,Shiang-chyi Chen
21683,Shido Nakamura
21684,Shigeru Ushiyama
21685,Shiloh Fernandez
21686,Shiloh Verrico
21687,Shimon Peres
21688,Shin'ichi Shinohara
21689,Shin'ichi Tsutsumi
21690,Shin'nosuke Mitsushima
21691,Shinelle Azoroh
21692,Shing-Cheung Lee
21693,Shinichirô Miki
21694,Shinobu Terajima
21695,Shinobu Ôtake
21696,Shintaro Asanuma
21697,Shinya Tsukamoto
21698,Shiori Kutsuna
21699,Shira Haas
21700,Shira Scott
21701,Shirelle Mai-Yvart
21702,Shiri Appleby
21703,Shirley Ashman
21704,Shirley Binder
21705,Shirley Chen
21706,Shirley Chisholm
21707,Shirley Dej
21708,Shirley Henderson
21709,Shirley Jones
21710,Shirley MacLaine
21711,Shishir Sharma
21712,Shiva Negar
21713,Shivantha Wijesinha
21714,Shiyuan Deng
21715,Shlomi Ben Attar
21716,Shlomo Bar-Aba
21717,Shlomo Sadan
21718,Shobna Gulati
21719,Shogen
21720,Shohreh Aghdashloo
21721,Shomari Downer
21722,Shoniqua Shandai
21723,Shoshana Sperling
21724,Shoshana Zuboff
21725,Shouma Kai
21726,Shourav Dasari
21727,Show Luo
21728,Shree Crooks
21729,Shu-hui Liang
21730,Shubham Saraf
21731,Shulamit Adar
21732,Shulan Pan
21733,Shuler Hensley
21734,Shuli Rand
21735,Shun Oguri
21736,Shunori Ramanathan
21737,Shuya Chang
21738,Shuya Sophia Cai
21739,Shuzhen Zhou
21740,Shyamkali Devi
21741,Shynika Jakes
21742,Shyrley Rodriguez
21743,Shystie
21744,Shô Aikawa
21745,Shôhei Hino
21746,Shôta Iida
21747,Shôta Shimoda
21748,Shôta Sometani
21749,Shûgo Oshinari
21750,Si
21751,Sia
21752,Siale Tunoka
21753,Siam Yu
21754,Sian Breckin
21755,Sian Brooke
21756,Sian Clifford
21757,Sian Thomas
21758,Sian Webber
21759,Sibabalwe Ngqayana
21760,Sibel Kekilli
21761,Sibo Mlambo
21762,Sibylla Deen
21763,Sibylle Brunner
21764,Sid Haig
21765,Sid Lucero
21766,Siddharth Dhananjay
21767,Sidhu Manpreet
21768,Sidnei Barboza
21769,Sidney Cole
21770,Sidney Fullmer
21771,Sidney Offit
21772,Sidse Babett Knudsen
21773,Siegfried Rosenau
21774,Sienna Guillory
21775,Sienna Miller
21776,Sierra Boggess
21777,Sierra Fisk
21778,Sierra McCormick
21779,Siew Feng Choo
21780,Siggi Holm
21781,Sigourney Weaver
21782,Sigrid Bouaziz
21783,Sigrid Högberg
21784,Sigrídur Sigurpálsdóttir Scheving
21785,Sigurður Elvar Viðarson
21786,Sigurður Hjartarson
21787,Sigurður Sigurjónsson
21788,Sigurður Skúlason
21789,Sigve Bøe
21790,Sihan Cheng
21791,Siir Eloglu
21792,Sila Agavale
21793,Silas Carson
21794,Silas Monyatse
21795,Silas Pereira-Olson
21796,Silja Esmår Dannemann
21797,Silke
21798,Silkie Carlo
21799,Silva Filmer
21800,Silvero Pereira
21801,Silvi Alcivar
21802,Silvi Alzetta-Reali
21803,Silvia Busuioc
21804,Silvia Federici
21805,Silvian Vâlcu
21806,Silvie Furneaux
21807,Sima Dodyk
21808,Sima Fisher
21809,Sima Mobarak-Shahi
21810,Simo
21811,Simon Abkarian
21812,Simon Atherton
21813,Simon Baker
21814,Simon Bennebjerg
21815,Simon Bird
21816,Simon Bisschop
21817,Simon Bourgade
21818,Simon Callow
21819,Simon Carmel
21820,Simon Caudry
21821,Simon Chandler
21822,Simon Chin
21823,Simon Chinn
21824,Simon Day
21825,Simon Delaney
21826,Simon Dutton
21827,Simon Fitzmaurice
21828,Simon Greenall
21829,Simon Guélat
21830,Simon Johnson
21831,Simon Kunz
21832,Simon Licht
21833,Simon Lyndon
21834,Simon Manyonda
21835,Simon McBurney
21836,Simon Mead
21837,Simon Morzé
21838,Simon North
21839,Simon Northwood
21840,Simon Pegg
21841,Simon Rex
21842,Simon Rhee
21843,Simon Russell Beale
21844,Simon Schaffer
21845,Simon Sears
21846,Simon Shepherd
21847,Simon Stone
21848,Simon van der Borgh
21849,Simon Williams
21850,Simon Yam
21851,Simon Yates
21852,Simon Yin
21853,Simona Bitmate
21854,Simona Ghita
21855,Simona Malato
21856,Simone Annan
21857,Simone Baker
21858,Simone Bucio
21859,Simone Colling
21860,Simone Kirb
21861,Simone Kirby
21862,Simone Landers
21863,Simone Levin
21864,Simone Missick
21865,Simone Monasebian
21866,Simone-Élise Girard
21867,Simply Phillip Brown
21868,Simu Liu
21869,Simón Andreu
21870,Sinama Alievi
21871,Sinead Cusack
21872,Sinead Matthews
21873,Sinead Phelps
21874,Sinikka Mokkila
21875,Sinitta Boonyasak
21876,Sinqua Walls
21877,Siobhan Burton
21878,Siobhan Fallon
21879,Siobhan Hodg
21880,Siobhan Kelly
21881,Siobhan MacGowan
21882,Siobhan Redmond
21883,Siobhan Reilly
21884,Siobhan Williams
21885,Sion Alun Davies
21886,Siphiwe Nzima-Ntskhe
21887,Siphosethu Ngcetane
21888,Siri Hjorton Wagner
21889,Sisi Stringer
21890,Sissy Spacek
21891,Sistine Rose Stallone
21892,Sitara Attaie
21893,Sitthiphon Disamoe
21894,Siu-Fai Cheung
21895,Siu-Wong Fan
21896,Sivan Mast
21897,Sivane Kretchner
21898,Siyaa Patil
21899,Siyu Lu
21900,Siân Phillips
21901,Sjur Vatne Brean
21902,Skandar Keynes
21903,Skeet Ul
21904,Skeeta Jenkins
21905,Ski Carr
21906,Skip Bayless
21907,Skipp Sudduth
21908,Skurte
21909,Sky Elobar
21910,Sky Ferreira
21911,Skye Lourie
21912,Skye Sammarchi
21913,Skylan Brooks
21914,Skylar Astin
21915,Skylar Gra
21916,Skylar Marshall
21917,Skylar Radzion
21918,Skyler Gisondo
21919,Skyler Shaye
21920,Skyler Verity
21921,Slash
21922,Slavic Rogozine
21923,Slavisa Curovic
21924,Slavko Sobin
21925,Slick Woods
21926,Slim
21927,Slimane Dazi
21928,Sly & Robbie
21929,Smadar Sayar
21930,Smile Kiddy
21931,Sneider Castro
21932,Snoop Dogg
21933,So
21934,So-dam Park
21935,So-ri Moon
21936,Sodienye Ojewuyi
21937,Sof
21938,Sofia Banzhaf
21939,Sofia Black-D'Elia
21940,Sofia Boutella
21941,Sofia Buenaventura
21942,Sofia Carson
21943,Sofia Coppola
21944,Sofia Gonzalez
21945,Sofia Hasmik
21946,Sofia Karemyr
21947,Sofia Mali
21948,Sofia Milos
21949,Sofia Nicolaescu
21950,Sofia Rania
21951,Sofia Rosinsky
21952,Sofia Vassilieva
21953,Sofian Khammes
21954,Sofie Gråbøl
21955,Sofie Hamilton
21956,Sofía Espinosa
21957,Sofía Vergara
21958,Sohrab Mir-Safiullah
21959,Soko
21960,Sol M
21961,Sol Rodriguez
21962,Soledad St. Hilaire
21963,Soledad Villamil
21964,Soleil Moon Frye
21965,Soliman Cruz
21966,Solo
21967,Solomon Burke
21968,Solomon Glave
21969,Soma Bhatia
21970,Soma Saito
21971,Somi De Souza
21972,Somlock Kamsing
21973,Sonali Kulkarni
21974,Sondra James
21975,Sonequa Martin
21976,Sonia Acevedo
21977,Sonia Albizuri
21978,Sonia Couoh
21979,Sonia Dhillon Tully
21980,Sonia Dodyk
21981,Sonia Franco
21982,Sonia Goswami
21983,Sonia Maria
21984,Sonia Pressman Fuentes
21985,Sonia Suhl
21986,Sonia Warshawski
21987,Sonia Yuan
21988,Sonja Richter
21989,Sonja Sohn
21990,Sonny Bhatt
21991,Sonny Sison
21992,Sonny Surowiec
21993,Sonoya Mizuno
21994,Sonya Balmores
21995,Sonya Harum
21996,Sonya Leslie
21997,Sonya Leslie-Shepherd
21998,Sonya Walger
21999,Soo Go
22000,Soo-hyun Kim
22001,Soo-Jeong Lee
22002,Soo-Kyung Kim
22003,Sook-Yin Lee
22004,Sop
22005,Sope Dirisu
22006,Sophia Ally
22007,Sophia Bernard
22008,Sophia Brown
22009,Sophia Bush
22010,Sophia Di Martino
22011,Sophia DiStefano
22012,Sophia Elisabeth
22013,Sophia Emberson-Bain
22014,Sophia Hammons
22015,Sophia La Porta
22016,Sophia Lillis
22017,Sophia Loren
22018,Sophia Mitri Schloss
22019,Sophia Myles
22020,Sophia Siddique Harvey
22021,Sophia Tay
22022,Sophia Taylor Ali
22023,Sophia Tuckey
22024,Sophia Voines
22025,Sophia Webster
22026,Sophie Cattani
22027,Sophie Colquhoun
22028,Sophie Cookson
22029,Sophie Curtis
22030,Sophie Dix
22031,Sophie Faucher
22032,Sophie Howel
22033,Sophie Letourneur
22034,Sophie Lowe
22035,Sophie Marceau
22036,Sophie McShera
22037,Sophie Nélisse
22038,Sophie Okonedo
22039,Sophie Payan
22040,Sophie Pincemaille
22041,Sophie Reid
22042,Sophie Rois
22043,Sophie Rundle
22044,Sophie Skelton
22045,Sophie Thatcher
22046,Sophie Traub
22047,Sophie Turner
22048,Sora Wakaki
22049,Soran Ebrahim
22050,Sorapong Chatree
22051,Soraya Santiango Solla
22052,Sorcha Fox
22053,Sorin Dobrin
22054,Sorin Medeleni
22055,Sosie Bacon
22056,Souad Faress
22057,Souheila Yacoub
22058,Souleymane Sy Savane
22059,Sourav Kumar
22060,Space Invader
22061,Specialist
22062,Spencer Bog
22063,Spencer Breslin
22064,Spencer Brown
22065,Spencer Garrett
22066,Spencer House
22067,Spencer Howes
22068,Spencer List
22069,Spencer Locke
22070,Spencer Lofranco
22071,Spencer Squire
22072,Spencer Stone
22073,Spencer Zender
22074,Spenser Granese
22075,Spike Jonze
22076,Spike Lee
22077,Spike Milligan
22078,Spike White
22079,Spoken Reasons
22080,Srinivas Ayyagari
22081,Srna Vasiljevic
22082,St
22083,St. Vincent
22084,Stacee Vatanapan
22085,Stacey Abrams
22086,Stacey Alyse Cohen
22087,Stacey Arwen Raab
22088,Stacey Hinnen
22089,Stacey Miller
22090,Stacey Sargeant
22091,Stacey Smith
22092,Stacha Hicks
22093,Stacie Gagnon
22094,Stacy Keach
22095,Stacy Martin
22096,Stacy Peralta
22097,Stafford Douglas
22098,Stan Carp
22099,Stan Demidoff
22100,Stan Lee
22101,Stana Katic
22102,Stanislav Bilyi
22103,Stanley Crouch
22104,Stanley Glogover
22105,Stanley Hamlin
22106,Stanley Sui-Fan Fung
22107,Stanley Townsend
22108,Stanley Tucci
22109,Stanley Weber
22110,Star Slade
22111,Stav Strashko
22112,Stavros Psyllakis
22113,Ste
22114,Stefaan Degand
22115,Stefan Dermendjiev
22116,Stefan Edlis
22117,Stefan Kapicic
22118,Stefan Konarske
22119,Stefan Simchowitz
22120,Stefania Owen
22121,Stefania Spampinato
22122,Stefanie Martini
22123,Stefanie Powers
22124,Stefanie Scott
22125,Stefanie Sherk
22126,Stefanie von Pfetten
22127,Stefaniy
22128,Stefano Dionisi
22129,Steffan Argus
22130,Steffan Cennydd
22131,Steffan Rhodri
22132,Steffen Jung
22133,Steffen Scheumann
22134,Steinar Klouman Hallert
22135,Steinþór Hróar Steinþórsson
22136,Stelio Savante
22137,Stelios Yiakmis
22138,Stella Cooper
22139,Stella Malucchi
22140,Stella Mastrantonio
22141,Stella Maxwell
22142,Stella McCusker
22143,Stella McGirl
22144,Stella Oyoko Bengtsson
22145,Stella Paris
22146,Stella Schnabel
22147,Stella Zázvorková
22148,Stellan Skarsgård
22149,Sten Ljunggren
22150,Steph
22151,Steph DuVall
22152,Stephan James
22153,Stephan Pastis
22154,Stephane Garneau
22155,Stephane Nico
22156,Stephani
22157,Stephanie
22158,Stephanie Allain
22159,Stephanie Allynne
22160,Stephanie Andujar
22161,Stephanie Arcila
22162,Stephanie Atkinson
22163,Stephanie Beatriz
22164,Stephanie Belding
22165,Stephanie Bennett
22166,Stephanie Cayo
22167,Stephanie Cookie Carson
22168,Stephanie Czajkowski
22169,Stephanie Ellis
22170,Stephanie Erb
22171,Stephanie Honore
22172,Stephanie Hyam
22173,Stephanie Kurtzuba
22174,Stephanie Leigh Schlund
22175,Stephanie Leonidas
22176,Stephanie Lynn Wilson
22177,Stephanie March
22178,Stephanie McIntyre
22179,Stephanie Moore
22180,Stephanie Moroz
22181,Stephanie Ng Wan
22182,Stephanie Nogueras
22183,Stephanie Schonfield
22184,Stephanie Sheh
22185,Stephanie Sigman
22186,Stephanie Stremler
22187,Stephanie Styles
22188,Stephanie Sy
22189,Stephanie Szostak
22190,Stephanie Vogt
22191,Stephannie Hawkins
22192,Stephen
22193,Stephen Adly Guirgis
22194,Stephen Baldwin
22195,Stephen Barker Turner
22196,Stephen Barrington
22197,Stephen Basilone
22198,Stephen Bishop
22199,Stephen Blackehart
22200,Stephen Bogaert
22201,Stephen Bogardus
22202,Stephen Boss
22203,Stephen Boxer
22204,Stephen Buhagiar
22205,Stephen C
22206,Stephen Campbell Moore
22207,Stephen Cavalieri
22208,Stephen Chang
22209,Stephen Chow
22210,Stephen Colbert
22211,Stephen Conrad Moore
22212,Stephen Conroy
22213,Stephen Curry
22214,Stephen D'Ambrose
22215,Stephen Dillane
22216,Stephen Dinh
22217,Stephen Dorff
22218,Stephen Farrelly
22219,Stephen Fewell
22220,Stephen Fielding
22221,Stephen Fry
22222,Stephen Graham
22223,Stephen Grenley
22224,Stephen Gurewitz
22225,Stephen Hawking
22226,Stephen Henderson
22227,Stephen Hogan
22228,Stephen Hunter
22229,Stephen Huszar
22230,Stephen K. Bannon
22231,Stephen Kinzer
22232,Stephen Koch
22233,Stephen Koepfer
22234,Stephen Kunken
22235,Stephen Lang
22236,Stephen Lord
22237,Stephen Lush
22238,Stephen Mangan
22239,Stephen McCole
22240,Stephen McHattie
22241,Stephen Merchant
22242,Stephen Moyer
22243,Stephen Nelson
22244,Stephen Odubola
22245,Stephen Oyoung
22246,Stephen Peacocke
22247,Stephen Plunkett
22248,Stephen Rea
22249,Stephen Rohde
22250,Stephen Root
22251,Stephen Ruffin
22252,Stephen Schnetzer
22253,Stephen Spinella
22254,Stephen Stevo Jones
22255,Stephen Stills
22256,Stephen Thompson
22257,Stephen Tobolowsky
22258,Stephen Tower
22259,Stephen Tyler
22260,Stephen Wight
22261,Stephen Worrall
22262,Stephi Chin-Salvo
22263,Stephnie Weir
22264,Stephon Fuller
22265,Stephy Qi
22266,Sterlin English
22267,Sterling Beaumon
22268,Sterling K. Brown
22269,Sterling Magee
22270,Sterling Morrison
22271,Steve 'Lips' Kudlow
22272,Steve Agee
22273,Steve Alderfer
22274,Steve Allen
22275,Steve Austin
22276,Steve Bacic
22277,Steve Bann
22278,Steve Bannon
22279,Steve Bastoni
22280,Steve Bauer
22281,Steve Berg
22282,Steve Bisley
22283,Steve Blum
22284,Steve Buscemi
22285,Steve Byers
22286,Steve Car
22287,Steve Carell
22288,Steve Coogan
22289,Steve Corona
22290,Steve Cortes
22291,Steve Coulter
22292,Steve Ecclesine
22293,Steve Furst
22294,Steve Garti
22295,Steve Gleason
22296,Steve Gutierrez
22297,Steve Guttenberg
22298,Steve Harris
22299,Steve Harvey
22300,Steve Heinz
22301,Steve Hillman
22302,Steve Howard
22303,Steve Howe
22304,Steve Huffines
22305,Steve Inwood
22306,Steve Irwin
22307,Steve Iwamoto
22308,Steve Jaffe
22309,Steve James
22310,Steve Jones
22311,Steve Lemme
22312,Steve Little
22313,Steve Martin
22314,Steve Monroe
22315,Steve Musselman
22316,Steve Oedekerk
22317,Steve Oram
22318,Steve Pacaud
22319,Steve Park
22320,Steve Piper
22321,Steve Rodgers
22322,Steve Rubell
22323,Steve Sandvoss
22324,Steve Schirripa
22325,Steve Terada
22326,Steve Tientcheu
22327,Steve Toussaint
22328,Steve Turner
22329,Steve Van Zandt
22330,Steve Vinovich
22331,Steve Wall
22332,Steve Whitmire
22333,Steve Wiebe
22334,Steve Wolski
22335,Steve Young
22336,Steve Zahn
22337,Steve Zissis
22338,Steve-O
22339,Steven Allerick
22340,Steven Berrebi
22341,Steven Bono Jr.
22342,Steven Brand
22343,Steven Chester Prince
22344,Steven Corkin
22345,Steven Cree
22346,Steven Elder
22347,Steven Hall
22348,Steven Hauck
22349,Steven Mackintosh
22350,Steven Manning
22351,Steven Martini
22352,Steven McCarthy
22353,Steven Mic
22354,Steven Ogg
22355,Steven Pacey
22356,Steven Page
22357,Steven Pasquale
22358,Steven Randazzo
22359,Steven Roberts
22360,Steven Robertson
22361,Steven Seagal
22362,Steven Strait
22363,Steven Tyler
22364,Steven Waddington
22365,Steven Warshaw
22366,Steven Weber
22367,Steven Williams
22368,Steven Wright
22369,Steven Yeun
22370,Stevie Lynn Jones
22371,Stevie Nelson
22372,Stevie Ray Dallimore
22373,Stevie Wonder
22374,Stewart Alexande
22375,Stewart Alexander
22376,Stewart Arnott
22377,Stewart Copeland
22378,Stewart Scudamore
22379,Sticky Fingaz
22380,Stig Björkman
22381,Stig Frode Henriksen
22382,Stig Hoffmeyer
22383,Stig R. Amdam
22384,Stine Gyldenkerne
22385,Sting
22386,Stipe Erceg
22387,Stivi Paskoski
22388,Stockard Channing
22389,Stonehorse Lone Goeman
22390,Storm Reid
22391,Stormi Maya
22392,Stu Cookson
22393,Stu De Haan
22394,Stu Kirk
22395,Stuart Chambers
22396,Stuart F. Wilson
22397,Stuart Graham
22398,Stuart Hall
22399,Stuart Manashil
22400,Stuart Martin
22401,Stuart Rudin
22402,Stuart Townsend
22403,Sturgill Simpson
22404,Stéphan Wojtowicz
22405,Stéphane Auberghen
22406,Stéphane Bissot
22407,Stéphane Ferrara
22408,Stéphane Freiss
22409,Stéphane Jobert
22410,Stéphane Rideau
22411,Stéphane Robles
22412,Stéphane Roger
22413,Stéphane Rousseau
22414,Stéphane Varupenne
22415,Stéphanie Cléau
22416,Stéphanie Van Vyve
22417,Stéphanye Dussud
22418,Su-hee Go
22419,Sudha Bhuchar
22420,Sue-Lynn Ansari
22421,Suehyla El-Attar
22422,SuEllen Fried
22423,Sufe Bradshaw
22424,Sugar
22425,Sugar Lyn Beard
22426,Sugith Varughese
22427,Sugizo
22428,Suhail Nayyar
22429,Suhasini Mulay
22430,Suin Zhi Hua-Hilton
22431,Suk-ho Shin
22432,Suk-kyu Han
22433,Suki Waterhouse
22434,Sukiyabashi Ono
22435,Sule Rimi
22436,Suleka Mathew
22437,Sulieman Khatib
22438,Sullivan Jones
22439,Sullivan Stapleton
22440,Sultan Islamov
22441,Sumaila Issah
22442,Sumi Malla
22443,Sumi Shimamoto
22444,Sumiko Fuji
22445,Sumit Mehta
22446,Sumitra Bhave
22447,Summer Bishil
22448,Summer H. Howell
22449,Summer Jenkins
22450,Summer Lenton
22451,Summer Phoenix
22452,Sumrit Warin
22453,Sun-yeong Ahn
22454,Suneeta Prajapati
22455,Sung Kang
22456,Sung Yun Cho
22457,Sung-guk Ha
22458,Sung-Jae Lee
22459,Sung-Jun
22460,Sung-kyu Kim
22461,Sunita Mani
22462,Sunny Dixit
22463,Sunny Mabrey
22464,Sunny Pang
22465,Sunny Suljic
22466,Sunny Wu Jin
22467,Supakorn Kitsuwon
22468,Suqin Chen
22469,Sura Sirmalai
22470,Suraj Sharma
22471,Suresh Naidu
22472,Sus Wilkins
22473,Susan Almgren
22474,Susan Ateh
22475,Susan Atwood
22476,Susan Benne
22477,Susan Blackwell
22478,Susan Brown
22479,Susan Burke
22480,Susan Coyne
22481,Susan Danford
22482,Susan Davis
22483,Susan Gallagher
22484,Susan Garibotto
22485,Susan Heyward
22486,Susan Kelechi Watson
22487,Susan Kent
22488,Susan Kismaric
22489,Susan Lucci
22490,Susan Lynch
22491,Susan M. Khaury Wellman
22492,Susan Manning
22493,Susan Myburgh
22494,Susan Park
22495,Susan Pourfar
22496,Susan Rice
22497,Susan Sarandon
22498,Susan Schneider
22499,Susan Strasberg
22500,Susan Stroman
22501,Susan Stryker
22502,Susan Sullivan
22503,Susan Tom
22504,Susan Traylor
22505,Susan Ward
22506,Susan Wokoma
22507,Susan Wood
22508,Susan Wooldridge
22509,Susan Ziegler
22510,Susana Pampin
22511,Susanna Amato
22512,Susanna Brown
22513,Susanna Cappellaro
22514,Susanna Piraino
22515,Susanna Thompson
22516,Susannah Fielding
22517,Susanne Marie Danger
22518,Susanne Sachße
22519,Susanne Wolff
22520,Susanne Wuest
22521,Susi Sánchez
22522,Susie Abromeit
22523,Susie Bick
22524,Susie Essman
22525,Susie Porter
22526,Susse Wold
22527,Susumu Terajima
22528,Susy Buchan
22529,Susy Kane
22530,Suthep Po-ngam
22531,Sutton Johnston
22532,Suzanna Son
22533,Suzanne Accosta
22534,Suzanne Ciani
22535,Suzanne Cl
22536,Suzanne De Passe
22537,Suzanne Dewey
22538,Suzanne Flon
22539,Suzanne Lindon
22540,Suzanne Magowan
22541,Suzanne Shepherd
22542,Suzanne Smith
22543,Suzi Quatro
22544,Suzshi Lang
22545,Suzu Hirose
22546,Suzy Lopes
22547,Svea Lohde
22548,Svein Tindberg
22549,Sveinn Olafur Gunnarsson
22550,Sven Lönn
22551,Sven Nordin
22552,Sven Wollter
22553,Sveng Socheata
22554,Sverrir Gudnason
22555,Svetlana Khodchenkova
22556,Svetlana Kolesova
22557,Svetlana Orlova
22558,Swankie
22559,Swann Arlaud
22560,Swati Bhise
22561,Sweet Tee
22562,Swen Temmel
22563,Swoosie Kurtz
22564,Syd Brisbane
22565,Sydney Bell
22566,Sydney Bullock
22567,Sydney Farley
22568,Sydney Kowalske
22569,Sydney Park
22570,Sydney Pollack
22571,Sydney Sweeney
22572,Sydney Tennant
22573,Sydney Vollmer
22574,Sydney Wade
22575,Sydney White
22576,Sydney Winbush
22577,Sylvain Levitte
22578,Sylvain Tesson
22579,Sylvester Groth
22580,Sylvester Stallone
22581,Sylvestra Le Touzel
22582,Sylvia Chang
22583,Sylvia Grace Crim
22584,Sylvia Hoeks
22585,Sylvia Ivalu
22586,Sylvia Jefferies
22587,Sylvia Minassian
22588,Sylvia Rivera
22589,Sylvie Grontis Hagan
22590,Sylvie Testud
22591,Sylvio Bernardi
22592,Synnøve Macody Lund
22593,Syuleyman Alilov Letifov
22594,Szymon Bobrowski
22595,Sándor Csányi
22596,Sándor Zsótér
22597,Sébastien Vamelle
22598,Séverine Caneele
22599,Sôichi Abe
22600,Sônia Braga
22601,Sôsuke Ikematsu
22602,Sôta Fukushi
22603,Sôtarô
22604,Søren
22605,Søren Malling
22606,T
22607,T. Stinga
22608,T.C. Matherne
22609,T.C. Stallings
22610,T.D. Jakes
22611,T.I.
22612,T.J. Atoms
22613,T.J. McGibbon
22614,T.J. Miller
22615,T.J. Richardson
22616,T.R. Knight
22617,Taavi Eelmaa
22618,Tab Hunter
22619,Tabby Johnson
22620,Tabitha Campbell
22621,Tabu
22622,Tachia Newall
22623,Tadamichi Tsuneizumi
22624,Tadanobu Asano
22625,Tadashi Okuno
22626,Tadhg Murphy
22627,Tadija Calukovic
22628,Tae Ri Kim
22629,Tae Yeon Kim
22630,Taewoo Kang
22631,Tagel Eliyahu
22632,Taghi Amirani
22633,Tahar Rahim
22634,Taher Badr
22635,Tahlia Jade
22636,Tahlia Sturzaker
22637,Tahmoh Penikett
22638,Tai Golding
22639,Tai Sheppard
22640,Tai-Bo
22641,Taiga
22642,Taika Waititi
22643,Taio Gélinas
22644,Taissa Farmig
22645,Taissa Farmiga
22646,Tait Fletcher
22647,Taiten Kusunoki
22648,Taj Atwal
22649,Taj Mahal
22650,Taja V. Simpson
22651,Taji Coleman
22652,Tak Sakaguchi
22653,Takahiro Miura
22654,Takahiro Sakurai
22655,Takahito Hosoyamada
22656,Takako Matsu
22657,Takako Tokiwa
22658,Takashi  Miike
22659,Takashi Kashiwabara
22660,Takashi Sasano
22661,Takashi Sorimachi
22662,Takato Yonemoto
22663,Takatoro Kataoka
22664,Takatsuna Mukai
22665,Takayuki Hamatsu
22666,Takayuki Yamada
22667,Takehiro Hira
22668,Takeshi Kaneshiro
22669,Takeshi Kitano
22670,Taketo Tanaka
22671,Takumi Saitô
22672,Takuro Atsuki
22673,Takuya Fujimura
22674,Takuya Kimura
22675,Tal Chatterjee
22676,Talal Afifi
22677,Talal El-Jordi
22678,Tales Ordakji
22679,Talia Balsam
22680,Talia Russo
22681,Talia Ryder
22682,Taliah Webster
22683,Taliek Jeqon
22684,Taline Stewart
22685,Talisa Soto
22686,Talissa Mansfield
22687,Talitha Bateman
22688,Taliyah Blair
22689,Taliyah Whitaker
22690,Talliah Agdeppa
22691,Tallie Medel
22692,Talulah Riley
22693,Tam
22694,Tam Dean Burn
22695,Tamar Bukhnikashvili
22696,Tamar Hannah Shtaierman
22697,Tamara Fischer
22698,Tamara Hickey
22699,Tamara Hope
22700,Tamara Klingon
22701,Tamara Krcunovic
22702,Tamara Lawrance
22703,Tamara LeClair
22704,Tamara M. Williams
22705,Tamara Podemski
22706,Tamara Spiricheva
22707,Tamara Tunie
22708,Tamela J. Mann
22709,Tamer Burjaq
22710,Tamer Levent
22711,Tamer Nafar
22712,Tami Ashcraft
22713,Tami Sagher
22714,Tamio Ôki
22715,Tamir Ben Yehuda
22716,Tamir Ginsburg
22717,Tamir Kapelian
22718,Tamir Mula
22719,Tamisha
22720,Tamlyn Tomita
22721,Tammy Blanchard
22722,Tammy Davis
22723,Tammy Donahue
22724,Tamsin Egerton
22725,Tamsin Greig
22726,Tamzin Merchant
22727,Tamás Jordán
22728,Tamás Szabó Kimmel
22729,Tanapol Chuksrida
22730,Tandi Wright
22731,Taneli Mäkelä
22732,Tangie Ambrose
22733,Tania Libertad
22734,Tania Raymonde
22735,Tania Verafield
22736,Tannaz Tabatabaei
22737,Tanner Beard
22738,Tanner Buchanan
22739,Tanner Langdeau
22740,Tanner Maguire
22741,Tannishtha Chatterjee
22742,Tantoo Cardinal
22743,Tanya Allen
22744,Tanya Berry
22745,Tanya C
22746,Tanya Champoux
22747,Tanya Reynolds
22748,Tanya van Graan
22749,Tanyell Waivers
22750,Tao Guo
22751,Tao Okamoto
22752,Tao Zhao
22753,Tapiwa Mugweni
22754,Tara Buck
22755,Tara Divina
22756,Tara Fitzgerald
22757,Tara Holt
22758,Tara Jade Borg
22759,Tara Klassen
22760,Tara Lynne Barr
22761,Tara McDonagh
22762,Tara Nicodemo
22763,Tara Ochs
22764,Tara Perry
22765,Tara Reid
22766,Tara Strong
22767,Tara Summers
22768,Tara Thaller
22769,Tara Westwood
22770,Taraji P. Henson
22771,Taran Killam
22772,Taran Marshall
22773,Tarek Abdel Aziz
22774,Tarek Zayat
22775,Tareq Abdalla
22776,Tareq Al Khaldi
22777,Tarick Glancy
22778,Tarik Sanders
22779,Taron Egerton
22780,Tarra Riggs
22781,Tarô Ishida
22782,Tasanawalai Ongartittichai
22783,Tasha Babers
22784,Tashiana Washington
22785,Tasneem Roc
22786,Tasos Hernandez
22787,Tate Berney
22788,Tate Donovan
22789,Tate Ellington
22790,Tatiana Iekel
22791,Tatiana Machlinovski
22792,Tatiana Maslany
22793,Tatiana Pajkovic
22794,Tatsuya Gashûin
22795,Tatsuya Mihashi
22796,Tattia
22797,Tatum Marilyn Hall
22798,Tatyana Lysova
22799,Tatyana Richaud
22800,Tavi Gevinson
22801,Tawfeek Barhom
22802,Tawheda Begum
22803,Tawny Newsome
22804,Tawny West
22805,Tax Ninja
22806,Taye Diggs
22807,Tayl
22808,Tayla Solomon
22809,Taylor
22810,Taylor Ashley Murphy
22811,Taylor Cooper
22812,Taylor Geare
22813,Taylor Gildersleeve
22814,Taylor Gray
22815,Taylor Handley
22816,Taylor Hawkins
22817,Taylor Henderson
22818,Taylor Hickson
22819,Taylor John Smith
22820,Taylor Kastle
22821,Taylor Kinney
22822,Taylor Kitsch
22823,Taylor Lautner
22824,Taylor Marie Blim
22825,Taylor Marie Hill
22826,Taylor Marie Milton
22827,Taylor Momsen
22828,Taylor Nichols
22829,Taylor Olson
22830,Taylor Rabow
22831,Taylor Richardson
22832,Taylor Russell
22833,Taylor Schilling
22834,Taylor Sheridan
22835,Taylor Swift
22836,Taylor Takahashi
22837,Taylor Towery
22838,Taylor Zakhar Perez
22839,Taylour Paige
22840,Taz Skylar
22841,Tazzie
22842,Tchéky Karyo
22843,Te Keepa Aria
22844,Te Kohe Tuhaka
22845,Tea Vracic
22846,Teach Grant
22847,Teagan Johnson
22848,Teague Berres
22849,Teaira T. Bryant
22850,Teance Blackburn
22851,Teca Pereira
22852,Ted Atherton
22853,Ted Danson
22854,Ted Dubost
22855,Ted Ferguson
22856,Ted Koppel
22857,Ted Levine
22858,Ted McGinley
22859,Ted Rooney
22860,Ted Turner
22861,Teddie-Rose Malleson-Allen
22862,Teddy Chawa
22863,Teddy Coluca
22864,Teddy Sears
22865,Tedra
22866,Tedy Ursuleanu
22867,Tee Dennard
22868,Teesha Renee
22869,Tef Poe
22870,Tegar Satrya
22871,Tema Louise Sall
22872,Temple Baker
22873,Temple Grandin
22874,Temuera Morrison
22875,Temur Mamisashvi
22876,Tenea Intriago
22877,Tengai Shibuya
22878,Tennessee Williams
22879,Tennille Read
22880,Tenoch Hu
22881,Tenoch Huerta
22882,Tenzing Norgay Trainor
22883,Teo Briones
22884,Teo Gheorghiu
22885,Teo Halm
22886,Teo Planell
22887,Teo Yoo
22888,Teodor Abreu
22889,Teodor Corban
22890,Tequan Richmond
22891,Terayle Hill
22892,Terb Sophon
22893,Terence
22894,Terence Bernie Hines
22895,Terence Blanchard
22896,Terence Egnie
22897,Terence Harvey
22898,Terence Rosemore
22899,Terence Stamp
22900,Terenia Edwards
22901,Teresa Buchanan
22902,Teresa Mahoney
22903,Teresa Navarro
22904,Teresa Palmer
22905,Teresa Picciano
22906,Teresa Ruiz
22907,Teresa Saponangelo
22908,Teresa Sánchez
22909,Tereza Srbova
22910,Teri Garr
22911,Teri Hatcher
22912,Teri Polo
22913,Teri Wyble
22914,Terje Haakonsen
22915,Terrence Howard
22916,Terrence Jenkins
22917,Terrence Little Gardenhigh
22918,Terrence Scammell
22919,Terri Chandler
22920,Terri Dawn Pourier
22921,Terri Irwin
22922,Terri Parks
22923,Terrill Ross
22924,Terry Bamber
22925,Terry Bird
22926,Terry Bradshaw
22927,Terry Britten
22928,Terry Chen
22929,Terry Crews
22930,Terry Donahue
22931,Terry Funk
22932,Terry Gilliam
22933,Terry Holland
22934,Terry Kinney
22935,Terry Miller
22936,Terry Norris
22937,Terry Norton
22938,Terry Notary
22939,Terry Pheto
22940,Terry Serpico
22941,Teruyuki Kagawa
22942,Tess Barthélémy
22943,Tess Harper
22944,Tess Paras
22945,Tessa
22946,Tessa Albertson
22947,Tessa Ferrer
22948,Tessa Mossey
22949,Tessa Munro
22950,Tessa Thompson
22951,Tetsu Hirahara
22952,Tetsu Inada
22953,Tetsu Watanabe
22954,Tetsuya Bessho
22955,Teun Luijkx
22956,Tevy Poe
22957,Tewfik Jallab
22958,Teya Wild
22959,Teyana Taylor
22960,Teyonah Parris
22961,Th
22962,Thabiso Makoto
22963,Thabo Letsie
22964,Thad Luckinbill
22965,Thaddeus Daniels
22966,Thalia Tran
22967,Thalita Carauta
22968,Thamela Mpumlwana
22969,Thanawut Kasro
22970,Thanawut Ketsaro
22971,Thandi Makhubele
22972,Thandiwe Newton
22973,Thaneth Warakulnukroh
22974,Thanh Van Ngo
22975,Thardelly Lima
22976,Tharoth Sam
22977,The Amazing Johnathan
22978,The Beach Boys
22979,The Byrds
22980,The Clash
22981,The Edge
22982,The Go-Go's
22983,The Klezmatics
22984,The Lizard
22985,The Notorious B.I.G.
22986,The Pogues
22987,The RZA
22988,Thea Balich
22989,Thea Carla Schott
22990,Thea Gill
22991,Thekla Reuten
22992,Thelma Sarceño
22993,Themis Pauwels
22994,Theo Anthony
22995,Theo Barklem Biggs
22996,Theo Burkhardt
22997,Theo Iyer
22998,Theo James
22999,Theo Landey
23000,Theo Rossi
23001,Theo Stockman
23002,Theo Taplitz
23003,Theodora Marcadé
23004,Theodore Bouloukos
23005,Theodus Crane
23006,Theodór Ingi Ólafsson
23007,Theresa Tova
23008,Therese Affolter
23009,Therese Bradley
23010,Therica Wilson-Read
23011,Therés Amee
23012,Thiago Dos Santos
23013,Thiago Martins
23014,Thibault Servière
23015,Thibault Verhaeghe
23016,Thierry de Coster
23017,Thierry Frémaux
23018,Thierry Guetta
23019,Thierry Hancisse
23020,Thierry Lhermitte
23021,Thierry Neuvic
23022,Thijs Römer
23023,Thilen Lhondup
23024,Thobani Mseleni
23025,Thom Bishops
23026,Thom Hoffman
23027,Thomas Aquino
23028,Thomas Arnold
23029,Thomas Baptiste
23030,Thomas Barbusca
23031,Thomas Baum
23032,Thomas Blanchard
23033,Thomas Bo Larsen
23034,Thomas Brodie-Sangster
23035,Thomas Bromhead
23036,Thomas Cocquerel
23037,Thomas Coumans
23038,Thomas D Williams
23039,Thomas Darchinger
23040,Thomas Dekker
23041,Thomas Dings
23042,Thomas Doret
23043,Thomas Doyle
23044,Thomas Elms
23045,Thomas Francis Murphy
23046,Thomas Frieden
23047,Thomas Gibson
23048,Thomas Gioria
23049,Thomas Gonzalez
23050,Thomas Gräßle
23051,Thomas Gullestad
23052,Thomas Haden Church
23053,Thomas Heise
23054,Thomas Ian Nicholas
23055,Thomas Jane
23056,Thomas Jay Ryan
23057,Thomas Jefferson Byrd
23058,Thomas Kail
23059,Thomas Kee
23060,Thomas Kretschmann
23061,Thomas Kulidu
23062,Thomas Lennon
23063,Thomas Mann
23064,Thomas Middleditch
23065,Thomas Mulhurn
23066,Thomas Ostermeier
23067,Thomas Pike
23068,Thomas Racek
23069,Thomas S. Kaplan
23070,Thomas Sadoski
23071,Thomas Sangster
23072,Thomas Schubert
23073,Thomas Smittle
23074,Thomas Solivéres
23075,Thomas Trabacchi
23076,Thomas Turgoose
23077,Thomas W. Gabriel
23078,Thomas Wingate
23079,Thomasin McKenzie
23080,Thor
23081,Thor Kristjansson
23082,Thora Birch
23083,Thorbjörn Björnsson
23084,Thorbjørn Harr
23085,Thorsten Merten
23086,Thure Lindhardt
23087,Thurgood Marshall Jr.
23088,Thursday Williams
23089,Thusitha Jayasunder
23090,Thuso Lekwape
23091,Théo Hellermann
23092,Théodore Pellerin
23093,Ti
23094,Ti West
23095,Ti-Hua Chang
23096,Tia Mowry
23097,Tian Jing
23098,Tiana Melvina Woods
23099,TianChen Wang
23100,Tianna Sansbury
23101,Tianyi Huang
23102,Tiarnie Coupland
23103,Tibo Vandenborre
23104,Tibor Feldman
23105,Tichina Arnold
23106,Tiera Skovbye
23107,Tierra Abbott
23108,Tiffa
23109,Tiffany Blom
23110,Tiffany Boone
23111,Tiffany Chu
23112,Tiffany Dion
23113,Tiffany Haddish
23114,Tiffany Helm
23115,Tiffany Masters
23116,Tiffany Smith
23117,Tiffany Tenille
23118,Tig Notaro
23119,Tiger Kirchharz
23120,Tiger Rudge
23121,Tiger Ting
23122,Tijan Marei
23123,Tijmen Govaerts
23124,Tika Sumpt
23125,Tika Sumpter
23126,Til Schindler
23127,Til Schweiger
23128,Tilda Cobham-Her
23129,Tilda Swinton
23130,Tiler Peck
23131,Tilikum
23132,Till Patz
23133,Tillotama Shome
23134,Tilman Döbler
23135,Tilo Nest
23136,Tim
23137,Tim Ahern
23138,Tim Allen
23139,Tim Bader
23140,Tim Barlow
23141,Tim Bentinck
23142,Tim Beresford
23143,Tim Blake Nel
23144,Tim Blake Nelson
23145,Tim Boxell
23146,Tim Campbell
23147,Tim Chiou
23148,Tim Colceri
23149,Tim Conway
23150,Tim Curry
23151,Tim De Zarn
23152,Tim Decker
23153,Tim Downie
23154,Tim Faraday
23155,Tim Gerwing
23156,Tim Guinee
23157,Tim Gunn
23158,Tim Heidecker
23159,Tim Hill
23160,Tim Hodge
23161,Tim Hopper
23162,Tim Ingall
23163,Tim Jandreau
23164,Tim Janis
23165,Tim Jenison
23166,Tim Kalkhof
23167,Tim Kendall
23168,Tim Key
23169,Tim Matheson
23170,Tim McGraw
23171,Tim McInnerny
23172,Tim Meadows
23173,Tim Mi
23174,Tim Pigott-Smith
23175,Tim Plester
23176,Tim Potter
23177,Tim Robbins
23178,Tim Roth
23179,Tim Russ
23180,Tim Seelig
23181,Tim Seyfi
23182,Tim Wildman
23183,Tim Woodwar
23184,Tim Woodward
23185,Timm Sharp
23186,Timmie Cameron
23187,Timmy Xu
23188,Timo Torikka
23189,Timoth
23190,Timothy Busfield
23191,Timothy Carr
23192,Timothy Dalton
23193,Timothy E. Goodwin
23194,Timothy Ferris
23195,Timothy Hutton
23196,Timothy Inne
23197,Timothy Innes
23198,Timothy Leach
23199,Timothy Lee DePriest
23200,Timothy Nordwind
23201,Timothy Olyphant
23202,Timothy Paul
23203,Timothy Paul McCarthy
23204,Timothy Sim
23205,Timothy Simons
23206,Timothy Spall
23207,Timothy Taylor
23208,Timothy Treadwell
23209,Timothy V. Murphy
23210,Timothy Webber
23211,Timothée Chalamet
23212,Tina Benko
23213,Tina Fey
23214,Tina Jung
23215,Tina Louise Owens
23216,Tina Parker
23217,Tina Pribicevic
23218,Tina Schei
23219,Tina Toner
23220,Tina Turner
23221,Tinkerbell
23222,Tinsley Price
23223,Tintrinai Thikhasuk
23224,Tintswalo Khumbuza
23225,Tio Pakusodewo
23226,Tippi Hedren
23227,Tiq Milan
23228,Tisha Campbell-Martin
23229,Tito Ortiz
23230,Titus
23231,Titus Turner
23232,Tituss Burgess
23233,Tiziana Arrigoni
23234,Tizita Hagere
23235,Tj O'Grady Peyton
23236,TJ Trinidad
23237,To
23238,Tobar Mayo
23239,Tobey Maguire
23240,Tobi Bakare
23241,Tobias Almborg
23242,Tobias Campbell
23243,Tobias Menzies
23244,Tobias Moretti
23245,Tobias Santelmann
23246,Tobin Bell
23247,Toby Hargrave
23248,Toby Hemingway
23249,Toby Huss
23250,Toby Jones
23251,Toby Kebbell
23252,Toby Leonard Moore
23253,Toby Onwumere
23254,Toby Regbo
23255,Toby Stephens
23256,Toby Wallace
23257,Toby Woolf
23258,Tod Papageorge
23259,Todd A. Robinson
23260,Todd Allen
23261,Todd Barry
23262,Todd Charmont
23263,Todd Giebenhain
23264,Todd Haberkorn
23265,Todd La
23266,Todd Ryan Jones
23267,Todd Stashwick
23268,Todd Terry
23269,Todd Vittum
23270,Tokio Emoto
23271,Toko Yasuda
23272,Toks Olagundoye
23273,Tolo Tuttele
23274,Tolu Ogunmefun
23275,Tom
23276,Tom Amandes
23277,Tom Arnold
23278,Tom Avni
23279,Tom Batema
23280,Tom Beard
23281,Tom Bell
23282,Tom Bennett
23283,Tom Berenger
23284,Tom Berninger
23285,Tom Beyer
23286,Tom Bloom
23287,Tom Bower
23288,Tom Brittney
23289,Tom Brokaw
23290,Tom Brooke
23291,Tom Budge
23292,Tom Burke
23293,Tom Canton
23294,Tom Carey
23295,Tom Cavanagh
23296,Tom Chadbon
23297,Tom Choi
23298,Tom Clegg
23299,Tom Colicchio
23300,Tom Constanten
23301,Tom Courtenay
23302,Tom Cruise
23303,Tom Cullen
23304,Tom David
23305,Tom DeLay
23306,Tom DeTrinis
23307,Tom Dewispelaere
23308,Tom Draper
23309,Tom Everett Scott
23310,Tom Felton
23311,Tom Fisher
23312,Tom Ford
23313,Tom Gallop
23314,Tom Gibbs
23315,Tom Glynn
23316,Tom Glynn-C
23317,Tom Glynn-Carney
23318,Tom Goodman-Hill
23319,Tom Greaves
23320,Tom Green
23321,Tom Guiry
23322,Tom Hanks
23323,Tom Hardy
23324,Tom Hayden
23325,Tom Herman
23326,Tom Hiddleston
23327,Tom Hollan
23328,Tom Holland
23329,Tom Hollander
23330,Tom Hopper
23331,Tom Hughes
23332,Tom Kane
23333,Tom Kemp
23334,Tom Kenny
23335,Tom Key
23336,Tom Knight
23337,Tom Leeb
23338,Tom Lenk
23339,Tom M
23340,Tom Mardirosian
23341,Tom McGrath
23342,Tom Mercier
23343,Tom Mitchell
23344,Tom Noonan
23345,Tom Nowicki
23346,Tom O'Brien
23347,Tom Papa
23348,Tom Paulino
23349,Tom Pelphrey
23350,Tom Petty
23351,Tom Proctor
23352,Tom Rhys Harries
23353,Tom Rielly
23354,Tom Schilling
23355,Tom Segura
23356,Tom Skerritt
23357,Tom Sturridge
23358,Tom Sweet
23359,Tom Takahashi
23360,Tom Taylor
23361,Tom Thon
23362,Tom Trouffier
23363,Tom V
23364,Tom Vaughan-Lawlor
23365,Tom Viviano
23366,Tom Waits
23367,Tom Welling
23368,Tom Wilkinson
23369,Tom Williamson
23370,Tom Wu
23371,Toma Cuzin
23372,Tomas Arana
23373,Tomas Norström
23374,Tomas Åhnstrand
23375,Tomasz Kot
23376,Tomasz Orpinski
23377,Tomasz Zietek
23378,Tomato Hatakeno
23379,Tomaz Cubej
23380,Tomer Russo
23381,Tomi Alatalo
23382,Tomislav Gangl
23383,Tommaso Di Cola
23384,Tommi Eronen
23385,Tommi Korpela
23386,Tommie Earl Jenkins
23387,Tommie Lynn Milazzo
23388,Tommie-Amber Pirie
23389,Tommy Beardmore
23390,Tommy Bernardi
23391,Tommy Blake
23392,Tommy Brown
23393,Tommy Caldwell
23394,Tommy Chong
23395,Tommy Clarke
23396,Tommy Davidson
23397,Tommy Dewey
23398,Tommy Europe
23399,Tommy Flanagan
23400,Tommy Gene Surridge
23401,Tommy Kha
23402,Tommy Lee
23403,Tommy Lee Jones
23404,Tommy Lewis
23405,Tommy Nelson
23406,Tommy Nohilly
23407,Tommy Passemante
23408,Tommy the Clown
23409,Tommy Tiernan
23410,Tommy Walker
23411,Tommye Myrick
23412,Tomokazu Miura
23413,Tomás Plotinsky
23414,Tonatiuh
23415,Tone Beate Mostraum
23416,Tone Bell
23417,Tonea Stewart
23418,Tong Wang
23419,Tongai Arnold Chirisa
23420,Toni Beard
23421,Toni Braxton
23422,Toni Co
23423,Toni Collette
23424,Toni Laudadio
23425,Toni Morrison
23426,Toni O'Rourke
23427,Toni Scanlan
23428,Toni Servillo
23429,Toni Torres
23430,Tonray Ho
23431,Tony
23432,Tony Bennett
23433,Tony Black
23434,Tony Brown
23435,Tony Burgess
23436,Tony Caprari
23437,Tony Cavalero
23438,Tony Chapman
23439,Tony Christodoulou
23440,Tony Cox
23441,Tony Curran
23442,Tony Danza
23443,Tony Demil
23444,Tony Denman
23445,Tony Doupe
23446,Tony Dunne
23447,Tony Goldwyn
23448,Tony Greenhand
23449,Tony H
23450,Tony Hale
23451,Tony Hawk
23452,Tony Jaa
23453,Tony Jay
23454,Tony Kushner
23455,Tony LePage
23456,Tony Leung Chiu Wai
23457,Tony Leung Ka Fai
23458,Tony Manna
23459,Tony Massil
23460,Tony Nikolakopoulos
23461,Tony Pitts
23462,Tony Plana
23463,Tony Saquett
23464,Tony Scott
23465,Tony Shalhoub
23466,Tony Silva
23467,Tony Sirico
23468,Tony Todd
23469,Tony Vaughn
23470,Tony Visconti
23471,Tony Walker
23472,Tony Way
23473,Tonya Glanz
23474,Tonya Gregory
23475,Tonya Pinkins
23476,Tonye Patano
23477,Topher
23478,Topher Grace
23479,Topper Headon
23480,Torben Liebrecht
23481,Tori Butler-Hart
23482,Tori Kelly
23483,Torjus Hopland Vollan
23484,Torstein Bjørklund
23485,Torsten Voges
23486,Toru Emori
23487,Toru Uchikado
23488,Tory Kittles
23489,Tory Russell
23490,Tory Stolper
23491,Toshi
23492,Toshie Negishi
23493,Toshiji Takeshima
23494,Toshio Furukawa
23495,Toshio Suzuki
23496,Toshiya Agata
23497,Toshiyuki Nishida
23498,Toshiyuki Toyonaga
23499,Tosin Cole
23500,Tosin Morohunfola
23501,Toulou Kiki
23502,Toumany Kouyaté
23503,Townsend Fallica
23504,Toyah Frantzen
23505,Toyin Ishola
23506,Tr
23507,Trace Adkins
23508,Trace Lysette
23509,Tracee Ellis Ross
23510,Tracey Bo
23511,Tracey Bonner
23512,Tracey Corder
23513,Tracey Heggins
23514,Tracey Ullman
23515,Traci Lords
23516,Tracie Thoms
23517,Tracy Brotherton
23518,Tracy Condit
23519,Tracy Dossou
23520,Tracy Edwards
23521,Tracy Letts
23522,Tracy Mann
23523,Tracy Middendorf
23524,Tracy Morgan
23525,Trai Byers
23526,Tran Nu Yên-Khê
23527,Tranae Moran
23528,Traore
23529,Traudl Junge
23530,Travis Cluff
23531,Travis Fimmel
23532,Travis Good
23533,Travis Hammer
23534,Travis Jeffery
23535,Travis Love
23536,Travis McMahon
23537,Travis Nutting
23538,Travis Pastrana
23539,Travis Raeburn
23540,Travis W Bruyer
23541,Travis Wester
23542,Traylor Howard
23543,Tre Armstrong
23544,Tre Hale
23545,Tre Hall
23546,Tre'vell Anderson
23547,Treat Williams
23548,Tremayne Doolan
23549,Trent Ford
23550,Trent Garrett
23551,Trent Redekop
23552,Trent Reznor
23553,Trenton Hudson
23554,Trevante Rhodes
23555,Trevon Doolan
23556,Trevor
23557,Trevor Anderson
23558,Trevor Blumas
23559,Trevor Evans
23560,Trevor Gagnon
23561,Trevor J. Blank
23562,Trevor Jamieson
23563,Trevor Laird
23564,Trevor Lerner
23565,Trevor Moore
23566,Trevor Morgan
23567,Trevor St. John
23568,Trevor White
23569,Trey Anastasio
23570,Trey Parker
23571,Trey Songz
23572,Trezzo Mahoro
23573,Tricia Mary Hennessy
23574,Tricia Vessey
23575,Trick Danneker
23576,Trieste Kelly Dunn
23577,Trin Miller
23578,Trina Corkum
23579,Trine Dyr
23580,Trine Dyrholm
23581,Trinidad González
23582,Trinity L Beals
23583,Trinity Whiteside
23584,Trish Doolan
23585,Trish Rainone
23586,Trisha LaFache
23587,Tristan Byon
23588,Tristan Decker
23589,Tristan Farge
23590,Tristan Göbel
23591,Tristan Harris
23592,Tristan O'Hare
23593,Tristan Pagès
23594,Tristan Riggs
23595,Tristan Risk
23596,Tristram Davies
23597,Tristán Ulloa
23598,Troels Lyby
23599,Troian Bellisario
23600,Trond-Erik Vassal
23601,Troy Duffy
23602,Troy Garity
23603,Troy Hogan
23604,Troy James
23605,Troy Kotsur
23606,Troy Ruptash
23607,Troy T. Scott
23608,Troye Sivan
23609,Trudie Styler
23610,Truman Capote
23611,Trust Arancio
23612,Truus de Boe
23613,Trystan Gravelle
23614,Trystan Pütter
23615,Ts Madison
23616,Tsahi Halevi
23617,Tsai Chin
23618,Tseko Monaheng
23619,Tshaka Cunningham
23620,Tsisia Qumsishvili
23621,Tsubasa Honda
23622,Tsutomu Takeshige
23623,Tsutomu Yamazaki
23624,Tsuwayuki Saotome
23625,Tsuyoshi Ihara
23626,Tuc Watkins
23627,Tucker Carlson
23628,Tucker Collins
23629,Tucker Meek
23630,Tucker Smallwood
23631,Tudor Chirila
23632,Tudorel Filimon
23633,Tuheï Adams
23634,Tunde Adebimpe
23635,Tupac Shakur
23636,Tuppence Middleton
23637,Turan Kislacki
23638,Turlough Convery
23639,Turner Crumbley
23640,Tuva Novotny
23641,Tuwaine Barrett
23642,Twan Holliday
23643,Twinnie Lee Moore
23644,Txubio Fernández de Jáuregui
23645,Ty Burrell
23646,Ty Consiglio
23647,Ty Hickson
23648,Ty Olsson
23649,Ty Olwin
23650,Ty Perham
23651,Ty Shelton
23652,Ty Simpkins
23653,Ty Tennant
23654,Tye Sheridan
23655,Tygo Gernandt
23656,Tyler Altomari
23657,Tyler Aser
23658,Tyler Barnes
23659,Tyler Cornack
23660,Tyler DiChiara
23661,Tyler Dryden
23662,Tyler Hoechlin
23663,Tyler Hollinger
23664,Tyler Hynes
23665,Tyler J. Olson
23666,Tyler James Williams
23667,Tyler Johnson
23668,Tyler Labine
23669,Tyler Mane
23670,Tyler Perry
23671,Tyler Phillips
23672,Tyler Posey
23673,Tyler Rice
23674,Tyler Riggs
23675,Tyler Ross
23676,Tyler Stewart
23677,Tyne
23678,Tyne Daly
23679,Tyreke Evans
23680,Tyrel Jackson Williams
23681,Tyrel Meyer
23682,Tyrese Gibson
23683,Tyrin Turner
23684,Tyron Leitso
23685,Tyron Woodley
23686,Tyrone Huntley
23687,Tyrone Jeffers
23688,Tyrus
23689,Tyshia Drake
23690,Tyson Beckford
23691,Tyson Brown
23692,Tyson Ritter
23693,Tzahi Grad
23694,Tzi Ma
23695,Téa Leoni
23696,Tómas Lemarquis
23697,Tôko Miura
23698,Tôru Nakamura
23699,Tôru Watanabe
23700,Uday McLean
23701,Udi Persi
23702,Udo Kier
23703,Udo Samel
23704,Ugo Broussot
23705,Ulf Pilblad
23706,Ulka Simone Mohanty
23707,Ulla Skoog
23708,Ulrich Brandhoff
23709,Ulrich Matthes
23710,Ulrich Mühe
23711,Ulrich Noethen
23712,Ulrich Thomsen
23713,Ulrich Tukur
23714,Ulrike C. Tscharre
23715,Uma Thurman
23716,Una Carroll
23717,Una McNulty
23718,Uncle Murda
23719,Upasana Beharee
23720,Uria Hayik
23721,Uriah Shelton
23722,Uriel Jones
23723,Urs Jucker
23724,Urs Rechn
23725,Ursina Lardi
23726,Ursula Ratasepp
23727,Ursula Rucker
23728,Ursula Strauss
23729,Usher Raymond
23730,Ushio Shinohara
23731,Utk
23732,Utkarsh Ambudkar
23733,Uvin Wang
23734,Uwe Lauer
23735,Uwe Ochsenknecht
23736,Uwe Preuss
23737,Uwe Rohde
23738,Uxía Blanco
23739,Uzo Aduba
23740,Va
23741,Vadim Dubovsky
23742,Vahid Aghapoor
23743,Vahid Gold
23744,Vahina Giocante
23745,Vakhtang Panchulidze
23746,Val Kilmer
23747,Val Lauren
23748,Valene Kane
23749,Valentijn Dhaenens
23750,Valentin Goshev
23751,Valentin Stojanov
23752,Valentina de Angelis
23753,Valentina Herszage
23754,Valentina Rozumenko
23755,Valentine Payen
23756,Valeria Bandino
23757,Valeria Bilello
23758,Valeria Bruni Tedeschi
23759,Valeria Cavalli
23760,Valeria Correa
23761,Valeria Correale
23762,Valeria Cotto
23763,Valeria De Franciscis
23764,Valeria Galiendo
23765,Valeria Golino
23766,Valerie Browning
23767,Valerie Hall
23768,Valerie Jane Parker
23769,Valerie Mahaffey
23770,Valerie Pachner
23771,Valerie Palincar
23772,Valerie Planche
23773,Valerie Simpson
23774,Valerie Taylor
23775,Valeriia Karaman
23776,Valerio Foglia Manzillo
23777,Valerio Mastandrea
23778,Valeriu Andriuta
23779,Vali Enache
23780,Valko Chervenkov
23781,Valorie Curry
23782,Valter Skarsgård
23783,Valérie Kaprisky
23784,Valérie Lamond
23785,Valérie Lemercier
23786,Valérie Stroh
23787,Van Hansis
23788,Van Marten
23789,Van Morrison
23790,Vanda Ca
23791,Vanda Capriolo
23792,Vanda Margraf
23793,Vanesa Lavado
23794,Vanessa Angel
23795,Vanessa Anne Williams
23796,Vanessa Aspillaga
23797,Vanessa B
23798,Vanessa Bayer
23799,Vanessa Bell Ca
23800,Vanessa Bell Calloway
23801,Vanessa Burns
23802,Vanessa Cloke
23803,Vanessa Dubasso
23804,Vanessa Grasse
23805,Vanessa Hudgens
23806,Vanessa Kirby
23807,Vanessa Lengies
23808,Vanessa Minnillo
23809,Vanessa Padla
23810,Vanessa Paradis
23811,Vanessa Redgrave
23812,Vanessa Ross
23813,Vanessa Santana
23814,Vanessa Smythe
23815,Vanessa Williams
23816,Vangelis Mourikis
23817,Vanilla Ice
23818,Vann Newkirk
23819,Vanness Wu
23820,Vardaan Arora
23821,Varvar
23822,Vasiliy Kopeikin
23823,Vasiliy Zotov
23824,Vassili Schneider
23825,Vasthy Mompoint
23826,Vasyl Antoniak
23827,Vattanak Khun
23828,Vauxhall Jermaine
23829,Veenu Sandhu
23830,Veerendra Saxena
23831,Veerle Baetens
23832,Vegar Hoel
23833,Vegas
23834,Velibor Topic
23835,Velizar Binev
23836,Vella Lovell
23837,Venecia Troncoso
23838,Veneta Fragnova
23839,Veniamin Kac
23840,Ventura
23841,Venus Seye
23842,Vera Farmiga
23843,Vera Vitali
23844,Verdi Solaiman
23845,Vere Tindale
23846,Vermyttya Er
23847,Verne Troyer
23848,Vernee Watson-Johnson
23849,Vernon Beach
23850,Vernon Dobtcheff
23851,Vernon Jordan
23852,Veronica Alicino
23853,Veronica Cartwright
23854,Veronica Falcón
23855,Veronica Fellman
23856,Veronica Ferres
23857,Veronica Foo
23858,Veronica Taylor
23859,Veronika London
23860,Veronika Zhovnytska
23861,Veronika Zilková
23862,Verónica Forqué
23863,Verónica García
23864,Viara Borisova
23865,Vibeke Hastrup
23866,Vic
23867,Vic Mensa
23868,Vica Kerekes
23869,Vicenta N'Dongo
23870,Vicente Conde
23871,Vicente Gil
23872,Vicente Santos
23873,Vicki Pepperdine
23874,Vickie Papavs
23875,Vicky Chen
23876,Vicky Haughton
23877,Vicky Knight
23878,Vicky Krieps
23879,Victoire Du Bois
23880,Victoire Laly
23881,Victoire Rousseau
23882,Victor Ellis
23883,Victor Garber
23884,Victor Isaac Perez
23885,Victor Lewis
23886,Victor McCay
23887,Victor Mendes
23888,Victor Moreira
23889,Victor Neri
23890,Victor Nunez
23891,Victor Ortiz
23892,Victor Polster
23893,Victor Pontecorvo
23894,Victor Quilichini
23895,Victor Rasu
23896,Victor Rasuk
23897,Victor Rathbone
23898,Victor Romero Evans
23899,Victor Senegas
23900,Victor Slezak
23901,Victor Tremmel
23902,Victor Turpin
23903,Victor Van Der Woerd
23904,Victor Williams
23905,Victor Wolf
23906,Victor Zinck Jr.
23907,Victoria Abril
23908,Victoria Barabas
23909,Victoria Bidewell
23910,Victoria Bluck
23911,Victoria Broom
23912,Victoria Bruno
23913,Victoria Carmen Sonne
23914,Victoria Carta
23915,Victoria Chilap
23916,Victoria Cruz
23917,Victoria Hall
23918,Victoria Hande
23919,Victoria Haralabidou
23920,Victoria Hardway
23921,Victoria Hi
23922,Victoria Hill
23923,Victoria Hogan
23924,Victoria Justice
23925,Victoria Lefebvre
23926,Victoria Mary Clarke
23927,Victoria Moroles
23928,Victoria Paige Watkins
23929,Victoria Ruesga
23930,Victoria Sanchez
23931,Victoria Schulz
23932,Victoria Smith
23933,Victoria Snow
23934,Victoria Tennant
23935,Victoria Trauttmansdorff
23936,Victoria Wicks
23937,Victoria Yeates
23938,Viggo Mortensen
23939,Vijay Maurya
23940,Vik Muniz
23941,Vikash Bhai
23942,Vikram Gandhi
23943,Viktor Bodó
23944,Viktor Bychkov
23945,Viktor Gyllenberg
23946,Viktor Hennemann
23947,Viktor Sukhorukov
23948,Viktor Tikhonov
23949,Viktor Verzhbitskiy
23950,Viktor Åkerblom
23951,Viktoria Winge
23952,Vilhelm Blomgren
23953,Vilis Daudzins
23954,Ville Haapasalo
23955,Ville Hilska
23956,Ville Tiihonen
23957,Ville Virtanen
23958,Vilma Szé
23959,Vilma Szécsi
23960,Vin
23961,Vin Diesel
23962,Vin Kridakorn
23963,Vince Colosimo
23964,Vince Jolivette
23965,Vince Lawrence
23966,Vince Melouney
23967,Vince Vaughn
23968,Vince Vieluf
23969,Vincent Cassel
23970,Vincent Colombe
23971,Vincent D'Onofrio
23972,Vincent Deniard
23973,Vincent Elbaz
23974,Vincent Frade
23975,Vincent Francia
23976,Vincent Franklin
23977,Vincent Gale
23978,Vincent Gallo
23979,Vincent Gils
23980,Vincent Grass
23981,Vincent J. Ward
23982,Vincent Kartheiser
23983,Vincent Lacoste
23984,Vincent Lindon
23985,Vincent Macaigne
23986,Vincent Maraval
23987,Vincent Martin
23988,Vincent Munier
23989,Vincent Pastore
23990,Vincent Perez
23991,Vincent Piazza
23992,Vincent Riotta
23993,Vincent Rottiers
23994,Vincent Schmitt
23995,Vincent Spano
23996,Vincent van Hinte
23997,Vincent Walsh
23998,Vincent Wettergren
23999,Vincent Xie
24000,Vincenzo Amato
24001,Vincenzo Nemolato
24002,Vincenzo Pirrot
24003,Vinessa Shaw
24004,Vinette Robinson
24005,Ving Rhames
24006,Vinicius Damasceno
24007,Vinicius Dos Anjos
24008,Vinicius Garcia
24009,Vinnie Bennett
24010,Vinnie Jones
24011,Vinny Argiro
24012,Vinny Curran
24013,Viola Davis
24014,Viola Pusateri
24015,Violah Beauvais
24016,Violante Placido
24017,Violet Brinson
24018,Violet Fluendy
24019,Violet McGraw
24020,Violet Nelson
24021,Violett Beane
24022,Viraj Juneja
24023,Virginia Gardner
24024,Virginia Gay
24025,Virginia Madsen
24026,Virginia McKenna
24027,Virginia Newcomb
24028,Virginie Efira
24029,Virginie Le Brun
24030,Virginie Ledoyen
24031,Virgo Phillips
24032,Vision Wei
24033,Vitalina Varela
24034,Vitalis Waweru
24035,Vitaliy Khaev
24036,Vitaliy Kishchenko
24037,Vitaliy Sudarkov
24038,Vitaly Andrew LeBeau
24039,Vitaly Jay
24040,Vithaya Pansringarm
24041,Vitor Julian
24042,Vittorio De Sica
24043,Viva Bianca
24044,Viva Ruiz
24045,Viveik Kalra
24046,Vivek Gomber
24047,Viveka Seldahl
24048,Vivian Bang
24049,Vivian Chan
24050,Vivian Gil
24051,Vivian Gray
24052,Vivian Maier
24053,Vivian Schilling
24054,Vivian Sung
24055,Vivian Wu
24056,Viviana Aprea
24057,Viviana Chavez
24058,Viviane de Muynck
24059,Vivica A. Fox
24060,Vivien Bridson
24061,Vivien Endicott Douglas
24062,Vivien Landau
24063,Vivien Monory
24064,Vivienne Sato
24065,Vivienne Soan
24066,Vivienne Westwood
24067,Vlad Ivanov
24068,Vlad Voiculescu
24069,Vladimir Alexis
24070,Vladimir Burlakov
24071,Vladimir Cvejic
24072,Vladimir Granov
24073,Vladimir Jon Cubrt
24074,Vladimir Lysenko
24075,Vladimir Menshov
24076,Vladimir Putin
24077,Vladimir Shklyar
24078,Vladimir Vdovichenkov
24079,Vladislav Galard
24080,Vladislav Komarov
24081,Vlastimil Brodský
24082,Voletta Wallace
24083,Volker Bruch
24084,Voltaire Colin Council
24085,Vondie Curti
24086,Vondie Curtis-Hall
24087,Vusi Mahlasela
24088,Vuyo Dabula
24089,Vyacheslav Fetisov
24090,Vyacheslav Molotov
24091,Václav Jakoubek
24092,Véro Tshanda Beya Mputu
24093,Véronique Alain
24094,Véronique Fauconnet
24095,Vítor de Almeida
24096,Võ Liên
24097,W
24098,W. Earl Brown
24099,W. Kamau Bell
24100,W. Tré Davis
24101,Waad Al-Khateab
24102,Waad Mohammed
24103,Wadah Khanfar
24104,Wade
24105,Wade I. Ramsey
24106,Wagner Moura
24107,Wah Yuen
24108,Wai Ching Ho
24109,Wai-Keung Chu
24110,Waldemar Kobus
24111,Waleed Abdel Ghany
24112,Waleed Zuaiter
24113,Walid Khalid Dawood
24114,Waliek
24115,Walker Babington
24116,Wallace
24117,Wallace Chung
24118,Wallace Huo
24119,Wallace Langham
24120,Wallace Shawn
24121,Wallis Day
24122,Wally Dalton
24123,Wally Dunn
24124,Walter
24125,Walter Cignoli
24126,Walter Cronkite
24127,Walter Finnie Jr.
24128,Walter Koenig
24129,Walter Lassally
24130,Walter Mercado
24131,Walter Mondale
24132,Walter Mosley
24133,Walter Murch
24134,Walter Nothmann
24135,Walter Perez
24136,Walter Platz
24137,Walter Ray Williams
24138,Walter Velasquez
24139,Walton Goggins
24140,Wanda Sykes
24141,Wang Jinchun
24142,Wang Xi'An
24143,Wanmin Lee
24144,Ward Horton
24145,Warda Rammach
24146,Warren Beatty
24147,Warren Bub
24148,Warren Christie
24149,Warren Ellis
24150,Warren Masemola
24151,Warrick Grier
24152,Warwick Davis
24153,Wass Stevens
24154,Waymond Lee
24155,Wayne Barrett
24156,Wayne Blair
24157,Wayne Brady
24158,Wayne Duv
24159,Wayne Duvall
24160,Wayne Gretzky
24161,Wayne Knight
24162,Wayne Kramer
24163,Wayne Morse
24164,Wayne Pére
24165,Wayne Shorter
24166,Wayne White
24167,Wei Kong
24168,Wei Tang
24169,Wei Zhao
24170,Weird Al Yankovic
24171,Weiwei Liu
24172,Welker White
24173,Wen Jiang
24174,Wendell Berry
24175,Wendell Pierce
24176,Wendi McLendon-Covey
24177,Wendie Malick
24178,Wendy Brown
24179,Wendy Carlos
24180,Wendy Colton
24181,Wendy Crewson
24182,Wendy Makkena
24183,Wendy Meredith
24184,Wendy Miklovic
24185,Wendy Moniz
24186,Wendy Morgan
24187,Wendy Nottingham
24188,Wendy Taylor
24189,Wendy Whelan
24190,Wentworth Miller
24191,Werner Daehn
24192,Werner De Smedt
24193,Werner Herzog
24194,Weronika Rosati
24195,Wes Anderson
24196,Wes Bentley
24197,Wes Brown
24198,Wes Chatham
24199,Wes Ramsey
24200,Wesley Han
24201,Wesley Jonathan
24202,Wesley Singerman
24203,Wesley Snipes
24204,Weston Cage
24205,Whitmer Thomas
24206,Whitney Able
24207,Whitney Cummings
24208,Whitney Goin
24209,Whitney Houston
24210,Whitney Moore
24211,Whoopi Goldberg
24212,Wi
24213,Wiktor Zborowski
24214,Wiktoria Filus
24215,Wil Wheaton
24216,Wiley M. Pickett
24217,Wilford Brimley
24218,Wilhelm Enckell
24219,Wilhelmina Blanchard
24220,Wilky Lau
24221,Will
24222,Will Allen
24223,Will Arnett
24224,Will Attenborough
24225,Will Blagrove
24226,Will Blomker
24227,Will Bouvier
24228,Will Bowes
24229,Will Brill
24230,Will Brisbin
24231,Will Brittain
24232,Will Buie Jr.
24233,Will Chase
24234,Will Dalton
24235,Will Ferrell
24236,Will Forte
24237,Will Friedle
24238,Will Harris
24239,Will Hochman
24240,Will i Am
24241,Will Keen
24242,Will Kemp
24243,Will Madden
24244,Will McGarry
24245,Will McNeill
24246,Will More
24247,Will O'Connor
24248,Will Patton
24249,Will Poulter
24250,Will Rothhaar
24251,Will Sasso
24252,Will Shortz
24253,Will Smith
24254,Will Stephen
24255,Will Tilst
24256,Will Wallace
24257,Will Yun Lee
24258,Willa Fitzgerald
24259,Willam Belli
24260,Wille
24261,Willem
24262,Willem Dafoe
24263,William 'Big Sleeps' Stewart
24264,William Aydelott
24265,William B. Davis
24266,William Barber
24267,William Belleau
24268,William Bloomfield
24269,William Boyce Blanchette
24270,William Branner
24271,William Candela
24272,William Catlett
24273,William Coleman
24274,William Cross
24275,William DeMeo
24276,William DeMeritt
24277,William Devane
24278,William Do
24279,William Drain
24280,William Dufault
24281,William F. Buckley
24282,William Fichtner
24283,William Ford
24284,William Ford Jr.
24285,William Ford Sr.
24286,William Francesco Allen
24287,William Friedkin
24288,William Genovese
24289,William H. Macy
24290,William Hanson
24291,William Hill
24292,William Hurt
24293,William J. Barber II
24294,William Jackson Harper
24295,William Kircher
24296,William Linn
24297,William MacDonald
24298,William Mann
24299,William Mapother
24300,William Mark McCullough
24301,William Michael Payne
24302,William Miller
24303,William Moseley
24304,William Peltz
24305,William Peter Blatty
24306,William Prociuk
24307,William Ruane
24308,William Sadler
24309,William Shatner
24310,William Sm
24311,William Tokarsky
24312,William Vanden Heuvel
24313,William W. Barbour
24314,William Withers
24315,William Xifaras
24316,William Zappa
24317,Willie C. Carpen
24318,Willie C. Carpenter
24319,Willie Garson
24320,Willie Hen
24321,Willow Shields
24322,Willy Acosta
24323,Willy McGee
24324,Wilmer Valderrama
24325,Wilson Cruz
24326,Wilson Gonzalez Ochsenknecht
24327,Wilson Jermaine Heredia
24328,Wilson Pickett
24329,Wilson Rabelo
24330,Wilson Salazar
24331,Wim Opbrouck
24332,Wim Wenders
24333,Win Morisak
24334,Win Morisaki
24335,Winnie Böwe
24336,Winnie Hung
24337,Winona Ryder
24338,Winslow Fegley
24339,Winston Chao
24340,Winston Churchil
24341,Winston Duke
24342,Wislanda Louimat
24343,Wojciech Mecwaldowski
24344,Wolf
24345,Wolf Blitzer
24346,Wolf Kahler
24347,Wolfgang Hübsch
24348,Wolfgang Michael
24349,Wolfgang Novogratz
24350,Wolfgang Puck
24351,Wolfram Koch
24352,Wong He
24353,Woo-sik Choi
24354,Woo-sung Jung
24355,Wood Harris
24356,Woody Allen
24357,Woody Culleton
24358,Woody Fu
24359,Woody Har
24360,Woody Harrelson
24361,Woody Norman
24362,Wotan Wilke Möhring
24363,Wouter Hendrickx
24364,Wu Bai
24365,Wu Jiang
24366,Wunmi Mosaku
24367,Wyatt Cenac
24368,Wyatt N
24369,Wyatt Oleff
24370,Wyatt Russell
24371,Wyatt Walters
24372,Wynand Ferreira
24373,Wynn Everett
24374,Wynn Reichert
24375,X Mayo
24376,Xabiani Ponce de León
24377,Xana Tang
24378,Xanaë Bove
24379,Xander Berkeley
24380,Xander Estin
24381,Xander Steenman
24382,Xavi Sánchez
24383,Xavier Beauvois
24384,Xavier Dolan
24385,Xavier Grobet
24386,Xavier Horan
24387,Xavier Loyer
24388,Xavier Maly
24389,Xavier Pérez
24390,Xavier Samuel
24391,Xelo Cagiao
24392,Xena
24393,Xenia Kalogeropoulou
24394,Xhejlane Terbunja
24395,Xiang Rong Dong
24396,Xiao Shen-Yang
24397,Xiao Sun
24398,Xiaofeng Li
24399,Xiaofeng Ma
24400,Xiaogang Feng
24401,Xiaoming Huang
24402,Xiaotong Guan
24403,Xiaoyi Liu
24404,Xiaoyu Liu
24405,Ximan Huang
24406,Ximena Romo
24407,Xing Jing
24408,Xingjun Zhao
24409,Xinyi Zhang
24410,Xinyue Jiang
24411,Xosha Roquemore
24412,Xuan Huang
24413,Xuan Li
24414,Xueqi Wang
24415,Xun Zhou
24416,Xuna Primus
24417,Xzibit
24418,Y
24419,Y'lan Noel
24420,Y. Lan
24421,Yaakov Peri
24422,Yaani King
24423,Yael Bar-Zohar
24424,Yael Tadeo
24425,Yael Tal
24426,Yago Martínez
24427,Yagoub Alfarhan
24428,Yahya Abdul-Mateen II
24429,Yahya Mahayni
24430,Yaldash Mir-Habibullah
24431,Yalitza Aparicio
24432,Yamée Couture
24433,Yan Liu
24434,Yan Su
24435,Yan Xi
24436,Yana Novikova
24437,Yana Yanezic
24438,Yance Ford
24439,Yancey Arias
24440,Yang Caiyu
24441,Yang Siming
24442,Yang Xuejian
24443,Yang Yang
24444,Yang Zhang
24445,Yani Gellman
24446,Yanic Truesdale
24447,Yanina Studilina
24448,Yanitsa Mihailova
24449,Yaniv Biton
24450,Yanmin Bi
24451,Yann Goven
24452,Yann Sundberg
24453,Yann Yann Yeo
24454,Yannick Bisson
24455,Yannis Economides
24456,Yara Shahidi
24457,Yardly Kavanagh
24458,Yasamin Keshtkar
24459,Yasha Jackson
24460,Yashua Mack
24461,Yasmin Kassim
24462,Yasmin Paige
24463,Yasmine Aker
24464,Yasmine Al-Bustami
24465,Yasmine Dehaene-Modrikamen
24466,Yasser Ali Maher
24467,Yassine Fadel
24468,Yassine Tarsimi
24469,Yassine Zeroual
24470,Yasuaki Kurata
24471,Yasunari Takeshima
24472,Yasuo Yamada
24473,Yasuyo Shiba
24474,Yauenkü Migue
24475,Yawen Zhu
24476,Yaya DaCosta
24477,Yayan Ruhian
24478,Yayoi Kusama
24479,Yazzmin Newell
24480,Ye Liu
24481,Ye-Ji Min
24482,Ye-ri Han
24483,Ye-Won Lee
24484,Yea-Ming Chen
24485,Yeardley Smith
24486,Yehuda Almagor
24487,Yehuda Bauer
24488,Yehuda Lerner
24489,Yehuda Levi
24490,Yehuda Nahari
24491,Yekaterina Golubeva
24492,Yekaterina Kulkina
24493,Yelawolf
24494,Yelena Lyadova
24495,Yelena Morozova
24496,Yeo-Jong Yun
24497,Yeong-su Oh
24498,Yevgeni Sidikhin
24499,Yi Huang
24500,Yi Zhang
24501,Yi Zheng
24502,Yi'nan Diao
24503,Yiannis Cheliotis
24504,Yiannis Logothetis
24505,Yibai Zhang
24506,Yichi Zhang
24507,Yicong Zhang
24508,Yifei Liu
24509,Yiftach Klein
24510,Yigal Naor
24511,Yin Zhusheng
24512,Yindi Cao
24513,Ying-Xuan Hsieh
24514,Yiorgos Kendros
24515,Yitzhak Rabin
24516,Yiu-Sing Lam
24517,Yiwen Chen
24518,Yixin Hu
24519,Yllka Gashi
24520,Ylva Gustafsson
24521,Ynairaly Simo
24522,Yo-Hsing Fang
24523,Yoann Zimmer
24524,Yoav Levi
24525,Yoel Falkowitz
24526,Yoel Weisshaus
24527,Yoga Pratama
24528,Yohanan Herson
24529,Yohance Myles
24530,Yoko Maki
24531,Yoland
24532,Yolanda Kettle
24533,Yolande Moreau
24534,Yolonda Ross
24535,Yonah Odoom
24536,Yonaton Shiray
24537,Yong Kang
24538,Yongbo Jiang
24539,Yongzhong Chen
24540,Yonit Tobi
24541,Yoo-rim Park
24542,Yoon Heesun
24543,Yordanos Shiferaw
24544,Yorick van Wageningen
24545,Yosef Carmon
24546,Yoshi Oida
24547,Yoshi Sudarso
24548,Yoshiaki Umegaki
24549,Yoshihiko Hakamada
24550,Yoshihiko Hosoda
24551,Yoshiki Hayashi
24552,Yoshiko Sakuma
24553,Yoshimasa Hosoya
24554,Yoshitsugu Matsuoka
24555,Yoson An
24556,Yotam Ottolenghi
24557,Yothin Udomsanti
24558,You Ge
24559,You-young Lee
24560,Youki Kudoh
24561,Youla Boudali
24562,Young Dais
24563,Young-hwa Seo
24564,Yousef 'Joe' Sweid
24565,Yousef Erakat
24566,Youssef Sahraoui
24567,Yousuf Azami
24568,Yu Hua
24569,Yu Mizuh
24570,Yu Shi
24571,Yu Wu
24572,Yu Xia
24573,Yu Xing
24574,Yu Zhang
24575,Yuan On
24576,Yuan Sui
24577,Yuanyuan Zhang
24578,Yuberbi de la Rosa
24579,Yuchang Peng
24580,Yue Guo
24581,Yue Wu
24582,Yueh-hsin Chu
24583,Yuen Chor
24584,Yuexin Wang
24585,Yuhei Sakuragi
24586,Yui Ishikawa
24587,Yui Natsukawa
24588,Yuji Okumoto
24589,Yuki Kaji
24590,Yuki Matsuoka
24591,Yuki Saitô
24592,Yukihiro Takahashi
24593,Yukinori Nakamura
24594,Yul Vazquez
24595,Yuliya Aug
24596,Yuliya Burova
24597,Yuliya Vysotskaya
24598,Yumiko Shaku
24599,Yumyaagiin Tsedenbal
24600,Yun Tang
24601,Yun-Fat Chow
24602,Yun-Ping He
24603,Yunfei Miao
24604,Yung-Feng Lee
24605,Yunhee Cho
24606,Yuri Andropov
24607,Yuri Kolokolnikov
24608,Yuri Tsunematsu
24609,Yuriko Yamaguchi
24610,Yurino
24611,Yuriy Borisov
24612,Yuriy Stoyanov
24613,Yusef Salaam
24614,Yusra Warsama
24615,Yutaka Aoyama
24616,Yutaka Izumihara
24617,Yutaka Matsushige
24618,Yuval Diskin
24619,Yuval Segal
24620,Yuzuki Akiyama
24621,Yvain Juillard
24622,Yvan Attal
24623,Yvelis
24624,Yves Boulen
24625,Yves Jacques
24626,Yves Larec
24627,Yves Montand
24628,Yves Saint-Laurent
24629,Yvette Freeman
24630,Yvette Lashawn Williams
24631,Yvette Monre
24632,Yvette Monreal
24633,Yvonne Cormier
24634,Yvonne Huff
24635,Yvonne Maalouf
24636,Yvonne Marceau
24637,Yvonne Orji
24638,Yvonne Strahovski
24639,Yvonne Zipter
24640,Yôichi Numata
24641,Yôko Hikasa
24642,Yôko Moriguchi
24643,Yôko Yamamoto
24644,Yôsuke Saitô
24645,Yû Aoi
24646,Yû Koyanagi
24647,Yûki Amami
24648,Yûki Kaneko
24649,Yûki Ohnishi
24650,Yûki Yamada
24651,Yûko Kaida
24652,Yûko Miyamura
24653,Yûya Yagira
24654,Za
24655,Zabryna Guevara
24656,Zac Abbott
24657,Zac Beresford
24658,Zac Efron
24659,Zach Adkins
24660,Zach Aguilar
24661,Zach Avery
24662,Zach Braff
24663,Zach Cherry
24664,Zach Cregger
24665,Zach Galifianakis
24666,Zach Gilford
24667,Zach Grenier
24668,Zach McGowan
24669,Zach Mooney
24670,Zach Roerig
24671,Zach Rose
24672,Zach Woods
24673,Zachariah Supka
24674,Zachary Andrew Turner
24675,Zachary Bennett
24676,Zachary Booth
24677,Zachary Davis Brown
24678,Zachary Gordon
24679,Zachary Haven
24680,Zachary Hernandez
24681,Zachary Herries
24682,Zachary Knighton
24683,Zachary Levi
24684,Zachary Quin
24685,Zachary Quinto
24686,Zachary Sayle
24687,Zachery Byrd
24688,Zachery Ty Bryan
24689,Zack Duhame
24690,Zack Fox
24691,Zack Gold
24692,Zack Gottsagen
24693,Zack Grech
24694,Zack Lee
24695,Zack Mulligan
24696,Zack Pearlman
24697,Zack Weiner
24698,Zackary Arthur
24699,Zackary Drucker
24700,Zahia Dehar
24701,Zahn McClarnon
24702,Zahra Amir Ebrahimi
24703,Zahra Anderson
24704,Zahra Bahrami
24705,Zahra Fazili
24706,Zahra Mehrwarz
24707,Zain Al Rafeea
24708,Zainne Saleh
24709,Zak Steiner
24710,Zakieh Behbahani
24711,Zakiyyah Deen
24712,Zalán Makranczi
24713,Zamira Franco
24714,Zander James
24715,Zandus Snow
24716,Zandy Hartig
24717,Zane Alsar
24718,Zane Clifford
24719,Zane Pais
24720,Zara Devlin
24721,Zara Howell
24722,Zara Michales
24723,Zarah Leander
24724,Zarah Mahler
24725,Zaria Kelley
24726,Zawe Ashton
24727,Zayn Malik
24728,Zaynep Tufekci
24729,Zaz
24730,Zazie Beetz
24731,Zbigniew Rybczynski
24732,Zbigniew Zamachowski
24733,Zdzislaw Wardejn
24734,Ze'ev Revach
24735,Zelda Rubinstein
24736,Zendaya
24737,Zeng Meihuizi
24738,Zenobia Shroff
24739,Zethu Dlomo
24740,Zhang Junyi
24741,Zhang Lei
24742,Zhang Wen
24743,Zhao Shuzhen
24744,Zhao-Yan Guo-Zhang
24745,Zhenda Tian
24746,Zhendong Ke
24747,Zheng Wei Tong
24748,Zheng Xu
24749,Zhengting Zhu
24750,Zhi-zhong Huang
24751,Zhila Shahi
24752,Zhongyang Baomu
24753,Zhou Chen
24754,Zhou Enlai
24755,Zhu Changlong
24756,Ziad Abaza
24757,Ziah Colon
24758,Ziauddin Yousafzai
24759,Zie Souwand
24760,Ziggy Baitinger
24761,Ziggy Marley
24762,Zihan Gong
24763,Zihara Llana
24764,Zijian Dong
24765,Zina Anaplioti
24766,Zina Natalia Zinchenko
24767,Zinaida Gasoiani
24768,Zitao Huang
24769,Ziyi Zhang
24770,Zlatko Buric
24771,Zoe Amber
24772,Zoe Borde
24773,Zoe Chao
24774,Zoe Fish
24775,Zoe Graham
24776,Zoe Kazan
24777,Zoe Levin
24778,Zoe Lister Jones
24779,Zoe Margaret Colletti
24780,Zoe McLane
24781,Zoe McLellan
24782,Zoe Renee
24783,Zoe Saldana
24784,Zoe Tyson
24785,Zoe Weizenbaum
24786,Zoe Zandvliet
24787,Zoey Deutch
24788,Zoey Luna
24789,Zoey Vargas
24790,Zofia Perczynska
24791,Zofia Wichlacz
24792,Zohar Shtrauss
24793,Zoie Palmer
24794,Zolee Griggs
24795,Zoltan Boka
24796,Zoltán Cservák
24797,Zoltán Schneider
24798,Zooey Deschanel
24799,Zora Casebere
24800,Zora Howard
24801,Zorie Barber
24802,Zorion Eguileor
24803,Zosia Mamet
24804,Zoya Makhlina
24805,Zoé Bruneau
24806,Zoé P
24807,Zoë Bell
24808,Zoë Krav
24809,Zoë Kravitz
24810,Zoë Lescaze
24811,Zoë Poledouris
24812,Zoë Soul
24813,Zsolt Nagy
24814,Zsolt Páll
24815,Zsuzsa Járó
24816,Zsófia Psotta
24817,Zubaida Sahar
24818,Zubin Cooper
24819,Zubin Mehta
24820,Zulay Henao
24821,Zuleikha Robinson
24822,Zunon François Lopez
24823,Zurab Gogaladze
24824,Zuzana Konecná
24825,Zuzana Mauréry
24826,Zuzanna Szadkowski
24827,Zylan Brooks
24828,Zélie Boulant
24829,Zübeyde Bulut
24830,Àlex Brendemühl
24831,Àlex Monner
24832,Ági Szirtes
24833,Áine Rose Daly
24834,Ángel de Andrés López
24835,Ángela Molina
24836,Ángeles Cruz
24837,Ævar Þór Benediktsson
24838,Édgar Ramírez
24839,Élodie Navarre
24840,Émile Bilodeau
24841,Émilie Dequenne
24842,Émilien Néron
24843,Éric Bruneau
24844,Étienne Galloy
24845,Éva Bandor
24846,Éva Bata
24847,Éva Magyar
24848,Ída Mekkín Hlynsdóttir
24849,Ólafur Darri Ólafsson
24850,Óscar Jaenada
24851,Óscar Zafra
24852,Öner Erkan
24853,Özay Fecht
24854,Özlem Saglanmak
24855,Ørjan Gamst
24856,Úrsula Corberó
24857,Þorsteinn Bachmann
24858,Þorsteinn Gunnar Bjarnason
24859,Þröstur Leó Gunnarsson
24860,Þuríður Blær Jóhannsdóttir
24861,Željko
