movieid,title,runtime,budget,rating_group,userscore,metascore,gap,abs_gap,theater_count,worldwide,roi
3,My Dog Skip,95.0,7000000,PG,79,61,18,18,5.0,35795319,5.113617
4,Next Friday,98.0,9500000,R,63,41,22,22,1103.0,59675307,6.281611263157894
5,Supernova,90.0,60000000,R,58,19,39,39,2280.0,14816494,0.24694156666666667
6,Down to You,91.0,9000000,PG-13,54,13,41,41,1971.0,20035310,2.2261455555555556
8,Eye of the Beholder,109.0,15000000,R,18,29,-11,11,1751.0,18260865,1.217391
14,Gun Shy,101.0,60000000,R,84,42,42,42,296.0,1638202,0.027303366666666665
16,Scream 3,116.0,40000000,R,82,56,26,26,3467.0,161838076,4.0459519
18,Sex: The Annabel Chong Story,,1000000,Not Rated,30,37,-7,7,1.0,233076,0.233076
19,Snow Day,89.0,13000000,PG,80,34,46,46,2664.0,62452927,4.804071307692308
20,The Beach,119.0,50000000,R,82,43,39,39,2547.0,39778599,0.79557198
21,The Tigger Movie,77.0,20000000,G,69,53,16,16,2723.0,96147688,4.8073844
23,Boiler Room,120.0,9000000,R,25,63,-38,38,1335.0,28773637,3.197070777777778
24,Hanging Up,94.0,40000000,PG-13,68,33,35,35,2618.0,51867723,1.296693075
26,Pitch Black,109.0,23000000,Unrated,87,49,38,38,1832.0,53182088,2.312264695652174
28,The Whole Nine Yards,98.0,24000000,R,86,47,39,39,2910.0,85527867,3.563661125
32,Reindeer Games,104.0,36000000,R,15,37,-22,22,2204.0,23360779,0.6489105277777778
35,Wonder Boys,107.0,35000000,R,80,73,7,7,1253.0,33422485,0.9549281428571429
36,3 Strikes,82.0,4000000,R,45,11,34,34,678.0,9821335,2.45533375
37,Drowning Mona,96.0,16000000,PG-13,76,25,51,51,1981.0,15980376,0.9987735
38,Ghost Dog: The Way of the Samurai,116.0,2000000,R,78,67,11,11,14.0,10672492,5.336246
39,The Next Best Thing,108.0,25000000,PG-13,76,25,51,51,2007.0,24355762,0.97423048
40,What Planet Are You From?,105.0,50000000,R,65,41,24,24,2248.0,6291602,0.12583204
43,Mission to Mars,114.0,90000000,PG,66,34,32,32,3054.0,106000000,1.1777777777777778
44,The Ninth Gate,133.0,38000000,R,87,44,43,43,1586.0,58394308,1.5366923157894736
46,Erin Brockovich,130.0,50000000,R,82,73,9,9,2848.0,257805243,5.15610486
47,Final Destination,98.0,23000000,R,87,36,51,51,2587.0,112036870,4.871168260869565
49,Soft Fruit,101.0,20000000,R,66,56,10,10,1.0,11132,0.0005566
51,Romeo Must Die,115.0,25000000,R,72,52,20,20,2641.0,91036760,3.6414704
52,Winter Sleepers,122.0,20000000,Not Rated,67,68,-1,1,3.0,316431,0.01582155
53,Buddy Boy,105.0,21000000,R,73,36,37,37,2.0,10281,0.0004895714285714286
54,Here on Earth,96.0,15000000,PG-13,86,25,61,61,1714.0,10845127,0.7230084666666666
56,The Color of Paradise,90.0,12000000,PG,85,80,5,5,5.0,1810145,0.15084541666666668
57,Waking the Dead,105.0,20000000,R,73,59,14,14,62.0,327418,0.0163709
59,X,97.0,21000000,R,41,40,1,1,1.0,142544,0.006787809523809524
60,Beau Travail,90.0,12000000,Not Rated,76,91,-15,15,2.0,270419,0.02253491666666667
61,High Fidelity,113.0,20000000,R,85,79,6,6,1183.0,47881663,2.39408315
62,Price of Glory,118.0,12000000,PG-13,80,32,48,48,802.0,3434515,0.28620958333333335
63,The Road to El Dorado,89.0,95000000,PG,73,51,22,22,3218.0,65700000,0.6915789473684211
64,The Skulls,106.0,15000000,PG-13,70,24,46,46,2412.0,35007180,2.333812
65,Black and White,98.0,12000000,NC-17,56,47,9,9,1284.0,5241315,0.43677625
69,Ready to Rumble,107.0,24000000,PG-13,84,23,61,61,2585.0,12372410,0.5155170833333333
71,Return to Me,115.0,24000000,PG,65,54,11,11,2007.0,32662299,1.360929125
72,Rules of Engagement,128.0,60000000,R,65,45,20,20,3155.0,71719931,1.1953321833333332
74,The Filth and the Fury,108.0,1000000,TV,70,82,-12,12,1.0,612192,0.612192
75,28 Days,103.0,43000000,PG-13,60,46,14,14,2523.0,62063972,1.4433481860465116
76,American Psycho,102.0,8000000,NC-17,87,64,23,23,1236.0,34270285,4.283785625
78,Keeping the Faith,128.0,29000000,PG-13,84,60,24,24,2152.0,45336404,1.563324275862069
79,Set Me Free,95.0,20000000,Not Rated,74,80,-6,6,1.0,199086,0.0099543
80,The Girl Next Door,82.0,25000000,Not Rated,53,69,-16,16,1.0,769472,0.03077888
81,The Specialist,128.0,1000000,Not Rated,58,75,-17,17,,20021,0.020021
84,Croupier,94.0,12000000,Unrated,66,75,-9,9,19.0,7071143,0.5892619166666667
86,Gossip,90.0,14000000,R,11,31,-20,20,1525.0,12591270,0.8993764285714285
88,Love & Basketball,124.0,15000000,PG-13,80,70,10,10,1237.0,27709625,1.8473083333333333
90,The Virgin Suicides,97.0,6000000,R,74,76,-2,2,18.0,10619770,1.7699616666666667
91,U-571,116.0,62000000,PG-13,68,62,6,6,2583.0,127630030,2.058548870967742
93,Committed,98.0,20000000,R,53,44,9,9,6.0,31844,0.0015922
94,Frequency,118.0,31000000,PG-13,88,67,21,21,2621.0,68079671,2.1961184193548386
95,The Big Kahuna,90.0,12000000,TV,70,56,14,14,8.0,3713451,0.30945425
96,The Flintstones in Viva Rock Vegas,90.0,58000000,PG,41,27,14,14,3040.0,59431365,1.0246787068965517
97,The Idiots,117.0,20000000,R,73,47,26,26,2.0,10576,0.0005288
99,Where the Heart Is,120.0,15000000,PG-13,69,30,39,39,2437.0,40862054,2.7241369333333334
101,Gladiator,155.0,103000000,R,88,67,21,21,2938.0,456435588,4.431413475728156
102,Human Traffic,99.0,3300000,R,85,53,32,32,5.0,5422740,1.6432545454545455
103,I Dreamed of Africa,114.0,34000000,PG-13,72,33,39,39,2112.0,14291999,0.4203529117647059
110,Up at the Villa,115.0,12000000,PG-13,66,57,9,9,89.0,3740113,0.31167608333333335
111,Battlefield Earth: A Saga of the Year 3000,118.0,80000000,PG-13,20,9,11,11,3307.0,29725663,0.3715707875
112,Center Stage,115.0,18000000,PG-13,48,52,-4,4,1506.0,21361109,1.186728277777778
114,Hamlet,112.0,10000000,R,64,70,-6,6,4.0,2419669,0.2419669
115,Held Up,89.0,8000000,PG-13,53,21,32,32,688.0,4714090,0.58926125
116,Kadosh,110.0,12000000,Not Rated,40,70,-30,30,3.0,736812,0.061401
117,Screwed,81.0,12000000,PG-13,81,7,74,74,1759.0,6982680,0.58189
120,Dinosaur,82.0,127500000,PG,73,56,17,17,3257.0,356148063,2.7933181411764707
122,Road Trip,93.0,16000000,Unrated,50,55,-5,5,2530.0,119739110,7.483694375
123,Small Time Crooks,94.0,18000000,PG,67,69,-2,2,865.0,29934477,1.6630265
128,Passion of Mind,105.0,12000000,PG-13,52,28,24,24,104.0,769009,0.06408408333333333
129,Shanghai Noon,110.0,55000000,PG-13,85,77,8,8,2711.0,71189835,1.2943606363636364
131,Big Momma's House,98.0,33000000,PG-13,65,33,32,32,2802.0,173559438,5.259376909090909
132,Grass,80.0,20000000,R,79,64,15,15,2.0,313039,0.01565195
133,Running Free,81.0,20000000,G,50,22,28,28,100.0,101431,0.00507155
135,American Pimp,87.0,1000000,R,52,59,-7,7,5.0,287724,0.287724
137,Groove,86.0,500000,R,85,54,31,31,9.0,1167524,2.335048
138,Love's Labour's Lost,93.0,20750000,PG,66,35,31,31,2.0,284291,0.01370077108433735
141,Boys and Girls,94.0,16000000,PG-13,69,29,40,40,1983.0,21799652,1.36247825
144,Jesus' Son,107.0,2500000,R,68,76,-8,8,1.0,1687548,0.6750192
146,Shaft,99.0,53012938,R,81,50,31,31,2337.0,107190108,2.0219612804708165
148,Titan A.E.,94.0,75000000,PG,84,48,36,36,2734.0,36751979,0.49002638666666665
149,Chicken Run,84.0,42000000,G,80,88,-8,8,2491.0,227793915,5.423664642857143
150,"Me, Myself & Irene",116.0,51000000,R,78,49,29,29,3019.0,149270999,2.9268823333333334
152,The Patriot,165.0,110000000,Unrated,68,63,5,5,3061.0,215300000,1.9572727272727273
154,The Adventures of Rocky & Bullwinkle,,76000000,PG,58,36,22,22,2458.0,35129610,0.4622317105263158
155,The Perfect Storm,130.0,120000000,PG-13,61,59,2,2,3407.0,328711434,2.73926195
157,But I'm a Cheerleader,85.0,1200000,R,77,39,38,38,4.0,2509344,2.09112
158,I'm the One That I Want,96.0,10000000,Unrated,74,81,-7,7,2.0,1210967,0.1210967
159,Scary Movie,88.0,19000000,R,38,48,-10,10,2912.0,277200000,14.589473684210526
162,The Kid,104.0,7000000,PG,64,45,19,19,2167.0,69688384,9.955483428571428
164,Shadow Hours,95.0,20000000,R,83,26,57,57,7.0,38530,0.0019265
165,The Five Senses,106.0,27000000,R,65,56,9,9,2.0,497091,0.01841077777777778
166,The Wisdom of Crocodiles,98.0,20000000,R,81,58,23,23,1.0,21404,0.0010702
168,X-Men,104.0,75000000,PG-13,78,64,14,14,3025.0,296872367,3.958298226666667
169,The In Crowd,105.0,15000000,PG-13,24,14,10,10,1357.0,5217498,0.3478332
174,Loser,98.0,20000000,PG-13,87,35,52,52,2016.0,18250106,0.9125053
176,The Eyes of Tammy Faye,79.0,12000000,PG-13,61,69,-8,8,2.0,1080004,0.09000033333333333
177,What Lies Beneath,130.0,90000000,PG-13,69,51,18,18,2813.0,288693989,3.207710988888889
178,Thomas and the Magic Railroad,85.0,19000000,G,58,19,39,39,2106.0,15911332,0.8374385263157895
180,Girl on the Bridge,90.0,20750000,R,74,75,-1,1,6.0,1731354,0.08343874698795181
181,Nutty Professor II: The Klumps,106.0,84000000,Unrated,56,38,18,18,3242.0,166307945,1.979856488095238
182,The Wind Will Carry Us,118.0,20000000,Not Rated,76,86,-10,10,2.0,255568,0.0127784
183,Wonderland,108.0,20000000,R,84,71,13,13,4.0,1819527,0.09097635
185,Coyote Ugly,100.0,45000000,Unrated,59,27,32,32,2653.0,113916474,2.5314772
186,Hollow Man,112.0,90000000,R,48,24,24,24,2956.0,191200000,2.1244444444444444
187,Psycho Beach Party,95.0,4000000,Unrated,85,42,43,43,7.0,267972,0.066993
188,Saving Grace,93.0,4000000,R,69,62,7,7,30.0,27786849,6.94671225
189,Space Cowboys,130.0,65000000,PG-13,63,73,-10,10,2805.0,128874043,1.9826775846153846
190,The Tao of Steve,87.0,20750000,TV,80,70,10,10,9.0,4406030,0.21233879518072288
194,Autumn in New York,103.0,40000000,PG-13,74,24,50,50,2255.0,90717684,2.2679421
195,Bless the Child,107.0,40000000,R,39,17,22,22,2524.0,40435694,1.01089235
198,Sunset Strip,90.0,20000000,R,79,33,46,46,2.0,3926,0.0001963
200,The Replacements,118.0,50000000,PG-13,82,30,52,52,2754.0,50054511,1.00109022
201,Godzilla 2000,99.0,1000000,PG,70,41,29,29,2111.0,10037390,10.03739
203,Steal This Movie,107.0,20000000,R,46,36,10,10,11.0,76053,0.00380265
205,The Cell,107.0,35000000,R,87,40,47,47,2411.0,85911226,2.454606457142857
206,The Original Kings of Comedy,115.0,3000000,R,59,73,-14,14,847.0,38236338,12.745446
207,Bittersweet Motel,82.0,1000000,Not Rated,80,47,33,33,8.0,380927,0.380927
212,Orfeu,110.0,20000000,Not Rated,72,52,20,20,3.0,121045,0.00605225
215,The Art of War,117.0,40000000,R,75,30,45,45,2630.0,40390931,1.009773275
216,The Crew,88.0,23000000,PG-13,86,37,49,49,1510.0,13019253,0.5660544782608695
219,Dark Days,94.0,20000000,Not Rated,74,75,-1,1,1.0,435546,0.0217773
220,Highlander: Endgame,87.0,15000000,R,58,21,37,37,1543.0,12801190,0.8534126666666667
223,Whipped,82.0,3000000,NC-17,17,10,7,7,1561.0,4142507,1.3808356666666668
225,Turn It Up,86.0,12000000,R,18,18,0,0,661.0,1244676,0.103723
226,Backstage,86.0,20000000,R,13,29,-16,16,322.0,1184727,0.05923635
227,Nurse Betty,110.0,24000000,R,11,69,-58,58,1459.0,27732366,1.15551525
228,Pola X,134.0,12000000,Not Rated,76,65,11,11,1.0,172107,0.01434225
229,Solas,101.0,12000000,R,78,75,3,3,1.0,367939,0.030661583333333332
230,The Watcher,97.0,33000000,R,13,22,-9,9,2742.0,47267829,1.4323584545454544
231,The Way of the Gun,119.0,9000000,R,23,49,-26,26,1515.0,13061935,1.451326111111111
233,Almost Famous,122.0,60000000,Unrated,61,90,-29,29,131.0,47371191,0.78951985
234,Paragraph 175,81.0,20000000,Not Rated,78,85,-7,7,2.0,89987,0.00449935
236,Bait,119.0,35000000,R,40,39,1,1,2352.0,15471969,0.4420562571428571
237,Crime and Punishment in Suburbia,100.0,20000000,R,58,32,26,26,5.0,26394,0.0013197
238,Duets,112.0,16000000,R,81,40,41,41,581.0,6615452,0.41346575
241,Into the Arms of Strangers: Stories of the Kindertransport,122.0,1000000,PG,74,79,-5,5,5.0,470952,0.470952
242,Urbania,103.0,225000,R,64,73,-9,9,10.0,1032075,4.587
244,Dancer in the Dark,140.0,12500000,R,87,61,26,26,3.0,45556774,3.64454192
246,Left Luggage,100.0,12000000,Unrated,63,51,12,12,1.0,1113208,0.09276733333333333
247,The Fantasticks,86.0,20000000,PG,58,48,10,10,6.0,44757,0.00223785
248,The Specials,82.0,1000000,R,54,38,16,16,2.0,12996,0.012996
250,Tigerland,100.0,12000000,R,67,55,12,12,5.0,139500,0.011625
251,Under Suspicion,110.0,21000000,R,38,43,-5,5,19.0,334245,0.01591642857142857
252,Urban Legends: Final Cut,97.0,15000000,R,30,16,14,14,2539.0,38574362,2.571624133333333
253,Woman on Top,92.0,8000000,R,85,41,44,44,1085.0,10192613,1.274076625
254,Best in Show,90.0,6000000,PG-13,76,78,-2,2,13.0,20695413,3.4492355
256,Beautiful,112.0,9000000,PG-13,20,23,-3,3,646.0,3134509,0.34827877777777777
257,Girlfight,110.0,12000000,R,70,70,0,0,28.0,1523941,0.12699508333333334
258,Remember the Titans,113.0,30000000,Unrated,81,48,33,33,1865.0,136771683,4.5590561
259,The Broken Hearts Club: A Romantic Comedy,94.0,1000000,R,64,51,13,13,7.0,2022442,2.022442
261,Bamboozled,135.0,10000000,TV,66,54,12,12,17.0,2373937,0.2373937
262,Bootmen,95.0,18000000,R,77,45,32,32,11.0,21172,0.0011762222222222222
265,Get Carter,102.0,40000000,R,56,24,32,32,2315.0,19417182,0.48542955
266,Meet the Parents,108.0,55000000,PG-13,86,73,13,13,2614.0,330425040,6.007728
267,Requiem for a Dream,102.0,4500000,Open,88,68,20,20,2.0,7389233,1.6420517777777779
268,Taboo,100.0,21000000,Unrated,70,75,-5,5,2.0,131827,0.00627747619047619
270,Yi Yi,173.0,12000000,Not Rated,85,93,-8,8,1.0,1208123,0.10067691666666667
271,Animal Factory,94.0,12000000,R,70,65,5,5,1.0,132680,0.011056666666666666
272,Billy Elliot,110.0,5000000,R,74,74,0,0,10.0,109252972,21.8505944
275,Just Looking,97.0,3000000,R,87,45,42,42,6.0,39852,0.013284
276,Lost Souls,97.0,28000000,R,21,16,5,5,1970.0,31320293,1.118581892857143
277,One,102.0,21000000,Not Rated,88,61,27,27,16.0,21496,0.0010236190476190475
278,Ratcatcher,94.0,20000000,Not Rated,72,76,-4,4,2.0,888817,0.04444085
279,The Contender,126.0,9000000,R,69,59,10,10,1516.0,17804273,1.9782525555555557
280,The Ladies Man,84.0,11000000,R,49,22,27,27,2022.0,13719474,1.247224909090909
281,Bedazzled,93.0,48000000,PG-13,76,49,27,27,2568.0,90376224,1.882838
282,Calle 54,105.0,1000000,G,40,84,-44,44,1.0,183140,0.18314
284,MVP: Most Valuable Primate,93.0,72250000,PG,52,43,9,9,32.0,1248746,0.017283681660899653
286,The Legend of Drunken Master,99.0,10000000,R,87,74,13,13,1342.0,11546543,1.1546543
287,The Wolves of Kromer,82.0,10000000,Not Rated,74,38,36,36,1.0,11057,0.0011057
288,The Yards,115.0,20000000,Unrated,81,58,23,23,8.0,2282710,0.1141355
289,Sound and Fury,80.0,20000000,Not Rated,70,85,-15,15,2.0,113512,0.0056756
290,A Room for Romeo Brass,90.0,5250000,R,80,65,15,15,3.0,20097,0.003828
291,A Time for Drunken Horses,80.0,12000000,Not Rated,79,78,1,1,16.0,701468,0.05845566666666667
292,Book of Shadows: Blair Witch 2,90.0,15000000,R,34,15,19,19,3317.0,47721314,3.1814209333333334
293,George Washington,89.0,42000,Unrated,74,82,-8,8,5.0,342722,8.160047619047619
295,Lucky Numbers,105.0,65000000,R,45,31,14,14,2497.0,10014234,0.15406513846153846
298,The Little Vampire,95.0,22000000,PG,74,45,29,29,2009.0,13560782,0.6163991818181818
299,The Sculptress,101.0,10000000,R,48,14,34,34,25.0,9972,0.0009972
304,Charlie's Angels,98.0,90000000,PG-13,84,52,32,32,3037.0,259736090,2.8859565555555555
305,Kippur,124.0,20000000,Not Rated,62,75,-13,13,5.0,111449,0.00557245
307,The Legend of Bagger Vance,126.0,60000000,PG-13,86,47,39,39,2061.0,39235486,0.6539247666666667
309,Suzhou River,83.0,20000000,Not Rated,88,76,12,12,2.0,330468,0.0165234
310,Little Nicky,90.0,80000000,PG-13,77,38,39,39,2910.0,58270391,0.7283798875
311,Looking for an Echo,97.0,20000000,R,79,38,41,41,7.0,12565,0.00062825
312,Men of Honor,129.0,32000000,R,77,56,21,21,2092.0,82339483,2.57310884375
315,Red Planet,106.0,80000000,PG-13,83,34,49,49,2703.0,33463969,0.4182996125
317,You Can Count on Me,111.0,1200000,R,84,85,-1,1,8.0,10827356,9.022796666666666
318,Bounce,106.0,35000000,PG-13,73,52,21,21,1918.0,53425292,1.5264369142857144
319,How the Grinch Stole Christmas,104.0,123000000,PG,65,46,19,19,3127.0,345445403,2.808499211382114
322,One Day in September,94.0,20000000,R,84,82,2,2,5.0,155158,0.0077579
325,The 6th Day,123.0,82000000,PG-13,63,49,14,14,2516.0,96024898,1.1710353414634147
326,102 Dalmatians,100.0,85000000,G,51,35,16,16,2704.0,66941559,0.7875477529411765
327,Quills,124.0,13500000,R,73,70,3,3,9.0,11732088,0.8690435555555556
328,The Trench,98.0,20000000,Not Rated,51,58,-7,7,,0,0.0
329,Unbreakable,106.0,73243106,PG-13,83,62,21,21,2708.0,248099143,3.387337819889834
332,Spring Forward,110.0,20000000,R,75,79,-4,4,2.0,102353,0.00511765
333,"Crouching Tiger, Hidden Dragon",120.0,15000000,PG-13,81,94,-13,13,16.0,213514672,14.234311466666666
335,Proof of Life,135.0,65000000,R,68,45,23,23,2705.0,62761005,0.9655539230769231
338,Vertical Limit,124.0,75000000,PG-13,61,48,13,13,2307.0,213500000,2.8466666666666667
339,Chocolat,121.0,25000000,TV,71,64,7,7,8.0,152500343,6.10001372
340,"Dude, Where's My Car?",83.0,13000000,PG-13,60,30,30,30,2087.0,73180297,5.6292536153846155
341,Pollock,122.0,6000000,R,87,77,10,10,2.0,10557291,1.7595485
342,The Emperor's New Groove,78.0,100000000,G,84,70,14,14,2801.0,169630573,1.69630573
344,What Women Want,127.0,65000000,PG-13,78,47,31,31,3012.0,374105123,5.755463430769231
345,Finding Forrester,136.0,43000000,PG-13,85,62,23,23,200.0,80013623,1.8607819302325581
346,The Gift,111.0,5000000,R,82,62,20,20,3.0,44567606,8.9135212
347,Before Night Falls,133.0,12000000,R,68,85,-17,17,8.0,8503459,0.7086215833333334
348,Cast Away,143.0,85000000,PG-13,77,73,4,4,2774.0,427230516,5.026241364705882
349,Dracula 2000,99.0,28000000,R,83,26,57,57,2204.0,33000377,1.178584892857143
351,Miss Congeniality,109.0,45000000,PG-13,38,43,-5,5,2668.0,213420951,4.7426878
352,"O Brother, Where Art Thou?",106.0,26000000,TV,78,69,9,9,5.0,75763814,2.913992846153846
353,State and Main,105.0,18000000,R,62,75,-13,13,72.0,9182500,0.5101388888888889
354,The Family Man,125.0,60000000,PG-13,82,42,40,40,2388.0,124715863,2.0785977166666667
355,The House of Mirth,140.0,10000000,PG,76,78,-2,2,5.0,5149131,0.5149131
356,All the Pretty Horses,116.0,45000000,PG-13,66,55,11,11,,18120267,0.4026726
359,Thirteen Days,145.0,80000000,PG-13,76,67,9,9,8.0,66554547,0.8319318375
360,Vatel,103.0,20000000,PG-13,67,44,23,23,2.0,49464,0.0024732
361,Traffic,147.0,48000000,R,88,86,2,2,4.0,208300000,4.339583333333334
363,Shadow of the Vampire,92.0,8000000,R,85,71,14,14,6.0,8279017,1.034877125
364,The Claim,120.0,13000000,TV,79,62,17,17,1.0,1375635,0.10581807692307692
365,Antitrust,109.0,30000000,PG-13,87,31,56,56,2433.0,17865209,0.5955069666666667
366,Double Take,88.0,1000000,PG-13,76,25,51,51,1631.0,29823162,29.823162
368,Save the Last Dance,112.0,13000000,PG-13,77,53,24,24,2230.0,122244329,9.403409923076923
373,The Amati Girls,91.0,12000000,PG,81,29,52,52,97.0,47767,0.003980583333333333
374,The Pledge,124.0,45000000,R,66,71,-5,5,1275.0,29406132,0.6534696
375,Amy,104.0,1000000,PG-13,73,40,33,33,4.0,6483425,6.483425
377,The Wedding Planner,103.0,28000000,PG-13,46,33,13,13,2785.0,94728529,3.38316175
379,Two Ninas,88.0,20000000,R,68,41,27,27,6.0,10976,0.0005488
381,Head Over Heels,86.0,14000000,PG-13,46,27,19,19,2338.0,10397365,0.7426689285714285
383,Left Behind,96.0,16000000,R,45,22,23,23,867.0,4221341,0.2638338125
384,Nico and Dani,91.0,12000000,R,58,59,-1,1,3.0,370562,0.030880166666666667
385,The Invisible Circus,93.0,12000000,R,53,40,13,13,105.0,496197,0.04134975
386,The Million Dollar Hotel,122.0,20000000,R,76,25,51,51,10.0,52526,0.0026263
387,Valentine,96.0,10000000,R,86,18,68,68,2310.0,20384136,2.0384136
389,Hannibal,131.0,87000000,R,71,57,14,14,3230.0,350100280,4.0241411494252874
391,Saving Silverman,90.0,22000000,R,66,22,44,44,2467.0,25873142,1.1760519090909092
393,The Taste of Others,112.0,20750000,R,69,78,-9,9,2.0,635282,0.030616
394,Company Man,86.0,12000000,PG-13,72,18,54,54,104.0,622273,0.05185608333333333
395,Down to Earth,87.0,30000000,PG-13,83,32,51,51,2521.0,71172251,2.372408366666667
396,Recess: School's Out,82.0,10000000,G,72,43,29,29,2624.0,44451470,4.445147
397,Sweet November,119.0,40000000,PG-13,73,27,46,46,2268.0,65754228,1.6438557
399,3000 Miles to Graceland,125.0,62000000,R,32,21,11,11,2545.0,18708848,0.30175561290322583
400,Last Resort,73.0,20000000,Not Rated,70,80,-10,10,14.0,114657,0.00573285
401,Monkeybone,93.0,75000000,PG-13,78,40,38,38,1722.0,5409517,0.07212689333333333
405,Me You Them,104.0,18000000,PG-13,73,66,7,7,2.0,323403,0.017966833333333335
406,See Spot Run,94.0,16000000,PG,63,24,39,39,2656.0,43057552,2.691097
407,Series 7: The Contenders,86.0,12000000,R,73,55,18,18,2.0,171478,0.014289833333333333
408,The Caveman's Valentine,105.0,13500000,R,38,44,-6,6,16.0,892506,0.06611155555555556
409,The Gospel According to Philip K. Dick,80.0,20000000,Not Rated,24,27,-3,3,2.0,582,2.91e-05
410,The Mexican,123.0,40000000,R,84,43,41,41,2951.0,145238250,3.63095625
411,Blow Dry,94.0,18000000,R,39,38,1,1,157.0,637769,0.03543161111111111
413,15 Minutes,120.0,42000000,R,62,34,28,28,2337.0,56331864,1.3412348571428572
415,Get Over It,87.0,10000000,R,81,52,29,29,1742.0,19860259,1.9860259
419,The Dish,101.0,18000000,PG-13,82,74,8,8,6.0,16252970,0.9029427777777778
420,American Desi,100.0,250000,Unrated,85,50,35,35,38.0,1366235,5.46494
421,Enemy at the Gates,131.0,85000000,R,69,53,16,16,1509.0,96971293,1.1408387411764707
422,Exit Wounds,101.0,33000000,R,78,39,39,39,2830.0,79958599,2.4229878484848486
424,Memento,113.0,5000000,R,89,80,9,9,11.0,39719431,7.9438862
425,Heartbreakers,123.0,38000000,PG-13,83,47,36,36,2750.0,57753825,1.5198375
426,Say It Isn't So,95.0,25000000,R,19,21,-2,2,1974.0,5516708,0.22066832
427,The Brothers,106.0,6000000,R,75,50,25,25,1378.0,27958191,4.6596985
429,Amores Perros,154.0,2000000,R,54,83,-29,29,2.0,20883834,10.441917
432,Spy Kids,88.0,35000000,PG,79,71,8,8,3104.0,197692062,5.6483446285714285
433,The Tailor of Panama,109.0,18000000,R,65,66,-1,1,199.0,27491653,1.5273140555555555
434,Tomcats,95.0,11000000,R,21,15,6,6,2617.0,13558739,1.2326126363636365
436,Along Came a Spider,104.0,28000000,R,65,42,23,23,2530.0,105159085,3.755681607142857
438,Blow,124.0,30000000,R,87,52,35,35,2249.0,83282296,2.7760765333333333
440,Just Visiting,88.0,40000000,PG-13,77,38,39,39,1590.0,16172200,0.404305
441,Mau Mau Sex Sex,80.0,1000000,Not Rated,58,53,5,5,,0,0.0
444,The Day I Became a Woman,78.0,20000000,Not Rated,62,84,-22,22,14.0,344235,0.01721175
445,The Girl,84.0,12000000,Unrated,78,34,44,44,1.0,104883,0.00874025
447,Joe Dirt,91.0,16000000,PG-13,77,20,57,57,2638.0,30987695,1.9367309375
448,Josie and the Pussycats,98.0,22000000,PG,86,47,39,39,2556.0,14307223,0.6503283181818181
449,Kingdom Come,94.0,7000000,TV,72,48,24,24,1111.0,23393939,3.3419912857142857
450,Bridget Jones's Diary,97.0,25000000,R,80,66,14,14,1611.0,277902373,11.11609492
451,Brigham City,119.0,1000000,PG-13,52,62,-10,10,51.0,852206,0.852206
452,Lakeboat,98.0,20000000,R,70,59,11,11,,5159,0.00025795
454,The Body,109.0,21000000,PG-13,63,21,42,42,11.0,33565,0.0015983333333333333
457,Crocodile Dundee in Los Angeles,92.0,25000000,PG,54,37,17,17,2123.0,39393111,1.57572444
458,Freddy Got Fingered,87.0,15000000,NC-17,58,13,45,45,2271.0,14249005,0.9499336666666667
463,Driven,116.0,72000000,PG-13,55,29,26,26,2905.0,54616869,0.758567625
464,One Night at McCool's,93.0,10500000,R,81,46,35,35,1818.0,13441957,1.280186380952381
465,The Forsaken,90.0,5000000,R,73,35,38,38,1514.0,6755271,1.3510542
466,The Golden Bowl,130.0,12000000,R,67,62,5,5,5.0,3037579,0.25313158333333335
467,Town & Country,104.0,105000000,TV,51,34,17,17,2222.0,10364769,0.09871208571428572
470,Eureka,217.0,2000000,Not Rated,67,78,-11,11,14.0,76654,0.038327
471,Pavilion of Women,116.0,20000000,R,84,26,58,58,9.0,77243,0.00386215
472,The Mummy Returns,130.0,98000000,PG-13,31,48,-17,17,3401.0,435040395,4.4391877040816325
474,Time and Tide,113.0,60000000,R,83,60,23,23,3.0,88868,0.0014811333333333333
475,Under the Sand,92.0,12000000,Unrated,74,86,-12,12,2.0,1450106,0.12084216666666667
479,Bread and Roses,110.0,12000000,TV,71,57,14,14,34.0,1282593,0.10688275
480,Sordid Lives,111.0,18000000,R,63,47,16,16,2.0,1111273,0.06173738888888889
481,Startup.com,107.0,1000000,R,70,75,-5,5,1.0,1827627,1.827627
483,The Trumpet of the Swan,75.0,20000000,G,64,27,37,37,125.0,152525,0.00762625
484,Angel Eyes,102.0,38000000,R,42,39,3,3,2375.0,29544532,0.7774876842105263
488,Shrek,90.0,50000000,PG,88,84,4,4,3587.0,491812794,9.83625588
490,Our Song,95.0,20000000,R,76,77,-1,1,1.0,254199,0.01270995
492,Pearl Harbor,183.0,151500000,R,56,44,12,12,3214.0,449239853,2.9652795577557756
493,The Man Who Cried,100.0,12000000,R,75,40,35,35,11.0,1790840,0.14923666666666666
494,The Road Home,89.0,12000000,G,82,71,11,11,6.0,6780090,0.5650075
496,A Love Divided,98.0,20000000,Unrated,58,52,6,6,,0,0.0
497,A Real Young Girl,89.0,20000000,Unrated,62,55,7,7,1.0,15712,0.0007856
498,Big Eden,118.0,12000000,PG-13,85,59,26,26,,512451,0.04270425
500,The Animal,84.0,22000000,Unrated,40,43,-3,3,2788.0,55762229,2.534646772727273
501,What's the Worst That Could Happen?,94.0,30000000,PG-13,67,37,30,30,2675.0,38462071,1.2820690333333333
502,Atlantis: The Lost Empire,95.0,90000000,PG,73,52,21,21,2.0,186049020,2.0672113333333333
504,Dead or Alive,105.0,18000000,Unrated,46,49,-3,3,1.0,3783,0.00021016666666666666
505,Divided We Fall,117.0,12000000,PG-13,76,69,7,7,5.0,1327382,0.11061516666666667
507,Evolution,101.0,80000000,PG-13,64,40,24,24,2611.0,98341932,1.22927415
510,Swordfish,99.0,80000000,R,74,32,42,42,2678.0,147080413,1.8385051625
511,The Anniversary Party,115.0,12000000,R,66,56,10,10,11.0,4898065,0.4081720833333333
512,Sexy Beast,89.0,4300000,R,73,79,-6,6,9.0,10158355,2.3624081395348835
515,Lara Croft: Tomb Raider,100.0,94000000,PG-13,57,33,24,24,3308.0,273330185,2.907767925531915
517,Songcatcher,109.0,1800000,PG-13,79,63,16,16,7.0,3050934,1.6949633333333334
519,Life and Debt,80.0,20000000,Not Rated,83,67,16,16,1.0,258708,0.0129354
522,Dr. Dolittle 2,87.0,72000000,PG,58,49,9,9,3049.0,176101721,2.4458572361111113
523,Jin Roh: The Wolf Brigade,102.0,20000000,R,72,59,13,13,1.0,94591,0.00472955
524,The Fast and the Furious,106.0,38000000,PG-13,77,58,19,19,2628.0,206458372,5.433115052631579
526,Baby Boy,130.0,16000000,R,74,55,19,19,1533.0,28734552,1.7959095
527,Lumumba,115.0,12000000,Not Rated,45,78,-33,33,2.0,685082,0.057090166666666664
529,Come Undone,100.0,20000000,Unrated,82,68,14,14,,325838,0.0162919
532,Pandaemonium,124.0,15000000,PG-13,53,60,-7,7,,1438,9.586666666666666e-05
533,Pootie Tang,81.0,3500000,PG-13,81,31,50,50,712.0,3293258,0.9409308571428572
536,Cats & Dogs,87.0,60000000,PG,59,47,12,12,3040.0,200700000,3.345
537,Scary Movie 2,83.0,45000000,TV,57,29,28,28,3220.0,141189101,3.137535577777778
540,Jump Tomorrow,97.0,20000000,PG,82,68,14,14,8.0,187474,0.0093737
541,Kiss of the Dragon,98.0,25000000,R,82,58,24,24,2025.0,36833473,1.47333892
542,Lost and Delirious,103.0,20000000,R,78,53,25,25,7.0,302365,0.01511825
545,Final Fantasy: The Spirits Within,106.0,137000000,PG-13,62,49,13,13,2649.0,85131830,0.6214002189781022
546,Bully,113.0,2100000,TV,87,45,42,42,6.0,1381824,0.6580114285714286
547,Downtown 81,72.0,12000000,Not Rated,39,54,-15,15,1.0,222683,0.018556916666666666
548,Legally Blonde,96.0,18000000,PG-13,70,59,11,11,2620.0,141809235,7.878290833333334
549,Made,95.0,5000000,TV,82,62,20,20,3.0,5476060,1.095212
551,The Score,124.0,68000000,R,80,71,9,9,2129.0,113542091,1.6697366323529412
552,Jurassic Park III,92.0,93000000,PG-13,62,42,20,20,3434.0,365900000,3.934408602150538
553,America's Sweethearts,102.0,46000000,PG-13,57,44,13,13,3011.0,160648493,3.492358543478261
554,Brother,114.0,12000000,R,72,47,25,25,11.0,477693,0.03980775
555,Ghost World,111.0,5500000,R,81,88,-7,7,5.0,8761608,1.5930196363636364
556,Hedwig and the Angry Inch,95.0,6000000,R,84,85,-1,1,9.0,3740030,0.6233383333333333
559,Cure,111.0,10000,Not Rated,83,70,13,13,2.0,94596,9.4596
560,Greenfingers,91.0,18000000,R,81,46,35,35,9.0,1439287,0.07996038888888889
562,Jackpot,97.0,18000000,R,65,49,16,16,6.0,44452,0.0024695555555555556
563,Planet of the Apes,119.0,100000000,PG-13,48,50,-2,2,3500.0,362211740,3.6221174
566,Wet Hot American Summer,97.0,18000000,R,66,42,24,24,2.0,292102,0.01622788888888889
568,Original Sin,116.0,26000000,Unrated,75,33,42,42,2194.0,16521410,0.6354388461538462
569,Rush Hour 2,90.0,90000000,PG-13,81,48,33,33,3118.0,347425832,3.8602870222222223
570,The Princess Diaries,115.0,30000000,G,81,52,29,29,2537.0,165334774,5.511159133333333
574,The Deep End,101.0,3000000,R,68,78,-10,10,6.0,9981635,3.327211666666667
575,All Over the Guy,95.0,20750000,R,77,46,31,31,1.0,1006969,0.048528626506024096
576,American Pie 2,108.0,30000000,Unrated,51,43,8,8,3063.0,286500000,9.55
577,An American Rhapsody,106.0,12000000,TV,83,51,32,32,7.0,850023,0.07083525
578,Osmosis Jones,95.0,70000000,PG,62,57,5,5,2305.0,13596911,0.1942415857142857
579,Session 9,97.0,1500000,R,69,58,11,11,30.0,1703434,1.1356226666666667
580,The Others,104.0,17000000,PG-13,87,74,13,13,1678.0,207765056,12.22147388235294
581,The Turandot Project,87.0,20000000,Not Rated,66,65,1,1,2.0,81385,0.00406925
582,Aberdeen,106.0,12000000,TV,69,78,-9,9,1.0,64148,0.005345666666666667
583,American Outlaws,94.0,35000000,PG-13,61,25,36,36,2348.0,13601109,0.3886031142857143
584,Captain Corelli's Mandolin,131.0,57000000,R,75,36,39,39,1595.0,62097495,1.0894297368421053
585,Innocence,94.0,60000000,R,82,73,9,9,2.0,2194919,0.03658198333333333
586,Rat Race,112.0,48000000,PG-13,83,52,31,31,2550.0,86607223,1.8043171458333334
588,Bubble Boy,84.0,13000000,PG-13,75,41,34,34,1605.0,5002310,0.3847930769230769
589,Fighter,91.0,12000000,Not Rated,85,83,2,2,1.0,99938,0.008328166666666666
591,Happy Accidents,110.0,20750000,R,66,60,6,6,2.0,731212,0.03523913253012048
592,Jay and Silent Bob Strike Back,104.0,22000000,TV,83,51,32,32,2765.0,33762400,1.5346545454545455
593,Maybe Baby,104.0,20000000,R,65,46,19,19,2.0,7019147,0.35095735
594,Summer Catch,108.0,17000000,PG-13,30,21,9,9,2335.0,19693891,1.1584641764705883
595,The Curse of the Jade Scorpion,103.0,26000000,PG-13,65,52,13,13,903.0,18496522,0.7114046923076923
596,Together,106.0,18000000,R,79,84,-5,5,,3349928,0.1861071111111111
597,Tortilla Soup,102.0,18000000,PG-13,66,58,8,8,202.0,4554161,0.25300894444444444
598,Jeepers Creepers,90.0,10000000,R,47,49,-2,2,2944.0,58939035,5.8939035
599,O,95.0,5000000,TV,28,53,-25,25,1434.0,16017403,3.2034806
601,The American Astronaut,91.0,27000000,Not Rated,77,51,26,26,1.0,33884,0.001254962962962963
603,L.I.E.,97.0,21000000,Open,64,73,-9,9,12.0,1140965,0.05433166666666667
604,Our Lady of the Assassins,101.0,12000000,R,72,73,-1,1,4.0,525029,0.04375241666666667
605,Rock Star,105.0,38000000,R,62,54,8,8,2525.0,19317765,0.5083622368421052
606,Soul Survivors,84.0,14000000,R,61,20,41,41,601.0,4288246,0.3063032857142857
607,The Iron Ladies,104.0,20000000,Not Rated,29,50,-21,21,1.0,112199,0.00560995
608,The Musketeer,104.0,40000000,PG-13,59,27,32,32,2438.0,27053815,0.676345375
609,Two Can Play That Game,90.0,13000000,R,77,35,42,42,1297.0,22391450,1.7224192307692308
610,Vengo,90.0,20000000,Not Rated,66,64,2,2,2.0,124994,0.0062497
611,Tell Me Something,118.0,10000000,R,66,61,5,5,1.0,2567,0.0002567
613,Haiku Tunnel,88.0,20000000,R,69,51,18,18,8.0,251058,0.0125529
615,Kill Me Later,89.0,20000000,R,64,34,30,30,1.0,5700,0.000285
616,The Glass House,106.0,22000000,PG-13,23,34,-11,11,1591.0,22861785,1.0391720454545454
618,Glitter,104.0,8500000,PG-13,37,14,23,23,1202.0,4273372,0.5027496470588235
620,Liam,90.0,12000000,R,80,74,6,6,7.0,1665705,0.13880875
625,Dinner Rush,99.0,2000000,R,61,79,-18,18,52.0,1075504,0.537752
627,Hearts in Atlantis,101.0,31000000,PG-13,81,55,26,26,1751.0,30885781,0.9963155161290322
629,Zoolander,89.0,28000000,R,72,61,11,11,2507.0,60780981,2.1707493214285716
634,Joy Ride,97.0,23000000,R,82,75,7,7,2497.0,22204890,0.96543
635,Max Keeble's Big Move,86.0,12000000,PG,72,40,32,32,2014.0,17292381,1.44103175
636,Serendipity,90.0,28000000,PG-13,81,52,29,29,2601.0,77477297,2.7670463214285714
637,The Debut,88.0,18000000,R,84,60,24,24,,1743570,0.096865
638,Training Day,122.0,45000000,R,88,69,19,19,2712.0,104505362,2.3223413777777777
639,Fat Girl,86.0,12000000,Unrated,73,77,-4,4,4.0,725854,0.06048783333333333
641,Bandits,123.0,75000000,PG-13,77,60,17,17,3207.0,71523271,0.9536436133333334
642,Corky Romano,86.0,11000000,PG-13,78,20,58,58,2062.0,25116103,2.2832820909090907
644,Iron Monkey,85.0,60000000,PG-13,82,79,3,3,1225.0,14681661,0.24469435
647,My First Mister,109.0,12000000,R,76,48,28,28,33.0,621377,0.05178141666666667
652,Cool and Crazy,89.0,20000000,Not Rated,77,73,4,4,1.0,28099,0.00140495
653,Dancing at the Blue Iguana,123.0,20000000,TV,78,41,37,37,7.0,60103,0.00300515
654,Focus,106.0,65000000,PG-13,63,53,10,10,2.0,719901,0.0110754
655,From Hell,122.0,35000000,R,53,54,-1,1,2305.0,68712365,1.9632104285714287
656,Intimacy,119.0,12000000,Unrated,75,69,6,6,5.0,785775,0.06548125
657,My Voyage to Italy,246.0,20000000,PG-13,71,90,-19,19,1.0,8527,0.00042635
658,Riding in Cars with Boys,132.0,47000000,PG-13,78,43,35,35,2770.0,29781453,0.6336479361702128
659,The Last Castle,131.0,60000000,R,72,43,29,29,2262.0,20541668,0.34236113333333335
660,Waking Life,99.0,12000000,R,80,83,-3,3,4.0,2892011,0.24100091666666668
661,Bones,96.0,10000000,R,75,42,33,33,847.0,8378853,0.8378853
664,Donnie Darko,113.0,4500000,R,79,71,8,8,58.0,7510877,1.6690837777777778
665,Ginger Snaps,108.0,10000000,Unrated,81,70,11,11,72.0,572781,0.0572781
666,High Heels and Low Lifes,86.0,10000000,R,75,39,36,36,175.0,2151098,0.2151098
670,Life as a House,125.0,18000000,R,74,45,29,29,29.0,23889158,1.3271754444444444
671,On the Line,85.0,10000000,PG,63,34,29,29,900.0,16222303,1.6222303
673,Thirteen Ghosts,91.0,19000000,R,64,30,34,34,2781.0,68467960,3.603576842105263
674,The Man Who Wasn't There,116.0,12000000,R,78,73,5,5,39.0,21494849,1.7912374166666667
678,Domestic Disturbance,89.0,53000000,R,85,29,56,56,2910.0,54207112,1.0227756981132075
679,Everything Put Together,87.0,500000,R,75,63,12,12,,7890,0.01578
680,Happenstance,90.0,20000000,R,78,59,19,19,2.0,251444,0.0125722
681,"Monsters, Inc.",92.0,115000000,TV,86,79,7,7,3237.0,560483719,4.8737714695652175
683,Tape,86.0,20000000,R,73,71,2,2,7.0,490475,0.02452375
684,The One,87.0,49000000,PG-13,71,25,46,46,2894.0,72689126,1.4834515510204083
686,Heist,109.0,35000000,R,88,66,22,22,1891.0,28906817,0.8259090571428571
690,Shallow Hal,113.0,40000000,PG-13,54,48,6,6,2770.0,70836296,1.7709074
691,The Wash,93.0,4000000,R,54,18,36,36,749.0,10097096,2.524274
694,Novocaine,95.0,6000000,R,68,45,23,23,105.0,2522928,0.420488
695,The Fluffer,95.0,12000000,R,73,53,20,20,1.0,563373,0.04694775
696,The Simian Line,106.0,20000000,R,79,46,33,33,4.0,18601,0.00093005
697,Porn Star: The Legend of Ron Jeremy,80.0,1000000,R,65,54,11,11,2.0,419597,0.419597
698,Black Knight,95.0,35000000,PG-13,83,32,51,51,2571.0,33422806,0.9549373142857143
700,Out Cold,89.0,11000000,PG-13,74,22,52,52,2011.0,14786394,1.3442176363636364
701,Sidewalks of New York,108.0,1000000,R,74,49,25,25,99.0,3575308,3.575308
702,Spy Game,126.0,90000000,R,74,63,11,11,2770.0,143049560,1.5894395555555556
703,The Devil's Backbone,106.0,10000000,R,85,78,7,7,4.0,755249,0.0755249
704,Bangkok Dangerous,105.0,45000000,R,42,45,-3,3,2.0,23300,0.0005177777777777778
705,In the Bedroom,130.0,1700000,TV,75,86,-11,11,4.0,42137871,24.786982941176472
708,Behind Enemy Lines,106.0,40000000,PG-13,62,49,13,13,2770.0,58855732,1.4713933
710,Texas Rangers,90.0,38000000,PG-13,62,29,33,33,402.0,623374,0.01640457894736842
711,The Affair of the Necklace,118.0,12000000,R,51,42,9,9,18.0,430313,0.035859416666666664
713,Trouble Every Day,101.0,10000000,Not Rated,66,40,26,26,1.0,92943,0.0092943
714,Baran,94.0,12000000,PG,71,79,-8,8,2.0,125900,0.010491666666666667
715,Eban and Charley,86.0,20000000,Not Rated,30,30,0,0,1.0,26114,0.0013057
719,No Man's Land,98.0,1000000,R,80,84,-4,4,2.0,2684207,2.684207
720,Ocean's Eleven,116.0,85000000,PG-13,87,74,13,13,3075.0,450728529,5.302688576470588
723,The Business of Strangers,84.0,6000000,R,63,67,-4,4,8.0,1290920,0.21515333333333334
726,Iris,91.0,5500000,R,73,76,-3,3,2.0,5692941,1.0350801818181818
727,Kandahar,81.0,12000000,Not Rated,71,76,-5,5,1.0,1418314,0.11819283333333333
728,Lantana,121.0,12000000,TV,83,84,-1,1,6.0,4460426,0.37170216666666667
729,Not Another Teen Movie,89.0,15000000,TV,63,32,31,31,2365.0,62401343,4.160089533333333
731,The Royal Tenenbaums,110.0,28000000,R,79,76,3,3,5.0,71430876,2.5511027142857143
732,Vanilla Sky,136.0,70000000,R,83,45,38,38,2742.0,202726605,2.8960943571428572
733,Joe Somebody,98.0,38000000,PG,78,42,36,36,2506.0,24515990,0.6451576315789473
734,Little Otik,132.0,20000000,Not Rated,78,74,4,4,1.0,116710,0.0058355
735,The Lord of the Rings: The Fellowship of the Ring,178.0,93000000,PG-13,91,92,-1,1,3359.0,891216824,9.582976602150538
736,A Beautiful Mind,135.0,78000000,PG-13,81,72,9,9,524.0,317668058,4.07266741025641
738,How High,93.0,12000000,R,48,29,19,19,1266.0,31222395,2.60186625
739,Jimmy Neutron: Boy Genius,82.0,25000000,G,65,65,0,0,3139.0,102992536,4.11970144
741,The Majestic,152.0,72000000,PG,75,27,48,48,2361.0,37306334,0.5181435277777777
742,Ali,157.0,109000000,R,68,65,3,3,2446.0,87683966,0.8044400550458716
743,The Shipping News,111.0,35000000,R,72,47,25,25,186.0,24405825,0.6973092857142857
744,Gosford Park,137.0,18000000,TV,73,90,-17,17,9.0,58271886,3.237327
745,Monster's Ball,111.0,4000000,NC-17,40,69,-29,29,7.0,43766463,10.94161575
746,Black Hawk Down,144.0,95000000,R,79,74,5,5,4.0,159691085,1.6809587894736842
747,Charlotte Gray,121.0,12000000,PG-13,75,48,27,27,5.0,668140,0.05567833333333334
748,Dark Blue World,112.0,20000000,TV,76,56,20,20,5.0,258215,0.01291075
749,I Am Sam,132.0,22000000,PG-13,75,28,47,47,2.0,92542418,4.206473545454545
751,Impostor,95.0,40000000,R,76,33,43,43,1870.0,7974607,0.199365175
755,Orange County,82.0,18000000,PG-13,71,48,23,23,2317.0,43308707,2.406039277777778
758,Italian for Beginners,112.0,18000000,R,80,77,3,3,3.0,4447186,0.2470658888888889
759,Snow Dogs,99.0,32000000,PG,63,29,34,34,2302.0,116898028,3.653063375
760,State Property,88.0,60000000,R,32,9,23,23,61.0,2099719,0.034995316666666665
761,American Adobo,104.0,12000000,R,82,30,52,52,3.0,3094699,0.25789158333333334
763,A Walk to Remember,101.0,11000000,PG,83,35,48,48,2411.0,46060861,4.187351
767,Kung Pow: Enter the Fist,81.0,10000000,PG-13,85,14,71,71,2478.0,17033556,1.7033556
770,Storytelling,87.0,12000000,Unrated,72,50,22,22,4.0,2024522,0.16871016666666666
771,The Count of Monte Cristo,131.0,40000000,PG-13,87,61,26,26,2007.0,75389090,1.88472725
772,The Mothman Prophecies,119.0,42000000,PG-13,85,52,33,33,2331.0,56438555,1.343775119047619
773,The Son's Room,99.0,12000000,R,75,73,2,2,1.0,11714416,0.9762013333333334
776,A Rumor of Angels,,20000000,PG-13,80,35,45,45,7.0,38247,0.00191235
777,Birthday Girl,93.0,13000000,R,79,51,28,28,1000.0,8130727,0.6254405384615385
778,Slackers,86.0,11000000,R,38,12,26,26,1893.0,5942218,0.5402016363636364
779,Big Fat Liar,88.0,15000000,PG,77,36,41,41,2531.0,52461017,3.4974011333333332
780,Collateral Damage,108.0,85000000,R,74,33,41,41,2824.0,78353508,0.9218059764705883
781,Rollerball,98.0,70000000,R,14,14,0,0,2762.0,25852508,0.36932154285714286
785,Crossroads,93.0,12000000,PG-13,65,27,38,38,2380.0,57000000,4.75
786,Hart's War,125.0,70000000,R,57,49,8,8,2459.0,33076815,0.47252592857142856
789,Scratch,92.0,1000000,R,45,77,-32,32,2.0,289885,0.289885
790,Super Troopers,100.0,1200000,R,76,48,28,28,1780.0,23182223,19.31851916666667
792,Wendigo,91.0,20000000,R,43,63,-20,20,,99958,0.0049979
793,Big Bad Love,111.0,12000000,R,68,49,19,19,1.0,104294,0.008691166666666666
794,Dragonfly,104.0,60000000,PG-13,59,25,34,34,2507.0,30317425,0.5052904166666666
795,How to Kill Your Neighbor's Dog,107.0,20000000,R,68,40,28,28,6.0,48564,0.0024282
797,Mean Machine,99.0,4500000,R,80,45,35,35,6.0,92723,0.020605111111111112
798,Monsoon Wedding,114.0,1200000,R,76,77,-1,1,2.0,27025600,22.521333333333335
799,Queen of the Damned,101.0,35000000,R,77,30,47,47,2511.0,30307804,0.8659372571428572
801,The Cherry Orchard,141.0,12000000,Not Rated,63,56,7,7,2.0,131188,0.010932333333333334
802,40 Days and 40 Nights,96.0,17000000,R,75,53,22,22,2225.0,95092667,5.5936862941176475
803,Borstal Boy,93.0,12000000,Not Rated,81,47,34,34,2.0,87074,0.007256166666666667
804,Esther Kahn,142.0,20000000,Not Rated,55,46,9,9,1.0,9033,0.00045165
805,Stolen Summer,91.0,1500000,TV,58,36,22,22,13.0,119841,0.079894
806,We Were Soldiers,138.0,70000000,R,67,65,2,2,3143.0,114658262,1.6379751714285713
807,All About the Benjamins,95.0,14000000,R,66,34,32,32,1505.0,25873145,1.8480817857142857
808,Festival in Cannes,100.0,20000000,PG-13,67,46,21,21,6.0,298971,0.01494855
809,The Time Machine,96.0,80000000,PG-13,67,42,25,25,2944.0,98983590,1.237294875
811,Harrison's Flowers,121.0,12000000,R,55,49,6,6,398.0,1843570,0.15363083333333333
812,Ice Age,81.0,65000000,PG,80,61,19,19,3316.0,386116343,5.940251430769231
813,Pauline and Paulette,78.0,20000000,PG,47,70,-23,23,5.0,139493,0.00697465
814,Promises,106.0,12000000,Not Rated,82,80,2,2,2.0,243769,0.020314083333333333
815,Resident Evil,100.0,35000000,R,67,33,34,34,2528.0,103787401,2.9653543142857144
816,Showtime,95.0,85000000,PG-13,39,32,7,7,2917.0,78948765,0.928809
820,Margarita Happy Hour,98.0,20000000,Not Rated,80,66,14,14,1.0,10668,0.0005334
821,Son of the Bride,123.0,18000000,R,73,68,5,5,6.0,830665,0.04614805555555555
822,Sorority Boys,93.0,12000000,R,66,25,41,41,1801.0,12516222,1.0430185
825,Clockstoppers,94.0,26000000,PG,64,40,24,24,2540.0,38788828,1.491878
826,Death to Smoochy,109.0,50000000,R,74,38,36,36,2164.0,8374062,0.16748124
827,No Such Thing,102.0,20000000,TV,82,36,46,46,9.0,60006,0.0030003
828,Panic Room,112.0,48000000,R,85,65,20,20,3053.0,196308367,4.089757645833333
829,Teddy Bears' Picnic,80.0,20000000,R,35,32,3,3,1.0,28043,0.00140215
831,The Rookie,127.0,22000000,G,77,72,5,5,2511.0,80491516,3.6587052727272726
832,Time Out,134.0,12000000,PG-13,69,88,-19,19,2.0,448375,0.03736458333333333
833,Crush,112.0,20750000,R,76,37,39,39,10.0,1240590,0.05978746987951807
834,American Chai,92.0,18000000,R,80,46,34,34,5.0,125996,0.0069997777777777775
835,Big Trouble,85.0,45000000,PG-13,85,47,38,38,1961.0,8488871,0.1886415777777778
836,High Crimes,115.0,42000000,PG-13,66,48,18,18,2717.0,63781100,1.518597619047619
842,Changing Lanes,98.0,45000000,R,86,69,17,17,2613.0,66790248,1.4842277333333334
843,Frailty,100.0,11000000,R,87,64,23,23,1497.0,19947280,1.8133890909090908
844,Human Nature,96.0,1000000,R,66,56,10,10,224.0,705308,0.705308
846,New Best Friend,91.0,20000000,R,48,13,35,35,100.0,28658,0.0014329
847,The Cat's Meow,114.0,12000000,PG-13,87,63,24,24,11.0,3176936,0.2647446666666667
849,The Sweetest Thing,88.0,43000000,R,59,32,27,27,2670.0,63078756,1.4669478139534884
850,The Triumph of Love,112.0,20750000,PG-13,48,58,-10,10,18.0,446942,0.021539373493975902
851,Chelsea Walls,109.0,12000000,R,63,34,29,29,3.0,59675,0.004972916666666666
852,Enigma,119.0,21000000,R,61,64,-3,3,25.0,16031428,0.7634013333333334
853,Girls Can't Swim,102.0,20000000,Not Rated,25,68,-43,43,1.0,68460,0.003423
854,Murder by Numbers,120.0,50000000,R,72,50,22,22,2663.0,56643267,1.13286534
855,Murderous Maids,94.0,12000000,Not Rated,85,78,7,7,2.0,225390,0.0187825
857,My Big Fat Greek Wedding,95.0,5000000,PG,74,62,12,12,108.0,374890034,74.9780068
860,The Scorpion King,92.0,60000000,PG-13,55,45,10,10,3444.0,165890634,2.7648439
864,Dogtown and Z-Boys,91.0,400000,PG-13,80,76,4,4,20.0,1600566,4.001415
865,Jason X,91.0,14000000,R,61,25,36,36,1878.0,16951798,1.2108427142857143
867,Night at the Golden Eagle,87.0,20000000,R,45,32,13,13,3.0,16241,0.00081205
868,Rain,92.0,20000000,Not Rated,47,71,-24,24,1.0,453517,0.02267585
870,Sex with Strangers,105.0,1100000,Not Rated,45,44,1,1,1.0,247740,0.22521818181818182
872,The Salton Sea,103.0,18000000,R,88,41,47,47,15.0,676698,0.037594333333333334
873,Vulgar,87.0,20000000,R,24,5,19,19,2.0,14904,0.0007452
877,ABC Africa,83.0,1000000,Unrated,68,73,-5,5,1.0,8886,0.008886
878,Fleeing by Night,119.0,20000000,Not Rated,66,51,15,15,2.0,16063,0.00080315
879,Hollywood Ending,112.0,16000000,PG-13,69,46,23,23,765.0,14839383,0.9274614375
880,Home Movie,66.0,20000000,TV,78,67,11,11,1.0,118022,0.0059011
881,Spider-Man,121.0,139000000,PG-13,86,73,13,13,3615.0,821706375,5.911556654676259
883,Warm Water Under a Red Bridge,119.0,20000000,Not Rated,63,69,-6,6,1.0,62044,0.0031022
886,Blackwoods,90.0,21000000,R,18,30,-12,12,,1500,7.142857142857143e-05
887,Janice Beard,81.0,20000000,Not Rated,49,48,1,1,3.0,11756,0.0005878
888,The Lady and the Duke,129.0,20000000,PG-13,82,72,10,10,5.0,329845,0.01649225
889,The New Guy,88.0,13000000,Unrated,82,24,58,58,2687.0,28972187,2.228629769230769
891,Unfaithful,124.0,50000000,R,77,63,14,14,2613.0,119114494,2.38228988
895,About a Boy,101.0,27000000,PG-13,74,75,-1,1,1207.0,130759651,4.842950037037037
896,Late Marriage,102.0,12000000,Not Rated,67,82,-15,15,2.0,1551470,0.12928916666666668
897,The Believer,102.0,1500000,R,87,75,12,12,4.0,1840248,1.226832
898,The Importance of Being Earnest,97.0,15000000,PG,73,60,13,13,38.0,8667209,0.5778139333333333
899,Bartleby,83.0,18000000,PG-13,71,48,23,23,2.0,141367,0.007853722222222222
900,CQ,88.0,20000000,R,69,56,13,13,7.0,411034,0.0205517
901,Enough,115.0,38000000,PG-13,65,25,40,40,2623.0,50970660,1.3413331578947367
902,Insomnia,118.0,46000000,R,80,78,2,2,2610.0,113622499,2.4700543260869563
903,Spirit: Stallion of the Cimarron,83.0,80000000,G,77,52,25,25,3317.0,106515310,1.331441375
904,Thirteen Conversations About One Thing,104.0,3000000,R,86,74,12,12,9.0,3705923,1.2353076666666667
905,Elling,89.0,2100000,R,66,70,-4,4,2.0,399037,0.19001761904761905
909,The Sum of All Fears,124.0,68000000,PG-13,60,45,15,15,3183.0,193500000,2.8455882352941178
910,Undercover Brother,86.0,25000000,PG-13,76,69,7,7,2167.0,40796145,1.6318458
913,Bad Company,116.0,70000000,PG-13,78,37,41,41,2944.0,69157016,0.9879573714285714
921,Gangster No. 1,103.0,21000000,R,85,60,25,25,1.0,30915,0.0014721428571428572
922,Scooby-Doo,86.0,84000000,PG,57,35,22,22,3447.0,276294164,3.289216238095238
923,The Bourne Identity,119.0,60000000,PG-13,76,68,8,8,2638.0,214357371,3.57262285
924,The Dangerous Lives of Altar Boys,104.0,12000000,R,81,69,12,12,9.0,1779284,0.14827366666666666
925,The Emperor's New Clothes,107.0,12000000,PG,73,60,13,13,2.0,689411,0.057450916666666664
926,Windtalkers,134.0,115000000,R,62,51,11,11,2898.0,77628265,0.6750283913043478
928,War Photographer,96.0,20000000,Not Rated,63,79,-16,16,1.0,34293,0.00171465
930,Dahmer,101.0,12000000,R,71,63,8,8,2.0,148235,0.012352916666666667
931,Juwanna Mann,91.0,15600000,PG-13,50,24,26,26,1325.0,13771817,0.8828087820512821
932,Lilo & Stitch,85.0,80000000,PG,84,73,11,11,3191.0,245800000,3.0725
933,Minority Report,145.0,102000000,PG-13,71,80,-9,9,3001.0,358824714,3.5178893529411766
935,Sunshine State,141.0,5600000,PG-13,60,69,-9,9,10.0,3281898,0.5860532142857143
937,Harvard Man,99.0,5500000,R,14,49,-35,35,1.0,56653,0.010300545454545455
938,Hey Arnold! The Movie,76.0,10000000,PG,62,47,15,15,2527.0,13684949,1.3684949
940,Mr. Deeds,96.0,50000000,PG-13,70,24,46,46,3231.0,171269535,3.4253907
941,Notorious C.H.O.,95.0,10000000,Not Rated,48,66,-18,18,1.0,1033395,0.1033395
942,Pumpkin,113.0,18000000,TV,86,46,40,40,8.0,305690,0.016982777777777777
943,The Cockettes,100.0,1000000,R,80,77,3,3,1.0,220077,0.220077
944,Like Mike,99.0,30000000,PG,59,47,12,12,2410.0,62432423,2.0810807666666666
947,The Powerpuff Girls,73.0,25000000,PG,69,65,4,4,2340.0,16425701,0.65702804
949,Me Without You,107.0,20000000,R,73,67,6,6,1.0,301175,0.01505875
950,Read My Lips,115.0,12000000,R,70,82,-12,12,1.0,2431453,0.20262108333333334
954,Halloween: Resurrection,94.0,15000000,R,51,19,32,32,1954.0,37659652,2.5106434666666666
957,Never Again,98.0,500000,R,30,30,0,0,5.0,308793,0.617586
959,Road to Perdition,117.0,80000000,R,81,72,9,9,1797.0,183354514,2.291931425
960,Sex and Lucia,128.0,12000000,TV,74,65,9,9,7.0,2628241,0.21902008333333334
961,The Crocodile Hunter: Collision Course,90.0,12500000,PG,67,50,17,17,2525.0,33436931,2.67495448
963,Eight Legged Freaks,99.0,30000000,PG-13,80,53,27,27,2530.0,36722311,1.2240770333333333
965,K-19: The Widowmaker,138.0,90000000,PG-13,67,58,9,9,2828.0,65716126,0.7301791777777777
966,Stuart Little 2,77.0,120000000,PG,66,66,0,0,3255.0,166000000,1.3833333333333333
967,Tadpole,78.0,150000,PG-13,63,71,-8,8,6.0,3270128,21.800853333333333
968,What to Do in Case of Fire,101.0,20000000,R,86,47,39,39,3.0,7874,0.0003937
969,Austin Powers in Goldmember,94.0,63000000,PG-13,78,62,16,16,3613.0,296338663,4.703788301587301
974,The Country Bears,88.0,20000000,G,47,37,10,10,2553.0,16988996,0.8494498
975,The Kid Stays in the Picture,93.0,1000000,R,80,75,5,5,4.0,1699809,1.699809
979,Full Frontal,101.0,2000000,R,48,45,3,3,208.0,3438804,1.719402
982,Signs,106.0,70702619,PG-13,74,59,15,15,3264.0,408250578,5.774193145518415
983,The Master of Disguise,80.0,16000000,PG,24,12,12,12,2565.0,40363530,2.522720625
985,The Good Girl,93.0,8000000,R,73,71,2,2,4.0,16585503,2.073187875
986,24 Hour Party People,117.0,12000000,TV,88,85,3,3,2.0,3604965,0.30041375
987,Blood Work,110.0,50000000,R,81,64,17,17,2525.0,26199517,0.52399034
988,Scarlet Diva,90.0,12000000,Unrated,73,48,25,25,1.0,18062,0.0015051666666666666
991,xXx,124.0,70000000,PG-13,61,48,13,13,3374.0,267200000,3.817142857142857
993,I'm Going Home,90.0,20000000,Not Rated,73,86,-13,13,,122628,0.0061314
995,Blue Crush,104.0,30000000,PG-13,45,61,-16,16,3002.0,51618420,1.720614
996,Mostly Martha,109.0,18000000,PG,82,72,10,10,2.0,4412148,0.24511933333333333
997,Possession,102.0,25000000,PG-13,77,52,25,25,270.0,14805812,0.59223248
998,The Adventures of Pluto Nash,95.0,100000000,PG-13,78,12,66,66,2320.0,7094995,0.07094995
999,One Hour Photo,96.0,12000000,R,76,64,12,12,7.0,52223306,4.3519421666666664
1000,Amy's Orgasm,87.0,20750000,R,87,36,51,51,1.0,119664,0.005766939759036144
1003,Little Secrets,96.0,20000000,PG,82,52,30,30,366.0,405182,0.0202591
1005,S1m0ne,117.0,18000000,PG-13,85,49,36,36,1920.0,9680913,0.5378285
1006,Serving Sara,99.0,29000000,PG-13,24,18,6,6,2154.0,20146150,0.6946948275862069
1007,The Isle,90.0,12000000,Unrated,72,61,11,11,1.0,21075,0.00175625
1008,Undisputed,94.0,20000000,R,64,58,6,6,1102.0,12398628,0.6199314
1011,Mad Love,115.0,20000000,R,55,55,0,0,3.0,279605,0.01398025
1014,City by the Sea,108.0,40000000,R,84,50,34,34,2575.0,22505932,0.5626483
1016,In Praise of Love,97.0,12000000,PG,74,62,12,12,3.0,251717,0.020976416666666668
1017,Swimfan,85.0,10000000,PG-13,23,29,-6,6,2856.0,34084228,3.4084228
1018,The Execution of Wanda Jean,88.0,1000000,Not Rated,81,73,8,8,1.0,1386,0.001386
1021,Barbershop,102.0,12000000,PG-13,60,66,-6,6,1605.0,77063461,6.421955083333334
1023,Igby Goes Down,98.0,9000000,TV,73,72,1,1,10.0,5512151,0.6124612222222222
1024,Quitting,112.0,20000000,R,65,61,4,4,5.0,17717,0.00088585
1025,Stealing Harvard,85.0,25000000,PG-13,16,25,-9,9,2366.0,13973532,0.55894128
1030,Ballistic: Ecks vs. Sever,91.0,70000000,R,44,19,25,25,2705.0,14294842,0.20421202857142856
1031,Invincible,133.0,40000000,PG-13,76,55,21,21,4.0,80636,0.0020159
1032,Secretary,104.0,4000000,R,58,63,-5,5,11.0,9412015,2.35300375
1033,Snipes,,60000000,R,75,32,43,43,6.0,66339,0.00110565
1035,The Banger Sisters,98.0,10000000,R,85,48,37,37,2738.0,38067218,3.8067218
1036,The Four Feathers,131.0,35000000,R,74,49,25,25,1912.0,29882645,0.8537898571428572
1038,Trapped,106.0,30000000,R,81,42,39,39,2227.0,7005468,0.2335156
1040,The Trials of Henry Kissinger,80.0,1000000,Not Rated,73,72,1,1,1.0,515678,0.515678
1041,Biggie and Tupac,108.0,1000000,R,71,63,8,8,5.0,54834,0.054834
1045,Moonlight Mile,117.0,21000000,PG-13,72,59,13,13,22.0,6830957,0.3252836666666667
1048,Skins,84.0,5000000,R,63,57,6,6,9.0,249204,0.0498408
1049,Sweet Home Alabama,108.0,38000000,PG-13,72,45,27,27,3293.0,182365114,4.799081947368421
1050,The Man from Elysian Fields,106.0,18000000,R,81,57,24,24,6.0,1431625,0.07953472222222223
1051,The Tuxedo,98.0,60000000,PG-13,20,30,-10,10,3022.0,104429625,1.74049375
1052,Wasabi,94.0,15300000,R,68,53,15,15,5.0,7000000,0.45751633986928103
1053,Bloody Sunday,107.0,12000000,R,84,90,-6,6,2.0,773228,0.06443566666666667
1054,Heaven,97.0,21000000,TV,78,68,10,10,4.0,774317,0.0368722380952381
1055,Jonah: A VeggieTales Movie,82.0,14000000,G,74,58,16,16,940.0,25608779,1.8291985
1057,Red Dragon,124.0,78000000,R,85,60,25,25,3357.0,206455420,2.646864358974359
1058,Welcome to Collinwood,86.0,12000000,R,62,61,1,1,16.0,4606284,0.383857
1060,Ash Wednesday,99.0,12000000,R,66,40,26,26,2.0,152399,0.012699916666666667
1061,Below,105.0,10000000,R,67,55,12,12,168.0,589424,0.0589424
1062,Bowling for Columbine,120.0,3000000,TV,71,72,-1,1,8.0,58240487,19.413495666666666
1063,Brown Sugar,109.0,8000000,PG-13,59,58,1,1,1372.0,28315272,3.539409
1064,Comedian,82.0,1000000,R,74,62,12,12,4.0,2744253,2.744253
1066,Knockaround Guys,92.0,15000000,R,14,30,-16,16,1806.0,12419700,0.82798
1068,Punch-Drunk Love,95.0,25000000,R,79,78,1,1,5.0,24591031,0.98364124
1069,Safe Conduct,170.0,20000000,Not Rated,62,82,-20,20,2.0,26617,0.00133085
1070,Swept Away,89.0,10000000,R,53,18,35,35,196.0,611032,0.0611032
1071,The Rules of Attraction,110.0,4000000,NC-17,54,50,4,4,1437.0,11799060,2.949765
1072,The Transporter,92.0,21000000,PG-13,73,51,22,22,2573.0,43928932,2.091853904761905
1073,Tuck Everlasting,90.0,15000000,PG,84,66,18,18,1185.0,19344615,1.289641
1074,White Oleander,109.0,16000000,PG-13,77,61,16,16,1510.0,21657770,1.353610625
1076,Abandon,99.0,25000000,PG-13,50,36,14,14,2341.0,12219367,0.48877468
1077,Auto Focus,105.0,7000000,R,82,66,16,16,11.0,2703821,0.38626014285714283
1078,Fidel,91.0,20000000,Not Rated,69,44,25,25,2.0,120738,0.0060369
1079,Formula 51,92.0,27000000,R,24,23,1,1,1857.0,5204007,0.192741
1082,Naqoyqatsi,89.0,20000000,PG,58,59,-1,1,2.0,132026,0.0066013
1083,Real Women Have Curves,90.0,3000000,PG-13,46,71,-25,25,55.0,7777790,2.5925966666666667
1085,The Grey Zone,108.0,20000000,TV,78,58,20,20,8.0,507443,0.02537215
1086,The Ring,115.0,48000000,PG-13,45,57,-12,12,1981.0,248218486,5.171218458333334
1088,All or Nothing,128.0,9000000,R,71,72,-1,1,7.0,186240,0.020693333333333334
1089,All the Queen's Men,99.0,15000000,Not Rated,58,19,39,39,17.0,22723,0.0015148666666666667
1090,By Hook or by Crook,98.0,12000000,Not Rated,82,47,35,35,2.0,1802,0.00015016666666666667
1091,Food of Love,112.0,20000000,R,85,46,39,39,1.0,43922,0.0021961
1092,Frida,123.0,12000000,R,72,61,11,11,5.0,56131239,4.67760325
1093,Ghost Ship,91.0,20000000,R,79,28,51,51,2787.0,68349884,3.4174942
1094,Jackass: The Movie,87.0,2000000,R,72,42,30,30,2509.0,79282312,39.641156
1095,Paid in Full,97.0,12000000,R,60,49,11,11,268.0,3075052,0.2562543333333333
1096,Roger Dodger,106.0,10500000,R,78,75,3,3,4.0,1839416,0.1751824761904762
1097,The Bank,104.0,21000000,Not Rated,85,54,31,31,,88414,0.004210190476190476
1098,The Truth About Charlie,104.0,21000000,PG-13,61,55,6,6,753.0,6003000,0.28585714285714287
1099,Waking Up in Reno,91.0,20750000,R,78,28,50,50,197.0,269729,0.012998987951807229
1102,I Spy,97.0,70000000,PG-13,35,35,0,0,3182.0,60279822,0.8611403142857142
1105,The Santa Clause 2,104.0,65000000,G,60,48,12,12,3350.0,172825854,2.6588592923076924
1106,The Weight of Water,113.0,20000000,R,53,45,8,8,27.0,102622,0.0051311
1107,Tully,102.0,18000000,R,83,73,10,10,6.0,433264,0.024070222222222222
1108,Treasure Planet,95.0,100000000,PG,81,60,21,21,3227.0,91800000,0.918
1109,Femme Fatale,114.0,35000000,R,56,59,-3,3,1066.0,16830252,0.48086434285714286
1112,8 Mile,110.0,41000000,R,86,77,9,9,2470.0,245768384,5.994350829268293
1115,Far From Heaven,107.0,13500000,PG-13,80,84,-4,4,6.0,29027914,2.150215851851852
1117,"The Bread, My Sweet",105.0,20750000,Unrated,79,54,25,25,2.0,1023156,0.049308722891566265
1119,Ararat,115.0,15500000,R,77,62,15,15,6.0,1757694,0.11339961290322581
1120,Half Past Dead,98.0,25000000,PG-13,83,23,60,60,2113.0,19233280,0.7693312
1121,Harry Potter and the Chamber of Secrets,161.0,100000000,TV,73,63,10,10,3682.0,875454054,8.75454054
1125,Standing in the Shadows of Motown,116.0,1000000,PG,80,76,4,4,23.0,1693676,1.693676
1129,Die Another Day,133.0,142000000,PG-13,76,56,20,20,3314.0,431942139,3.0418460492957746
1130,Friday After Next,85.0,10000000,R,58,35,23,23,1616.0,33526835,3.3526835
1135,The Emperor's Club,108.0,12500000,PG-13,73,49,24,24,809.0,16193713,1.29549704
1136,The Quiet American,101.0,20000000,TV,87,84,3,3,6.0,26348203,1.31741015
1137,Eight Crazy Nights,76.0,27000000,PG-13,45,23,22,22,2503.0,23607202,0.8743408148148148
1138,Extreme Ops,93.0,40000000,PG-13,28,17,11,11,1800.0,12624471,0.315611775
1139,Solaris,99.0,47000000,R,68,65,3,3,2406.0,14970038,0.3185114468085106
1140,They,89.0,17000000,PG-13,85,31,54,54,1615.0,16140842,0.949461294117647
1142,Rabbit-Proof Fence,94.0,7000000,TV,77,80,-3,3,9.0,16866928,2.409561142857143
1146,Analyze That,96.0,60000000,R,53,37,16,16,2635.0,54994757,0.9165792833333334
1148,Empire,90.0,3500000,R,55,38,17,17,867.0,18495444,5.284412571428572
1149,Equilibrium,107.0,20000000,R,83,33,50,50,301.0,5345869,0.26729345
1150,About Schmidt,125.0,30000000,R,76,85,-9,9,6.0,107054484,3.5684828
1151,Drumline,118.0,20000000,PG-13,63,63,0,0,1836.0,56398875,2.81994375
1152,Evelyn,94.0,12000000,PG,72,55,17,17,15.0,4273893,0.35615775
1154,Maid in Manhattan,105.0,55000000,PG-13,57,45,12,12,2838.0,163838217,2.9788766727272726
1156,Star Trek: Nemesis,116.0,60000000,PG-13,63,51,12,12,2711.0,67312826,1.1218804333333332
1158,The Hot Chick,104.0,18000000,PG-13,56,29,27,27,2217.0,54639509,3.035528277777778
1159,Devils on the Doorstep,139.0,20000000,Not Rated,88,70,18,18,1.0,18944,0.0009472
1160,The Lord of the Rings: The Two Towers,179.0,94000000,PG-13,90,87,3,3,3622.0,919148764,9.778178340425532
1161,25th Hour,135.0,4500000,R,86,68,18,18,5.0,25344490,5.632108888888889
1162,Antwone Fisher,120.0,12500000,PG-13,81,62,19,19,15.0,23367586,1.86940688
1163,Gangs of New York,167.0,97000000,R,75,72,3,3,1504.0,183124621,1.8878826907216495
1164,Morvern Callar,97.0,6000000,R,57,78,-21,21,3.0,267194,0.044532333333333333
1165,Narc,105.0,7500000,R,85,70,15,15,6.0,11843260,1.5791013333333332
1168,The Wild Thornberrys Movie,85.0,25000000,PG,67,69,-2,2,3012.0,60694737,2.42778948
1169,Two Weeks Notice,101.0,60000000,PG-13,73,42,31,31,2755.0,199043309,3.317388483333333
1171,Pinocchio,108.0,45000000,G,42,11,31,31,1195.0,31681811,0.7040402444444445
1172,Chicago,113.0,30000000,PG-13,79,81,-2,2,77.0,306770545,10.225684833333334
1173,Max,106.0,20000000,R,77,56,21,21,6.0,724675,0.03623375
1174,Nicholas Nickleby,132.0,10000000,PG,61,71,-10,10,5.0,3311924,0.3311924
1175,Sonny,110.0,4000000,R,87,31,56,56,6.0,17639,0.00440975
1176,The Hours,114.0,25000000,PG-13,86,80,6,6,11.0,97030468,3.88121872
1177,The Pianist,150.0,35000000,TV,79,85,-6,6,6.0,111854182,3.1958337714285716
1178,Love Liza,90.0,1000000,R,67,58,9,9,4.0,213137,0.213137
1179,Confessions of a Dangerous Mind,113.0,29000000,R,84,67,17,17,4.0,33013805,1.1384070689655172
1180,The Slaughter Rule,112.0,500000,TV,83,65,18,18,2.0,13134,0.026268
1181,Just Married,95.0,19000000,PG-13,57,28,29,29,2766.0,101564935,5.345522894736842
1182,The Son,,12000000,Not Rated,81,86,-5,5,,3254009,0.27116741666666666
1185,A Guy Thing,101.0,20000000,PG-13,60,27,33,33,2515.0,17430594,0.8715297
1187,Divine Intervention,92.0,12000000,Not Rated,63,74,-11,11,1.0,592324,0.04936033333333333
1189,Kangaroo Jack,89.0,60000000,PG,46,16,30,30,2818.0,90558582,1.5093097
1190,National Security,88.0,60000000,PG-13,48,31,17,17,2729.0,54599300,0.9099883333333333
1194,Darkness Falls,86.0,7000000,PG-13,66,23,43,43,2837.0,47289758,6.755679714285714
1196,Chaos,109.0,10000000,Not Rated,87,81,6,6,3.0,204274,0.0204274
1197,Biker Boyz,110.0,60000000,PG-13,65,36,29,29,1766.0,22105310,0.36842183333333334
1198,Final Destination 2,90.0,26000000,R,43,38,5,5,2834.0,90396664,3.4767947692307692
1199,Lost in La Mancha,89.0,1000000,R,77,74,3,3,8.0,2440345,2.440345
1200,The Guru,94.0,11000000,R,54,47,7,7,62.0,24150550,2.1955045454545457
1201,The Recruit,115.0,21000000,PG-13,61,56,5,5,2376.0,101174440,4.817830476190476
1203,How to Lose a Guy in 10 Days,116.0,50000000,PG-13,65,45,20,20,2923.0,178503788,3.57007576
1204,Kedma,100.0,20000000,Not Rated,24,36,-12,12,1.0,8963,0.00044815
1205,May,93.0,1750000,R,12,58,-46,46,,634803,0.3627445714285714
1206,Shanghai Knights,114.0,50000000,PG-13,84,58,26,26,2753.0,88316835,1.7663367
1208,Stone Reader,127.0,20000000,PG-13,71,72,-1,1,1.0,257616,0.0128808
1209,All the Real Girls,108.0,1000000,R,68,71,-3,3,7.0,703020,0.70302
1210,Daredevil,103.0,80000000,TV,78,42,36,36,3471.0,182782518,2.284781475
1211,Gerry,103.0,7000000,TV,50,54,-4,4,2.0,719699,0.10281414285714285
1214,Painted Fire,120.0,12000000,Unrated,70,78,-8,8,3.0,90931,0.007577583333333334
1215,The Jungle Book 2,72.0,20000000,G,44,38,6,6,2808.0,139924202,6.9962101
1218,Dark Blue,118.0,15000000,R,83,57,26,26,2176.0,12262065,0.817471
1219,Gods and Generals,219.0,55000000,PG-13,54,30,24,24,1533.0,12923936,0.23498065454545455
1221,Old School,91.0,24000000,Unrated,81,54,27,27,2689.0,86737464,3.614061
1222,Open Hearts,113.0,12000000,R,73,77,-4,4,2.0,282125,0.023510416666666666
1224,The Life of David Gale,130.0,50000000,R,67,31,36,36,2002.0,28920188,0.57840376
1227,Cradle 2 the Grave,101.0,25000000,R,81,36,45,45,2625.0,56434942,2.25739768
1231,Poolhall Junkies,99.0,4000000,R,84,36,48,48,179.0,563711,0.14092775
1232,Ten,94.0,20000000,Not Rated,82,86,-4,4,1.0,105656,0.0052828
1233,Bringing Down the House,105.0,20000000,PG-13,63,39,24,24,2801.0,164675402,8.2337701
1234,Irreversible,97.0,5400000,Not Rated,74,51,23,23,7.0,8133256,1.5061585185185185
1235,Laurel Canyon,103.0,12000000,R,84,61,23,23,10.0,4561150,0.38009583333333335
1236,Nowhere in Africa,141.0,6500000,R,79,72,7,7,2.0,6568446,1.0105301538461537
1237,Tears of the Sun,121.0,75000000,Not Rated,66,48,18,18,2973.0,85632458,1.1417661066666667
1238,The Safety of Objects,121.0,12000000,TV,73,58,15,15,32.0,319125,0.02659375
1240,Agent Cody Banks,102.0,25000000,PG,57,41,16,16,3369.0,58240458,2.32961832
1241,Spun,101.0,4500000,Open,87,41,46,46,1.0,1022649,0.22725533333333334
1242,The Hunted,94.0,55000000,R,83,40,43,43,2516.0,47213095,0.858419909090909
1244,Willard,100.0,20000000,PG-13,71,61,10,10,1761.0,6882696,0.3441348
1247,Boat Trip,94.0,15000000,Unrated,33,18,15,15,1714.0,14933713,0.9955808666666667
1250,Dreamcatcher,134.0,68000000,R,52,35,17,17,2945.0,75685268,1.1130186470588235
1251,Gaudi Afternoon,97.0,20000000,R,58,44,14,14,1.0,3838,0.0001919
1253,Piglet's Big Movie,75.0,72250000,G,78,62,16,16,2084.0,62870546,0.8701805674740485
1254,View from the Top,87.0,18000000,PG-13,13,27,-14,14,2508.0,19526014,1.0847785555555556
1255,Unknown Pleasures,112.0,20000000,Not Rated,73,61,12,12,1.0,9776,0.0004888
1257,Basic,98.0,50000000,R,75,34,41,41,2876.0,42598498,0.85196996
1258,Head of State,95.0,35200000,PG-13,74,44,30,30,2151.0,38283765,1.0876069602272727
1259,Raising Victor Vargas,88.0,800000,R,63,83,-20,20,2.0,2900578,3.6257225
1260,Stevie,140.0,1000000,R,81,72,9,9,4.0,97044,0.097044
1261,The Core,135.0,85000000,PG-13,52,48,4,4,3017.0,74120792,0.8720093176470588
1264,The Good Thief,108.0,30000000,R,76,68,8,8,9.0,6460758,0.2153586
1265,A Man Apart,109.0,36000000,R,52,36,16,16,2459.0,43797731,1.216603638888889
1268,Levity,100.0,20000000,R,61,45,16,16,10.0,209151,0.01045755
1270,Phone Booth,81.0,11000000,R,88,56,32,32,2481.0,97837138,8.894285272727272
1271,The Man Without a Past,97.0,18000000,PG-13,76,84,-8,8,2.0,921547,0.05119705555555556
1272,What a Girl Wants,105.0,25000000,PG,66,41,25,25,2964.0,37216643,1.48866572
1273,Anger Management,106.0,56000000,R,86,52,34,34,3551.0,195484552,3.4907955714285714
1274,Better Luck Tomorrow,101.0,250000,R,72,67,5,5,13.0,3809226,15.236904
1275,Ghosts of the Abyss,59.0,1000000,G,64,67,-3,3,97.0,28742313,28.742313
1277,Marion Bridge,90.0,20000000,Unrated,84,71,13,13,,0,0.0
1279,XX/XY,91.0,20000000,R,35,52,-17,17,5.0,103874,0.0051937
1280,A Mighty Wind,91.0,6000000,PG-13,72,81,-9,9,133.0,18504539,3.084089833333333
1281,Bulletproof Monk,104.0,52000000,PG-13,80,40,40,40,2955.0,26922492,0.5177402307692308
1282,Chasing Papi,80.0,9000000,PG,57,33,24,24,585.0,12657377,1.406375222222222
1284,Holes,117.0,20000000,PG,77,71,6,6,2331.0,71232214,3.5616107
1289,Winged Migration,89.0,28000000,G,82,82,0,0,1.0,39134983,1.3976779642857142
1290,A Decade Under the Influence,138.0,1000000,TV,72,67,5,5,1.0,34514,0.034514
1291,City of Ghosts,116.0,1000000,R,83,57,26,26,6.0,325491,0.325491
1292,Confidence,97.0,15000000,TV,84,59,25,25,1871.0,12970401,0.8646934
1293,House of Fools,104.0,20000000,R,58,52,6,6,3.0,57722,0.0028861
1294,Identity,90.0,28000000,R,89,64,25,25,2733.0,82119036,2.9328227142857144
1295,It Runs in the Family,109.0,18000000,PG-13,51,44,7,7,1207.0,7375836,0.40976866666666667
1297,Manic,100.0,12000000,R,85,60,25,25,1.0,75535,0.0062945833333333335
1298,Marooned in Iraq,,20000000,Not Rated,77,88,-11,11,1.0,141216,0.0070608
1299,People I Know,100.0,20000000,TV,74,53,21,21,5.0,5694213,0.28471065
1301,The Real Cancun,96.0,4000000,R,76,34,42,42,2261.0,4188034,1.0470085
1302,Spellbound,97.0,1000000,TV,77,80,-3,3,1.0,7457710,7.45771
1303,Blue Car,96.0,1000000,R,67,76,-9,9,6.0,475367,0.475367
1304,Charlotte Sometimes,85.0,12000000,R,80,72,8,8,1.0,121771,0.010147583333333333
1305,New Suit,94.0,20000000,R,20,53,-33,33,7.0,71475,0.00357375
1306,Owning Mahowny,104.0,10000000,R,71,70,1,1,9.0,1147871,0.1147871
1308,The Dancer Upstairs,132.0,12000000,R,71,64,7,7,13.0,2374732,0.19789433333333334
1309,The Lizzie McGuire Movie,94.0,15000000,PG,70,56,14,14,2825.0,55534455,3.702297
1311,A Family Affair,107.0,1000000,Not Rated,53,50,3,3,2.0,50075,0.050075
1312,Daddy Day Care,92.0,60000000,PG,57,39,18,18,3370.0,164285587,2.7380931166666667
1313,Down with Love,101.0,20750000,PG-13,83,52,31,31,1.0,35456949,1.708768626506024
1315,Only the Strong Survive,95.0,1000000,PG-13,38,59,-21,21,12.0,57322,0.057322
1316,The Shape of Things,96.0,12000000,R,85,59,26,26,40.0,1058340,0.088195
1317,The Trip,95.0,18000000,R,71,47,24,24,1.0,305403,0.016966833333333334
1318,Washington Heights,89.0,20000000,R,65,65,0,0,27.0,156022,0.0078011
1319,Dracula: Pages from a Virgin's Diary,73.0,1100000,Not Rated,58,84,-26,26,1.0,81371,0.07397363636363637
1320,The Matrix Reloaded,138.0,150000000,R,73,62,11,11,3603.0,738576929,4.9238461933333335
1322,Cinemania,83.0,1000000,Not Rated,70,67,3,3,1.0,11305,0.011305
1331,Bruce Almighty,101.0,81000000,PG-13,76,46,30,30,3483.0,484468608,5.981093925925926
1334,The In-Laws,98.0,18000000,PG-13,67,46,21,21,2652.0,24345659,1.352536611111111
1335,Capturing the Friedmans,107.0,1000000,Not Rated,80,90,-10,10,3.0,4409434,4.409434
1336,Finding Nemo,100.0,94000000,G,87,90,-3,3,3374.0,936094852,9.958455872340425
1338,The Italian Job,111.0,60000000,PG-13,86,68,18,18,2633.0,176262839,2.9377139833333334
1341,Wrong Turn,84.0,10000000,R,78,32,46,46,1615.0,28649556,2.8649556
1342,The Weather Underground,92.0,1000000,Unrated,73,77,-4,4,1.0,564632,0.564632
1343,2 Fast 2 Furious,107.0,76000000,PG-13,74,38,36,36,3408.0,236410607,3.110665881578947
1345,Love the Hard Way,104.0,12000000,R,75,42,33,33,6.0,43571,0.003630916666666667
1346,The Eye,99.0,12000000,TV,69,66,3,3,4.0,508195,0.042349583333333336
1348,Whale Rider,101.0,4300000,PG-13,56,80,-24,24,9.0,39374600,9.156883720930233
1349,Dumb and Dumberer: When Harry Met Lloyd,85.0,30000000,PG-13,27,19,8,8,2609.0,28986358,0.9662119333333333
1351,Hollywood Homicide,116.0,75000000,PG-13,82,47,35,35,2840.0,50409753,0.67213004
1352,Jet Lag,91.0,20750000,R,64,53,11,11,40.0,544434,0.02623778313253012
1353,Manito,78.0,25000,Not Rated,82,71,11,11,,0,0.0
1355,Rugrats Go Wild,80.0,25000000,PG,60,38,22,22,3041.0,55443032,2.21772128
1360,Alex & Emma,96.0,30000000,PG-13,84,32,52,52,2310.0,15358583,0.5119527666666667
1362,From Justin to Kelly,81.0,12000000,PG,26,14,12,12,2001.0,4922166,0.4101805
1363,Hulk,138.0,137000000,PG-13,53,54,-1,1,3660.0,245031679,1.788552401459854
1366,Charlie's Angels: Full Throttle,106.0,120000000,Unrated,53,48,5,5,3459.0,227163273,1.893027275
1369,Gasoline,90.0,20000000,Not Rated,54,44,10,10,1.0,7544,0.0003772
1370,"Legally Blonde 2: Red, White & Blonde",95.0,25000000,PG-13,59,47,12,12,3350.0,125339088,5.01356352
1371,Sinbad: Legend of the Seven Seas,86.0,60000000,PG,68,48,20,20,3086.0,80767884,1.3461314
1372,Swimming Pool,102.0,7800000,R,62,70,-8,8,13.0,24021282,3.0796515384615386
1373,Terminator 3: Rise of the Machines,109.0,170000000,R,74,66,8,8,3504.0,433058296,2.5474017411764707
1377,Pirates of the Caribbean: The Curse of the Black Pearl,143.0,140000000,PG-13,88,63,25,25,3269.0,654310819,4.673648707142857
1379,I Capture the Castle,113.0,20750000,R,67,63,4,4,8.0,6575415,0.31688746987951805
1381,Northfork,103.0,1900000,PG-13,51,64,-13,13,5.0,1445140,0.7606
1382,The Cuckoo,99.0,20000000,PG-13,81,69,12,12,6.0,243187,0.01215935
1383,The Holy Land,102.0,12000000,Unrated,75,58,17,17,,602990,0.050249166666666664
1384,The League of Extraordinary Gentlemen,110.0,78000000,PG-13,56,30,26,26,3002.0,179265204,2.2982718461538463
1385,Bad Boys II,147.0,130000000,R,40,38,2,2,3186.0,273271982,2.1020921692307692
1386,Dirty Pretty Things,97.0,10000000,R,88,78,10,10,5.0,14156753,1.4156753
1387,Garage Days,105.0,20000000,R,41,50,-9,9,23.0,20600,0.00103
1388,How to Deal,101.0,16000000,PG-13,86,45,41,41,2319.0,14125516,0.88284475
1389,Johnny English,87.0,45000000,PG,69,51,18,18,2236.0,161735791,3.594128688888889
1391,The Anarchist Cookbook,101.0,18000000,R,54,36,18,18,,14369,0.0007982777777777777
1392,The Embalmer,101.0,12000000,Not Rated,81,71,10,10,2.0,526029,0.04383575
1394,This Thing of Ours,100.0,2000000,Not Rated,78,36,42,42,,37227,0.0186135
1396,Masked and Anonymous,,7500000,PG-13,83,32,51,51,4.0,555335,0.07404466666666666
1397,Buffalo Soldiers,98.0,15000000,R,79,56,23,23,6.0,1768976,0.11793173333333333
1399,Camp,114.0,18000000,PG-13,69,55,14,14,3.0,2672087,0.14844927777777778
1400,Hotel,93.0,18000000,TV,48,47,1,1,2.0,28839,0.0016021666666666667
1403,Mondays in the Sun,113.0,4000000,R,86,64,22,22,7.0,146402,0.0366005
1404,Seabiscuit,141.0,86000000,PG-13,71,72,-1,1,1987.0,148715342,1.7292481627906977
1405,Spy Kids 3-D: Game Over,84.0,40000000,TV,54,57,-3,3,3344.0,167851995,4.196299875
1406,American Wedding,96.0,55000000,Unrated,73,43,30,30,3172.0,232354205,4.224621909090909
1408,Gigli,121.0,54000000,R,19,18,1,1,2215.0,7126002,0.131963
1411,Zero Day,92.0,12000000,Unrated,63,69,-6,6,1.0,10390,0.0008658333333333334
1412,Freaky Friday,97.0,26000000,PG,81,70,11,11,2954.0,160822438,6.185478384615385
1414,S.W.A.T.,117.0,70000000,PG-13,79,45,34,34,3202.0,207154748,2.959353542857143
1415,Step Into Liquid,88.0,1000000,PG,85,72,13,13,5.0,3975542,3.975542
1416,The Princess Blade,93.0,60000000,R,60,59,1,1,4.0,69386,0.0011564333333333333
1417,American Splendor,101.0,2000000,TV,79,90,-11,11,6.0,8685632,4.342816
1418,Freddy vs. Jason,97.0,25000000,R,82,37,45,45,3014.0,114576403,4.58305612
1419,Grind,105.0,72250000,PG-13,82,30,52,52,2253.0,5119629,0.0708599169550173
1421,Open Range,139.0,26000000,R,88,67,21,21,2075.0,68613992,2.638999692307692
1424,Uptown Girls,92.0,18000000,PG-13,73,33,40,40,2495.0,37095657,2.0608698333333333
1426,Thirteen,100.0,2000000,R,84,70,14,14,5.0,9505996,4.752998
1428,Dog Days,121.0,10000000,Unrated,80,66,14,14,1.0,13031,0.0013031
1431,Marci X,84.0,20000000,R,87,20,67,67,1200.0,1646664,0.0823332
1432,My Boss's Daughter,86.0,14000000,R,60,15,45,45,2201.0,15565357,1.1118112142857144
1433,Rana's Wedding,90.0,20000000,Unrated,58,71,-13,13,1.0,9250,0.0004625
1434,Stoked: The Rise and Fall of Gator,82.0,20000000,R,78,69,9,9,1.0,131712,0.0065856
1435,The Battle of Shaker Heights,79.0,1000000,PG-13,37,33,4,4,5.0,839145,0.839145
1436,The Medallion,88.0,41000000,PG-13,37,38,-1,1,2648.0,22108977,0.5392433414634147
1439,Civil Brand,95.0,500000,R,53,29,24,24,35.0,254293,0.508586
1443,The Other Side of the Bed,114.0,20000000,R,60,47,13,13,10.0,113086,0.0056543
1444,Carnage,130.0,25000000,Unrated,50,71,-21,21,1.0,60158,0.00240632
1445,Dickie Roberts: Former Child Star,98.0,17000000,PG-13,61,36,25,25,2026.0,23734486,1.3961462352941176
1447,Home Room,133.0,20000000,R,76,43,33,33,3.0,3467,0.00017335
1448,Party Monster,98.0,5000000,TV,66,36,30,30,1.0,894030,0.178806
1449,Taking Sides,108.0,12000000,Not Rated,54,61,-7,7,2.0,1039930,0.08666083333333334
1450,The Order,102.0,35000000,R,8,21,-13,13,1975.0,11559747,0.3302784857142857
1451,Where's the Party Yaar?,110.0,20000000,Not Rated,75,56,19,19,11.0,85739,0.00428695
1453,Cabin Fever,93.0,1500000,TV,29,56,-27,27,2087.0,30351664,20.234442666666666
1454,Dummy,91.0,20000000,R,86,48,38,38,5.0,71305,0.00356525
1455,Lost in Translation,102.0,4000000,R,75,89,-14,14,23.0,117085297,29.27132425
1456,Matchstick Men,116.0,18000000,PG-13,87,61,26,26,2711.0,59165300,3.2869611111111112
1458,Once Upon a Time in Mexico,102.0,29000000,R,85,56,29,29,3282.0,97413527,3.3590871379310343
1459,So Close,,20000000,R,70,66,4,4,11.0,75705,0.00378525
1460,Anything Else,108.0,18000000,R,57,43,14,14,1033.0,13203044,0.7335024444444445
1462,Cold Creek Manor,118.0,21000000,R,77,37,40,40,2035.0,21384035,1.018287380952381
1463,Demonlover,129.0,21000000,Unrated,59,64,-5,5,8.0,568063,0.02705061904761905
1465,In This World,88.0,20000000,R,70,75,-5,5,10.0,312118,0.0156059
1467,Secondhand Lions,109.0,30000000,PG,86,52,34,34,3013.0,47902566,1.5967522
1468,The Fighting Temptations,123.0,18000000,PG-13,76,53,23,23,2026.0,30597073,1.699837388888889
1471,Underworld,121.0,22000000,Not Rated,87,42,45,45,2915.0,95708457,4.350384409090909
1472,Yossi & Jagger,65.0,12000000,Unrated,68,70,-2,2,1.0,270232,0.022519333333333332
1475,Duplex,89.0,40000000,PG-13,67,50,17,17,2189.0,10070651,0.251766275
1476,Luther,123.0,35000000,PG-13,68,47,21,21,401.0,32717063,0.9347732285714285
1477,My Life Without Me,106.0,2500000,R,86,57,29,29,7.0,12267275,4.90691
1478,Prey for Rock & Roll,104.0,12000000,R,85,48,37,37,1.0,62089,0.0051740833333333335
1480,The Rundown,104.0,85000000,PG-13,86,59,27,27,3152.0,80831893,0.9509634470588235
1481,Under the Tuscan Sun,113.0,18000000,PG-13,76,52,24,24,1226.0,57490024,3.193890222222222
1482,Concert for George,146.0,10000000,PG-13,71,82,-11,11,105.0,82598,0.0082598
1483,Out of Time,105.0,50000000,R,81,63,18,18,3076.0,55489826,1.10979652
1484,School of Rock,108.0,20000000,PG-13,83,82,1,1,2614.0,131944672,6.5972336
1485,The Event,110.0,20000000,R,46,42,4,4,27.0,54288,0.0027144
1486,The Station Agent,89.0,500000,R,86,81,5,5,3.0,9470209,18.940418
1487,Wonderland,104.0,20000000,TV,58,43,15,15,5.0,1128468,0.0564234
1489,Mystic River,138.0,30000000,R,71,84,-13,13,13.0,156822020,5.227400666666667
1491,Girls Will Be Girls,79.0,20000000,R,69,52,17,17,,147235,0.00736175
1492,Good Boy!,87.0,17000000,PG,57,49,8,8,3225.0,45312217,2.665424529411765
1493,House of the Dead,90.0,7000000,R,15,15,0,0,1520.0,13860078,1.980011142857143
1494,Intolerable Cruelty,100.0,60000000,PG-13,65,71,-6,6,2564.0,121327628,2.0221271333333335
1497,Small Voices,109.0,12000000,Not Rated,80,58,22,22,,66235,0.005519583333333333
1500,Pieces of April,80.0,300000,PG-13,87,70,17,17,6.0,3571253,11.904176666666666
1501,Returner,116.0,20000000,Not Rated,68,36,32,32,13.0,69886,0.0034943
1502,Runaway Jury,127.0,21000000,PG-13,88,61,27,27,2815.0,67338219,3.206581857142857
1503,Sylvia,110.0,12000000,R,65,56,9,9,3.0,2904137,0.24201141666666667
1504,The Texas Chainsaw Massacre,98.0,9000000,R,64,38,26,26,3016.0,107967319,11.996368777777779
1505,Veronica Guerin,92.0,17000000,R,65,55,10,10,472.0,9438074,0.5551808235294118
1506,In the Cut,119.0,12000000,Unrated,78,46,32,32,6.0,23693646,1.9744705
1508,Beyond Borders,127.0,60000000,R,57,32,25,25,1798.0,11427090,0.1904515
1509,Brother Bear,85.0,72250000,G,65,48,17,17,2.0,250397798,3.465713467128028
1510,Elephant,81.0,3000000,R,71,70,1,1,6.0,10051516,3.3505053333333334
1512,Radio,109.0,35000000,PG,81,38,43,43,3074.0,53293628,1.5226750857142857
1513,Scary Movie 3,84.0,45000000,Unrated,68,49,19,19,3505.0,155200000,3.448888888888889
1515,The Singing Detective,109.0,8000000,R,62,45,17,17,5.0,524747,0.065593375
1516,Girlhood,82.0,1000000,Not Rated,70,69,1,1,2.0,141186,0.141186
1518,Shattered Glass,94.0,6000000,TV,77,73,4,4,8.0,3456602,0.5761003333333333
1520,The Human Stain,106.0,12000000,R,85,57,28,28,160.0,19379387,1.6149489166666666
1521,The Matrix Revolutions,129.0,150000000,R,50,47,3,3,3502.0,427300260,2.8486684
1522,The Revolution Will Not Be Televised,74.0,20000000,Unrated,65,81,-16,16,,153859,0.00769295
1523,Billabong Odyssey,88.0,1000000,PG,83,50,33,33,27.0,239380,0.23938
1524,Elf,97.0,32000000,PG,85,64,21,21,3337.0,222344688,6.9482715
1529,Love Actually,135.0,45000000,R,84,55,29,29,576.0,246671987,5.481599711111111
1531,My Architect,116.0,1000000,Not Rated,82,81,1,1,2.0,3623958,3.623958
1534,Hukkle,78.0,12000000,Unrated,77,77,0,0,1.0,52949,0.004412416666666667
1535,Looney Tunes: Back in Action,91.0,80000000,PG,69,64,5,5,2903.0,54540662,0.681758275
1536,Master and Commander: The Far Side of the World,138.0,135000000,PG-13,66,81,-15,15,3101.0,212912137,1.5771269407407407
1540,The Missing,137.0,65000000,R,67,55,12,12,2756.0,38253433,0.5885143538461538
1541,21 Grams,124.0,20000000,R,77,70,7,7,8.0,59667625,2.98338125
1545,Gothika,98.0,40000000,R,65,38,27,27,2382.0,141484812,3.5371203
1548,Bad Santa,91.0,18000000,Unrated,86,70,16,16,2005.0,77147031,4.285946166666666
1550,In America,105.0,12000000,TV,83,76,7,7,11.0,25382911,2.1152425833333335
1551,The Cooler,101.0,4000000,TV,68,69,-1,1,11.0,11131455,2.78286375
1552,The Haunted Mansion,88.0,90000000,PG,59,34,25,25,3122.0,155750628,1.7305625333333332
1554,Timeline,116.0,80000000,PG-13,50,28,22,22,2787.0,26703184,0.3337898
1555,My Flesh and Blood,83.0,1000000,Unrated,86,78,8,8,7.0,42484,0.042484
1556,The Legend of Leigh Bowery,60.0,20000000,Not Rated,78,65,13,13,1.0,10445,0.00052225
1559,Honey,94.0,18000000,PG-13,62,37,25,25,1942.0,62646763,3.480375722222222
1561,The Last Samurai,154.0,140000000,R,80,55,25,25,2908.0,456810575,3.2629326785714285
1563,Big Fish,125.0,70000000,PG-13,86,58,28,28,6.0,123954323,1.7707760428571429
1565,Girl with a Pearl Earring,100.0,12000000,TV,71,72,-1,1,7.0,43153588,3.5961323333333333
1566,Love Don't Cost a Thing,100.0,20750000,PG-13,82,37,45,45,1844.0,21937235,1.0572161445783133
1569,Something's Gotta Give,128.0,80000000,PG-13,62,66,-4,4,2677.0,266685242,3.333565525
1571,The Statement,120.0,27000000,R,60,45,15,15,7.0,1545064,0.05722459259259259
1572,The Lord of the Rings: The Return of the King,201.0,94000000,PG-13,90,94,-4,4,3703.0,1120214046,11.91717070212766
1573,Calendar Girls,108.0,10000000,PG-13,71,60,11,11,24.0,93074616,9.3074616
1574,House of Sand and Fog,126.0,16500000,R,86,71,15,15,2.0,16154786,0.9790779393939394
1575,Mona Lisa Smile,117.0,65000000,PG-13,69,45,24,24,2677.0,141205169,2.1723872153846155
1578,The Hebrew Hammer,85.0,1300000,Unrated,60,41,19,19,8.0,90213,0.06939461538461539
1580,Monster,109.0,5000000,R,73,74,-1,1,4.0,64200321,12.8400642
1581,Cheaper by the Dozen,98.0,40000000,PG,71,46,25,25,3298.0,190212113,4.755302825
1582,Cold Mountain,154.0,80000000,R,58,73,-15,15,2163.0,165173909,2.0646738625
1583,Paycheck,119.0,60000000,PG-13,81,43,38,38,2762.0,98819789,1.6469964833333333
1584,Peter Pan,113.0,100000000,PG,76,64,12,12,2813.0,95255485,0.95255485
1585,The Company,112.0,15000000,R,69,73,-4,4,11.0,3393606,0.2262404
1587,Japanese Story,110.0,12000000,R,73,73,0,0,5.0,4647054,0.3872545
1589,Secret Things,115.0,12000000,Unrated,54,55,-1,1,1.0,186021,0.01550175
1591,Aileen: Life and Death of a Serial Killer,90.0,1000000,R,66,71,-5,5,3.0,118973,0.118973
1592,Chasing Liberty,111.0,23000000,PG-13,51,46,5,5,2400.0,12291975,0.5344336956521739
1593,My Baby's Daddy,86.0,12000000,PG-13,46,23,23,23,1447.0,17322212,1.4435176666666667
1594,Along Came Polly,90.0,42000000,PG-13,81,44,37,37,2984.0,173044410,4.120105
1598,Tokyo Godfathers,92.0,72250000,PG-13,80,73,7,7,8.0,847106,0.011724650519031142
1600,Torque,84.0,40000000,Not Rated,78,41,37,37,2463.0,46176322,1.15440805
1602,Made-Up,96.0,20000000,PG-13,57,52,5,5,2.0,79766,0.0039883
1603,The Butterfly Effect,113.0,13000000,R,85,30,55,55,2605.0,95638592,7.356814769230769
1605,Win a Date with Tad Hamilton!,95.0,24000000,PG-13,78,52,26,26,2711.0,17589829,0.7329095416666667
1607,Latter Days,107.0,850000,Unrated,76,45,31,31,,865708,1.01848
1609,The Big Bounce,88.0,50000000,R,20,42,-22,22,2304.0,6626115,0.1325223
1610,The Perfect Score,93.0,18000000,PG-13,58,35,23,23,2208.0,10387706,0.5770947777777777
1611,You Got Served,95.0,8000000,PG-13,64,37,27,27,1933.0,50811858,6.35148225
1614,Barbershop 2: Back in Business,106.0,18000000,PG-13,61,59,2,2,2711.0,65842412,3.6579117777777777
1615,Catch That Kid,91.0,18000000,PG,54,33,21,21,2847.0,16959614,0.9422007777777778
1617,Miracle,135.0,28000000,PG,76,68,8,8,2605.0,64474705,2.302668035714286
1618,Osama,83.0,500000,PG-13,65,83,-18,18,,1971479,3.942958
1619,The Dreamers,115.0,12000000,TV,87,62,25,25,5.0,15307113,1.27559275
1620,The Lost Skeleton of Cadavra,90.0,100000,PG,58,45,13,13,1.0,110536,1.10536
1621,The Return,105.0,21000000,Unrated,83,82,1,1,3.0,5953886,0.28351838095238097
1622,50 First Dates,99.0,75000000,PG-13,65,48,17,17,3591.0,196320329,2.6176043866666667
1625,Love Object,88.0,10000000,R,64,45,19,19,,6028,0.0006028
1626,Robot Stories,85.0,20000000,Not Rated,83,66,17,17,1.0,131451,0.00657255
1628,The Seagull's Laughter,102.0,18000000,Not Rated,66,65,1,1,,90439,0.005024388888888889
1630,Lost Boys of Sudan,87.0,1000000,Unrated,65,78,-13,13,1.0,182839,0.182839
1631,Against the Ropes,111.0,39000000,PG-13,13,36,-23,23,1601.0,6429865,0.16486833333333334
1633,Clifford's Really Big Movie,73.0,72250000,G,70,49,21,21,471.0,3255426,0.04505779930795848
1634,Confessions of a Teenage Drama Queen,89.0,15000000,PG,61,33,28,28,2503.0,33118854,2.2079236
1636,Kitchen Stories,95.0,18000000,Unrated,71,75,-4,4,8.0,2406347,0.13368594444444445
1639,Welcome to Mooseport,110.0,26000000,PG-13,35,33,2,2,2868.0,14494770,0.5574911538461539
1640,The Passion of the Christ,127.0,25000000,Unrated,68,47,21,21,3043.0,622313635,24.8925454
1642,Club Dread,104.0,8500000,R,74,45,29,29,1807.0,7573551,0.891006
1646,Greendale,87.0,27000000,Not Rated,67,52,15,15,2.0,251862,0.009328222222222222
1647,Risk/Reward,88.0,20000000,Not Rated,83,58,25,25,1.0,2517,0.00012585
1648,Twisted,97.0,50000000,R,19,26,-7,7,2703.0,40119848,0.80239696
1651,Hidalgo,136.0,78000000,PG-13,75,54,21,21,3063.0,108086731,1.3857273205128204
1652,James' Journey to Jerusalem,87.0,12000000,Unrated,43,65,-22,22,1.0,232445,0.019370416666666668
1654,Starsky & Hutch,101.0,60000000,PG-13,83,55,28,28,3185.0,170200225,2.8366704166666667
1655,The Reckoning,112.0,10000000,R,50,49,1,1,5.0,256620,0.025662
1656,Agent Cody Banks 2: Destination London,100.0,26000000,PG,45,32,13,13,2973.0,28703083,1.1039647307692309
1657,Distant,110.0,12000000,Not Rated,84,84,0,0,2.0,96293,0.008024416666666666
1661,NASCAR: The IMAX Experience,40.0,1000000,PG,61,58,3,3,68.0,22199356,22.199356
1662,Secret Window,96.0,40000000,PG-13,53,46,7,7,3018.0,92110539,2.302763475
1663,Spartan,106.0,21000000,R,75,60,15,15,832.0,4586333,0.21839680952380952
1664,Wilbur Wants to Kill Himself,109.0,18000000,R,79,69,10,10,2.0,233053,0.012947388888888888
1668,Dawn of the Dead,101.0,28000000,Unrated,84,59,25,25,2745.0,103452875,3.6947455357142855
1669,Eternal Sunshine of the Spotless Mind,108.0,20000000,R,89,89,0,0,1353.0,72401378,3.6200689
1670,Intermission,105.0,18000000,Not Rated,75,64,11,11,10.0,4552486,0.2529158888888889
1671,Taking Lives,103.0,21000000,Unrated,23,38,-15,15,2705.0,64232363,3.0586839523809526
1673,Dogville,178.0,12000000,R,82,60,22,22,9.0,14851654,1.2376378333333333
1674,Jersey Girl,102.0,35000000,R,65,43,22,22,1520.0,37066129,1.0590322571428572
1675,Mayor of the Sunset Strip,94.0,1000000,R,78,71,7,7,7.0,262564,0.262564
1677,Never Die Alone,88.0,12000000,R,70,38,32,32,1161.0,5644575,0.47038125
1680,The Ladykillers,104.0,35000000,R,61,56,5,5,1583.0,77392139,2.2112039714285716
1683,Hellboy,122.0,60000000,PG-13,80,72,8,8,3028.0,99823958,1.6637326333333333
1684,Home on the Range,76.0,110000000,PG,56,50,6,6,3047.0,76482461,0.6952951
1690,The United States of Leland,108.0,12000000,R,73,37,36,36,14.0,343816,0.028651333333333334
1691,Walking Tall,86.0,56000000,PG-13,72,44,28,28,2836.0,47856383,0.8545782678571429
1692,Johnson Family Vacation,97.0,12000000,PG-13,81,29,52,52,1317.0,31286759,2.607229916666667
1694,Ella Enchanted,96.0,35000000,PG,79,53,26,26,1931.0,24200318,0.6914376571428571
1696,Showboy,93.0,18000000,Not Rated,76,37,39,39,1.0,34646,0.0019247777777777779
1697,The Alamo,137.0,92000000,PG-13,63,47,16,16,2609.0,23911362,0.25990610869565217
1698,The Girl Next Door,108.0,25000000,Unrated,83,47,36,36,2148.0,31635150,1.265406
1699,The Middle of the World,85.0,20000000,Not Rated,76,32,44,44,,0,0.0
1700,The Whole Ten Yards,98.0,30000000,PG-13,31,24,7,7,2654.0,26323969,0.8774656333333334
1701,Twentynine Palms,119.0,12000000,Not Rated,51,43,8,8,2.0,81517,0.006793083333333333
1703,Connie and Carla,98.0,20000000,PG-13,68,44,24,24,1014.0,9649039,0.48245195
1704,Gypsy 83,94.0,12000000,R,76,47,29,29,1.0,29367,0.00244725
1707,The Punisher,124.0,33000000,Unrated,82,33,49,49,2649.0,54533774,1.6525386060606062
1708,Young Adam,98.0,12000000,NC-17,66,67,-1,1,9.0,857975,0.07149791666666666
1710,Sacred Planet,40.0,1000000,G,66,53,13,13,,0,0.0
1712,Close Your Eyes,108.0,21000000,R,80,45,35,35,17.0,39381,0.0018752857142857143
1713,Faster,103.0,24000000,PG-13,60,57,3,3,1.0,16265,0.0006777083333333333
1715,Man on Fire,146.0,60000000,R,86,47,39,39,2979.0,130968579,2.18280965
1718,The Agronomist,90.0,1000000,PG-13,84,82,2,2,7.0,254346,0.254346
1719,The Twilight Samurai,129.0,12000000,Not Rated,84,82,2,2,1.0,556546,0.046378833333333334
1720,Bobby Jones: Stroke of Genius,120.0,17000000,PG,57,45,12,12,1332.0,2694071,0.15847476470588234
1722,Envy,99.0,20000000,PG-13,21,31,-10,10,2445.0,14566246,0.7283123
1723,Godsend,102.0,30000000,PG-13,61,24,37,37,2323.0,16873925,0.5624641666666667
1724,Laws of Attraction,90.0,32000000,PG-13,59,38,21,21,2449.0,29939591,0.93561221875
1725,Mean Girls,97.0,18000000,PG-13,81,66,15,15,2839.0,130714469,7.261914944444444
1726,People Say I'm Crazy,84.0,1000000,Not Rated,68,69,-1,1,1.0,15679,0.015679
1727,Since Otar Left,103.0,12000000,Unrated,77,85,-8,8,2.0,502665,0.04188875
1729,The Saddest Music in the World,100.0,12000000,R,66,78,-12,12,4.0,669128,0.05576066666666667
1731,A Foreign Affair,94.0,18000000,PG-13,60,53,7,7,,27516,0.0015286666666666667
1732,New York Minute,91.0,40000000,PG,52,33,19,19,3006.0,21156715,0.528917875
1735,Super Size Me,100.0,65000,PG,75,73,2,2,41.0,22233808,342.05858461538463
1736,The Mudge Boy,94.0,800000,R,66,62,4,4,,62544,0.07818
1737,Valentin,86.0,12000000,PG-13,58,52,6,6,2.0,275363,0.022946916666666668
1738,Van Helsing,131.0,170000000,PG-13,63,35,28,28,3575.0,300150546,1.7655914470588234
1739,A Day Without a Mexican,100.0,18000000,R,39,30,9,9,56.0,10058001,0.5587778333333333
1742,Carandiru,145.0,12000000,R,74,71,3,3,6.0,213954,0.0178295
1743,Coffee and Cigarettes,95.0,18000000,R,69,65,4,4,5.0,3729806,0.20721144444444445
1745,Strayed,95.0,12000000,Unrated,74,70,4,4,2.0,2938432,0.24486933333333333
1746,Troy,163.0,150000000,R,86,56,30,30,3411.0,483152040,3.2210136
1749,Shrek 2,93.0,70000000,PG,87,75,12,12,4163.0,935253978,13.360771114285715
1750,Control Room,84.0,1000000,Not Rated,80,79,1,1,1.0,2724826,2.724826
1751,Love Me If You Dare,93.0,20750000,R,80,45,35,35,3.0,8387030,0.40419421686746987
1756,Raising Helen,119.0,50000000,PG-13,63,38,25,25,2717.0,49842431,0.99684862
1760,Saved!,92.0,5000000,PG-13,73,62,11,11,20.0,10206551,2.0413102
1761,Soul Plane,86.0,16000000,Unrated,84,33,51,51,1566.0,14553807,0.9096129375
1762,The Day After Tomorrow,124.0,125000000,PG-13,66,47,19,19,3425.0,555840117,4.446720936
1763,The Mother,112.0,12000000,R,80,72,8,8,7.0,3038677,0.2532230833333333
1766,Carlos Castaneda: Enigma of a Sorcerer,91.0,1000000,Not Rated,58,32,26,26,2.0,97447,0.097447
1769,Harry Potter and the Prisoner of Azkaban,141.0,130000000,PG,83,82,1,1,3855.0,789592708,6.073790061538461
1771,The Corporation,145.0,1000000,Unrated,81,73,8,8,,4843572,4.843572
1772,The Story of the Weeping Camel,,1000000,PG,84,81,3,3,2.0,3966448,3.966448
1774,"Broadway: The Golden Age, by the Legends Who Were There",111.0,1000000,Unrated,83,72,11,11,2.0,391718,0.391718
1777,Napoleon Dynamite,82.0,400000,PG,74,64,10,10,6.0,46122713,115.3067825
1778,The Chronicles of Riddick,119.0,120000000,Unrated,76,38,38,38,2757.0,107212751,0.8934395916666666
1779,The Stepford Wives,93.0,100000000,PG-13,35,42,-7,7,3057.0,96150482,0.96150482
1781,Around the World in 80 Days,120.0,110000000,PG,58,49,9,9,2801.0,72004159,0.6545832636363637
1782,Dodgeball: A True Underdog Story,92.0,30000000,Unrated,46,55,-9,9,2694.0,167791704,5.5930568
1783,Facing Windows,102.0,12000000,R,67,55,12,12,7.0,15458405,1.2882004166666667
1784,Father and Son,97.0,12000000,Unrated,71,64,7,7,1.0,38150,0.0031791666666666665
1785,Grand Theft Parsons,88.0,1200000,PG-13,71,46,25,25,,0,0.0
1786,I'll Sleep When I'm Dead,103.0,21000000,R,51,56,-5,5,2.0,489009,0.023286142857142856
1791,The Terminal,128.0,75000000,PG-13,82,55,27,27,2811.0,218673959,2.9156527866666666
1794,Fahrenheit 9/11,122.0,6000000,R,61,67,-6,6,868.0,221148959,36.85815983333333
1796,White Chicks,109.0,20000000,Unrated,65,41,24,24,2726.0,111448997,5.57244985
1799,The Notebook,123.0,30000000,PG-13,85,53,32,32,2303.0,115937163,3.8645721
1800,Time of the Wolf,114.0,12000000,Not Rated,68,71,-3,3,,61439,0.005119916666666667
1801,Two Brothers,109.0,72000000,PG,87,63,24,24,2175.0,62176754,0.8635660277777778
1802,Spider-Man 2,127.0,200000000,PG-13,88,83,5,5,4152.0,794697557,3.973487785
1803,America's Heart and Soul,84.0,1000000,Not Rated,63,55,8,8,98.0,314000,0.314
1804,Before Sunset,80.0,2000000,R,86,90,-4,4,20.0,11217346,5.608673
1806,De-Lovely,125.0,15000000,PG-13,70,53,17,17,,18524496,1.2349664
1807,The Clearing,95.0,12000000,R,79,60,19,19,56.0,7863875,0.6553229166666666
1808,King Arthur,126.0,90000000,PG-13,76,46,30,30,3086.0,203653524,2.2628169333333332
1809,Anchorman: The Legend of Ron Burgundy,94.0,25000000,Unrated,79,63,16,16,3091.0,89476265,3.5790506
1810,Metallica: Some Kind of Monster,141.0,1000000,R,67,74,-7,7,3.0,2223844,2.223844
1812,Sleepover,89.0,10000000,PG,38,33,5,5,2207.0,9424052,0.9424052
1813,The Inheritance,115.0,12000000,Unrated,84,68,16,16,1.0,67820,0.005651666666666667
1816,The Door in the Floor,111.0,12000000,R,88,67,21,21,47.0,6102830,0.5085691666666666
1817,A Cinderella Story,95.0,19000000,PG,66,25,41,41,2625.0,70112484,3.6901307368421055
1818,Flavors,118.0,20750000,Not Rated,74,46,28,28,14.0,93370,0.0044997590361445785
1819,Freestyle: The Art of Rhyme,60.0,1000000,Not Rated,83,63,20,20,1.0,11255,0.011255
1820,"I, Robot",115.0,105000000,PG-13,80,59,21,21,3420.0,348629585,3.320281761904762
1821,Maria Full of Grace,101.0,3200000,R,26,87,-61,61,7.0,14441158,4.512861875
1822,Touch of Pink,91.0,20750000,R,52,46,6,6,16.0,599758,0.028904
1824,A Home at the End of the World,97.0,6500000,R,74,59,15,15,5.0,1038228,0.1597273846153846
1825,Catwoman,104.0,100000000,PG-13,28,27,1,1,3117.0,82078046,0.82078046
1830,Orwell Rolls in His Grave,84.0,1000000,Unrated,44,49,-5,5,1.0,19257,0.019257
1832,The Bourne Supremacy,108.0,85000000,PG-13,87,73,14,14,3165.0,311001124,3.6588367529411765
1833,Garden State,102.0,2500000,TV,85,67,18,18,9.0,36028802,14.4115208
1834,Los Angeles Plays Itself,169.0,1000000,Not Rated,83,86,-3,3,,0,0.0
1835,She Hate Me,138.0,18000000,R,86,30,56,56,11.0,1465134,0.08139633333333333
1837,Festival Express,90.0,10000000,R,62,85,-23,23,1.0,1284079,0.1284079
1838,Gozu,129.0,12000000,Unrated,75,58,17,17,1.0,54419,0.004534916666666666
1839,Harold & Kumar Go to White Castle,88.0,9000000,Unrated,82,64,18,18,2135.0,19474552,2.1638391111111113
1842,The Manchurian Candidate,129.0,80000000,R,77,76,1,1,2867.0,96135872,1.2016984
1843,The Village,108.0,71682975,PG-13,67,44,23,23,3730.0,257641634,3.5941816588945983
1844,Thunderbirds,95.0,55000000,PG,74,36,38,38,2057.0,28231444,0.5132989818181818
1845,Bang Rajan,71.0,12000000,Unrated,70,59,11,11,1.0,22826,0.0019021666666666666
1846,Code 46,93.0,7500000,R,59,57,2,2,3.0,1788324,0.2384432
1847,Collateral,120.0,60000000,R,87,71,16,16,3188.0,217602967,3.6267161166666666
1849,Last Life in the Universe,112.0,18000000,R,83,73,10,10,1.0,31747,0.0017637222222222223
1850,Little Black Book,111.0,30000000,PG-13,86,36,50,50,2445.0,21758371,0.7252790333333333
1851,Open Water,79.0,500000,R,54,63,-9,9,47.0,55518641,111.037282
1854,Stander,111.0,12000000,R,87,62,25,25,7.0,296584,0.024715333333333332
1856,Danny Deckchair,100.0,18000000,PG-13,69,56,13,13,4.0,159279,0.008848833333333334
1857,The Princess Diaries 2: Royal Engagement,113.0,45000000,G,56,43,13,13,3472.0,134713435,2.993631888888889
1859,We Don't Live Here Anymore,101.0,12000000,R,76,66,10,10,7.0,2313805,0.19281708333333333
1862,Benji: Off the Leash!,97.0,12000000,PG,42,49,-7,7,877.0,3817362,0.3181135
1863,Bright Young Things,106.0,18000000,R,55,64,-9,9,3.0,2682600,0.14903333333333332
1865,Exorcist: The Beginning,114.0,78000000,R,50,30,20,20,2803.0,43957541,0.563558217948718
1867,Mean Creek,90.0,500000,R,80,74,6,6,4.0,1348750,2.6975
1868,Nicotina,90.0,10500000,R,65,49,16,16,96.0,5559100,0.5294380952380953
1869,Red Lights,105.0,17700000,Unrated,59,74,-15,15,1.0,693923,0.039204689265536725
1870,Rosenstrasse,136.0,12000000,PG-13,54,49,5,5,10.0,6073126,0.5060938333333334
1871,Uncovered: The Whole Truth About the Iraq War,56.0,1000000,Not Rated,73,60,13,13,,190424,0.190424
1872,Without a Paddle,95.0,30000000,PG-13,81,29,52,52,2730.0,65121280,2.1707093333333334
1873,Bright Leaves,107.0,1000000,Not Rated,63,79,-16,16,1.0,77888,0.077888
1874,Anacondas: The Hunt for the Blood Orchid,97.0,25000000,PG-13,50,40,10,10,2905.0,70326393,2.81305572
1879,Superbabies: Baby Geniuses 2,88.0,20000000,PG,21,9,12,12,1276.0,9355369,0.46776845
1880,Suspect Zero,99.0,27000000,R,55,37,18,18,1500.0,8723600,0.32309629629629627
1881,The Brown Bunny,93.0,10000000,Not Rated,69,51,18,18,3.0,630427,0.0630427
1882,Vanity Fair,141.0,23000000,PG-13,58,53,5,5,1051.0,19123851,0.8314717826086957
1883,Paparazzi,84.0,20000000,PG-13,20,38,-18,18,2115.0,16612072,0.8306036
1887,The Cookout,97.0,16000000,PG-13,58,15,43,43,1303.0,11540112,0.721257
1889,Warriors of Heaven and Earth,114.0,60000000,R,57,54,3,3,4.0,1318382,0.021973033333333333
1890,Wicker Park,114.0,30000000,PG-13,85,40,45,45,2598.0,21577076,0.7192358666666666
1892,Cellular,94.0,45000000,PG-13,81,60,21,21,2749.0,61453420,1.3656315555555556
1893,Criminal,87.0,31500000,R,85,61,24,24,77.0,942776,0.029929396825396824
1896,Reconstruction,90.0,12000000,PG-13,54,60,-6,6,2.0,73287,0.00610725
1897,Resident Evil: Apocalypse,94.0,50000000,R,62,35,27,27,3284.0,125168734,2.50337468
1898,Testosterone,105.0,12000000,R,73,34,39,39,4.0,184825,0.015402083333333334
1899,When Will I Be Loved,81.0,12000000,TV,58,39,19,19,8.0,159429,0.01328575
1901,Ghost in the Shell 2: Innocence,100.0,60000000,PG-13,74,66,8,8,47.0,1043896,0.017398266666666665
1903,Head in the Clouds,132.0,12000000,R,82,40,42,42,10.0,3356253,0.27968775
1904,Incident at Loch Ness,94.0,1400000,PG-13,66,62,4,4,2.0,56073,0.040052142857142856
1907,National Lampoon's Gold Diggers,,18000000,Unrated,25,6,19,19,1062.0,692000,0.03844444444444445
1908,Particles of Truth,101.0,20000000,R,68,48,20,20,,0,0.0
1909,Silver City,128.0,10500000,R,57,47,10,10,114.0,1017376,0.09689295238095239
1910,Sky Captain and the World of Tomorrow,106.0,70000000,PG,76,64,12,12,3170.0,49730854,0.7104407714285714
1911,Wimbledon,98.0,35000000,PG-13,78,59,19,19,2034.0,41666476,1.1904707428571428
1912,Zelary,150.0,12000000,R,75,66,9,9,6.0,329723,0.027476916666666667
1914,A Dirty Shame,89.0,18000000,NC-17,53,56,-3,3,1.0,1339668,0.074426
1918,First Daughter,106.0,30000000,PG,65,31,34,34,2260.0,10419084,0.3473028
1922,Mind the Gap,134.0,12000000,R,59,46,13,13,1.0,9496,0.0007913333333333333
1926,Shaun of the Dead,99.0,5000000,R,87,76,11,11,607.0,29832586,5.9665172
1927,The Forgotten,91.0,50000000,PG-13,76,43,33,33,3104.0,117211892,2.34423784
1928,The Last Shot,93.0,40000000,R,78,47,31,31,35.0,463730,0.01159325
1929,The Motorcycle Diaries,126.0,12000000,R,76,75,1,1,3.0,54966165,4.58051375
1930,The Yes Men,83.0,1000000,R,71,68,3,3,3.0,274204,0.274204
1932,Going Upriver: The Long War of John Kerry,87.0,1000000,PG-13,82,70,12,12,163.0,614152,0.614152
1933,I Heart Huckabees,107.0,22000000,TV,67,55,12,12,4.0,20034713,0.9106687727272728
1934,Ladder 49,115.0,60000000,PG-13,78,47,31,31,3260.0,102332848,1.7055474666666668
1935,Shark Tale,90.0,75000000,PG,66,48,18,18,4016.0,371741123,4.956548306666667
1938,Woman Thou Art Loosed,94.0,3000000,R,70,55,15,15,408.0,6879730,2.2932433333333333
1939,Tarnation,88.0,400000,Unrated,71,87,-16,16,1.0,1162014,2.905035
1940,Taxi,97.0,60000000,PG-13,48,27,21,21,3001.0,68109966,1.1351661
1942,Around the Bend,85.0,12000000,R,81,46,35,35,4.0,193571,0.01613091666666667
1943,Friday Night Lights,118.0,30000000,PG-13,76,70,6,6,2667.0,61950770,2.0650256666666666
1945,Primer,77.0,7000,PG-13,75,68,7,7,4.0,841926,120.27514285714285
1946,Raise Your Voice,103.0,15000000,PG,61,33,28,28,2521.0,14811980,0.9874653333333333
1948,Stage Beauty,106.0,12000000,R,86,64,22,22,3.0,1030481,0.08587341666666666
1950,Vodka Lemon,90.0,18000000,Not Rated,75,69,6,6,2.0,63672,0.0035373333333333333
1952,Vera Drake,125.0,11000000,R,75,83,-8,8,2.0,13353855,1.2139868181818183
1954,Being Julia,104.0,18000000,R,75,65,10,10,8.0,14451322,0.8028512222222223
1955,Eulogy,91.0,10000000,TV,68,34,34,34,22.0,91201,0.0091201
1959,P.S.,97.0,12000000,R,50,55,-5,5,3.0,175408,0.014617333333333333
1960,Riding the Bullet,98.0,10000000,R,58,37,21,21,100.0,101107,0.0101107
1961,Saints and Soldiers,90.0,780000,R,75,56,19,19,26.0,1310470,1.6800897435897435
1963,Team America: World Police,98.0,20000000,R,75,64,11,11,2539.0,50948811,2.54744055
1964,The Final Cut,95.0,21000000,PG-13,86,43,43,43,117.0,3618825,0.172325
1966,Celsius 41.11: The Temperature at Which the Brain... Begins to Die,72.0,1000000,R,46,42,4,4,,0,0.0
1971,Postmen in the Mountains,93.0,12000000,Unrated,77,62,15,15,1.0,203975,0.016997916666666668
1972,Sideways,126.0,17000000,R,70,94,-24,24,4.0,109726800,6.4545176470588235
1974,Surviving Christmas,91.0,18000000,PG-13,73,19,54,54,2750.0,14328813,0.7960451666666667
1975,The Grudge,92.0,10000000,Unrated,34,49,-15,15,3245.0,187281115,18.7281115
1976,The Machinist,101.0,5000000,R,87,61,26,26,3.0,8655397,1.7310794
1977,The Manson Family,95.0,10000000,Unrated,41,56,-15,15,4.0,11657,0.0011657
1978,Undertow,108.0,21000000,R,61,63,-2,2,6.0,124171,0.005912904761904762
1982,Birth,100.0,20000000,R,64,50,14,14,550.0,14603001,0.73015005
1983,Enduring Love,100.0,21000000,R,87,61,26,26,5.0,599165,0.028531666666666667
1985,It's All About Love,104.0,12000000,R,37,32,5,5,,5494,0.0004578333333333333
1986,Malevolence,90.0,200000,R,44,43,1,1,,346106,1.73053
1987,Ray,152.0,40000000,PG-13,89,73,16,16,2006.0,124823094,3.12057735
1988,Saw,103.0,1200000,NC-17,84,46,38,38,2315.0,103880027,86.56668916666666
1989,Voices of Iraq,80.0,1000000,Unrated,68,66,2,2,12.0,57102,0.057102
1991,Alfie,103.0,40000000,R,76,49,27,27,2215.0,35195939,0.879898475
1992,Brother to Brother,,12000000,Not Rated,80,57,23,23,1.0,79315,0.006609583333333334
1993,Cachorro,99.0,18000000,Unrated,55,63,-8,8,1.0,99261,0.0055145
1994,Callas Forever,111.0,12000000,PG-13,54,49,5,5,5.0,5773130,0.48109416666666666
1995,Fade to Black,109.0,1000000,R,60,59,1,1,170.0,728802,0.728802
1997,The Incredibles,115.0,92000000,PG,88,90,-2,2,3933.0,631441092,6.863490130434783
1999,Overnight,82.0,1000000,R,70,60,10,10,,15577,0.015577
2000,The Polar Express,100.0,170000000,TV,69,61,8,8,3650.0,312719437,1.8395261
2001,After the Sunset,97.0,57000000,PG-13,79,38,41,41,2819.0,38329114,0.6724405964912281
2004,Finding Neverland,106.0,25000000,PG,78,67,11,11,8.0,115036108,4.60144432
2005,Kinsey,118.0,11000000,TV,56,79,-23,23,5.0,17443529,1.5857753636363636
2008,Seed of Chucky,87.0,29000000,Not Rated,36,46,-10,10,2059.0,24716190,0.8522824137931034
2012,Fear and Trembling,107.0,18000000,Unrated,75,75,0,0,,126071,0.007003944444444445
2013,National Treasure,131.0,100000000,PG,69,39,30,30,3017.0,331323410,3.3132341
2016,Alexander,175.0,155000000,Unrated,53,39,14,14,2445.0,167297191,1.0793367161290321
2017,Christmas with the Kranks,99.0,50000000,PG,79,22,57,57,3393.0,96469187,1.92938374
2019,Paper Clips,82.0,1000000,G,69,64,5,5,5.0,1153221,1.153221
2022,Easy,99.0,20750000,R,38,47,-9,9,6.0,21589,0.0010404337349397591
2024,Purple Butterfly,127.0,12000000,R,78,68,10,10,1.0,16051,0.0013375833333333334
2027,Closer,104.0,35000000,R,87,65,22,22,476.0,116148537,3.3185296285714285
2029,Game Over: Kasparov and the Machine,90.0,1000000,PG,63,66,-3,3,,0,0.0
2030,House of Flying Daggers,119.0,12000000,PG-13,88,89,-1,1,15.0,92863945,7.738662083333334
2031,I Am David,90.0,12000000,PG,61,47,14,14,226.0,284002,0.023666833333333335
2032,"Jesus, You Know",87.0,1000000,Not Rated,45,67,-22,22,1.0,604,0.000604
2035,The Green Butchers,100.0,18000000,R,79,54,25,25,2.0,2483,0.00013794444444444444
2036,WMD: Weapons of Mass Deception,98.0,1000000,Not Rated,78,60,18,18,3.0,27301,0.027301
2037,Blade: Trinity,113.0,65000000,Unrated,29,38,-9,9,2912.0,131353165,2.020817923076923
2038,Born Into Brothels: Calcutta's Red Light Kids,85.0,1000000,R,81,78,3,3,1.0,3735969,3.735969
2040,A Talking Picture,96.0,12000000,Not Rated,57,75,-18,18,2.0,20237,0.0016864166666666666
2042,Ocean's Twelve,125.0,110000000,PG-13,69,58,11,11,3290.0,362989076,3.299900690909091
2043,The Life Aquatic with Steve Zissou,119.0,50000000,R,77,62,15,15,2.0,34806726,0.69613452
2044,Million Dollar Baby,132.0,30000000,PG-13,75,86,-11,11,8.0,231928227,7.7309409
2045,Beyond the Sea,118.0,24000000,TV,64,46,18,18,6.0,8292914,0.34553808333333336
2046,Flight of the Phoenix,113.0,75000000,PG-13,80,47,33,33,2604.0,34009180,0.45345573333333333
2047,Imaginary Heroes,111.0,10000000,R,62,53,9,9,2.0,290875,0.0290875
2048,Lemony Snicket's A Series of Unfortunate Events,108.0,100000000,PG,69,62,7,7,3620.0,212956024,2.12956024
2049,Spanglish,131.0,75000000,PG-13,80,48,32,32,2438.0,54344321,0.7245909466666667
2050,The Aviator,170.0,110000000,PG-13,86,77,9,9,40.0,208370892,1.8942808363636363
2052,Hotel Rwanda,121.0,17500000,R,88,79,9,9,7.0,36520451,2.0868829142857144
2053,In the Realms of the Unreal,81.0,1000000,Unrated,71,74,-3,3,3.0,413708,0.413708
2054,Meet the Fockers,115.0,60000000,PG-13,74,41,33,33,3518.0,516567575,8.609459583333333
2056,The Phantom of the Opera,143.0,55000000,PG-13,84,40,44,44,622.0,153770052,2.7958191272727273
2058,The Woodsman,87.0,12000000,R,79,72,7,7,6.0,1703768,0.14198066666666667
2059,Darkness,102.0,10600000,Unrated,82,15,67,67,1700.0,34409206,3.2461515094339624
2060,Fat Albert,93.0,45000000,PG,64,39,25,25,2674.0,48563556,1.0791901333333334
2061,A Love Song for Bobby Long,119.0,12000000,TV,75,48,27,27,8.0,983499,0.08195825
2062,In Good Company,109.0,26000000,PG-13,84,66,18,18,3.0,63463195,2.4408921153846155
2063,The Assassination of Richard Nixon,95.0,4600000,TV,82,63,19,19,5.0,4880143,1.060900652173913
2064,The Merchant of Venice,138.0,30000000,R,74,63,11,11,4.0,18765585,0.6255195
2066,White Noise,101.0,10000000,PG-13,54,30,24,24,,1295735,0.1295735
2068,Coach Carter,136.0,45000000,PG-13,78,57,21,21,2524.0,76665507,1.7036779333333334
2069,Elektra,97.0,65000000,Unrated,46,34,12,12,3203.0,56824633,0.8742251230769231
2070,Racing Stripes,102.0,30000000,PG,61,43,18,18,3185.0,89809433,2.9936477666666668
2074,Machuca,121.0,12000000,Not Rated,77,76,1,1,1.0,26676,0.002223
2077,Are We There Yet?,95.0,20000000,PG,41,27,14,14,2709.0,98114471,4.90572355
2078,Beautiful Boxer,118.0,12000000,Unrated,76,66,10,10,2.0,133920,0.01116
2082,Watermarks,80.0,1000000,Unrated,46,67,-21,21,1.0,245845,0.245845
2084,Aliens of the Deep,47.0,1000000,G,79,71,8,8,27.0,12765684,12.765684
2085,Alone in the Dark,96.0,20000000,R,17,9,8,8,2124.0,10588079,0.52940395
2086,Fascination,95.0,5000000,R,32,13,19,19,10.0,83356,0.0166712
2087,Fear X,,20000000,PG-13,83,61,22,22,,0,0.0
2088,Hide and Seek,101.0,25000000,R,86,35,51,51,3005.0,123696741,4.94786964
2092,Assisted Living,78.0,12000000,R,72,57,15,15,2.0,49048,0.0040873333333333334
2095,Boogeyman,89.0,20000000,PG-13,61,32,29,29,3052.0,67192859,3.35964295
2096,Emile,92.0,12000000,R,68,58,10,10,1.0,4626,0.0003855
2098,Nobody Knows,141.0,12000000,PG-13,85,88,-3,3,2.0,2291229,0.19093575
2099,Rory O'Shea Was Here,104.0,12000000,R,79,59,20,20,3.0,1471229,0.12260241666666667
2100,Sunset Story,73.0,1000000,Not Rated,72,80,-8,8,,8802,0.008802
2101,Swimming Upstream,114.0,12000000,PG-13,77,58,19,19,17.0,47171,0.003930916666666667
2102,The Nomi Song,98.0,1000000,Not Rated,81,71,10,10,2.0,74216,0.074216
2103,The Wedding Date,90.0,15000000,PG-13,59,32,27,27,1695.0,47175038,3.1450025333333333
2104,The Letter: An American Town and the 'Somali Invasion',76.0,1000000,Not Rated,84,70,14,14,1.0,1058,0.001058
2105,Bride & Prejudice,122.0,7000000,PG-13,66,55,11,11,32.0,25269040,3.6098628571428573
2106,Hitch,118.0,55000000,TV,81,58,23,23,3575.0,366784257,6.668804672727273
2107,Inside Deep Throat,92.0,2000000,NC-17,74,64,10,10,12.0,691880,0.34594
2108,My Mother's Smile,105.0,12000000,Not Rated,70,74,-4,4,1.0,40246,0.0033538333333333332
2110,Pooh's Heffalump Movie,68.0,20000000,G,71,64,7,7,2529.0,55686944,2.7843472
2111,The Wild Parrots of Telegraph Hill,83.0,1000000,G,68,80,-12,12,5.0,3218709,3.218709
2112,Uncle Nino,104.0,18000000,PG,72,44,28,28,189.0,175000,0.009722222222222222
2114,Because of Winn-Dixie,106.0,15000000,PG,71,54,17,17,3188.0,33508485,2.233899
2115,Bigger Than the Sky,106.0,18000000,PG-13,69,21,48,48,9.0,20149,0.001119388888888889
2116,Constantine,121.0,75000000,R,85,50,35,35,3006.0,221593554,2.95458072
2119,Naked Fame,84.0,1000000,Not Rated,57,46,11,11,1.0,213621,0.213621
2120,Schultze Gets the Blues,114.0,18000000,PG,75,67,8,8,4.0,4034232,0.224124
2121,Son of the Mask,94.0,100000000,PG,56,20,36,36,2966.0,59918422,0.59918422
2123,Turtles Can Fly,98.0,12000000,PG-13,87,85,2,2,4.0,1080367,0.09003058333333333
2125,Cursed,97.0,35000000,Unrated,85,31,54,54,2805.0,25114901,0.7175686
2126,Diary of a Mad Black Woman,116.0,5500000,PG-13,70,36,34,34,1483.0,50458356,9.174246545454546
2127,Man of the House,100.0,50000000,PG-13,60,35,25,25,2422.0,22099706,0.44199412
2131,Be Cool,118.0,75000000,PG-13,75,37,38,38,3216.0,94944017,1.2659202266666667
2132,Dear Frankie,105.0,4600000,PG-13,84,63,21,21,5.0,3099369,0.6737758695652174
2134,Gunner Palace,85.0,1000000,R,82,70,12,12,8.0,607502,0.607502
2135,Intimate Stories,92.0,12000000,Unrated,76,76,0,0,,102714,0.0085595
2136,The Jacket,103.0,28500000,R,87,44,43,43,1331.0,15452978,0.5422097543859649
2137,The Pacifier,95.0,56000000,PG,55,30,25,25,3131.0,198006880,3.535837142857143
2138,Walk on Water,103.0,12000000,Unrated,75,65,10,10,,4443069,0.37025575
2142,Dot the I,92.0,21000000,R,82,39,43,43,1.0,1368936,0.06518742857142858
2143,Hostage,113.0,75000000,R,85,44,41,41,2123.0,77636443,1.0351525733333333
2144,In My Country,105.0,12000000,R,76,44,32,32,9.0,163536,0.013628
2145,Mail Order Wife,92.0,18000000,R,58,61,-3,3,2.0,62387,0.0034659444444444442
2146,Millions,98.0,18000000,TV,82,74,8,8,5.0,12337828,0.6854348888888889
2148,Off the Map,105.0,12000000,PG-13,76,68,8,8,10.0,1310368,0.10919733333333333
2149,Robots,91.0,80000000,PG,76,64,12,12,3776.0,260636271,3.2579533875
2151,The Upside of Anger,118.0,12000000,R,87,63,24,24,9.0,28915761,2.40964675
2154,Ice Princess,98.0,25000000,G,65,55,10,10,2501.0,25732334,1.02929336
2155,Melinda and Melinda,99.0,18000000,TV,59,54,5,5,1.0,19826280,1.10146
2159,The Ring Two,110.0,50000000,Not Rated,34,44,-10,10,3332.0,161941727,3.23883454
2161,Mondovino,135.0,1000000,PG-13,76,67,9,9,1.0,2806533,2.806533
2163,D.E.B.S.,91.0,3500000,PG-13,65,42,23,23,45.0,96793,0.027655142857142857
2164,Guess Who,105.0,35000000,PG-13,83,49,34,34,3147.0,102115888,2.9175968
2166,Nina's Tragedies,110.0,18000000,Not Rated,75,61,14,14,4.0,254068,0.014114888888888889
2168,The Ballad of Jack and Rose,112.0,1500000,R,69,59,10,10,4.0,1126258,0.7508386666666667
2169,Beauty Shop,105.0,25000000,R,61,53,8,8,2659.0,38351350,1.534054
2172,Dust to Glory,97.0,1000000,PG,66,61,5,5,2.0,639990,0.63999
2173,Girl Play,80.0,20750000,Not Rated,56,37,19,19,1.0,11523,0.0005553253012048193
2174,Look at Me,110.0,12000000,PG-13,72,79,-7,7,,45992,0.0038326666666666665
2175,Sin City,124.0,40000000,Unrated,87,74,13,13,3230.0,158527918,3.96319795
2181,Eating Out,90.0,18000000,Unrated,36,28,8,8,1.0,155212,0.008622888888888888
2182,Eros,104.0,12000000,R,68,51,17,17,12.0,1535685,0.12797375
2183,Fever Pitch,103.0,40000000,PG-13,66,56,10,10,3267.0,50071069,1.251776725
2186,Sahara,124.0,145000000,PG-13,78,41,37,37,3154.0,121645390,0.838933724137931
2189,Winter Solstice,90.0,12000000,R,83,59,24,24,5.0,319355,0.026612916666666667
2190,Palindromes,100.0,12000000,Not Rated,74,53,21,21,7.0,553368,0.046114
2191,State Property 2,94.0,60000000,R,48,33,15,15,202.0,1691706,0.0281951
2192,House of D,97.0,2000000,PG-13,72,33,39,39,2.0,466106,0.233053
2193,It's All Gone Pete Tong,90.0,2000000,R,81,56,25,25,1.0,2226603,1.1133015
2195,The Amityville Horror,90.0,18500000,R,79,33,46,46,3323.0,109175673,5.90138772972973
2198,Torremolinos 73,91.0,18000000,Unrated,75,62,13,13,1.0,2416771,0.13426505555555557
2201,A Lot Like Love,107.0,25000000,PG-13,72,48,24,24,2502.0,41921590,1.6768636
2203,Enron: The Smartest Guys in the Room,109.0,1000000,R,82,82,0,0,3.0,4907779,4.907779
2204,King's Ransom,95.0,25000000,PG-13,14,11,3,3,1508.0,4049527,0.16198108
2205,Madison,99.0,15500000,PG,51,43,8,8,93.0,517262,0.033371741935483874
2207,The Game of Their Lives,101.0,20000000,PG,75,47,28,28,64.0,375474,0.0187737
2208,The Interpreter,128.0,90000000,PG-13,74,62,12,12,2758.0,162753837,1.8083759666666668
2209,The Man Who Copied,124.0,12000000,R,75,49,26,26,1.0,23989,0.001999083333333333
2214,Funny Ha Ha,89.0,30000,Not Rated,52,78,-26,26,2.0,82698,2.7566
2217,The Hitchhiker's Guide to the Galaxy,109.0,45000000,PG,65,63,2,2,3133.0,102746214,2.2832492
2218,The Holy Girl,106.0,1400000,R,69,75,-6,6,2.0,1261792,0.90128
2219,The Tunnel,150.0,12000000,Not Rated,65,72,-7,7,2.0,46296,0.003858
2225,Crash,112.0,7303082,Unrated,85,66,19,19,1864.0,101173038,13.853471452189638
2226,Fighting Tommy Riley,109.0,300000,Not Rated,80,53,27,27,5.0,10514,0.035046666666666663
2227,House of Wax,113.0,35000000,R,79,41,38,38,3111.0,70064800,2.0018514285714284
2228,Jiminy Glick in Lalawood,90.0,18000000,R,66,41,25,25,24.0,36039,0.002002166666666667
2229,Kingdom of Heaven,144.0,110000000,R,80,63,17,17,3216.0,218674938,1.9879539818181817
2230,Mysterious Skin,105.0,12000000,NC-17,81,73,8,8,1.0,2148548,0.17904566666666666
2235,Layer Cake,105.0,6500000,TV,86,73,13,13,10.0,11745931,1.8070663076923077
2236,Mad Hot Ballroom,105.0,500000,PG,68,71,-3,3,2.0,9387581,18.775162
2237,Mindhunters,106.0,27000000,R,80,33,47,47,1040.0,16566235,0.6135642592592593
2238,Modigliani,128.0,12000000,R,64,25,39,39,8.0,208507,0.017375583333333333
2239,Monster-in-Law,101.0,45000000,PG-13,66,31,35,35,3424.0,155931301,3.465140022222222
2241,Tell Them Who You Are,95.0,1000000,R,62,72,-10,10,1.0,39075,0.039075
2247,Dominion: Prequel to the Exorcist,117.0,10000000,R,59,55,4,4,110.0,251495,0.0251495
2249,"Sex, Politics & Cocktails",90.0,18000000,Not Rated,45,24,21,21,2.0,22770,0.001265
2252,A League of Ordinary Gentlemen,93.0,1000000,Not Rated,59,66,-7,7,1.0,18326,0.018326
2253,Bomb the System,91.0,12000000,R,73,52,21,21,2.0,14865,0.00123875
2255,Madagascar,86.0,75000000,PG,68,57,11,11,4131.0,556559566,7.420794213333333
2256,Saving Face,91.0,2500000,R,74,65,9,9,6.0,1269705,0.507882
2258,The Longest Yard,113.0,82000000,PG-13,74,48,26,26,3634.0,191558505,2.336079329268293
2259,The Ninth Day,98.0,12000000,Not Rated,75,67,8,8,2.0,72888,0.006074
2260,Or,100.0,12000000,Not Rated,57,64,-7,7,2.0,28894,0.0024078333333333334
2261,The Sisterhood of the Traveling Pants,119.0,25000000,PG,76,66,10,10,2583.0,41560117,1.66240468
2265,Cinderella Man,144.0,88000000,PG-13,88,69,19,19,2812.0,105021488,1.193426
2269,Rock School,93.0,1000000,R,73,67,6,6,32.0,89398,0.089398
2272,Chrystal,106.0,12000000,R,74,65,9,9,4.0,80701,0.006725083333333333
2273,High Tension,91.0,2850000,NC-17,66,42,24,24,1323.0,6435262,2.2579866666666666
2276,Slutty Summer,85.0,12000000,Unrated,59,31,28,28,1.0,21515,0.0017929166666666666
2278,The Bridge of San Luis Rey,120.0,24000000,PG,64,25,39,39,6.0,1696765,0.07069854166666667
2279,The Honeymooners,90.0,27000000,PG,35,31,4,4,1912.0,13174426,0.4879417037037037
2280,The Keeper: The Legend of Omar Khayyam,95.0,12000000,PG,79,43,36,36,,225863,0.018821916666666667
2282,Batman Begins,140.0,150000000,PG-13,86,70,16,16,3858.0,358858124,2.392387493333333
2285,Ethan Mao,87.0,12000000,Not Rated,57,29,28,28,1.0,10178,0.0008481666666666667
2286,Heights,93.0,12000000,R,60,59,1,1,7.0,1168405,0.09736708333333334
2288,Me and You and Everyone We Know,91.0,2000000,R,70,76,-6,6,1.0,9615464,4.807732
2289,My Summer of Love,86.0,1700000,R,88,82,6,6,17.0,4727375,2.7808088235294117
2291,The Deal,107.0,20000000,R,79,46,33,33,,0,0.0
2293,The Perfect Man,100.0,10000000,PG,55,27,28,28,2087.0,19535005,1.9535005
2297,Bewitched,102.0,80000000,PG-13,55,34,21,21,3174.0,131159306,1.639491325
2298,Dallas 362,,12000000,R,78,55,23,23,2.0,21108,0.001759
2303,Rize,86.0,700000,PG-13,84,74,10,10,352.0,4857731,6.939615714285714
2305,Yes,100.0,1700000,R,76,55,21,21,7.0,661221,0.3889535294117647
2308,Tropical Malady,118.0,12000000,Not Rated,74,78,-4,4,1.0,46750,0.003895833333333333
2309,War of the Worlds,116.0,132000000,PG-13,75,73,2,2,3908.0,606836535,4.597246477272727
2310,Rebound,103.0,45000000,PG,59,36,23,23,2464.0,17492014,0.3887114222222222
2312,The World,143.0,12000000,Not Rated,80,81,-1,1,1.0,63663,0.00530525
2317,Dark Water,105.0,60000000,Unrated,86,52,34,34,2657.0,49473093,0.82455155
2319,Fantastic Four,106.0,87500000,PG-13,63,40,23,23,3602.0,333132750,3.807231428571429
2320,Murderball,88.0,350000,R,84,87,-3,3,8.0,1772979,5.065654285714285
2321,Saraband,,12000000,R,79,80,-1,1,4.0,975181,0.08126508333333334
2323,The Beautiful Country,125.0,12000000,R,81,64,17,17,6.0,875108,0.07292566666666667
2324,On the Outs,86.0,250000,R,53,66,-13,13,,237816,0.951264
2326,Charlie and the Chocolate Factory,115.0,150000000,PG,67,72,-5,5,3770.0,475825484,3.1721698933333333
2328,Happy Endings,128.0,12000000,R,70,57,13,13,52.0,1448701,0.12072508333333333
2330,The Warrior,86.0,60000000,R,60,65,-5,5,4.0,48160,0.0008026666666666667
2331,Wedding Crashers,119.0,40000000,Not Rated,87,64,23,23,2925.0,283218368,7.0804592
2332,9 Songs,71.0,12000000,Not Rated,51,43,8,8,1.0,315305,0.026275416666666666
2334,Hustle & Flow,116.0,2800000,R,88,68,20,20,1013.0,23591783,8.425636785714286
2335,Last Days,97.0,12000000,R,51,67,-16,16,12.0,1920616,0.16005133333333332
2337,November,73.0,12000000,R,77,47,30,30,8.0,191862,0.0159885
2338,The Devil's Rejects,107.0,7000000,NC-17,68,53,15,15,1757.0,20940428,2.991489714285714
2339,The Edukators,127.0,12000000,R,79,68,11,11,2.0,223170,0.0185975
2340,The Island,136.0,120000000,PG-13,86,50,36,36,3122.0,163018913,1.3584909416666666
2344,Must Love Dogs,98.0,35000000,PG-13,52,46,6,6,2505.0,58405313,1.6687232285714286
2345,Oyster Farmer,91.0,12000000,Not Rated,56,51,5,5,2.0,1786846,0.14890383333333335
2346,Sky High,100.0,35000000,PG,80,62,18,18,2905.0,83109359,2.3745531142857144
2347,Stealth,121.0,138000000,PG-13,58,35,23,23,3495.0,76416746,0.553744536231884
2348,The Aristocrats,89.0,18000000,Not Rated,60,72,-12,12,4.0,6702604,0.3723668888888889
2349,Tony Takitani,75.0,12000000,Not Rated,82,80,2,2,1.0,129783,0.01081525
2350,Darwin's Nightmare,107.0,1000000,Not Rated,75,84,-9,9,1.0,203746,0.203746
2351,Junebug,106.0,1000000,R,79,80,-1,1,7.0,3553253,3.553253
2353,Broken Flowers,106.0,10000000,R,61,79,-18,18,27.0,40744960,4.074496
2354,Duma,100.0,12000000,PG,84,82,2,2,42.0,994790,0.08289916666666666
2356,Saint Ralph,98.0,5200000,PG-13,85,51,34,34,61.0,1695126,0.3259857692307692
2358,The Chumscrubber,108.0,6800000,R,66,41,25,25,28.0,49526,0.007283235294117647
2359,The Dukes of Hazzard,104.0,53000000,Unrated,49,33,16,16,3785.0,109848461,2.0726124716981134
2362,Chaos,74.0,10000000,Not Rated,25,1,24,24,,10289,0.0010289
2364,Deuce Bigalow: European Gigolo,83.0,22000000,R,46,23,23,23,3127.0,45273464,2.0578847272727274
2365,Four Brothers,109.0,30000000,R,63,49,14,14,2533.0,92494381,3.083146033333333
2366,Grizzly Man,103.0,1000000,R,72,87,-15,15,29.0,4504451,4.504451
2367,Pretty Persuasion,104.0,18000000,R,81,45,36,36,8.0,305688,0.016982666666666667
2370,The Great Raid,132.0,60000000,Unrated,78,48,30,30,819.0,10597070,0.17661783333333334
2371,The Skeleton Key,104.0,40000000,R,88,47,41,41,2771.0,92256918,2.30642295
2373,Reel Paradise,110.0,1000000,R,49,63,-14,14,1.0,31235,0.031235
2374,Supercross,80.0,30000000,PG-13,46,26,20,20,1621.0,3252550,0.10841833333333334
2377,Red Eye,85.0,26000000,PG-13,86,71,15,15,3079.0,96666486,3.717941769230769
2380,This Divided State,88.0,1000000,Not Rated,66,69,-3,3,,3724,0.003724
2381,Valiant,76.0,35000000,G,52,45,7,7,2014.0,64188387,1.8339539142857142
2382,Eternal,107.0,12000000,Not Rated,58,43,15,15,1.0,28089,0.00234075
2383,The Baxter,91.0,12000000,PG-13,65,51,14,14,47.0,181872,0.015156
2384,The Brothers Grimm,118.0,80000000,PG-13,73,51,22,22,3087.0,105299638,1.316245475
2385,The Cave,97.0,30000000,PG-13,75,30,45,45,2195.0,27147991,0.9049330333333333
2387,Undiscovered,97.0,9000000,PG-13,45,29,16,16,1304.0,1069318,0.1188131111111111
2388,Wall,96.0,1000000,Not Rated,51,61,-10,10,2.0,13913,0.013913
2390,Games of Love and Chance,123.0,12000000,Not Rated,51,71,-20,20,,8085,0.00067375
2391,The Constant Gardener,129.0,25500000,R,70,82,-12,12,1346.0,86301599,3.384376431372549
2392,William Eggleston in the Real World,87.0,1000000,Not Rated,70,69,1,1,1.0,44435,0.044435
2394,A Sound of Thunder,110.0,80000000,PG-13,37,24,13,13,816.0,6300451,0.0787556375
2395,Margaret Cho: Assassin,90.0,18000000,Not Rated,51,40,11,11,8.0,39652,0.0022028888888888888
2397,Underclassman,95.0,25000000,PG-13,21,19,2,2,1132.0,5654777,0.22619108
2399,An Unfinished Life,108.0,30000000,PG-13,72,49,23,23,139.0,18535575,0.6178525
2402,Green Street Hooligans,109.0,12000000,R,85,55,30,30,7.0,4333271,0.3611059166666667
2404,Keane,100.0,12000000,R,76,79,-3,3,1.0,309197,0.025766416666666667
2406,Music from the Inside Out,89.0,1000000,Not Rated,74,67,7,7,1.0,136594,0.136594
2408,The Exorcism of Emily Rose,119.0,18000000,Unrated,66,46,20,20,2981.0,144529078,8.029393222222222
2409,The Man,83.0,20000000,PG-13,79,33,46,46,2040.0,10393696,0.5196848
2412,The Future of Food,88.0,1000000,Not Rated,78,65,13,13,1.0,81280,0.08128
2414,Corpse Bride,77.0,30000000,PG,79,83,-4,4,5.0,114770654,3.8256884666666666
2418,G,97.0,12000000,R,55,42,13,13,42.0,3020784,0.251732
2421,Just Like Heaven,95.0,58000000,PG-13,85,47,38,38,3508.0,100687083,1.7359841896551724
2422,Lord of War,122.0,42000000,R,86,62,24,24,2814.0,60437727,1.4389935
2423,One Bright Shining Moment,123.0,1000000,Not Rated,71,64,7,7,1.0,15504,0.015504
2424,Proof,100.0,20000000,PG-13,71,64,7,7,8.0,8284331,0.41421655
2425,Separate Lies,85.0,12000000,TV,72,71,1,1,2.0,1000260,0.083355
2427,The Thing About My Folks,96.0,18000000,PG-13,74,48,26,26,93.0,815101,0.04528338888888889
2428,Thumbsucker,96.0,4000000,R,71,69,2,2,9.0,1919197,0.47979925
2429,Venom,85.0,116000000,R,67,25,42,42,489.0,881745,0.00760125
2430,A History of Violence,96.0,32000000,R,74,81,-7,7,14.0,61477797,1.92118115625
2431,Daltry Calhoun,100.0,10500000,PG-13,79,30,49,49,13.0,12460,0.0011866666666666666
2432,Dear Wendy,105.0,8000000,Unrated,70,33,37,37,7.0,446438,0.05580475
2433,Dirty Love,91.0,18000000,Unrated,23,9,14,14,44.0,35657,0.0019809444444444445
2434,Dorian Blues,88.0,18000000,Not Rated,82,52,30,30,2.0,71469,0.0039705
2435,Flightplan,98.0,55000000,PG-13,57,53,4,4,3424.0,214392904,3.8980528
2437,Occupation: Dreamland,78.0,1000000,Unrated,46,66,-20,20,2.0,8018,0.008018
2438,Oliver Twist,130.0,65000000,PG-13,73,65,8,8,5.0,26670920,0.41032184615384615
2439,Roll Bounce,112.0,10000000,PG-13,63,59,4,4,1625.0,17433072,1.7433072
2440,Forty Shades of Blue,108.0,1500000,R,87,74,13,13,3.0,172569,0.115046
2442,Capote,114.0,7000000,R,77,88,-11,11,12.0,49924079,7.132011285714285
2444,Into the Blue,110.0,50000000,PG-13,57,45,12,12,2789.0,41982227,0.83964454
2445,Little Manhattan,84.0,20750000,PG,87,52,35,35,2.0,469227,0.02261334939759036
2446,MirrorMask,101.0,4000000,PG,75,55,20,20,18.0,973613,0.24340325
2447,My Big Fat Independent Movie,80.0,3000000,R,35,32,3,3,1.0,4655,0.0015516666666666667
2449,Serenity,119.0,39000000,PG-13,83,74,9,9,2188.0,40319440,1.033831794871795
2450,The Greatest Game Ever Played,120.0,25000000,PG,81,55,26,26,1014.0,15468266,0.61873064
2451,"The Prize Winner of Defiance, Ohio",99.0,12000000,PG-13,74,58,16,16,41.0,627844,0.05232033333333334
2452,The War Within,90.0,12000000,Not Rated,77,61,16,16,1.0,73789,0.006149083333333334
2455,The Squid and the Whale,81.0,1500000,R,74,82,-8,8,4.0,11191423,7.460948666666667
2456,Wallace & Gromit: The Curse of the Were-Rabbit,85.0,30000000,G,82,87,-5,5,3645.0,197593152,6.5864384
2457,Before the Fall,110.0,12000000,Not Rated,80,65,15,15,1.0,144254,0.012021166666666666
2460,In Her Shoes,130.0,12000000,PG-13,68,60,8,8,2808.0,82203030,6.8502525
2462,The Aggressives,75.0,1000000,Not Rated,66,65,1,1,1.0,3769,0.003769
2463,The Gospel,105.0,12000000,PG,58,46,12,12,969.0,15778152,1.314846
2465,Waiting...,94.0,1125000,Unrated,60,30,30,30,1652.0,18673274,16.59846577777778
2468,Domino,127.0,50000000,R,52,36,16,16,2223.0,23574057,0.47148114
2469,Elizabethtown,123.0,54000000,PG-13,61,45,16,16,2517.0,50719373,0.9392476481481481
2470,Innocent Voices,120.0,12000000,R,83,66,17,17,65.0,6982159,0.5818465833333333
2471,Loggerheads,95.0,12000000,PG-13,78,62,16,16,4.0,115314,0.0096095
2472,Nine Lives,115.0,30000000,R,68,80,-12,12,7.0,1578830,0.05262766666666667
2473,North Country,126.0,30000000,R,74,68,6,6,2555.0,23676771,0.7892257
2475,The Fog,100.0,18000000,TV,23,27,-4,4,2972.0,37048526,2.058251444444444
2477,Where the Truth Lies,107.0,25000000,Open,66,47,19,19,92.0,1415656,0.05662624
2479,Ushpizin,90.0,12000000,PG,74,70,4,4,6.0,1397999,0.11649991666666666
2480,After Innocence,95.0,1000000,Unrated,73,74,-1,1,1.0,114264,0.114264
2481,Doom,100.0,70000000,Unrated,56,34,22,22,3043.0,58757178,0.8393882571428571
2482,Dreamer: Inspired by a True Story,106.0,32000000,PG,66,59,7,7,2007.0,39498360,1.23432375
2483,Emmanuel's Gift,80.0,1000000,G,78,61,17,17,6.0,23578,0.023578
2485,Kids in America,91.0,12000000,PG-13,79,38,41,41,701.0,537667,0.044805583333333336
2488,Protocols of Zion,95.0,1000000,R,66,60,6,6,4.0,178875,0.178875
2489,Shopgirl,106.0,7500000,R,65,62,3,3,8.0,11758418,1.5677890666666667
2490,Stay,99.0,21000000,TV,85,41,44,44,1684.0,4117883,0.19608966666666666
2491,The Roost,80.0,10000000,Not Rated,77,62,15,15,3.0,5642,0.0005642
2494,Ballets Russes,118.0,1000000,Not Rated,80,81,-1,1,1.0,1188468,1.188468
2495,New York Doll,75.0,1000000,PG-13,81,72,9,9,5.0,237136,0.237136
2496,Paradise Now,90.0,12000000,PG-13,78,71,7,7,4.0,3357075,0.27975625
2497,Prime,105.0,20750000,R,64,58,6,6,1827.0,67527153,3.2543206265060243
2498,Saw II,93.0,5000000,NC-17,74,40,34,34,2949.0,152925093,30.5850186
2499,The Legend of Zorro,129.0,80000000,PG,49,47,2,2,3520.0,141475336,1.7684417
2500,The Weather Man,102.0,20000000,R,83,61,22,22,1510.0,15466961,0.77334805
2501,Three... Extremes,125.0,10000000,R,77,66,11,11,19.0,176532,0.0176532
2505,Chicken Little,81.0,150000000,G,53,48,5,5,3654.0,310043823,2.06695882
2506,Christmas in the Clouds,96.0,18000000,PG,81,56,25,25,25.0,279225,0.0155125
2508,I Love Your Work,111.0,1600000,R,57,39,18,18,1.0,3264,0.00204
2509,Jarhead,125.0,72000000,R,71,58,13,13,2411.0,96947540,1.3464936111111112
2510,The Dying Gaul,101.0,12000000,R,71,62,9,9,11.0,342297,0.02852475
2511,Wal-Mart: The High Cost of Low Price,98.0,1500000,TV,86,71,15,15,,58692,0.039128
2512,Get Rich or Die Tryin',117.0,40000000,R,51,45,6,6,1652.0,46666955,1.166673875
2514,Bee Season,104.0,12000000,PG-13,50,54,-4,4,21.0,4773308,0.3977756666666667
2515,Cape of Good Hope,107.0,18000000,PG-13,77,59,18,18,2.0,25325,0.0014069444444444444
2516,Derailed,108.0,22000000,Not Rated,55,40,15,15,2443.0,57520063,2.6145483181818183
2517,Duane Hopwood,,18000000,R,68,53,15,15,1.0,13510,0.0007505555555555555
2518,Ellie Parker,95.0,18000000,R,77,51,26,26,6.0,34410,0.0019116666666666668
2520,Pride & Prejudice,127.0,28000000,PG,86,82,4,4,215.0,126549607,4.519628821428571
2523,Breakfast on Pluto,128.0,12000000,R,74,59,15,15,3.0,828699,0.06905825
2525,The Syrian Bride,97.0,18000000,Not Rated,81,70,11,11,1.0,380505,0.021139166666666667
2526,Aristide and the Endless Revolution,82.0,1000000,Not Rated,81,65,16,16,1.0,6998,0.006998
2527,Zizek!,71.0,1000000,Not Rated,65,51,14,14,1.0,20117,0.020117
2528,Harry Potter and the Goblet of Fire,157.0,150000000,PG-13,79,81,-2,2,3858.0,886746240,5.9116416
2532,Walk the Line,136.0,29000000,PG-13,83,72,11,11,2961.0,187707495,6.4726722413793105
2533,39 Pounds of Love,70.0,1000000,Unrated,73,56,17,17,1.0,30260,0.03026
2534,In the Mix,95.0,18000000,PG-13,20,31,-11,11,1608.0,10223896,0.5679942222222222
2535,Just Friends,96.0,20750000,PG-13,66,47,19,19,2505.0,42797679,2.062538746987952
2536,Rent,135.0,40000000,PG-13,73,53,20,20,2433.0,31670620,0.7917655
2537,Syriana,126.0,50000000,R,77,76,1,1,5.0,92690959,1.85381918
2538,The Ice Harvest,92.0,10500000,R,87,62,25,25,1552.0,10156968,0.9673302857142857
2539,The Libertine,114.0,22000000,R,71,44,27,27,2.0,9448623,0.4294828636363636
2540,"Yours, Mine and Ours",90.0,45000000,PG,43,38,5,5,3206.0,72359917,1.6079981555555556
2541,Down to the Bone,104.0,12000000,R,62,76,-14,14,2.0,43674,0.0036395
2543,The Boys of Baraka,84.0,1000000,Unrated,67,71,-4,4,1.0,323860,0.32386
2550,The World's Fastest Indian,127.0,25000000,PG-13,83,68,15,15,114.0,18991288,0.75965152
2551,Brokeback Mountain,134.0,13900000,R,82,87,-5,5,5.0,176980863,12.732436187050359
2554,Memoirs of a Geisha,145.0,85000000,PG-13,68,54,14,14,8.0,161510853,1.9001276823529412
2557,"The Chronicles of Narnia: The Lion, the Witch and the Wardrobe",143.0,180000000,Unrated,60,75,-15,15,3616.0,720539572,4.002997622222222
2558,Happy Here and Now,89.0,12000000,TV,38,60,-22,22,2.0,2443,0.00020358333333333334
2559,King Kong,187.0,207000000,PG-13,74,81,-7,7,3568.0,550517357,2.6595041400966184
2561,Electric Shadows,93.0,20000000,Not Rated,67,70,-3,3,1.0,7129,0.00035645
2563,The Family Stone,103.0,18000000,PG-13,53,56,-3,3,2466.0,92357499,5.130972166666667
2566,Cheaper by the Dozen 2,94.0,60000000,PG,45,34,11,11,3175.0,135015330,2.2502555
2568,The White Countess,135.0,16000000,PG-13,73,60,13,13,10.0,2814566,0.175910375
2570,Munich,164.0,75000000,R,80,74,6,6,532.0,131492772,1.75323696
2571,The Intruder,130.0,8000000,Not Rated,49,85,-36,36,1.0,40603,0.005075375
2572,The Matador,96.0,10000000,R,87,65,22,22,4.0,17300838,1.7300838
2573,The Ringer,94.0,18000000,PG-13,60,46,14,14,1829.0,40442437,2.2468020555555555
2574,Casanova,112.0,12000000,R,66,57,9,9,37.0,36204403,3.0170335833333333
2576,The New World,135.0,30000000,PG-13,68,69,-1,1,3.0,26184400,0.8728133333333333
2577,Wolf Creek,99.0,1100000,Unrated,60,54,6,6,1749.0,29005064,26.36824
2579,Match Point,124.0,15000000,R,84,72,12,12,8.0,87950928,5.8633952
2581,BloodRayne,95.0,25000000,Unrated,75,18,57,57,985.0,3711633,0.14846532
2582,Fateless,140.0,12000000,R,76,87,-11,11,1.0,196857,0.01640475
2584,Hostel,94.0,4800000,R,41,55,-14,14,2195.0,82241110,17.13356458333333
2586,Kill the Poor,85.0,20000000,Not Rated,52,52,0,0,,0,0.0
2589,Film Geek,78.0,18000000,Not Rated,79,35,44,44,1.0,17341,0.0009633888888888888
2591,Glory Road,118.0,30000000,PG,78,58,20,20,2222.0,42799060,1.4266353333333333
2593,Last Holiday,112.0,45000000,PG-13,70,52,18,18,2514.0,43343247,0.9631832666666666
2594,That Man: Peter Berlin,80.0,20000000,Not Rated,69,64,5,5,,55398,0.0027699
2600,End of the Spear,108.0,10000000,PG-13,80,45,35,35,1162.0,11924041,1.1924041
2603,Looking for Comedy in the Muslim World,98.0,18000000,PG-13,59,53,6,6,161.0,887416,0.04930088888888889
2605,The Real Dirt on Farmer John,82.0,1000000,Not Rated,79,78,1,1,3.0,72583,0.072583
2606,Underworld: Evolution,106.0,45000000,R,85,36,49,49,3207.0,113417762,2.520394711111111
2607,Why We Fight,98.0,1000000,PG-13,77,68,9,9,6.0,1880863,1.880863
2608,Annapolis,108.0,12000000,PG-13,50,37,13,13,1605.0,17224992,1.435416
2609,Big Momma's House 2,99.0,40000000,PG-13,53,34,19,19,3261.0,137047376,3.4261844
2610,Bubble,73.0,1600000,R,62,63,-1,1,32.0,145382,0.09086375
2612,Imagine Me & You,94.0,7900000,R,74,49,25,25,8.0,3129471,0.39613556962025315
2614,Manderlay,139.0,14200000,Not Rated,70,46,24,24,2.0,543306,0.03826098591549296
2615,Nanny McPhee,97.0,25000000,PG,63,59,4,4,1995.0,128745578,5.14982312
2616,Roving Mars,40.0,1000000,G,66,58,8,8,27.0,11248978,11.248978
2617,Tristram Shandy: A Cock and Bull Story,94.0,4750000,R,60,80,-20,20,3.0,3061763,0.6445816842105263
2620,Something New,99.0,12000000,PG-13,73,64,9,9,1265.0,11483669,0.9569724166666667
2621,Tamara,98.0,18000000,R,56,34,22,22,14.0,206871,0.011492833333333334
2622,The Tenants,31.0,12000000,Not Rated,53,46,7,7,1.0,2010,0.0001675
2625,When a Stranger Calls,87.0,15000000,PG-13,53,27,26,26,2999.0,67215435,4.481029
2628,Curious George,86.0,50000000,G,72,62,10,10,2566.0,71052604,1.42105208
2629,Final Destination 3,93.0,25000000,R,62,41,21,21,2880.0,112798051,4.51192204
2630,Firewall,105.0,50000000,PG-13,72,45,27,27,2840.0,82751189,1.65502378
2631,London,92.0,2000000,R,79,24,55,55,7.0,12667,0.0063335
2632,Neil Young: Heart of Gold,103.0,10000000,PG,85,85,0,0,4.0,2238644,0.2238644
2634,The Pink Panther,93.0,80000000,PG,61,38,23,23,3477.0,158926474,1.986580925
2635,Through the Fire,103.0,1000000,Not Rated,75,65,10,10,8.0,14769,0.014769
2638,Date Movie,83.0,20000000,Unrated,29,11,18,18,2896.0,85146165,4.25730825
2639,Eight Below,120.0,40000000,PG,77,64,13,13,3066.0,120455994,3.01139985
2640,Freedomland,113.0,12000000,R,51,43,8,8,2361.0,14651216,1.2209346666666667
2643,The Second Chance,102.0,12000000,PG-13,70,52,18,18,87.0,432253,0.036021083333333336
2644,Winter Passing,98.0,3500000,R,75,56,19,19,7.0,113783,0.03250942857142857
2645,Street Fight,83.0,1000000,Not Rated,69,85,-16,16,2.0,4779,0.004779
2647,Dirty,97.0,12000000,R,51,37,14,14,35.0,271078,0.022589833333333333
2648,Doogal,78.0,20000000,G,37,23,14,14,2318.0,28058652,1.4029326
2649,Forgiving Dr. Mengele,82.0,20000000,Not Rated,68,69,-1,1,1.0,10403,0.00052015
2650,Little Fish,114.0,12000000,R,72,77,-5,5,5.0,3222453,0.26853775
2651,Madea's Family Reunion,107.0,10000000,PG-13,67,45,22,22,2194.0,63320521,6.3320521
2652,Running Scared,122.0,17000000,R,82,41,41,41,1611.0,9729088,0.572299294117647
2654,Tsotsi,94.0,3000000,R,77,70,7,7,6.0,11537539,3.8458463333333333
2655,Unknown White Male,88.0,1000000,PG-13,39,65,-26,26,4.0,126836,0.126836
2656,Workingman's Death,122.0,1000000,Not Rated,68,67,1,1,2.0,2214,0.002214
2658,"Sorry, Haters",,12000000,Not Rated,73,43,30,30,1.0,6364,0.0005303333333333333
2659,16 Blocks,105.0,45000000,PG-13,78,63,15,15,2706.0,65595141,1.4576698
2660,Aquamarine,104.0,12000000,PG,77,51,26,26,2512.0,22978953,1.91491275
2661,Dave Chappelle's Block Party,103.0,3000000,R,75,84,-9,9,1200.0,12051924,4.017308
2664,Ultraviolet,88.0,30000000,PG-13,31,18,13,13,2558.0,30962112,1.0320704
2667,Ask the Dust,117.0,12000000,R,76,58,18,18,7.0,742614,0.0618845
2670,Failure to Launch,97.0,50000000,PG-13,55,47,8,8,3057.0,128402901,2.56805802
2671,Game 6,87.0,18000000,R,71,56,15,15,4.0,129664,0.007203555555555556
2672,Shakespeare Behind Bars,93.0,1000000,Not Rated,71,74,-3,3,1.0,48594,0.048594
2674,The Hills Have Eyes,107.0,17000000,NC-17,62,52,10,10,2620.0,70355813,4.138577235294117
2675,The Shaggy Dog,98.0,60000000,PG,53,43,10,10,3501.0,87123569,1.4520594833333333
2679,Don't Come Knocking,122.0,12000000,R,65,55,10,10,6.0,4633357,0.38611308333333333
2681,Find Me Guilty,125.0,13000000,R,74,65,9,9,439.0,2898225,0.22294038461538462
2686,The Devil's Miner,82.0,1000000,Not Rated,82,81,1,1,2.0,14289,0.014289
2687,V for Vendetta,132.0,50000000,R,76,62,14,14,3365.0,130214162,2.60428324
2688,American Gun,95.0,12000000,R,64,48,16,16,4.0,24098,0.0020081666666666668
2689,Inside Man,129.0,50000000,R,73,76,-3,3,2818.0,185798265,3.7159653
2691,Larry the Cable Guy: Health Inspector,89.0,17000000,PG-13,28,21,7,7,1710.0,15680099,0.9223587647058824
2692,Lonesome Jim,91.0,500000,R,72,54,18,18,2.0,602789,1.205578
2694,Stay Alive,85.0,20000000,PG-13,75,24,51,51,2009.0,23187506,1.1593753
2695,Stoned,102.0,12000000,R,60,41,19,19,6.0,38922,0.0032435
2698,Drawing Restraint 9,135.0,12000000,Not Rated,75,61,14,14,1.0,243743,0.020311916666666666
2700,ATL,105.0,17000000,PG-13,74,63,11,11,1602.0,21170563,1.2453272352941176
2701,Adam & Steve,99.0,20750000,R,69,48,21,21,17.0,309404,0.014911036144578314
2703,Basic Instinct 2,114.0,70000000,R,29,26,3,3,1453.0,35417162,0.5059594571428572
2704,Brick,110.0,450000,R,72,72,0,0,2.0,4243996,9.431102222222222
2705,Ice Age: The Meltdown,91.0,75000000,PG,75,60,15,15,3964.0,651899282,8.691990426666667
2709,Slither,95.0,15250000,R,67,69,-2,2,1945.0,12930343,0.8478913442622951
2710,The Devil and Daniel Johnston,110.0,1000000,PG-13,79,77,2,2,5.0,453337,0.453337
2712,I Am a Sex Addict,98.0,18000000,Not Rated,58,62,-4,4,2.0,115694,0.006427444444444445
2714,4,126.0,12000000,Not Rated,71,72,-1,1,1.0,18926,0.0015771666666666666
2717,Friends with Money,88.0,6500000,R,56,68,-12,12,28.0,18110152,2.7861772307692307
2718,Lucky Number Slevin,110.0,27000000,R,86,53,33,33,1984.0,55495466,2.0553876296296294
2719,On a Clear Day,98.0,12000000,PG-13,66,62,4,4,5.0,974240,0.08118666666666667
2720,Phat Girlz,99.0,3000000,PG-13,71,36,35,35,1060.0,7301115,2.433705
2721,Sir! No Sir!,85.0,1000000,Not Rated,77,74,3,3,2.0,116944,0.116944
2722,Take the Lead,118.0,30000000,PG-13,64,55,9,9,3009.0,65390493,2.1796831
2723,The Benchwarmers,80.0,35000000,PG-13,53,25,28,28,3274.0,65063726,1.8589636
2725,When Do We Eat?,86.0,18000000,R,69,37,32,32,48.0,431513,0.023972944444444446
2727,Blackballed: The Bobby Dukes Story,91.0,18000000,Not Rated,71,54,17,17,1.0,9528,0.0005293333333333334
2728,Hard Candy,104.0,950000,R,80,58,22,22,2.0,8267066,8.702174736842105
2729,Herbie Hancock: Possibilities,90.0,1000000,PG,76,54,22,22,2.0,2493,0.002493
2730,Kinky Boots,107.0,18000000,PG-13,68,57,11,11,9.0,8818428,0.48991266666666666
2732,Look Both Ways,100.0,12000000,PG-13,62,64,-2,2,2.0,107260,0.008938333333333333
2736,Scary Movie 4,83.0,40000000,PG-13,58,40,18,18,3602.0,178710620,4.4677655
2737,The Notorious Bettie Page,91.0,12000000,R,68,64,4,4,20.0,1779570,0.1482975
2738,The Sisters,113.0,12000000,R,55,40,15,15,,0,0.0
2739,The Wild,94.0,80000000,G,49,47,2,2,2854.0,99010667,1.2376333375
2740,American Dreamz,107.0,17000000,PG-13,45,45,0,0,1500.0,16510971,0.9712335882352942
2742,Silent Hill,125.0,50000000,R,79,31,48,48,2926.0,94704227,1.89408454
2744,Standing Still,90.0,12000000,R,78,38,40,40,15.0,30142,0.0025118333333333334
2745,Stolen,90.0,35000000,Unrated,75,61,14,14,1.0,132596,0.003788457142857143
2746,The Celestine Prophecy,99.0,72250000,PG,44,23,21,21,5.0,1276994,0.017674657439446368
2747,The Sentinel,108.0,60000000,PG-13,62,49,13,13,2822.0,78080697,1.30134495
2750,Akeelah and the Bee,112.0,8000000,PG,78,72,6,6,2195.0,18959424,2.369928
2756,Stick It,103.0,20000000,PG-13,72,53,19,19,2038.0,30399714,1.5199857
2757,The Lost City,144.0,9600000,R,80,47,33,33,18.0,5256839,0.5475873958333334
2759,United 93,111.0,18000000,R,76,90,-14,14,1795.0,77635035,4.3130575
2760,Water,117.0,3000000,PG-13,70,77,-7,7,5.0,11322573,3.774191
2761,An American Haunting,83.0,14000000,Unrated,50,38,12,12,1680.0,30443277,2.1745197857142857
2762,Art School Confidential,102.0,18000000,R,62,54,8,8,12.0,3297137,0.18317427777777778
2763,Down in the Valley,114.0,8000000,R,65,65,0,0,3.0,973443,0.121680375
2764,Hoot,91.0,15000000,PG,62,46,16,16,3018.0,8224998,0.5483332
2765,Mission: Impossible III,126.0,150000000,PG-13,78,66,12,12,4054.0,399387745,2.6625849666666666
2766,One Last Thing...,96.0,12000000,R,76,44,32,32,21.0,13334,0.0011111666666666668
2767,The Proposition,104.0,20000000,R,81,73,8,8,3.0,5313608,0.2656804
2768,Russian Dolls,125.0,12000000,Not Rated,69,67,2,2,3.0,23654241,1.97118675
2769,Dead Man's Shoes,90.0,1125000,Not Rated,78,52,26,26,1.0,414736,0.3686542222222222
2770,Giuliani Time,130.0,1000000,Not Rated,80,61,19,19,1.0,21967,0.021967
2771,Goal! The Dream Begins,118.0,33000000,PG,73,53,20,20,1007.0,27610873,0.8366931212121212
2772,Just My Luck,103.0,28000000,PG-13,64,29,35,35,2541.0,38159905,1.36285375
2773,Keeping Up with the Steins,90.0,5000000,PG-13,61,57,4,4,138.0,4414753,0.8829506
2774,Poseidon,98.0,160000000,PG-13,59,50,9,9,3555.0,181674817,1.13546760625
2775,Saving Shiloh,90.0,20000000,PG,61,62,-1,1,30.0,6000,0.0003
2776,Sketches of Frank Gehry,83.0,1000000,PG-13,78,71,7,7,2.0,727160,0.72716
2777,Wah-Wah,120.0,7000000,R,68,61,7,7,26.0,463039,0.06614842857142857
2778,Lemming,129.0,12000000,Not Rated,67,65,2,2,2.0,793604,0.06613366666666666
2779,Mouth to Mouth,101.0,12000000,Not Rated,77,47,30,30,1.0,2150,0.00017916666666666667
2780,Over the Hedge,83.0,80000000,PG,80,67,13,13,4059.0,343397247,4.2924655875
2781,See No Evil,84.0,8000000,R,60,17,43,43,1257.0,18828036,2.3535045
2782,The Da Vinci Code,149.0,125000000,PG-13,60,46,14,14,3735.0,767820459,6.142563672
2783,The King,105.0,12000000,R,73,58,15,15,1.0,723110,0.06025916666666667
2784,Twelve and Holding,94.0,12000000,R,83,65,18,18,3.0,314017,0.026168083333333335
2785,An Inconvenient Truth,100.0,1000000,PG,81,75,6,6,4.0,53365925,53.365925
2786,La Moustache,87.0,18000000,Not Rated,66,71,-5,5,,3078324,0.171018
2788,Cavite,80.0,7000,Not Rated,74,64,10,10,2.0,71644,10.234857142857143
2789,X-Men: The Last Stand,104.0,210000000,PG-13,60,58,2,2,3690.0,459260946,2.186956885714286
2792,Favela Rising,80.0,1000000,Not Rated,46,65,-19,19,1.0,10565,0.010565
2793,Peaceful Warrior,120.0,10000000,PG-13,76,40,36,36,10.0,3260179,0.3260179
2794,The Break-Up,106.0,52000000,PG-13,75,45,30,30,3070.0,205727307,3.956294365384615
2796,The Puffy Chair,85.0,15000,R,53,73,-20,20,7.0,195254,13.016933333333334
2797,The War Tapes,97.0,1000000,Not Rated,77,77,0,0,1.0,254190,0.25419
2799,The Omen,110.0,25000000,R,66,43,23,23,2723.0,119295584,4.77182336
2800,Psychopathia Sexualis,102.0,12000000,R,44,40,4,4,3.0,4012,0.00033433333333333335
2801,A Prairie Home Companion,105.0,10000000,PG-13,65,75,-10,10,760.0,26716191,2.6716191
2804,Cars,117.0,70000000,G,74,73,1,1,3985.0,461630558,6.594722257142857
2805,Crossing the Bridge: The Sound of Istanbul,90.0,1000000,Not Rated,79,73,6,6,1.0,140685,0.140685
2806,The Heart of the Game,97.0,1000000,PG-13,78,74,4,4,3.0,446631,0.446631
2808,Garfield: A Tail of Two Kitties,78.0,60000000,PG,56,37,19,19,2946.0,147985373,2.4664228833333333
2809,Land of the Blind,,12000000,R,66,32,34,34,2.0,5244,0.000437
2810,Loverboy,84.0,12000000,R,57,45,12,12,4.0,33223,0.0027685833333333334
2812,Nacho Libre,92.0,32000000,PG,69,52,17,17,3070.0,99296462,3.1030144375
2814,The Fast and the Furious: Tokyo Drift,104.0,85000000,PG-13,65,45,20,20,3027.0,157794205,1.856402411764706
2815,The Lake House,99.0,40000000,PG,79,52,27,27,2645.0,114830111,2.870752775
2816,The Mostly Unfabulous Social Life of Ethan Green,88.0,18000000,R,61,38,23,23,2.0,153122,0.008506777777777778
2817,Wordplay,94.0,500000,PG,69,73,-4,4,2.0,3177636,6.355272
2818,Leonard Cohen: I'm Your Man,105.0,1000000,PG-13,70,68,2,2,1.0,1394254,1.394254
2819,Click,107.0,82500000,PG-13,66,45,21,21,3749.0,237685089,2.8810313818181816
2820,Say Uncle,91.0,2000000,R,73,31,42,42,1.0,5361,0.0026805
2821,The Great New Wonderful,,12000000,R,70,57,13,13,8.0,150142,0.012511833333333333
2823,The Road to Guantanamo,95.0,12000000,R,76,64,12,12,15.0,1078635,0.08988625
2825,Waist Deep,97.0,12000000,R,75,37,38,38,1004.0,21344312,1.7786926666666667
2826,Wassup Rockers,111.0,18000000,TV,73,56,17,17,1.0,627077,0.03483761111111111
2827,Room,75.0,13000000,Not Rated,48,64,-16,16,,3742521,0.28788623076923076
2828,Strangers with Candy,97.0,2000000,R,66,57,9,9,2.0,2077844,1.038922
2829,Superman Returns,154.0,232000000,PG-13,68,72,-4,4,4065.0,391081192,1.6856947931034483
2830,The Motel,75.0,250000,Not Rated,69,70,-1,1,1.0,51540,0.20616
2831,Who Killed the Electric Car?,92.0,1000000,PG,80,70,10,10,8.0,1849392,1.849392
2833,The Devil Wears Prada,109.0,35000000,PG-13,75,62,13,13,2847.0,326073155,9.316375857142857
2834,A Scanner Darkly,100.0,20000000,R,77,73,4,4,17.0,7405084,0.3702542
2835,Beowulf & Grendel,103.0,60000000,R,67,53,14,14,1.0,68820,0.001147
2837,Kill Your Idols,75.0,1000000,Not Rated,67,52,15,15,1.0,7753,0.007753
2840,Changing Times,90.0,12000000,Not Rated,78,64,14,14,1.0,4104160,0.34201333333333334
2841,Edmond,82.0,18000000,R,51,61,-10,10,2.0,241719,0.013428833333333333
2842,Gabrielle,90.0,12000000,Not Rated,52,79,-27,27,2.0,2775311,0.23127591666666666
2843,Little Man,98.0,64000000,PG-13,49,26,23,23,2533.0,101636047,1.588063234375
2844,Mini's First Time,91.0,10500000,R,79,45,34,34,7.0,49034,0.004669904761904762
2845,The Groomsmen,98.0,18000000,R,70,57,13,13,3.0,128585,0.007143611111111111
2846,The Oh in Ohio,88.0,5000000,Unrated,77,48,29,29,14.0,648183,0.1296366
2848,"You, Me and Dupree",108.0,54000000,PG-13,83,46,37,37,3131.0,130402010,2.414852037037037
2851,Clerks II,97.0,5000000,R,72,65,7,7,2150.0,27342246,5.4684492
2853,Lady in the Water,110.0,75000000,PG-13,63,36,27,27,3235.0,72785169,0.97046892
2854,Monster House,91.0,75000000,PG,82,68,14,14,3553.0,141267370,1.8835649333333333
2855,My Super Ex-Girlfriend,95.0,30000000,PG-13,84,50,34,34,2702.0,60772856,2.0257618666666666
2856,Shadowboxer,93.0,12000000,R,58,33,25,25,22.0,442951,0.03691258333333333
2858,Little Miss Sunshine,101.0,8000000,R,75,80,-5,5,7.0,100642353,12.580294125
2859,13 Tzameti,93.0,21000000,Not Rated,74,61,13,13,1.0,121390,0.005780476190476191
2860,America: Freedom to Fascism,95.0,1000000,Not Rated,85,43,42,42,10.0,87400,0.0874
2861,Another Gay Movie,92.0,18000000,Not Rated,63,37,26,26,2.0,654132,0.03634066666666667
2862,Brothers of the Head,93.0,20000000,Not Rated,75,67,8,8,1.0,45082,0.0022541
2864,John Tucker Must Die,89.0,20750000,PG-13,57,41,16,16,2560.0,68824526,3.316844626506024
2865,Miami Vice,134.0,135000000,R,55,66,-11,11,3021.0,164920076,1.2216301925925925
2866,Scoop,96.0,4000000,PG-13,65,48,17,17,538.0,40103262,10.0258155
2867,The Ant Bully,88.0,45000000,PG,56,59,-3,3,3050.0,49610898,1.1024644
2869,Boynton Beach Club,105.0,2900000,R,65,61,4,4,10.0,3127472,1.0784386206896552
2873,Talladega Nights: The Ballad of Ricky Bobby,108.0,73000000,PG-13,65,66,-1,1,3803.0,162870525,2.231103082191781
2875,The Descent,99.0,7000000,R,87,71,16,16,2095.0,57051053,8.150150428571429
2876,The Night Listener,82.0,4000000,R,50,51,-1,1,1367.0,10770993,2.69274825
2878,World Trade Center,129.0,65000000,PG-13,56,66,-10,10,2957.0,163295654,2.512240830769231
2879,Conversations with Other Women,84.0,450000,R,77,62,15,15,13.0,1297745,2.8838777777777778
2880,Half Nelson,106.0,700000,R,78,85,-7,7,2.0,4911725,7.01675
2882,Poster Boy,,12000000,R,49,36,13,13,2.0,62062,0.005171833333333333
2883,Pulse,90.0,20500000,R,85,27,58,58,2323.0,30241435,1.4751919512195122
2884,Step Up,104.0,12000000,PG-13,74,48,26,26,2467.0,110989157,9.249096416666667
2886,Zoom,83.0,35000000,PG,44,26,18,18,2501.0,12506188,0.35731965714285713
2887,10th & Wolf,107.0,8000000,R,67,36,31,31,6.0,143782,0.01797275
2888,Accepted,90.0,18000000,PG-13,80,47,33,33,2914.0,38314803,2.1286001666666667
2889,Factotum,94.0,12000000,R,67,71,-4,4,6.0,3171021,0.26425175
2891,Material Girls,97.0,18000000,PG,43,17,26,26,1509.0,12449638,0.6916465555555555
2894,Snakes on a Plane,105.0,33000000,R,73,58,15,15,3555.0,62020814,1.8794186060606062
2895,The Illusionist,110.0,16500000,PG-13,87,68,19,19,51.0,83792062,5.0783067878787875
2896,Trust the Man,103.0,9000000,R,63,43,20,20,38.0,2548378,0.28315311111111113
2899,Princesas,109.0,12000000,Not Rated,85,64,21,21,1.0,29472,0.002456
2900,Beerfest,110.0,17500000,R,65,46,19,19,2964.0,20159316,1.1519609142857143
2901,How to Eat Fried Worms,98.0,12000000,PG,47,56,-9,9,1870.0,13098996,1.091583
2902,Idlewild,121.0,15000000,R,79,55,24,24,973.0,12669914,0.8446609333333334
2903,Invincible,105.0,40000000,PG,77,63,14,14,2917.0,58501127,1.462528175
2904,Queens,107.0,18000000,R,50,49,1,1,5.0,184927,0.010273722222222222
2907,The Quiet,96.0,900000,R,87,29,58,58,7.0,381420,0.4238
2910,Crank,88.0,12000000,R,46,57,-11,11,2515.0,43924923,3.66041025
2911,Crossover,95.0,5600000,PG-13,20,30,-10,10,1023.0,7009668,1.2517264285714287
2912,Idiocracy,84.0,2400000,R,74,66,8,8,130.0,500296,0.20845666666666668
2913,Lassie,100.0,72250000,PG,71,84,-13,13,169.0,7875911,0.10900914878892734
2915,Mutual Appreciation,110.0,30000,Unrated,61,84,-23,23,1.0,103509,3.4503
2917,The Wicker Man,102.0,10000000,Not Rated,22,36,-14,14,2784.0,37721827,3.7721827
2919,Saint of 9/11,90.0,1000000,Not Rated,79,67,12,12,1.0,7137,0.007137
2920,Broken Bridges,105.0,12000000,PG-13,82,32,50,50,84.0,251775,0.02098125
2921,Hollywoodland,126.0,12000000,R,59,62,-3,3,1548.0,16826251,1.4021875833333333
2923,Iraq for Sale: The War Profiteers,75.0,775000,Not Rated,72,68,4,4,,0,0.0
2924,Le petit lieutenant,110.0,12000000,Unrated,79,71,8,8,2.0,216724,0.018060333333333334
2925,Man Push Cart,87.0,12000000,Not Rated,73,71,2,2,1.0,36608,0.003050666666666667
2926,Red Doors,90.0,12000000,R,64,60,4,4,2.0,97848,0.008154
2929,The Covenant,97.0,20000000,PG-13,60,19,41,41,2681.0,38164784,1.9082392
2932,Al Franken: God Spoke,90.0,1000000,Not Rated,67,49,18,18,2.0,102990,0.10299
2933,Aurora Borealis,110.0,12000000,R,65,58,7,7,4.0,60729,0.00506075
2935,Everyone's Hero,88.0,72250000,G,54,51,3,3,2896.0,17000437,0.2353001660899654
2936,Gridiron Gang,125.0,30000000,PG-13,77,52,25,25,3504.0,41457834,1.3819278
2938,Keeping Mum,103.0,18000000,R,74,53,21,21,2.0,18114037,1.0063353888888888
2939,The Black Dahlia,121.0,60000000,R,28,49,-21,21,2226.0,49238525,0.8206420833333333
2941,The Last Kiss,104.0,12000000,R,52,57,-5,5,1357.0,11614790,0.9678991666666666
2943,Old Joy,76.0,300000,Not Rated,61,84,-23,23,1.0,399908,1.3330266666666668
2945,All the King's Men,128.0,55000000,PG-13,56,37,19,19,1514.0,9521458,0.1731174181818182
2947,American Hardcore,100.0,1000000,R,80,69,11,11,1.0,287987,0.287987
2949,Feast,95.0,3200000,R,70,43,27,27,146.0,690872,0.2158975
2950,Flyboys,140.0,60000000,PG-13,69,47,22,22,2033.0,14816379,0.24693965
2952,Jesus Camp,87.0,1000000,PG-13,71,62,9,9,13.0,1394989,1.394989
2953,Renaissance,105.0,18000000,R,81,57,24,24,2.0,2401413,0.13341183333333334
2956,Zen Noir,71.0,20000000,Not Rated,69,27,42,42,,0,0.0
2957,The Last King of Scotland,123.0,6000000,R,81,74,7,7,4.0,49155371,8.192561833333333
2958,A Guide to Recognizing Your Saints,100.0,12000000,R,69,67,2,2,8.0,2127394,0.17728283333333333
2960,Broken Sky,140.0,20000000,PG-13,61,35,26,26,1.0,29185,0.00145925
2961,Open Season,83.0,85000000,PG,62,49,13,13,3833.0,191932158,2.258025388235294
2962,School for Scoundrels,100.0,20000000,Not Rated,77,44,33,33,3004.0,17807569,0.89037845
2963,The Guardian,139.0,70000000,PG-13,77,53,24,24,3241.0,94973540,1.356764857142857
2965,The Queen,103.0,15000000,PG-13,67,91,-24,24,3.0,128885873,8.592391533333334
2967,Shortbus,101.0,2000000,Not Rated,73,64,9,9,6.0,1997497,0.9987485
2969,49 Up,,1000000,Not Rated,86,84,2,2,,241772,0.241772
2970,Black Gold,78.0,20000000,Unrated,73,69,4,4,3.0,93477,0.00467385
2972,Employee of the Month,103.0,10000000,PG-13,52,36,16,16,2579.0,38364855,3.8364855
2973,Kettle of Fish,97.0,20000000,R,32,38,-6,6,,0,0.0
2974,Little Children,136.0,14000000,R,74,75,-1,1,5.0,14121177,1.0086555
2975,Tales of the Rat Fink,78.0,1000000,Not Rated,59,67,-8,8,,0,0.0
2976,The Departed,151.0,90000000,R,70,85,-15,15,3017.0,289660619,3.218451322222222
2977,The Texas Chainsaw Massacre: The Beginning,91.0,16000000,NC-17,61,30,31,31,2820.0,50517763,3.1573601875
2979,Alex Rider: Operation Stormbreaker,93.0,40000000,PG,46,42,4,4,221.0,20722450,0.51806125
2981,Driving Lessons,98.0,4700000,PG-13,77,56,21,21,8.0,239962,0.05105574468085106
2982,Infamous,110.0,13000000,R,81,68,13,13,179.0,2613717,0.20105515384615386
2983,Man of the Year,115.0,20000000,PG-13,52,39,13,13,2515.0,41342180,2.067109
2985,One Night with the King,123.0,20000000,PG,80,38,42,42,909.0,13725032,0.6862516
2986,The Grudge 2,102.0,20000000,PG-13,54,33,21,21,3211.0,70743839,3.53719195
2987,The Marine,92.0,15000000,Unrated,57,45,12,12,2545.0,22165608,1.4777072
2989,Tideland,120.0,12000000,R,66,26,40,40,1.0,1072932,0.089411
2990,Zerophilia,90.0,20750000,Not Rated,71,41,30,30,,7763,0.0003741204819277108
2991,51 Birch Street,90.0,350000,Unrated,77,77,0,0,2.0,84689,0.24196857142857142
2993,Sweet Land,110.0,12000000,PG,81,75,6,6,2.0,1706325,0.14219375
2994,Flags of Our Fathers,132.0,53000000,R,70,79,-9,9,1876.0,63657941,1.2010932264150942
2995,Flicka,95.0,15000000,PG,64,57,7,7,2877.0,21896367,1.4597578
2997,Marie Antoinette,123.0,40000000,PG-13,58,65,-7,7,859.0,60862471,1.521561775
2998,Requiem,89.0,20000000,TV,79,82,-3,3,2.0,1531921,0.07659605
3000,Sleeping Dogs Lie,87.0,20750000,R,57,63,-6,6,6.0,4342159,0.20926067469879517
3001,The Prestige,130.0,40000000,PG-13,88,66,22,22,2281.0,104407366,2.61018415
3004,Babel,143.0,20000000,R,67,69,-2,2,7.0,132121212,6.6060606
3005,Catch a Fire,101.0,14000000,PG-13,66,62,4,4,1306.0,5782198,0.41301414285714283
3007,Cocaine Cowboys,118.0,1000000,R,77,59,18,18,12.0,163000,0.163
3008,Conversations with God,109.0,12000000,PG,57,35,22,22,64.0,425045,0.03542041666666667
3009,Death of a President,97.0,12000000,R,62,49,13,13,143.0,519086,0.043257166666666666
3010,Saw III,108.0,10000000,NC-17,73,48,25,25,3167.0,163876815,16.3876815
3012,The Bridge,94.0,1000000,R,66,58,8,8,19.0,179780,0.17978
3017,En soap,104.0,20000000,Not Rated,53,55,-2,2,,4164,0.0002082
3018,Flushed Away,85.0,149000000,PG,75,74,1,1,3707.0,179357126,1.2037391006711409
3020,The Santa Clause 3: The Escape Clause,97.0,72250000,G,44,32,12,12,3458.0,107500122,1.4878909619377163
3021,Unknown,85.0,40000000,Not Rated,85,44,41,41,2.0,3355048,0.0838762
3022,Volver,121.0,9400000,R,84,84,0,0,5.0,87226613,9.279426914893618
3024,A Good Year,118.0,35000000,PG-13,66,47,19,19,2066.0,42064105,1.2018315714285714
3027,Come Early Morning,97.0,6000000,R,75,64,11,11,22.0,119452,0.019908666666666668
3028,Copying Beethoven,104.0,11000000,PG-13,71,59,12,12,26.0,6586324,0.5987567272727272
3031,Harsh Times,116.0,2000000,R,77,56,21,21,956.0,6225304,3.112652
3032,Iraq in Fragments,94.0,1000000,Not Rated,67,84,-17,17,7.0,240462,0.240462
3033,Stranger Than Fiction,113.0,30000000,PG-13,85,67,18,18,2264.0,53572822,1.7857607333333334
3035,The Return,85.0,21000000,PG-13,80,38,42,42,1984.0,8844785,0.4211802380952381
3036,Flannel Pajamas,124.0,12000000,R,64,49,15,15,1.0,123301,0.010275083333333334
3038,Bobby,120.0,14000000,R,63,54,9,9,2.0,20597806,1.4712718571428571
3039,Candy,108.0,12000000,R,73,57,16,16,1.0,45128,0.0037606666666666665
3040,Casino Royale,144.0,102000000,PG-13,85,80,5,5,3434.0,594420283,5.827649833333333
3041,Fast Food Nation,116.0,12000000,R,59,64,-5,5,321.0,1005539,0.08379491666666666
3042,For Your Consideration,86.0,12000000,PG-13,60,68,-8,8,23.0,5549923,0.46249358333333335
3043,Happy Feet,108.0,85000000,PG,62,77,-15,15,3804.0,385000317,4.529415494117647
3044,Let's Go to Prison,84.0,4000000,R,60,27,33,33,1495.0,4630045,1.15751125
3047,The History Boys,109.0,3700000,R,61,74,-13,13,7.0,13447998,3.634594054054054
3049,Deck the Halls,93.0,51000000,PG,77,28,49,49,3205.0,46815807,0.917957
3051,Opal Dream,86.0,9000000,PG,73,56,17,17,4.0,14443,0.0016047777777777779
3053,The Fountain,96.0,35000000,R,79,51,28,28,1472.0,15461638,0.44176108571428574
3054,Eating Out 2: Sloppy Seconds,79.0,18000000,Not Rated,29,39,-10,10,,37072,0.0020595555555555554
3061,The Nativity Story,101.0,35000000,PG,76,52,24,24,3083.0,46309644,1.3231326857142858
3062,Turistas,93.0,10000000,R,83,36,47,47,1570.0,14321070,1.432107
3066,Inland Empire,180.0,12000000,R,74,73,1,1,3.0,850411,0.07086758333333333
3067,Apocalypto,139.0,40000000,R,76,68,8,8,2465.0,121032272,3.0258068
3068,Blood Diamond,143.0,100000000,R,85,64,21,21,1910.0,171377916,1.71377916
3069,Family Law,102.0,20000000,Unrated,82,66,16,16,2.0,38605,0.00193025
3071,Off the Black,90.0,12000000,R,73,62,11,11,2.0,148872,0.012406
3072,Screamers,91.0,10000000,R,66,55,11,11,4.0,52034,0.0052034
3073,The Holiday,138.0,85000000,PG-13,85,52,33,33,2610.0,204920447,2.410828788235294
3074,Unaccompanied Minors,90.0,25000000,PG,55,43,12,12,2775.0,21970831,0.87883324
3076,Breaking and Entering,120.0,12000000,R,68,56,12,12,2.0,930469,0.07753908333333333
3077,Charlotte's Web,97.0,82500000,G,69,68,1,1,3566.0,143985708,1.7452813090909092
3078,Dreamgirls,130.0,75000000,PG-13,73,76,-3,3,3.0,155620350,2.074938
3079,Eragon,104.0,100000000,PG,35,38,-3,3,3020.0,249488115,2.49488115
3082,The Good German,105.0,32000000,R,70,49,21,21,5.0,6678033,0.20868853125
3083,The Pursuit of Happyness,117.0,55000000,PG-13,72,64,8,8,2852.0,307311093,5.587474418181818
3084,The Secret Life of Words,115.0,12000000,Not Rated,81,68,13,13,1.0,6076115,0.5063429166666666
3086,Letters from Iwo Jima,141.0,13000000,R,82,89,-7,7,5.0,67867998,5.220615230769231
3087,Matthew Barney: No Restraint,72.0,1000000,Not Rated,68,59,9,9,,16136,0.016136
3088,Rocky Balboa,102.0,24000000,PG,82,63,19,19,3017.0,156229050,6.50954375
3089,The Painted Veil,125.0,19400000,PG-13,85,69,16,16,4.0,15118795,0.7793193298969072
3091,Venus,95.0,6000000,R,71,82,-11,11,3.0,7818479,1.3030798333333333
3092,Night at the Museum,108.0,110000000,PG,68,48,20,20,3685.0,579446407,5.267694609090909
3093,The Good Shepherd,167.0,80000000,R,66,61,5,5,2215.0,100378271,1.2547283875
3094,We Are Marshall,131.0,65000000,PG,79,53,26,26,2606.0,43545364,0.6699286769230769
3096,Children of Men,109.0,76000000,R,85,84,1,1,16.0,69845011,0.919013302631579
3097,Notes on a Scandal,92.0,27500000,R,79,73,6,6,22.0,50578411,1.8392149454545454
3100,Miss Potter,92.0,30000000,PG,71,57,14,14,2.0,35891257,1.1963752333333333
3102,Perfume: The Story of a Murderer,147.0,63700000,R,76,56,20,20,3.0,133603463,2.0973856043956043
3103,The Dead Girl,85.0,3300000,R,85,65,20,20,2.0,19875,0.0060227272727272725
3107,Code Name: The Cleaner,84.0,20000000,PG-13,44,33,11,11,1736.0,8135024,0.4067512
3108,Comedy of Power,110.0,20000000,Not Rated,80,64,16,16,1.0,80550,0.0040275
3109,Freedom Writers,123.0,21000000,PG-13,78,64,14,14,1360.0,43632609,2.077743285714286
3110,Happily N'Ever After,87.0,47000000,PG,41,28,13,13,2381.0,37923818,0.8068897446808511
3111,Thr3e,101.0,2400000,PG-13,66,34,32,32,458.0,1420418,0.5918408333333334
3113,Alpha Dog,122.0,12000000,R,62,53,9,9,1289.0,32514319,2.7095265833333335
3115,Primeval,93.0,10000000,R,52,35,17,17,2444.0,15337855,1.5337855
3116,Stomp the Yard,109.0,14000000,PG-13,69,44,25,25,2051.0,75525718,5.394694142857143
3118,Alone with Her,78.0,1000000,Not Rated,64,65,-1,1,1.0,844377,0.844377
3120,The Hitcher,84.0,21000000,R,61,28,33,33,2835.0,20855646,0.993126
3124,Blood and Chocolate,98.0,15000000,PG-13,53,33,20,20,1200.0,6551310,0.436754
3125,Catch and Release,124.0,20750000,PG-13,79,43,36,36,1622.0,15432542,0.7437369638554217
3127,Epic Movie,86.0,20000000,PG-13,23,17,6,6,2801.0,86858578,4.3429289
3129,Seraphim Falls,115.0,30000000,R,72,62,10,10,52.0,418296,0.0139432
3130,Smokin' Aces,109.0,17000000,R,62,45,17,17,2218.0,57263440,3.3684376470588235
3131,An Unreasonable Man,122.0,1000000,Not Rated,81,75,6,6,1.0,176647,0.176647
3132,Because I Said So,102.0,39000000,PG-13,32,26,6,6,2526.0,69538833,1.783047
3134,Constellation,96.0,12000000,PG-13,52,41,11,11,238.0,306533,0.025544416666666667
3138,Puccini for Beginners,,20750000,Not Rated,83,54,29,29,2.0,89417,0.004309253012048193
3139,The Messengers,90.0,16000000,PG-13,52,34,18,18,2528.0,53774833,3.3609270625
3142,Hannibal Rising,121.0,50000000,R,48,35,13,13,3003.0,80583311,1.61166622
3143,Norbit,102.0,18000000,R,45,27,18,18,3136.0,158973607,8.831867055555556
3144,The Last Sin Eater,117.0,2200000,PG-13,84,37,47,47,429.0,388390,0.17654090909090908
3145,Bamako,115.0,12000000,Not Rated,64,81,-17,17,,112351,0.009362583333333334
3146,Daddy's Little Girls,95.0,20750000,PG-13,55,49,6,6,2111.0,31609243,1.5233370120481928
3147,Music and Lyrics,96.0,40000000,PG-13,82,59,23,23,2955.0,146196885,3.654922125
3149,Avenue Montaigne,106.0,18000000,PG-13,75,64,11,11,2.0,2044858,0.11360322222222222
3150,Breach,110.0,21000000,PG-13,72,74,-2,2,1489.0,34458779,1.640894238095238
3151,Bridge to Terabithia,96.0,25000000,PG,74,74,0,0,3139.0,137984788,5.51939152
3153,Ghost Rider,114.0,120000000,PG-13,40,35,5,5,3619.0,229545589,1.9128799083333332
3155,Amazing Grace,111.0,12000000,PG,81,65,16,16,791.0,32183710,2.6819758333333334
3156,Glastonbury,138.0,1000000,R,84,60,24,24,1.0,8419,0.008419
3157,Gray Matters,96.0,1000000,PG-13,72,31,41,41,15.0,71561,0.071561
3158,Reno 911!: Miami,84.0,10000000,R,51,47,4,4,2702.0,21851362,2.1851362
3160,The Abandoned,99.0,21000000,R,59,42,17,17,1000.0,1255524,0.05978685714285714
3161,The Astronaut Farmer,104.0,13000000,PG,56,55,1,1,2155.0,11141213,0.8570163846153847
3164,Wild Tigers I Have Known,88.0,12000000,Not Rated,64,52,12,12,1.0,9946,0.0008288333333333333
3165,Black Snake Moan,116.0,15000000,R,71,52,19,19,1252.0,10951153,0.7300768666666667
3166,Full of It,93.0,18000000,PG-13,62,33,29,29,15.0,14273,0.0007929444444444444
3168,Wild Hogs,100.0,60000000,PG-13,51,27,24,24,3287.0,253555383,4.22592305
3169,Zodiac,157.0,85000000,R,84,78,6,6,2362.0,83080084,0.9774127529411765
3171,300,117.0,60000000,R,71,52,19,19,3103.0,454161935,7.569365583333333
3172,Beyond the Gates,115.0,10000000,Unrated,74,71,3,3,1.0,40848,0.0040848
3173,"Maxed Out: Hard Times, Easy Credit and the Era of Predatory Lenders",90.0,1000000,Unrated,54,65,-11,11,6.0,58829,0.058829
3175,The Namesake,122.0,8500000,PG-13,79,82,-3,3,6.0,20288774,2.3869145882352942
3176,The Ultimate Gift,114.0,9000000,PG,85,49,36,36,816.0,3438735,0.38208166666666665
3177,Adam's Apples,94.0,18000000,R,77,51,26,26,1.0,1305,7.25e-05
3179,Behind the Mask: The Rise of Leslie Vernon,92.0,10000000,R,80,66,14,14,72.0,69136,0.0069136
3180,Dead Silence,89.0,20000000,R,63,34,29,29,1805.0,20614661,1.03073305
3181,I Think I Love My Wife,90.0,14000000,R,62,49,13,13,1776.0,13205411,0.9432436428571429
3182,Nomad,112.0,40000000,R,44,49,-5,5,30.0,79123,0.001978075
3183,Premonition,96.0,20000000,PG-13,39,29,10,10,2831.0,84146832,4.2073416
3185,Air Guitar Nation,81.0,1000000,R,81,72,9,9,1.0,83650,0.08365
3186,Boy Culture,88.0,12000000,Not Rated,70,56,14,14,3.0,220409,0.018367416666666667
3188,First Snow,101.0,12000000,PG-13,70,58,12,12,3.0,214864,0.017905333333333332
3189,Journey from the Fall,135.0,1300000,R,80,70,10,10,4.0,635305,0.48869615384615384
3190,Offside,93.0,18000000,PG,79,85,-6,6,5.0,179948,0.009997111111111111
3191,Pride,104.0,12000000,PG,65,55,10,10,1518.0,7094650,0.5912208333333333
3192,Reign Over Me,124.0,20000000,R,85,61,24,24,1671.0,20081987,1.00409935
3193,Shooter,124.0,60000000,R,79,53,26,26,2806.0,95538560,1.5923093333333334
3194,TMNT,87.0,35000000,PG,69,41,28,28,3110.0,96096018,2.7456005142857145
3195,The Hills Have Eyes II,89.0,15000000,Unrated,49,32,17,17,2447.0,37466538,2.4977692
3196,The Last Mimzy,90.0,72250000,PG,55,59,-4,4,3017.0,27519694,0.3808954186851211
3198,The Prisoner or: How I Planned to Kill Tony Blair,72.0,1000000,PG-13,78,67,11,11,2.0,2500,0.0025
3199,What Love Is,93.0,20000000,R,75,14,61,61,42.0,18901,0.00094505
3200,U-Carmen e-Khayelitsha,122.0,27000000,Not Rated,78,74,4,4,,503288,0.018640296296296297
3202,Blades of Glory,93.0,61000000,PG-13,69,64,5,5,3372.0,145594548,2.386795868852459
3204,Meet the Robinsons,95.0,72250000,G,66,61,5,5,3413.0,170552719,2.360591266435986
3205,Race You to the Bottom,73.0,12000000,R,40,50,-10,10,1.0,5468,0.00045566666666666667
3206,Sacco and Vanzetti,80.0,20000000,Not Rated,80,70,10,10,1.0,32203,0.00161015
3208,The Lookout,99.0,12000000,R,87,73,14,14,955.0,5555018,0.4629181666666667
3209,Are We Done Yet?,92.0,18000000,PG,40,36,4,4,2877.0,58388068,3.2437815555555556
3211,Firehouse Dog,111.0,18000000,PG,62,43,19,19,2860.0,17098297,0.9499053888888889
3212,The Reaping,99.0,40000000,R,64,36,28,28,2603.0,62226214,1.55565535
3213,Grindhouse,191.0,53000000,NC-17,79,77,2,2,2624.0,50187789,0.9469394150943397
3215,The Hoax,116.0,25000000,R,84,70,14,14,235.0,7164995,0.2865998
3216,The TV Set,88.0,18000000,R,66,65,1,1,8.0,265550,0.014752777777777778
3218,Disturbia,105.0,20000000,R,79,62,17,17,2925.0,118537627,5.92688135
3221,Aqua Teen Hunger Force Colon Movie Film for Theaters,86.0,750000,R,73,54,19,19,877.0,5520368,7.360490666666666
3223,Everything's Gone Green,95.0,18000000,R,70,57,13,13,1.0,19373,0.0010762777777777778
3224,Lonely Hearts,108.0,12000000,R,72,60,12,12,23.0,188565,0.01571375
3225,Pathfinder,99.0,60000000,Unrated,48,29,19,19,1720.0,30822861,0.51371435
3226,Perfect Stranger,109.0,21000000,R,51,31,20,20,2661.0,62526388,2.9774470476190475
3228,Red Road,113.0,12000000,Unrated,76,73,3,3,3.0,1722923,0.14357691666666667
3229,Redline,95.0,60000000,PG-13,37,24,13,13,1607.0,6881021,0.11468368333333333
3230,Slow Burn,93.0,15500000,R,62,34,28,28,1163.0,1237615,0.07984612903225806
3231,Year of the Dog,97.0,12000000,PG-13,66,70,-4,4,7.0,1540141,0.12834508333333333
3234,Fracture,113.0,21000000,R,86,68,18,18,2443.0,89204700,4.2478428571428575
3235,Hot Fuzz,121.0,16000000,R,87,81,6,6,825.0,81742618,5.108913625
3236,In the Land of Women,97.0,10500000,PG-13,55,47,8,8,2155.0,14140402,1.3467049523809524
3238,Stephanie Daley,92.0,12000000,R,69,77,-8,8,1.0,25751,0.0021459166666666666
3240,Vacancy,85.0,21000000,R,86,54,32,32,2551.0,24363007,1.1601431904761905
3242,Zoo,,12000000,Unrated,59,63,-4,4,1.0,69770,0.005814166666666666
3243,Diggers,96.0,10000000,R,65,66,-1,1,17.0,66517,0.0066517
3244,Disappearances,,20000000,Not Rated,50,57,-7,7,2.0,7506,0.0003753
3245,Jindabyne,123.0,10800000,R,59,65,-6,6,6.0,2862544,0.2650503703703704
3246,Kickin It Old Skool,108.0,18000000,PG-13,48,18,30,30,1816.0,4500147,0.25000816666666664
3248,Next,96.0,70000000,PG-13,60,42,18,18,2725.0,73591500,1.051307142857143
3249,Snow Cake,112.0,12000000,Not Rated,84,54,30,30,4.0,26651,0.0022209166666666666
3251,The Condemned,113.0,60000000,R,49,23,26,26,2310.0,7371706,0.12286176666666666
3252,The Invisible,102.0,21000000,PG-13,57,36,21,21,2019.0,23540266,1.1209650476190476
3254,Wind Chill,91.0,10000000,R,69,52,17,17,42.0,31388,0.0031388
3255,Waitress,108.0,1500000,PG-13,71,75,-4,4,4.0,22217183,14.811455333333333
3257,Civic Duty,98.0,21000000,R,73,48,25,25,56.0,95953,0.004569190476190476
3259,Lucky You,124.0,55000000,PG-13,66,49,17,17,2525.0,6521829,0.11857870909090909
3260,"Paris, je t'aime",120.0,13000000,R,69,66,3,3,2.0,5175088,0.3980836923076923
3261,Spider-Man 3,139.0,258000000,PG-13,68,59,9,9,4252.0,894860230,3.468450503875969
3262,The Treatment,86.0,20750000,Not Rated,68,54,14,14,2.0,82701,0.003985590361445783
3263,Brand Upon the Brain!,95.0,12000000,Not Rated,74,79,-5,5,1.0,227064,0.018922
3264,Day Night Day Night,94.0,12000000,Not Rated,57,61,-4,4,1.0,36210,0.0030175
3265,28 Weeks Later,99.0,15000000,R,69,78,-9,9,2303.0,64232714,4.282180933333334
3267,Delta Farce,90.0,18000000,PG-13,46,17,29,29,1931.0,8735908,0.4853282222222222
3268,Duck,96.0,12000000,PG-13,67,53,14,14,,0,0.0
3269,Georgia Rule,113.0,20000000,R,57,25,32,32,2523.0,20819601,1.04098005
3271,ShowBusiness: The Road to Broadway,102.0,1000000,PG,78,73,5,5,1.0,151792,0.151792
3272,The Ex,89.0,20750000,Not Rated,74,32,42,42,1009.0,3738622,0.18017455421686748
3275,Once,85.0,150000,R,82,88,-6,6,2.0,23151277,154.34184666666667
3276,Brooklyn Rules,99.0,8000000,R,37,53,-16,16,1.0,458232,0.057279
3277,Even Money,113.0,12000000,R,62,34,28,28,6.0,64458,0.0053715
3278,Fay Grim,118.0,21000000,R,67,52,15,15,28.0,126714,0.006034
3280,Hollywood Dreams,100.0,18000000,R,73,52,21,21,4.0,171255,0.009514166666666667
3282,Memories of Tomorrow,122.0,12000000,Not Rated,79,68,11,11,1.0,140200,0.011683333333333334
3284,Severance,96.0,10000000,R,73,62,11,11,2.0,5950002,0.5950002
3285,Shrek the Third,93.0,160000000,PG,63,58,5,5,4122.0,807330936,5.04581835
3286,The Last Time,96.0,18000000,R,68,38,30,30,,0,0.0
3287,The Wendell Baker Story,99.0,8000000,PG-13,68,44,24,24,17.0,127188,0.0158985
3290,Angel-A,91.0,20750000,R,58,48,10,10,7.0,202200,0.009744578313253012
3291,Bug,102.0,4000000,R,51,62,-11,11,1661.0,8302995,2.07574875
3293,Paprika,90.0,21000000,R,81,81,0,0,2.0,948558,0.04516942857142857
3296,Crazy Love,92.0,1000000,PG-13,69,69,0,0,3.0,301027,0.301027
3298,Gracie,95.0,9000000,PG-13,81,52,29,29,1164.0,3922043,0.43578255555555556
3299,I'm Reed Fish,93.0,18000000,PG,53,36,17,17,1.0,3567,0.00019816666666666667
3300,Knocked Up,129.0,27500000,R,67,85,-18,18,2871.0,219265952,7.973307345454545
3301,Mr. Brooks,120.0,21000000,R,85,45,40,40,2453.0,45989012,2.1899529523809522
3305,Hostel: Part II,93.0,7500000,R,52,46,6,6,2350.0,33606409,4.480854533333333
3307,Ocean's Thirteen,122.0,85000000,PG-13,65,62,3,3,3565.0,311744465,3.6675819411764707
3309,You're Gonna Miss Me,91.0,1000000,Not Rated,63,64,-1,1,1.0,2324,0.002324
3313,DOA: Dead or Alive,87.0,30000000,PG-13,77,38,39,39,505.0,7755686,0.2585228666666667
3314,Eagle vs Shark,88.0,18000000,R,70,55,15,15,3.0,1304108,0.07245044444444444
3315,Fantastic Four: Rise of the Silver Surfer,92.0,120000000,PG,67,45,22,22,3959.0,289480691,2.4123390916666665
3316,Fido,93.0,8000000,R,86,70,16,16,2.0,456814,0.05710175
3317,Macbeth,109.0,12000000,Not Rated,65,51,14,14,1.0,9613,0.0008010833333333333
3318,Nancy Drew,99.0,20000000,PG,63,53,10,10,2612.0,30703845,1.53519225
3320,When the Road Bends: Tales of a Gypsy Caravan,110.0,1000000,Unrated,82,73,9,9,2.0,697062,0.697062
3321,Manufactured Landscapes,80.0,1000000,Unrated,60,79,-19,19,1.0,395623,0.395623
3322,1408,104.0,22500000,PG-13,82,64,18,18,2678.0,131263370,5.833927555555555
3323,A Mighty Heart,108.0,15000000,R,71,74,-3,3,1355.0,19153568,1.2769045333333333
3324,Black Sheep,87.0,10000000,TV,57,62,-5,5,4.0,5063452,0.5063452
3325,Broken English,93.0,20750000,PG-13,65,61,4,4,7.0,1944150,0.09369397590361446
3326,Evan Almighty,96.0,175000000,PG,47,37,10,10,3604.0,174131329,0.9950361657142858
3327,Klimt,,12000000,Not Rated,64,44,20,20,1.0,86051,0.007170916666666667
3328,Lady Chatterley,168.0,12000000,R,63,80,-17,17,5.0,687414,0.0572845
3329,You Kill Me,93.0,4000000,R,83,64,19,19,35.0,3858964,0.964741
3332,Live Free or Die Hard,128.0,110000000,Unrated,69,69,0,0,3408.0,382288147,3.4753467909090907
3334,Evening,117.0,30000000,PG-13,49,45,4,4,977.0,12885574,0.42951913333333336
3335,Ratatouille,111.0,150000000,G,86,96,-10,10,3940.0,626549695,4.176997966666667
3336,Sicko,123.0,9000000,PG-13,75,74,1,1,1.0,36535837,4.0595374444444445
3337,Vitus,123.0,12000000,PG,83,63,20,20,2.0,6079556,0.5066296666666666
3338,License to Wed,91.0,35000000,PG-13,47,25,22,22,2604.0,70187088,2.0053453714285716
3339,Transformers,144.0,151000000,PG-13,69,61,8,8,4011.0,708272592,4.690546966887418
3341,Rescue Dawn,126.0,10000000,PG-13,74,77,-3,3,6.0,7037886,0.7037886
3342,Joshua,106.0,21000000,R,62,69,-7,7,6.0,715704,0.03408114285714286
3343,Drama/Mex,93.0,12000000,Not Rated,73,65,8,8,1.0,7699,0.0006415833333333333
3344,Harry Potter and the Order of the Phoenix,138.0,150000000,PG-13,73,71,2,2,4285.0,939619849,6.264132326666667
3345,Captivity,96.0,10000000,R,47,24,23,23,1061.0,9459740,0.945974
3346,Interview,84.0,12000000,R,69,64,5,5,6.0,416417,0.034701416666666665
3348,Talk to Me,118.0,12000000,R,76,69,7,7,33.0,4755905,0.39632541666666665
3352,Cashback,102.0,18000000,R,81,54,27,27,9.0,2896988,0.16094377777777777
3353,Goya's Ghosts,113.0,12000000,R,68,52,16,16,49.0,1000626,0.0833855
3354,Hairspray,117.0,75000000,PG,76,81,-5,5,3121.0,202822861,2.704304813333333
3356,Sunshine,107.0,40000000,R,73,64,9,9,10.0,32030610,0.80076525
3357,Arctic Tale,96.0,1000000,G,82,64,18,18,4.0,1027622,1.027622
3358,The Devil Came on Horseback,85.0,1000000,Not Rated,79,78,1,1,1.0,132782,0.132782
3359,I Know Who Killed Me,105.0,21000000,R,31,16,15,15,1320.0,7233485,0.34445166666666666
3362,No Reservations,104.0,28000000,PG,67,50,17,17,2425.0,91943956,3.283712714285714
3364,The Simpsons Movie,87.0,72500000,PG-13,77,80,-3,3,3922.0,527071022,7.269945131034483
3366,Who's Your Caddy?,93.0,7000000,PG-13,28,18,10,10,1019.0,5694308,0.8134725714285714
3367,Becoming Jane,120.0,16500000,PG,69,55,14,14,100.0,39380831,2.3867170303030303
3368,Bratz,110.0,18000000,PG,33,21,12,12,1509.0,25747223,1.4304012777777777
3370,Hot Rod,88.0,25000000,PG-13,80,43,37,37,2607.0,14371564,0.57486256
3373,The Bourne Ultimatum,115.0,130000000,PG-13,76,85,-9,9,3660.0,444043396,3.415718430769231
3374,The Ten,96.0,5250000,R,67,50,17,17,25.0,786677,0.14984323809523808
3375,Underdog,84.0,72250000,PG,59,37,22,22,3013.0,65033328,0.9001152664359862
3376,Daddy Day Camp,93.0,6000000,PG,20,13,7,7,2332.0,18209872,3.0349786666666665
3379,Crossing the Line,94.0,1000000,Not Rated,84,71,13,13,1.0,9258,0.009258
3381,Descent,101.0,21000000,NC-17,65,45,20,20,2.0,15233,0.0007253809523809524
3382,Rocket Science,101.0,18000000,R,69,73,-4,4,6.0,712391,0.03957727777777778
3383,Rush Hour 3,91.0,180000000,PG-13,64,44,20,20,3778.0,256585882,1.4254771222222222
3384,Skinwalkers,110.0,10000000,R,64,33,31,31,745.0,1018965,0.1018965
3385,Stardust,127.0,70000000,PG-13,86,66,20,20,2540.0,137022245,1.9574606428571428
3386,Delirious,107.0,18000000,Not Rated,76,68,8,8,5.0,86460,0.004803333333333333
3388,Death at a Funeral,87.0,21000000,R,69,67,2,2,260.0,47289148,2.2518641904761907
3391,Superbad,113.0,17500000,R,80,76,4,4,2948.0,169955142,9.7117224
3393,The Invasion,99.0,80000000,PG-13,71,45,26,26,2776.0,40147042,0.501838025
3395,The Last Legion,102.0,67000000,PG-13,52,37,15,15,2002.0,25357771,0.3784741940298507
3397,Hannah Takes the Stairs,83.0,12000000,Not Rated,47,63,-16,16,1.0,22509,0.00187575
3398,Dedication,95.0,20750000,R,80,50,30,30,4.0,91164,0.00439344578313253
3399,Deep Water,92.0,1000000,PG,82,80,2,2,2.0,736762,0.736762
3400,Illegal Tender,108.0,21000000,R,63,40,23,23,512.0,3054430,0.14544904761904762
3402,Resurrecting the Champ,112.0,13000000,PG-13,73,55,18,18,1605.0,3260555,0.25081192307692307
3403,Right at Your Door,,21000000,R,64,57,7,7,20.0,64802,0.0030858095238095237
3404,September Dawn,110.0,10100000,R,43,25,18,18,857.0,1066555,0.10559950495049505
3405,The Hottest State,117.0,12000000,R,70,45,25,25,3.0,31216,0.0026013333333333335
3406,The Nanny Diaries,105.0,18000000,PG-13,61,46,15,15,2629.0,45991195,2.5550663888888887
3407,War,103.0,25000000,R,81,36,45,45,2277.0,40686409,1.62745636
3408,Balls of Fury,90.0,18000000,PG-13,49,38,11,11,3052.0,41780026,2.3211125555555556
3410,Death Sentence,105.0,20000000,R,78,36,42,42,1822.0,16907831,0.84539155
3412,Freshman Orientation,92.0,18000000,R,50,41,9,9,1.0,10718,0.0005954444444444444
3415,Self Medicated,107.0,12000000,R,81,51,30,30,16.0,100610,0.008384166666666667
3416,The Nines,100.0,12000000,R,66,52,14,14,2.0,63165,0.00526375
3418,3:10 to Yuma,122.0,48000000,R,73,76,-3,3,2652.0,71171825,1.4827463541666668
3419,Fierce People,107.0,12000000,R,66,54,12,12,2.0,85410,0.0071175
3420,Hatchet,85.0,1500000,NC-17,78,57,21,21,82.0,240396,0.160264
3421,In the Shadow of the Moon,109.0,2000000,PG,75,84,-9,9,4.0,2175587,1.0877935
3424,Shoot 'Em Up,86.0,39000000,R,80,49,31,31,2108.0,26796824,0.6870980512820513
3425,The Brothers Solomon,93.0,10000000,R,80,32,48,48,700.0,900926,0.0900926
3427,The Hunting Party,101.0,40000000,R,65,54,11,11,4.0,7729552,0.1932388
3428,Across the Universe,133.0,45000000,PG-13,73,56,17,17,23.0,29367143,0.6526031777777778
3429,December Boys,105.0,12000000,PG-13,62,56,6,6,4.0,1146474,0.0955395
3430,Dragon Wars: D-War,90.0,32000000,PG-13,30,33,-3,3,2269.0,79915361,2.49735503125
3431,Eastern Promises,100.0,50000000,R,71,82,-11,11,15.0,56077088,1.12154176
3432,Great World of Sound,106.0,18000000,R,62,72,-10,10,2.0,22011,0.0012228333333333334
3433,In the Valley of Elah,121.0,23000000,R,75,65,10,10,9.0,24489150,1.064745652173913
3435,King of California,93.0,10000000,PG-13,67,63,4,4,5.0,1165102,0.1165102
3436,Mr. Woodcock,87.0,18000000,PG-13,77,41,36,36,2231.0,33035245,1.8352913888888889
3437,Pete Seeger: The Power of Song,93.0,1000000,PG,84,81,3,3,,179007,0.179007
3438,Silk,107.0,12000000,R,56,39,17,17,122.0,1103075,0.09192291666666667
3439,The Brave One,122.0,70000000,R,69,56,13,13,2755.0,69792704,0.9970386285714286
3440,The Rape of Europa,117.0,1000000,Unrated,76,77,-1,1,,0,0.0
3442,Good Luck Chuck,96.0,25000000,R,42,19,23,23,2612.0,60709968,2.42839872
3443,Into the Wild,148.0,20000000,R,81,73,8,8,4.0,56822960,2.841148
3444,Resident Evil: Extinction,95.0,45000000,R,62,41,21,21,2828.0,149871103,3.3304689555555558
3445,Sydney White,108.0,16500000,PG-13,70,45,25,25,2104.0,13636339,0.8264447878787878
3446,The Assassination of Jesse James by the Coward Robert Ford,160.0,30000000,R,80,68,12,12,5.0,15313631,0.5104543666666667
3447,The Jane Austen Book Club,106.0,12000000,PG-13,64,61,3,3,25.0,3575227,0.2979355833333333
3448,The Last Winter,101.0,10000000,Not Rated,54,69,-15,15,2.0,32921,0.0032921
3449,Feast of Love,101.0,12000000,R,68,51,17,17,1200.0,5796467,0.48303891666666665
3451,Outsourced,,18000000,PG-13,73,70,3,3,8.0,737558,0.040975444444444446
3452,The Game Plan,110.0,22000000,PG,63,44,19,19,3103.0,146590987,6.663226681818182
3453,The Kingdom,110.0,72500000,R,63,56,7,7,2793.0,86802457,1.1972752689655173
3454,The Price of Sugar,90.0,1000000,Unrated,80,73,7,7,1.0,5000,0.005
3455,Trade,120.0,12000000,R,58,42,16,16,90.0,1513388,0.12611566666666665
3456,The Darjeeling Limited,91.0,72250000,R,73,67,6,6,2.0,35077571,0.4855027128027682
3458,Lake of Fire,152.0,6000000,Unrated,71,83,-12,12,1.0,26007,0.0043345
3459,Feel the Noise,86.0,12000000,PG-13,46,36,10,10,1015.0,6423995,0.5353329166666667
3461,For the Bible Tells Me So,,1000000,Unrated,84,73,11,11,,318584,0.318584
3462,Michael Clayton,119.0,21500000,R,76,82,-6,6,15.0,92987651,4.325007023255814
3463,My Kid Could Paint That,82.0,1000000,PG-13,81,74,7,7,8.0,231274,0.231274
3465,The Good Night,93.0,15000000,R,61,49,12,12,2.0,22441,0.0014960666666666666
3466,The Heartbreak Kid,116.0,20750000,R,51,46,5,5,3229.0,127768790,6.157532048192771
3468,Control,122.0,6400000,R,76,78,-2,2,1.0,8902141,1.39095953125
3469,Golda's Balcony,95.0,12000000,Not Rated,66,62,4,4,,0,0.0
3470,Canvas,101.0,12000000,PG-13,59,67,-8,8,2.0,35630,0.002969166666666667
3471,Elizabeth: The Golden Age,114.0,55000000,PG-13,63,45,18,18,2001.0,74870866,1.3612884727272727
3472,Khadak,104.0,12000000,Not Rated,60,53,7,7,,0,0.0
3473,King Corn,88.0,1000000,Unrated,74,70,4,4,,99279,0.099279
3474,Lars and the Real Girl,106.0,12500000,PG-13,81,70,11,11,7.0,11277119,0.90216952
3475,Sleuth,86.0,21000000,R,58,49,9,9,9.0,2212891,0.1053757619047619
3477,The Final Season,119.0,12000000,PG,71,43,28,28,1011.0,1159691,0.09664091666666667
3478,We Own the Night,117.0,28000000,R,61,59,2,2,2362.0,55307857,1.975280607142857
3479,Why Did I Get Married?,113.0,15000000,PG-13,78,54,24,24,2011.0,55934178,3.7289452
3480,O Jerusalem,100.0,12000000,R,42,39,3,3,12.0,2195669,0.18297241666666667
3481,30 Days of Night,113.0,30000000,R,80,53,27,27,2855.0,80276156,2.6758718666666668
3482,Gone Baby Gone,114.0,19000000,R,77,72,5,5,1713.0,34359030,1.80837
3484,Out of the Blue,103.0,4600000,Not Rated,74,70,4,4,1.0,731767,0.15907978260869565
3485,Rendition,122.0,27500000,R,71,55,16,16,2250.0,26939925,0.9796336363636363
3486,Reservation Road,102.0,12000000,R,69,46,23,23,14.0,16601440,1.3834533333333332
3487,The Comebacks,84.0,18000000,R,31,25,6,6,2812.0,13539154,0.7521752222222222
3488,Things We Lost in the Fire,118.0,16000000,R,77,63,14,14,1142.0,8120148,0.50750925
3489,Wristcutters: A Love Story,88.0,1000000,R,74,62,12,12,3.0,473769,0.473769
3490,Before the Devil Knows You're Dead,117.0,12000000,R,83,85,-2,2,2.0,24909088,2.0757573333333332
3491,Bella,91.0,3300000,PG-13,77,47,30,30,165.0,12405473,3.759234242424242
3492,Dan in Real Life,98.0,20750000,PG-13,66,65,1,1,1921.0,65669001,3.1647711325301207
3496,Music Within,94.0,12000000,R,74,53,21,21,17.0,153205,0.012767083333333333
3497,Rails & Ties,101.0,12000000,PG-13,64,44,20,20,5.0,22136,0.0018446666666666668
3498,Saw IV,93.0,10000000,R,60,36,24,24,3183.0,135759694,13.5759694
3499,Slipstream,96.0,18000000,R,35,47,-12,12,6.0,6273,0.0003485
3500,American Gangster,157.0,100000000,R,76,76,0,0,3054.0,267985456,2.67985456
3501,Bee Movie,91.0,150000000,PG,66,54,12,12,3928.0,287594577,1.91729718
3502,Darfur Now,98.0,1000000,PG,63,66,-3,3,3.0,109107,0.109107
3503,Fat Girls,82.0,18000000,R,63,47,16,16,2.0,11204,0.0006224444444444445
3505,Martian Child,106.0,27000000,PG,75,48,27,27,2020.0,9352089,0.3463736666666667
3506,Sharkwater,89.0,2000000,PG,76,59,17,17,20.0,1720833,0.8604165
3508,Fred Claus,116.0,18000000,PG,81,42,39,39,3603.0,97837638,5.435424333333334
3509,Holly,114.0,3000000,R,68,51,17,17,1.0,163069,0.05435633333333333
3510,Lions for Lambs,92.0,35000000,R,50,47,3,3,2215.0,63211088,1.8060310857142856
3511,No Country for Old Men,122.0,25000000,R,79,91,-12,12,28.0,164035753,6.56143012
3512,P2,98.0,10000000,R,35,37,-2,2,2131.0,10186668,1.0186668
3514,The Life of Reilly,84.0,10000000,Unrated,74,72,2,2,1.0,40227,0.0040227
3515,War Dance,,1000000,PG-13,70,68,2,2,3.0,115928,0.115928
3516,Southland Tales,145.0,17000000,R,62,44,18,18,63.0,364607,0.021447470588235294
3517,Beowulf,115.0,150000000,PG-13,63,59,4,4,3153.0,195080579,1.3005371933333334
3518,Love in the Time of Cholera,139.0,45000000,R,52,43,9,9,852.0,31077418,0.6906092888888888
3519,Margot at the Wedding,91.0,12000000,R,60,66,-6,6,2.0,2368218,0.1973515
3520,Mr. Magorium's Wonder Emporium,93.0,18000000,G,57,48,9,9,3164.0,68191643,3.788424611111111
3521,Redacted,90.0,5000000,R,49,52,-3,3,15.0,861325,0.172265
3522,Smiley Face,,18000000,R,58,71,-13,13,1.0,9397,0.0005220555555555556
3523,What Would Jesus Buy?,,1000000,PG,65,60,5,5,1.0,229270,0.22927
3524,August Rush,114.0,25000000,PG,75,38,37,37,2310.0,64605762,2.58423048
3525,Enchanted,107.0,85000000,PG,82,75,7,7,3730.0,340384141,4.0045193058823525
3526,Hitman,100.0,24000000,R,65,35,30,30,2458.0,99135571,4.130648791666666
3528,Nina's Heavenly Delights,94.0,18000000,PG-13,42,44,-2,2,1.0,9936,0.000552
3529,The Mist,126.0,13000000,R,70,58,12,12,2423.0,57189408,4.3991852307692305
3530,This Christmas,117.0,13000000,PG-13,67,63,4,4,1858.0,49733545,3.8256573076923077
3533,Starting Out in the Evening,111.0,12000000,PG-13,76,78,-2,2,7.0,902115,0.07517625
3535,The Savages,113.0,9000000,R,75,85,-10,10,4.0,10642023,1.182447
3536,Awake,84.0,8600000,R,61,33,28,28,2002.0,32968648,3.8335637209302327
3537,Badland,165.0,12000000,R,30,30,0,0,2.0,1924,0.00016033333333333332
3542,Juno,96.0,7000000,PG-13,82,81,1,1,7.0,231450102,33.06430028571429
3544,Atonement,123.0,30000000,R,79,85,-6,6,32.0,129779728,4.325990933333333
3546,Grace Is Gone,85.0,12000000,PG-13,77,65,12,12,4.0,1150224,0.095852
3547,Man in the Chair,,12000000,PG-13,65,44,21,21,,0,0.0
3548,Revolver,115.0,21000000,R,72,25,47,47,18.0,7880568,0.37526514285714285
3549,The Golden Compass,113.0,205000000,PG-13,61,51,10,10,3528.0,367262558,1.7915246731707317
3550,The Walker,108.0,12000000,R,69,51,18,18,3.0,508203,0.04235025
3551,Nanking,88.0,1000000,R,71,76,-5,5,1.0,565934,0.565934
3553,Alvin and the Chipmunks,92.0,55000000,PG,54,39,15,15,3475.0,362605033,6.592818781818182
3556,Look,98.0,12000000,R,43,50,-7,7,2.0,16136,0.0013446666666666668
3557,The Kite Runner,128.0,20000000,PG-13,78,61,17,17,35.0,74180745,3.70903725
3558,Youth Without Youth,124.0,21000000,R,67,43,24,24,6.0,2061804,0.09818114285714286
3559,Flakes,84.0,18000000,Not Rated,68,35,33,33,1.0,778,4.3222222222222226e-05
3561,National Treasure: Book of Secrets,124.0,72250000,PG,59,48,11,11,3832.0,457325804,6.32976891349481
3562,P.S. I Love You,126.0,30000000,PG-13,69,39,30,30,2454.0,155769678,5.1923226
3563,Steep,92.0,1000000,PG,80,58,22,22,,259840,0.25984
3564,Sweeney Todd: The Demon Barber of Fleet Street,116.0,27000000,R,77,83,-6,6,1249.0,153329844,5.678883111111111
3565,Walk Hard: The Dewey Cox Story,96.0,35000000,R,68,63,5,5,2650.0,20606053,0.5887443714285714
3567,Persepolis,96.0,7300000,PG-13,85,90,-5,5,7.0,25397187,3.479066712328767
3568,The Bucket List,97.0,45000000,PG-13,74,42,32,32,16.0,174807445,3.884609888888889
3569,The Great Debaters,126.0,15000000,PG-13,75,65,10,10,1171.0,30261293,2.0174195333333333
3571,There Will Be Blood,158.0,25000000,R,81,93,-12,12,2.0,77208711,3.08834844
3572,Honeydripper,124.0,12000000,PG-13,62,68,-6,6,4.0,267880,0.022323333333333334
3574,The Killing of John Lennon,114.0,12000000,Not Rated,64,49,15,15,1.0,6975,0.00058125
3575,One Missed Call,87.0,20000000,PG-13,48,24,24,24,2240.0,44513466,2.2256733
3576,The Business of Being Born,87.0,1000000,Not Rated,68,68,0,0,1.0,69348,0.069348
3578,First Sunday,96.0,18000000,PG-13,58,41,17,17,2213.0,38810598,2.156144333333333
3579,In the Name of the King: A Dungeon Siege Tale,127.0,60000000,PG-13,77,15,62,62,1632.0,13233220,0.22055366666666668
3580,The Pirates Who Don't Do Anything: A VeggieTales Movie,85.0,15000000,G,71,49,22,22,1337.0,13248444,0.8832296
3581,27 Dresses,111.0,30000000,PG-13,58,47,11,11,3057.0,160247805,5.3415935
3582,Cassandra's Dream,108.0,12000000,PG-13,78,49,29,29,107.0,22478138,1.8731781666666667
3583,Cloverfield,85.0,25000000,PG-13,64,64,0,0,3411.0,171302226,6.85208904
3584,Mad Money,104.0,22000000,PG-13,64,41,23,23,2470.0,25044057,1.1383662272727273
3587,Taxi to the Dark Side,106.0,1000000,R,72,82,-10,10,2.0,304472,0.304472
3588,Teeth,94.0,2000000,R,56,57,-1,1,4.0,2350641,1.1753205
3590,U2 3D,85.0,15000000,G,80,83,-3,3,61.0,26170402,1.7446934666666667
3592,How She Move,94.0,17000000,PG-13,53,63,-10,10,1531.0,8607815,0.5063420588235295
3593,Meet the Spartans,,30000000,PG-13,28,9,19,19,2605.0,84646831,2.8215610333333334
3594,Rambo,92.0,47500000,R,78,46,32,32,2751.0,113244290,2.3840903157894737
3595,The Air I Breathe,95.0,12000000,R,84,37,47,47,7.0,25775,0.0021479166666666665
3596,Untraceable,101.0,35000000,R,59,32,27,27,2368.0,52649951,1.5042843142857143
3599,Over Her Dead Body,95.0,10000000,PG-13,51,30,21,21,1977.0,21596074,2.1596074
3601,Strange Wilderness,87.0,20000000,R,51,12,39,39,1208.0,6947084,0.3473542
3602,The Eye,98.0,12000000,PG-13,32,36,-4,4,2436.0,57577765,4.798147083333333
3605,In Bruges,107.0,15000000,R,86,67,19,19,28.0,34533783,2.3022522
3612,"Definitely, Maybe",112.0,7000000,PG-13,72,59,13,13,2204.0,55617866,7.945409428571429
3613,Jumper,88.0,82500000,PG-13,75,35,40,40,3428.0,222640812,2.6986765090909093
3615,The Spiderwick Chronicles,96.0,92500000,PG,66,62,4,4,3847.0,162839667,1.7604288324324324
3616,Diary of the Dead,95.0,2750000,R,53,66,-13,13,42.0,5394447,1.9616170909090909
3618,Be Kind Rewind,102.0,20000000,PG-13,67,52,15,15,808.0,30894247,1.54471235
3619,Charlie Bartlett,97.0,12000000,R,70,54,16,16,1122.0,5295909,0.44132575
3622,The Signal,103.0,4000000,R,62,63,-1,1,160.0,406299,0.10157475
3623,Vantage Point,90.0,40000000,PG-13,68,40,28,28,3149.0,150886329,3.772158225
3624,Chop Shop,84.0,12000000,Unrated,77,83,-6,6,1.0,123731,0.010310916666666666
3625,Bonneville,93.0,12000000,PG,57,46,11,11,101.0,488393,0.04069941666666667
3626,Chicago 10,110.0,1000000,R,57,69,-12,12,14.0,176545,0.176545
3628,Penelope,104.0,12000000,PG,86,48,38,38,1196.0,21375166,1.7812638333333333
3629,Semi-Pro,91.0,55000000,R,58,47,11,11,3121.0,43980363,0.7996429636363637
3630,The Other Boleyn Girl,115.0,40000000,PG-13,63,50,13,13,1166.0,78269970,1.95674925
3631,The Unforeseen,88.0,1000000,Not Rated,80,76,4,4,1.0,90287,0.090287
3632,Blindsight,104.0,1000000,PG,75,72,3,3,1.0,89169,0.089169
3635,College Road Trip,83.0,72250000,G,65,36,29,29,2706.0,50873923,0.7041373425605536
3638,Married Life,91.0,12000000,PG-13,75,65,10,10,9.0,2975188,0.24793233333333334
3639,Miss Pettigrew Lives for a Day,92.0,18000000,PG-13,74,63,11,11,535.0,15172953,0.8429418333333333
3640,Paranoid Park,85.0,12000000,R,66,83,-17,17,2.0,486021,0.04050175
3641,Snow Angels,107.0,1500000,R,76,67,9,9,2.0,414404,0.2762693333333333
3642,The Bank Job,111.0,20000000,R,76,69,7,7,1603.0,66143005,3.30715025
3645,Doomsday,105.0,33000000,R,52,51,1,1,1936.0,21621188,0.6551875151515152
3649,Never Back Down,110.0,21000000,PG-13,71,39,32,32,2729.0,39319801,1.8723714761904762
3650,Sleepwalking,101.0,12000000,R,84,40,44,44,30.0,168972,0.014081
3652,Boarding Gate,106.0,21000000,R,66,47,19,19,1.0,50440,0.0024019047619047618
3653,Drillbit Taylor,110.0,40000000,PG-13,63,41,22,22,3056.0,49686263,1.242156575
3654,Irina Palm,103.0,12000000,R,83,55,28,28,1.0,3437024,0.28641866666666665
3656,Meet the Browns,100.0,20000000,PG-13,61,45,16,16,2006.0,41975388,2.0987694
3657,Planet B-Boy,95.0,1000000,Unrated,86,63,23,23,2.0,272791,0.272791
3658,Shelter,97.0,21000000,R,83,66,17,17,1.0,142666,0.0067936190476190475
3659,Shutter,85.0,8000000,PG-13,85,37,48,48,2753.0,47782426,5.97280325
3660,The Grand,104.0,3000000,R,68,57,11,11,2.0,115879,0.03862633333333333
3661,The Hammer,88.0,12000000,R,84,57,27,27,20.0,442638,0.0368865
3662,Alexandra,95.0,12000000,Not Rated,73,85,-12,12,1.0,128222,0.010685166666666667
3664,21,123.0,35000000,PG-13,64,48,16,16,2648.0,159846429,4.567040828571429
3666,Chapter 27,84.0,12000000,R,61,32,29,29,1.0,56215,0.004684583333333333
3667,Flawless,108.0,12000000,PG-13,71,57,14,14,35.0,5000234,0.4166861666666667
3670,"Run, Fatboy, Run",100.0,10000000,PG-13,66,48,18,18,1133.0,33512260,3.351226
3671,Stop-Loss,112.0,25000000,R,67,61,6,6,1291.0,11229035,0.4491614
3672,Superhero Movie,75.0,35000000,Unrated,56,33,23,23,2960.0,73026302,2.0864657714285713
3675,Leatherheads,114.0,58000000,PG-13,56,56,0,0,2769.0,41348628,0.7129073793103449
3677,Meet Bill,93.0,18000000,R,64,30,34,34,36.0,357464,0.019859111111111112
3678,My Blueberry Nights,95.0,10000000,PG-13,67,51,16,16,6.0,22198996,2.2198996
3679,Nim's Island,96.0,37000000,PG,84,55,29,29,3513.0,101857425,2.7529033783783783
3680,Sex and Death 101,100.0,18000000,R,47,24,23,23,5.0,23563,0.0013090555555555555
3681,Shine a Light,122.0,1000000,PG-13,74,76,-2,2,276.0,16173879,16.173879
3682,The Ruins,90.0,25000000,R,72,44,28,28,2812.0,22910563,0.91642252
3685,Body of War,,1000000,Unrated,85,60,25,25,1.0,71716,0.071716
3687,Bra Boys,90.0,1000000,R,58,55,3,3,23.0,113730,0.11373
3688,Chaos Theory,87.0,18000000,PG-13,73,44,29,29,,240476,0.013359777777777778
3689,Dark Matter,88.0,12000000,R,56,49,7,7,2.0,30591,0.00254925
3690,Prom Night,88.0,18000000,Unrated,42,17,25,25,2700.0,57193655,3.1774252777777776
3691,Smart People,95.0,20750000,R,75,57,18,18,1106.0,11655619,0.5617165783132531
3692,Street Kings,109.0,20000000,R,71,55,16,16,2467.0,65457811,3.27289055
3694,The Visitor,104.0,4000000,PG-13,80,79,1,1,4.0,19174817,4.79370425
3695,88 Minutes,108.0,30000000,R,49,17,32,32,2168.0,32955399,1.0985133
3696,Anamorph,107.0,21000000,R,78,43,35,35,1.0,6873,0.0003272857142857143
3697,Expelled: No Intelligence Allowed,90.0,1000000,PG,35,20,15,15,1052.0,7720487,7.720487
3698,Forgetting Sarah Marshall,111.0,30000000,R,75,67,8,8,2798.0,105475310,3.5158436666666666
3699,Pathology,95.0,8000000,R,65,55,10,10,46.0,3270974,0.40887175
3701,The Forbidden Kingdom,104.0,55000000,PG-13,71,57,14,14,3151.0,129075270,2.346823090909091
3705,Baby Mama,99.0,30000000,PG-13,78,55,23,23,2543.0,64170447,2.1390149
3706,Deal,86.0,12000000,PG-13,58,35,23,23,50.0,61626,0.0051355
3707,Deception,107.0,25000000,R,84,31,53,53,2001.0,12850033,0.51400132
3708,Harold & Kumar Escape from Guantanamo Bay,114.0,12000000,R,82,57,25,25,2510.0,43353117,3.61275975
3710,Standard Operating Procedure,116.0,5000000,R,76,70,6,6,2.0,332120,0.066424
3711,Then She Found Me,100.0,20750000,R,48,56,-8,8,9.0,7162920,0.3452009638554217
3712,Up the Yangtze,93.0,1000000,Not Rated,77,84,-7,7,1.0,783969,0.783969
3714,Fugitive Pieces,,12000000,R,82,60,22,22,30.0,634379,0.052864916666666664
3715,Iron Man,126.0,186000000,PG-13,85,79,6,6,4105.0,585171547,3.1460835860215055
3716,Made of Honor,101.0,40000000,R,51,37,14,14,2729.0,106548738,2.66371845
3717,Mister Lonely,112.0,18000000,Not Rated,66,53,13,13,1.0,165831,0.009212833333333333
3718,Redbelt,99.0,7000000,R,66,69,-3,3,6.0,2667084,0.381012
3722,XXY,86.0,12000000,Unrated,78,67,11,11,1.0,46011,0.00383425
3723,Battle for Haditha,97.0,1000000,R,66,65,1,1,1.0,8443,0.008443
3725,Before the Rains,98.0,12000000,PG-13,60,47,13,13,8.0,1057128,0.088094
3726,Noise,92.0,10500000,Not Rated,63,55,8,8,2.0,16513,0.0015726666666666667
3728,Speed Racer,135.0,120000000,PG,79,37,42,42,3606.0,93394462,0.7782871833333334
3730,The Babysitters,88.0,12000000,R,57,35,22,22,22.0,44852,0.0037376666666666665
3731,The Fall,117.0,12000000,R,84,64,20,20,9.0,2580348,0.215029
3733,Turn the River,92.0,12000000,R,56,55,1,1,1.0,2900,0.00024166666666666667
3736,Reprise,105.0,12000000,R,70,79,-9,9,3.0,1162184,0.09684866666666667
3738,The Chronicles of Narnia: Prince Caspian,150.0,225000000,PG,66,62,4,4,3929.0,417341288,1.854850168888889
3739,A Jihad for Love,81.0,1000000,Unrated,53,55,-2,2,1.0,105651,0.105651
3741,Indiana Jones and the Kingdom of the Crystal Skull,122.0,185000000,PG-13,54,65,-11,11,4260.0,786635413,4.252083313513514
3743,The Children of Huang Shi,125.0,20000000,R,65,49,16,16,7.0,8221700,0.411085
3744,"War, Inc.",107.0,10000000,R,78,37,41,41,2.0,1299855,0.1299855
3746,Savage Grace,97.0,4600000,Not Rated,58,51,7,7,2.0,968805,0.21060978260869564
3747,Sex and the City,145.0,57500000,R,62,53,9,9,3285.0,415247258,7.221691443478261
3748,Stuck,85.0,20750000,R,57,61,-4,4,2.0,67505,0.003253253012048193
3749,The Foot Fist Way,85.0,79000,R,71,63,8,8,4.0,234286,2.965645569620253
3750,The Strangers,86.0,9000000,R,80,47,33,33,2467.0,83051676,9.227964
3753,Kung Fu Panda,92.0,130000000,PG,83,74,9,9,4114.0,631910531,4.860850238461539
3756,The Go-Getter,93.0,12000000,R,76,69,7,7,5.0,12094,0.0010078333333333332
3757,The Promotion,86.0,18000000,R,72,51,21,21,6.0,406252,0.022569555555555555
3759,Encounters at the End of the World,99.0,1000000,G,77,80,-3,3,1.0,1252613,1.252613
3762,My Winnipeg,80.0,1000000,Not Rated,71,84,-13,13,2.0,156629,0.156629
3763,Quid Pro Quo,82.0,12000000,R,63,55,8,8,4.0,11864,0.0009886666666666668
3764,The Happening,91.0,60000000,R,56,34,22,22,2986.0,162778384,2.7129730666666667
3765,The Incredible Hulk,112.0,137500000,PG-13,71,61,10,10,3505.0,265573859,1.9314462472727274
3766,Brick Lane,102.0,2500000,PG-13,59,61,-2,2,7.0,3838486,1.5353944
3768,Get Smart,110.0,80000000,PG-13,70,54,16,16,3911.0,226739416,2.8342427
3769,Kit Kittredge: An American Girl,101.0,10000000,G,80,63,17,17,5.0,17657973,1.7657973
3771,The Love Guru,87.0,62000000,PG-13,40,24,16,16,3012.0,40159017,0.6477260806451612
3775,Red Roses and Petrol,97.0,12000000,R,66,33,33,33,7.0,6000,0.0005
3777,Trumbo,,15000000,PG-13,63,71,-8,8,3.0,108280,0.007218666666666667
3778,WALL-E,98.0,180000000,G,89,95,-6,6,3992.0,532508025,2.9583779166666666
3779,Wanted,110.0,75000000,R,47,64,-17,17,3175.0,342416460,4.5655528
3780,Finding Amanda,96.0,18000000,R,66,51,15,15,13.0,57297,0.0031831666666666666
3781,Hancock,92.0,150000000,R,64,49,15,15,3965.0,624234272,4.161561813333333
3783,The Wackness,99.0,6000000,R,73,61,12,12,6.0,3330012,0.555002
3785,Gonzo: The Life and Work of Dr. Hunter S. Thompson,120.0,1000000,R,77,73,4,4,25.0,1492100,1.4921
3786,Kabluey,86.0,18000000,PG-13,68,62,6,6,,83506,0.0046392222222222225
3789,August,88.0,3400000,R,65,39,26,26,1.0,12636,0.003716470588235294
3791,Death Defying Acts,97.0,12000000,PG,59,48,11,11,2.0,3561,0.00029675
3792,Garden Party,88.0,12000000,Not Rated,43,31,12,12,7.0,21886,0.0018238333333333333
3794,Hellboy II: The Golden Army,120.0,82500000,PG-13,75,78,-3,3,3204.0,160388063,1.9440977333333334
3795,Journey to the Center of the Earth,93.0,45000000,PG,53,57,-4,4,2811.0,243180937,5.404020822222222
3796,Meet Dave,90.0,60000000,PG,53,43,10,10,3011.0,50648806,0.8441467666666667
3797,Roman Polanski: Wanted and Desired,99.0,1000000,Unrated,76,78,-2,2,1.0,59192,0.059192
3803,Mamma Mia!,108.0,52000000,PG-13,69,51,18,18,2976.0,602891655,11.594070288461538
3804,Space Chimps,81.0,37000000,G,44,36,8,8,2511.0,67029956,1.8116204324324323
3805,Take,98.0,12000000,R,66,22,44,44,1.0,6627,0.00055225
3806,The Dark Knight,152.0,185000000,PG-13,90,84,6,6,4366.0,998615789,5.397923183783784
3807,Transsiberian,111.0,15000000,R,67,72,-5,5,2.0,6379575,0.425305
3808,Boy A,106.0,12000000,R,81,75,6,6,2.0,1760943,0.14674525
3809,American Teen,95.0,5000000,PG-13,73,66,7,7,5.0,989319,0.1978638
3810,Baghead,84.0,200000,R,59,62,-3,3,2.0,140016,0.70008
3811,Brideshead Revisited,133.0,12000000,PG-13,57,64,-7,7,33.0,13432256,1.1193546666666667
3814,Man on Wire,94.0,1900000,PG-13,82,89,-7,7,2.0,5617067,2.956351052631579
3815,Step Brothers,98.0,65000000,R,79,51,28,28,3094.0,128107642,1.9708868
3818,America the Beautiful,105.0,1000000,R,50,40,10,10,1.0,76173,0.076173
3819,Frozen River,97.0,1000000,R,79,82,-3,3,7.0,6030129,6.030129
3820,In Search of a Midnight Kiss,90.0,12000000,Not Rated,69,64,5,5,2.0,1329014,0.11075116666666666
3821,Sixty Six,93.0,18000000,PG-13,70,57,13,13,2.0,224614,0.012478555555555555
3822,Swing Vote,120.0,21000000,PG-13,62,47,15,15,2213.0,17589867,0.8376127142857143
3823,The Mummy: Tomb of the Dragon Emperor,112.0,175000000,PG-13,38,31,7,7,3760.0,405760225,2.318629857142857
3824,Bottle Shock,110.0,5000000,PG-13,58,56,2,2,48.0,4815890,0.963178
3825,Patti Smith: Dream of Life,109.0,1000000,Not Rated,70,66,4,4,1.0,138494,0.138494
3826,Pineapple Express,111.0,26000000,R,72,64,8,8,3072.0,102404019,3.9386161153846153
3827,The Sisterhood of the Traveling Pants 2,117.0,27000000,PG-13,69,63,6,6,2707.0,44270131,1.6396344814814816
3828,Beautiful Losers,90.0,1000000,Not Rated,74,59,15,15,1.0,56386,0.056386
3829,Elegy,112.0,12000000,R,68,66,2,2,6.0,11459039,0.9549199166666666
3830,Hell Ride,84.0,60000000,R,82,25,57,57,82.0,213608,0.003560133333333333
3831,Last Stop for Paul,83.0,18000000,PG-13,66,52,14,14,2.0,11340,0.00063
3832,Red,93.0,60000000,R,69,61,8,8,2.0,4643,7.738333333333334e-05
3833,What We Do Is Secret,92.0,12000000,R,69,54,15,15,1.0,58776,0.004898
3834,Tropic Thunder,107.0,90000000,R,74,71,3,3,3319.0,191145256,2.1238361777777777
3837,Henry Poole Is Here,99.0,18000000,PG,70,44,26,26,527.0,1852777,0.10293205555555555
3839,Mirrors,110.0,35000000,R,75,35,40,40,2664.0,77220596,2.206302742857143
3840,Star Wars: The Clone Wars,98.0,8500000,PG,57,35,22,22,3452.0,68695443,8.081816823529412
3842,Vicky Cristina Barcelona,96.0,16000000,PG-13,70,70,0,0,692.0,104504817,6.5315510625
3843,The Rocker,102.0,15000000,PG-13,65,53,12,12,2784.0,8767338,0.5844892
3844,Death Race,,65000000,R,68,43,25,25,2532.0,72516819,1.1156433692307692
3845,Hamlet 2,92.0,9000000,R,63,54,9,9,103.0,4934104,0.5482337777777778
3846,I.O.U.S.A.,85.0,1000000,PG,65,70,-5,5,18.0,821046,0.821046
3847,Momma's Man,94.0,18000000,Not Rated,50,84,-34,34,,98672,0.005481777777777778
3848,The House Bunny,97.0,25000000,PG-13,58,55,3,3,2714.0,71390601,2.85562404
3849,The Longshots,94.0,23000000,PG,60,52,8,8,2089.0,11778396,0.5121041739130435
3850,Trouble the Water,93.0,1000000,Unrated,79,83,-4,4,3.0,522751,0.522751
3851,Traitor,114.0,22000000,PG-13,85,61,24,24,2054.0,27882226,1.267373909090909
3852,Babylon A.D.,90.0,45000000,PG-13,57,26,31,31,3390.0,70216497,1.5603666
3853,College,94.0,6000000,R,35,15,20,20,2123.0,6176114,1.0293523333333332
3854,Disaster Movie,87.0,20000000,Unrated,14,15,-1,1,2642.0,36720752,1.8360376
3856,Sukiyaki Western Django,121.0,60000000,R,67,55,12,12,1.0,50659,0.0008443166666666667
3857,Year of the Fish,96.0,72250000,Not Rated,73,53,20,20,,0,0.0
3861,Bangkok Dangerous,99.0,45000000,R,52,24,28,28,2650.0,46598133,1.0355140666666667
3863,Mister Foe,95.0,12000000,R,58,62,-4,4,2.0,60641,0.005053416666666667
3864,Ping Pong Playa,,12000000,PG-13,71,55,16,16,9.0,77907,0.00649225
3865,Save Me,96.0,12000000,Not Rated,52,56,-4,4,1.0,83397,0.00694975
3866,Burn After Reading,96.0,37000000,R,66,63,3,3,2651.0,168167798,4.5450756216216215
3869,Righteous Kill,101.0,60000000,R,49,36,13,13,3152.0,78481410,1.3080235
3870,The Family That Preys,111.0,18000000,PG-13,86,49,37,37,2070.0,37105289,2.0614049444444444
3871,The Women,114.0,16000000,PG-13,47,27,20,20,2962.0,50103808,3.131488
3872,Towelhead,124.0,12000000,NC-17,65,57,8,8,4.0,400755,0.03339625
3875,Appaloosa,115.0,20000000,R,60,64,-4,4,14.0,27911453,1.39557265
3876,Battle in Seattle,98.0,12000000,R,74,54,20,20,8.0,873537,0.07279475
3878,Ghost Town,102.0,20000000,PG-13,69,72,-3,3,1505.0,29958228,1.4979114
3879,Hounddog,102.0,12000000,R,65,31,34,34,11.0,132016,0.011001333333333333
3880,Igor,87.0,22000000,PG,57,40,17,17,2339.0,31013349,1.409697681818182
3881,Lakeview Terrace,110.0,20000000,PG-13,49,47,2,2,2464.0,44821299,2.24106495
3882,My Best Friend's Girl,101.0,20000000,R,70,34,36,36,2604.0,34787111,1.73935555
3883,The Duchess,110.0,27000000,PG-13,74,62,12,12,7.0,45160110,1.6725966666666667
3885,Choke,92.0,3400000,R,85,47,38,38,463.0,4124277,1.2130226470588235
3886,Eagle Eye,118.0,80000000,PG-13,67,43,24,24,3510.0,180585259,2.2573157375
3887,Forever Strong,112.0,12000000,PG-13,77,37,40,40,,719556,0.059963
3888,Humboldt County,97.0,18000000,R,81,54,27,27,9.0,82357,0.004575388888888889
3889,Miracle at St. Anna,160.0,45000000,R,54,37,17,17,1185.0,9676497,0.21503326666666667
3890,Nights in Rodanthe,97.0,12000000,PG-13,46,39,7,7,2704.0,79350659,6.612554916666666
3893,The Lucky Ones,115.0,14000000,R,72,53,19,19,425.0,266967,0.01906907142857143
3894,Ballast,96.0,12000000,Not Rated,78,84,-6,6,1.0,84980,0.007081666666666667
3896,An American Carol,83.0,20000000,PG-13,55,20,35,35,1639.0,7022183,0.35110915
3897,Beverly Hills Chihuahua,91.0,20000000,PG,41,41,0,0,3215.0,154218168,7.7109084
3898,Blindness,121.0,25000000,R,59,45,14,14,1690.0,20052958,0.80211832
3899,Flash of Genius,119.0,20000000,PG-13,74,57,17,17,1098.0,4504111,0.22520555
3900,How to Lose Friends & Alienate People,110.0,28000000,R,67,35,32,32,1750.0,12031443,0.42969439285714284
3901,Nick and Norah's Infinite Playlist,90.0,10000000,PG-13,62,64,-2,2,2421.0,33886017,3.3886017
3902,Rachel Getting Married,113.0,12000000,R,57,82,-25,25,9.0,17475475,1.4562895833333334
3903,Religulous,101.0,2500000,R,76,56,20,20,502.0,13881317,5.5525268
3904,RocknRolla,114.0,18000000,R,83,53,30,30,7.0,27794339,1.5441299444444443
3905,Body of Lies,128.0,67500000,R,71,57,14,14,2710.0,118556530,1.756393037037037
3906,Breakfast with Scot,95.0,12000000,PG-13,68,51,17,17,5.0,46060,0.0038383333333333334
3907,City of Ember,90.0,38000000,PG,64,58,6,6,2022.0,17831558,0.4692515263157895
3909,Good Dick,86.0,200000,R,57,54,3,3,1.0,52443,0.262215
3910,Happy-Go-Lucky,118.0,18000000,R,80,84,-4,4,4.0,21234179,1.179676611111111
3911,Quarantine,89.0,12000000,R,59,53,6,6,2461.0,41924774,3.4937311666666666
3912,The Express,130.0,37500000,PG,82,58,24,24,2808.0,9813309,0.26168824
3914,Filth and Wisdom,,18000000,Unrated,60,26,34,34,1.0,22406,0.0012447777777777778
3915,Max Payne,100.0,35000000,R,52,31,21,21,3376.0,87775050,2.5078585714285713
3917,Sex Drive,109.0,19000000,R,74,49,25,25,2421.0,10412485,0.5480255263157895
3918,The Secret Life of Bees,,11000000,PG-13,76,57,19,19,1591.0,39994347,3.6358497272727273
3919,W.,129.0,25100000,PG-13,51,56,-5,5,2030.0,28575778,1.1384772111553785
3922,Changeling,141.0,55000000,R,78,63,15,15,15.0,113805580,2.0691923636363634
3923,High School Musical 3: Senior Year,112.0,11000000,G,51,57,-6,6,3623.0,274392880,24.94480727272727
3925,Johnny Got His Gun,75.0,12000000,Not Rated,67,41,26,26,,0,0.0
3927,Passengers,93.0,110000000,PG-13,63,40,23,23,125.0,292437,0.002658518181818182
3928,Pride and Glory,130.0,30000000,R,63,45,18,18,2585.0,32262866,1.0754288666666667
3929,Saw V,92.0,10800000,R,57,20,37,37,3060.0,118209778,10.945349814814815
3930,"Synecdoche, New York",124.0,20000000,R,80,67,13,13,9.0,4383538,0.2191769
3933,Eden Lake,91.0,2000000,R,64,65,-1,1,10.0,4294373,2.1471865
3935,Splinter,82.0,10000000,R,68,58,10,10,4.0,14154,0.0014154
3936,The Haunting of Molly Hartley,82.0,5000000,PG-13,46,28,18,18,2652.0,15318257,3.0636514
3938,Zack and Miri Make a Porno,101.0,24000000,NC-17,65,56,9,9,2735.0,36856306,1.5356794166666667
3939,JCVD,97.0,18000000,R,81,64,17,17,2.0,2309944,0.12833022222222223
3940,Madagascar: Escape 2 Africa,89.0,150000000,PG,69,61,8,8,4056.0,599680774,3.9978718266666666
3941,Pray the Devil Back to Hell,72.0,1000000,Unrated,71,78,-7,7,1.0,90066,0.090066
3942,Repo! The Genetic Opera,98.0,8500000,R,79,32,47,47,8.0,198883,0.023398
3943,Role Models,99.0,28000000,R,81,61,20,20,2792.0,94500826,3.3750295
3944,Soul Men,100.0,40000000,R,63,49,14,14,2044.0,12345883,0.308647075
3946,Slumdog Millionaire,120.0,14000000,R,78,84,-6,6,10.0,383825427,27.41610192857143
3948,Australia,165.0,130000000,PG-13,68,53,15,15,2642.0,215080810,1.6544677692307692
3949,Eden,83.0,12000000,Not Rated,42,63,-21,21,1.0,16967,0.0014139166666666666
3952,Quantum of Solace,106.0,230000000,PG-13,63,58,5,5,3451.0,591692078,2.572574252173913
3955,Harvard Beats Yale 29-29,105.0,1000000,PG,73,79,-6,6,3.0,268431,0.268431
3956,Bolt,96.0,150000000,PG,82,67,15,15,3651.0,328015029,2.18676686
3957,Lake City,93.0,12000000,R,52,29,23,23,1.0,12686,0.0010571666666666668
3958,Special,81.0,1000000,R,87,57,30,30,1.0,26822,0.026822
3960,Twilight,122.0,37000000,PG-13,49,56,-7,7,3419.0,402280159,10.87243672972973
3961,Four Christmases,88.0,80000000,PG-13,78,41,37,37,3310.0,168311558,2.103894475
3962,Milk,128.0,20000000,R,76,83,-7,7,36.0,57293371,2.86466855
3963,Transporter 3,104.0,40000000,PG-13,58,51,7,7,2626.0,112930957,2.823273925
3964,Cadillac Records,109.0,12000000,R,72,65,7,7,687.0,8942516,0.7452096666666667
3965,Frost/Nixon,122.0,29000000,R,78,80,-2,2,3.0,28452945,0.9811360344827587
3966,Hunger,96.0,12000000,Not Rated,77,82,-5,5,1.0,192872,0.016072666666666666
3967,Nobel Son,110.0,21000000,R,73,28,45,45,893.0,544772,0.02594152380952381
3968,Punisher: War Zone,103.0,35000000,R,60,30,30,30,2508.0,10157534,0.2902152571428571
3969,The Black Balloon,97.0,12000000,PG-13,70,68,2,2,,10342,0.0008618333333333334
3970,The Reader,124.0,32500000,R,73,58,15,15,8.0,112964875,3.4758423076923077
3971,Wendy and Lucy,80.0,300000,R,63,80,-17,17,2.0,1416046,4.720153333333333
3974,Dark Streets,83.0,12000000,R,60,38,22,22,18.0,10958,0.0009131666666666666
3975,Delgo,94.0,40000000,PG,37,27,10,10,2160.0,915840,0.022896
3976,Doubt,104.0,20000000,PG-13,79,68,11,11,15.0,53191101,2.65955505
3977,Gran Torino,116.0,25000000,R,79,72,7,7,6.0,274543085,10.9817234
3978,Nothing Like the Holidays,98.0,18000000,PG-13,80,50,30,30,1671.0,7519490,0.41774944444444445
3979,The Day the Earth Stood Still,104.0,80000000,PG-13,47,40,7,7,3560.0,237370350,2.967129375
3981,What Doesn't Kill You,100.0,12000000,R,55,71,-16,16,,45370,0.0037808333333333335
3982,Nothing But the Truth,108.0,12000000,R,69,64,5,5,2.0,226630,0.018885833333333334
3984,The Wrestler,109.0,6000000,R,82,80,2,2,4.0,46634275,7.772379166666667
3986,Seven Pounds,123.0,54000000,PG-13,58,36,22,22,2758.0,166617328,3.085506074074074
3988,The Tale of Despereaux,93.0,60000000,G,64,53,11,11,3104.0,90482317,1.5080386166666666
3989,Yes Man,104.0,50000000,PG-13,76,46,30,30,3434.0,225990976,4.51981952
3992,Bedtime Stories,99.0,80000000,PG,52,33,19,19,3681.0,221468935,2.7683616875
3993,Last Chance Harvey,93.0,12000000,PG-13,63,57,6,6,6.0,34487202,2.8739335
3994,Marley & Me,115.0,60000000,PG,68,53,15,15,3480.0,247812011,4.130200183333334
3995,The Curious Case of Benjamin Button,166.0,160000000,PG-13,74,70,4,4,2988.0,329631958,2.0601997375
3996,The Spirit,103.0,60000000,PG-13,75,30,45,45,2509.0,39006188,0.6501031333333334
3997,Valkyrie,115.0,90000000,PG-13,64,56,8,8,2711.0,203932174,2.2659130444444444
3998,Waltz with Bashir,90.0,2000000,R,79,91,-12,12,5.0,13912289,6.9561445
3999,Revolutionary Road,119.0,45000000,R,74,69,5,5,3.0,79604820,1.768996
4001,Good,96.0,16000000,Not Rated,49,40,9,9,2.0,31631,0.0019769375
4003,Bride Wars,89.0,30000000,PG,42,24,18,18,3226.0,115150424,3.838347466666667
4005,Not Easily Broken,99.0,5000000,PG-13,61,43,18,18,724.0,10732909,2.1465818
4006,The Unborn,88.0,16000000,PG-13,52,30,22,22,2357.0,78208812,4.88805075
4007,Chandni Chowk to China,154.0,27000000,PG-13,51,44,7,7,130.0,921738,0.034138444444444443
4009,Hotel for Dogs,100.0,35000000,PG,55,51,4,4,3271.0,122357172,3.4959192
4010,My Bloody Valentine,101.0,14000000,R,69,51,18,18,2534.0,102836002,7.345428714285714
4011,Notorious,122.0,19000000,R,58,60,-2,2,1638.0,44972183,2.366957
4012,Paul Blart: Mall Cop,91.0,26000000,PG,51,39,12,12,3144.0,185904750,7.150182692307692
4013,Of Time and the City,74.0,1000000,Not Rated,60,81,-21,21,1.0,32677,0.032677
4014,Donkey Punch,99.0,750000,R,57,43,14,14,2.0,814801,1.0864013333333333
4015,Inkheart,106.0,60000000,PG,61,49,12,12,2655.0,66655938,1.1109323
4016,Outlander,115.0,50000000,R,75,40,35,35,81.0,1250617,0.02501234
4017,The Lodger,95.0,20000000,R,55,17,38,38,,0,0.0
4020,New in Town,97.0,8000000,PG,54,29,25,25,1941.0,29937909,3.742238625
4023,The Uninvited,87.0,10000000,PG-13,63,43,20,20,2344.0,42778961,4.2778961
4024,Confessions of a Shopaholic,104.0,20750000,PG,51,38,13,13,2507.0,108027701,5.206154265060241
4025,Coraline,100.0,60000000,PG,84,80,4,4,2299.0,126037057,2.100617616666667
4026,Fanboys,90.0,18000000,PG-13,77,45,32,32,44.0,1073694,0.05964966666666666
4027,He's Just Not That Into You,129.0,40000000,PG-13,60,47,13,13,3175.0,181053657,4.526341425
4028,Push,111.0,38000000,PG-13,70,36,34,34,2313.0,49678401,1.3073263421052632
4029,The International,118.0,50000000,R,63,52,11,11,2364.0,53850527,1.07701054
4030,The Pink Panther 2,92.0,72250000,PG,52,36,16,16,3243.0,70022978,0.9691761660899654
4031,Friday the 13th,97.0,17000000,R,63,34,29,29,3105.0,92670237,5.451190411764706
4033,Two Lovers,110.0,12000000,R,85,74,11,11,7.0,16349034,1.3624195
4034,Under the Sea 3D,40.0,1000000,G,62,77,-15,15,49.0,46890944,46.890944
4035,Katyn,121.0,12000000,Not Rated,71,81,-10,10,,11882290,0.9901908333333334
4039,Must Read After My Death,73.0,1000000,Not Rated,74,75,-1,1,,0,0.0
4041,An American Affair,93.0,12000000,R,80,31,49,49,2.0,28044,0.002337
4042,Crossing Over,113.0,12000000,R,57,38,19,19,9.0,4614344,0.3845286666666667
4043,Jonas Brothers: The 3D Concert Experience,76.0,10000000,G,32,45,-13,13,1271.0,30428831,3.0428831
4044,Street Fighter: The Legend of Chun-Li,96.0,50000000,PG-13,32,17,15,15,1136.0,12660287,0.25320574
4046,12,159.0,21000000,PG-13,74,72,2,2,5.0,4581361,0.21816004761904761
4049,Fados,90.0,12000000,Unrated,69,70,-1,1,1.0,129150,0.0107625
4050,Phoebe in Wonderland,96.0,12000000,PG-13,84,56,28,28,11.0,73361,0.006113416666666666
4052,Tokyo!,112.0,12000000,Unrated,67,63,4,4,1.0,1134059,0.09450491666666666
4053,Watchmen,162.0,138000000,R,81,56,25,25,3611.0,186976250,1.3549003623188405
4055,Miss March,89.0,6000000,R,43,7,36,36,1742.0,4713059,0.7855098333333334
4056,Race to Witch Mountain,98.0,50000000,PG,60,52,8,8,3187.0,105103784,2.10207568
4057,Sunshine Cleaning,91.0,5000000,R,63,61,2,2,4.0,17329337,3.4658674
4058,The Cake Eaters,86.0,20000000,R,53,60,-7,7,,35817,0.00179085
4059,The Edge of Love,110.0,12000000,Unrated,66,39,27,27,1.0,3238922,0.2699101666666667
4060,The Last House on the Left,110.0,15000000,R,62,42,20,20,2401.0,46526243,3.1017495333333334
4061,Tokyo Sonata,120.0,12000000,PG-13,87,80,7,7,2.0,281473,0.023456083333333332
4062,Valentino: The Last Emperor,96.0,1000000,PG-13,77,68,9,9,1.0,2204738,2.204738
4063,Duplicity,125.0,60000000,PG-13,51,69,-18,18,2574.0,81079566,1.3513261
4064,"I Love You, Man",105.0,40000000,R,78,70,8,8,2711.0,92302502,2.30756255
4065,Knowing,121.0,50000000,PG-13,61,41,20,20,3332.0,186450317,3.72900634
4066,Sin Nombre,,21000000,R,80,77,3,3,6.0,7036422,0.3350677142857143
4067,Skills Like This,88.0,18000000,Not Rated,80,44,36,36,1.0,62408,0.003467111111111111
4068,The Great Buck Howard,90.0,12000000,PG,72,63,9,9,55.0,900689,0.07505741666666667
4069,12 Rounds,108.0,20000000,PG-13,50,38,12,12,2331.0,17306648,0.8653324
4070,American Swing,81.0,1000000,Not Rated,83,59,24,24,1.0,30156,0.030156
4071,Goodbye Solo,91.0,12000000,R,75,89,-14,14,3.0,1165529,0.09712741666666666
4077,The Haunting in Connecticut,92.0,10000000,PG-13,61,33,28,28,2732.0,78758522,7.8758522
4078,Tulpan,100.0,18000000,Not Rated,63,88,-25,25,1.0,158741,0.008818944444444445
4079,Adventureland,107.0,9800000,R,73,76,-3,3,1862.0,17553055,1.7911280612244898
4080,Alien Trespass,90.0,18000000,PG,63,48,15,15,40.0,104526,0.005807
4081,Bart Got a Room,80.0,18000000,R,66,57,9,9,11.0,53760,0.0029866666666666665
4082,Fast & Furious,107.0,85000000,PG-13,65,46,19,19,3461.0,359347833,4.227621564705882
4084,Gigantic,98.0,18000000,R,52,38,14,14,1.0,102704,0.0057057777777777775
4086,Sugar,120.0,12000000,R,79,82,-3,3,11.0,1143922,0.09532683333333333
4087,The Escapist,102.0,21000000,Not Rated,64,56,8,8,1.0,463671,0.022079571428571428
4089,Lymelife,95.0,12000000,R,72,64,8,8,4.0,421307,0.03510891666666666
4090,Anvil! The Story of Anvil,80.0,1000000,Unrated,83,82,1,1,3.0,1085868,1.085868
4092,Hannah Montana: The Movie,102.0,30000000,G,57,47,10,10,3118.0,169173206,5.639106866666666
4093,Observe and Report,86.0,18000000,R,62,54,8,8,2727.0,27148898,1.508272111111111
4094,The Mysteries of Pittsburgh,95.0,12000000,R,53,38,15,15,20.0,80283,0.00669025
4095,17 Again,102.0,40000000,PG-13,59,48,11,11,3255.0,139474906,3.48687265
4096,American Violet,103.0,12000000,PG-13,83,56,27,27,61.0,554434,0.04620283333333333
4098,Every Little Step,,1000000,PG-13,76,76,0,0,8.0,2769763,2.769763
4099,Is Anybody There?,94.0,12000000,PG-13,78,54,24,24,6.0,3377778,0.2814815
4100,Lemon Tree,106.0,20000000,Not Rated,73,74,-1,1,2.0,7069672,0.3534836
4101,Sleep Dealer,90.0,2500000,PG-13,68,59,9,9,18.0,108907,0.0435628
4102,State of Play,127.0,60000000,PG-13,78,64,14,14,2803.0,88832210,1.4805368333333333
4103,Earth,90.0,47000000,G,64,72,-8,8,1804.0,116773317,2.484538659574468
4104,Treeless Mountain,89.0,20000000,Not Rated,76,75,1,1,1.0,60336,0.0030168
4105,Fighting,105.0,25000000,PG-13,86,61,25,25,2309.0,32831707,1.31326828
4106,Il Divo,110.0,12000000,Not Rated,72,81,-9,9,2.0,6420093,0.53500775
4107,Obsessed,108.0,20000000,PG-13,58,25,33,33,2541.0,73964713,3.69823565
4108,The Informers,98.0,18000000,R,58,20,38,38,482.0,315000,0.0175
4109,The Soloist,117.0,60000000,PG-13,69,61,8,8,2024.0,38522450,0.6420408333333333
4111,Tyson,90.0,1000000,R,80,83,-3,3,11.0,967296,0.967296
4112,Battle for Terra,85.0,72250000,PG,66,54,12,12,1161.0,6387498,0.088408276816609
4113,Ghosts of Girlfriends Past,100.0,20750000,PG-13,78,34,44,44,3175.0,102512802,4.940376
4114,Revanche,121.0,21000000,Not Rated,81,84,-3,3,3.0,308040,0.014668571428571428
4115,The Limits of Control,116.0,21000000,R,65,41,24,24,3.0,616577,0.029360809523809525
4116,The Merry Gentleman,,12000000,R,60,55,5,5,,347977,0.028998083333333334
4117,Three Monkeys,109.0,20000000,Unrated,76,73,3,3,1.0,41343,0.00206715
4118,X-Men Origins: Wolverine,107.0,150000000,PG-13,53,40,13,13,4099.0,374825760,2.4988384
4119,Star Trek,127.0,140000000,PG-13,79,82,-3,3,3849.0,386839614,2.7631401
4120,Adoration,100.0,4000000,R,56,64,-8,8,10.0,384244,0.096061
4121,Julia,144.0,6000000,R,82,62,20,20,3.0,1365108,0.227518
4122,Little Ashes,112.0,12000000,R,81,41,40,40,12.0,481586,0.04013216666666666
4123,Next Day Air,84.0,3000000,R,60,46,14,14,1138.0,10172519,3.390839666666667
4124,Outrage,90.0,1000000,R,82,64,18,18,5.0,287198,0.287198
4125,Rudo y Cursi,103.0,18000000,R,74,67,7,7,70.0,11987924,0.6659957777777777
4126,Angels & Demons,138.0,150000000,PG-13,63,48,15,15,3527.0,490875846,3.27250564
4129,Management,94.0,20750000,R,60,50,10,10,212.0,2434658,0.1173329156626506
4131,The Brothers Bloom,114.0,20000000,PG-13,84,55,29,29,4.0,5531756,0.2765878
4133,Terminator Salvation,115.0,200000000,PG-13,60,49,11,11,3530.0,365491792,1.82745896
4134,Dance Flick,83.0,25000000,PG-13,40,40,0,0,2450.0,32224624,1.28898496
4135,Easy Virtue,97.0,14000000,PG-13,71,58,13,13,10.0,20537741,1.4669815
4136,Night at the Museum: Battle of the Smithsonian,105.0,150000000,PG,57,42,15,15,4096.0,402231063,2.68154042
4137,O'Horten,90.0,18000000,PG-13,72,78,-6,6,8.0,1802232,0.100124
4138,The Boys: The Sherman Brothers' Story,101.0,1000000,PG,69,78,-9,9,5.0,55513,0.055513
4139,The Girlfriend Experience,77.0,1300000,R,59,66,-7,7,30.0,1005840,0.773723076923077
4140,Pressure Cooker,99.0,1000000,Unrated,80,72,8,8,1.0,44802,0.044802
4143,Pontypool,93.0,1500000,Not Rated,68,54,14,14,1.0,31916,0.021277333333333332
4144,Up,96.0,175000000,PG,87,88,-1,1,3766.0,731463377,4.179790725714286
4145,What Goes Up,,20000000,R,76,22,54,54,11.0,5290,0.0002645
4146,Unmistaken Child,102.0,20000000,Not Rated,56,66,-10,10,1.0,306140,0.015307
4147,24 City,112.0,20000000,Not Rated,76,75,1,1,1.0,42629,0.00213145
4148,Away We Go,98.0,21000000,R,68,58,10,10,4.0,10108016,0.4813340952380952
4149,Downloading Nancy,102.0,20000000,Not Rated,75,19,56,56,5.0,22282,0.0011141
4151,Land of the Lost,102.0,100000000,R,51,32,19,19,3521.0,69548641,0.69548641
4152,My Life in Ruins,95.0,17000000,PG-13,71,34,37,37,1164.0,20477425,1.2045544117647058
4154,Tennessee,,12000000,R,79,42,37,37,15.0,16100,0.0013416666666666666
4155,The Hangover,100.0,35000000,Unrated,78,73,5,5,3269.0,465487583,13.299645228571428
4156,Tetro,127.0,12000000,R,67,65,2,2,2.0,518522,0.04321016666666667
4157,"Food, Inc.",94.0,1000000,PG,82,80,2,2,3.0,4731944,4.731944
4158,Imagine That,107.0,55000000,PG,56,54,2,2,3008.0,22438144,0.40796625454545454
4159,Moon,97.0,5000000,R,83,67,16,16,8.0,10676073,2.1352146
4166,The Proposal,108.0,40000000,PG-13,68,48,20,20,3056.0,314709717,7.867742925
4167,Under Our Skin,104.0,1000000,Unrated,72,63,9,9,1.0,98548,0.098548
4168,Whatever Works,,15000000,PG-13,64,45,19,19,9.0,35106706,2.3404470666666666
4169,Year One,97.0,60000000,PG-13,48,34,14,14,3022.0,57604723,0.9600787166666667
4170,Transformers: Revenge of the Fallen,150.0,210000000,PG-13,54,35,19,19,4234.0,836519699,3.983427138095238
4171,Afghan Star,87.0,1000000,Unrated,76,78,-2,2,1.0,112922,0.112922
4175,Surveillance,97.0,3500000,R,55,31,24,24,2.0,1396395,0.39897
4176,The Hurt Locker,131.0,15000000,R,73,95,-22,22,4.0,49876984,3.3251322666666665
4177,The Stoning of Soraya M.,114.0,12000000,R,85,50,35,35,27.0,1313014,0.10941783333333334
4178,Ice Age: Dawn of the Dinosaurs,94.0,90000000,PG,69,50,19,19,4099.0,886686817,9.852075744444445
4179,Public Enemies,140.0,102500000,R,75,70,5,5,3334.0,212282709,2.071050819512195
4181,I Hate Valentine's Day,98.0,20750000,PG-13,44,17,27,27,3.0,11004,0.0005303132530120482
4183,Blood: The Last Vampire,91.0,60000000,R,62,28,34,34,20.0,5683954,0.09473256666666667
4185,Humpday,94.0,18000000,R,68,74,-6,6,2.0,862691,0.04792727777777778
4186,"I Love You, Beth Cooper",102.0,18000000,R,78,32,46,46,1858.0,16382538,0.910141
4189,"Yoo-Hoo, Mrs. Goldberg",92.0,1000000,Not Rated,65,69,-4,4,2.0,1134623,1.134623
4190,Harry Potter and the Half-Blood Prince,153.0,250000000,PG,73,78,-5,5,4325.0,929411069,3.717644276
4191,Somers Town,71.0,18000000,Not Rated,68,77,-9,9,1.0,54526,0.003029222222222222
4195,G-Force,88.0,150000000,PG,45,41,4,4,3697.0,292817841,1.95211894
4196,In the Loop,106.0,10500000,Not Rated,79,83,-4,4,8.0,7788804,0.7417908571428572
4197,Orphan,123.0,20000000,R,87,42,45,45,2750.0,78769428,3.9384714
4198,Shrink,104.0,12000000,R,61,40,21,21,2.0,189621,0.01580175
4199,The Answer Man,95.0,20750000,R,78,44,34,34,6.0,49175,0.002369879518072289
4200,The Ugly Truth,96.0,38000000,R,53,28,25,25,2882.0,205298907,5.402602815789474
4201,Adam,99.0,3200000,PG-13,80,56,24,24,4.0,2834485,0.8857765625
4203,Aliens in the Attic,86.0,45000000,PG,55,42,13,13,3106.0,59551283,1.3233618444444444
4205,Funny People,146.0,72500000,R,64,60,4,4,3007.0,71880305,0.9914524827586206
4208,The Collector,90.0,3000000,R,66,29,37,37,1325.0,10473836,3.4912786666666666
4209,The Cove,92.0,1000000,PG-13,82,84,-2,2,4.0,1516214,1.516214
4210,Thirst,133.0,10000000,R,75,73,2,2,,13158962,1.3158962
4211,A Perfect Getaway,98.0,14000000,R,62,63,-1,1,2159.0,22815460,1.6296757142857143
4212,Beeswax,100.0,18000000,Not Rated,66,69,-3,3,1.0,46590,0.0025883333333333335
4214,Cold Souls,101.0,12000000,PG-13,58,69,-11,11,7.0,1125209,0.09376741666666667
4215,G.I. Joe: The Rise of Cobra,118.0,175000000,PG-13,53,32,21,21,4007.0,302469017,1.7283943828571429
4216,I Sell the Dead,85.0,10000000,Not Rated,62,62,0,0,1.0,7066,0.0007066
4217,Julie & Julia,123.0,40000000,PG-13,73,66,7,7,2354.0,131516178,3.28790445
4218,Paper Heart,88.0,18000000,PG-13,54,54,0,0,38.0,1296971,0.07205394444444445
4219,Bandslam,111.0,20000000,PG,66,66,0,0,2121.0,12967829,0.64839145
4220,District 9,112.0,30000000,R,81,81,0,0,3049.0,212453431,7.081781033333333
4222,It Might Get Loud,98.0,1000000,PG,83,70,13,13,7.0,1610163,1.610163
4224,Spread,97.0,18000000,R,53,43,10,10,103.0,4484936,0.2491631111111111
4225,Taxidermia,91.0,18000000,Not Rated,75,83,-8,8,2.0,11408,0.0006337777777777778
4226,"The Goods: Live Hard, Sell Hard",89.0,10000000,R,57,39,18,18,1838.0,15297318,1.5297318
4230,Art & Copy,89.0,1000000,Not Rated,65,62,3,3,4.0,139418,0.139418
4232,Fifty Dead Men Walking,117.0,10000000,R,73,57,16,16,,997921,0.0997921
4233,Five Minutes of Heaven,89.0,12000000,R,78,62,16,16,1.0,15676,0.0013063333333333334
4234,Inglourious Basterds,153.0,70000000,R,78,69,9,9,3165.0,316915264,4.5273609142857145
4235,My One and Only,108.0,18000000,PG-13,83,62,21,21,4.0,3348954,0.186053
4237,Post Grad,88.0,15000000,PG-13,66,35,31,31,1959.0,6563402,0.4375601333333333
4238,Shorts,89.0,20000000,PG,45,53,-8,8,3105.0,29870801,1.49354005
4239,Still Walking,114.0,12000000,Not Rated,86,89,-3,3,2.0,390789,0.03256575
4241,The Marc Pease Experience,84.0,18000000,PG-13,46,30,16,16,10.0,394033,0.02189072222222222
4242,World's Greatest Dad,99.0,10000000,R,74,69,5,5,1.0,295750,0.029575
4244,Taking Woodstock,120.0,29000000,R,67,55,12,12,1393.0,10066366,0.3471160689655172
4246,Big Fan,88.0,18000000,R,69,70,-1,1,2.0,234540,0.01303
4250,The Final Destination,82.0,40000000,R,49,30,19,19,3121.0,187384627,4.684615675
4251,The September Issue,90.0,1000000,PG-13,68,69,-1,1,6.0,7081682,7.081682
4252,We Live in Public,,1000000,Unrated,70,69,1,1,1.0,54706,0.054706
4256,All About Steve,99.0,15000000,PG-13,42,17,25,25,2251.0,40127259,2.6751506
4257,Amreeka,96.0,20000000,PG-13,79,73,6,6,4.0,627436,0.0313718
4258,Black Dynamite,84.0,20000000,R,84,65,19,19,70.0,424053,0.02120265
4259,Extract,92.0,7500000,R,61,61,0,0,1611.0,10849158,1.4465544
4260,Gamer,95.0,50000000,R,48,27,21,21,2502.0,42002029,0.84004058
4261,9,79.0,30000000,PG-13,72,60,12,12,1661.0,48559999,1.6186666333333333
4262,Crude,105.0,1000000,Unrated,70,75,-5,5,1.0,186445,0.186445
4264,Beyond a Reasonable Doubt,106.0,21000000,PG-13,59,35,24,24,5.0,1461624,0.06960114285714286
4267,Not Forgotten,96.0,21000000,R,59,48,11,11,3.0,53723,0.002558238095238095
4268,Sorority Row,101.0,12500000,R,85,24,61,61,2665.0,26735797,2.13886376
4269,The Other Man,88.0,12000000,Not Rated,50,34,16,16,8.0,149530,0.012460833333333334
4271,Whiteout,101.0,35000000,R,58,28,30,30,2745.0,12254746,0.3501356
4273,Bright Star,119.0,8500000,PG,71,81,-10,10,19.0,17220091,2.0258930588235295
4275,Cloudy with a Chance of Meatballs,90.0,100000000,PG,76,66,10,10,3119.0,236827677,2.36827677
4276,Disgrace,119.0,12000000,R,65,71,-6,6,3.0,69705,0.00580875
4278,Jennifer's Body,102.0,16000000,R,72,47,25,25,2702.0,31943401,1.9964625625
4279,Love Happens,109.0,18000000,PG-13,57,33,24,24,1898.0,36133014,2.0073896666666666
4281,The Burning Plain,107.0,20000000,R,74,45,29,29,21.0,1167092,0.0583546
4282,The Informant!,108.0,22000000,R,53,66,-13,13,2505.0,41771168,1.8986894545454545
4283,Capitalism: A Love Story,127.0,20000000,R,67,61,6,6,4.0,19121531,0.95607655
4286,Blind Date,80.0,20000000,Not Rated,33,51,-18,18,1.0,8449,0.00042245
4287,Brief Interviews with Hideous Men,80.0,20000000,Not Rated,66,44,22,22,1.0,33745,0.00168725
4289,Fame,107.0,18000000,Not Rated,45,39,6,6,3096.0,80227619,4.457089944444444
4290,I Hope They Serve Beer in Hell,105.0,7000000,R,45,26,19,19,120.0,1429453,0.20420757142857143
4291,Pandorum,108.0,40000000,R,66,28,38,38,2506.0,17033431,0.425835775
4292,Paranormal Activity,86.0,450000,R,59,68,-9,9,12.0,194183034,431.51785333333333
4293,Surrogates,89.0,80000000,PG-13,59,45,14,14,2951.0,119668350,1.495854375
4298,A Serious Man,106.0,7000000,R,67,84,-17,17,6.0,30360570,4.337224285714286
4299,Afterschool,120.0,12000000,Not Rated,62,66,-4,4,1.0,3911,0.0003259166666666667
4301,More Than a Game,105.0,1000000,PG,52,59,-7,7,14.0,960387,0.960387
4302,The Invention of Lying,99.0,18500000,PG-13,58,58,0,0,1707.0,32714818,1.7683685405405405
4303,Whip It,111.0,15000000,PG-13,68,68,0,0,1721.0,18889972,1.2593314666666666
4304,Zombieland,88.0,23600000,R,86,73,13,13,3036.0,102236596,4.332059152542373
4306,The Yes Men Fix the World,87.0,1000000,Not Rated,80,71,9,9,1.0,195037,0.195037
4307,Adventures of Power,89.0,18000000,PG-13,72,39,33,33,2.0,17738,0.0009854444444444444
4308,An Education,100.0,7500000,PG-13,78,85,-7,7,4.0,29652736,3.9536981333333334
4309,Bronson,92.0,230000,R,75,71,4,4,1.0,2703762,11.75548695652174
4310,Couples Retreat,113.0,60000000,R,57,23,34,34,3000.0,172450423,2.8741737166666668
4311,Good Hair,96.0,1000000,PG-13,70,72,-2,2,186.0,4222942,4.222942
4312,Peter and Vandy,95.0,20000000,Not Rated,64,44,20,20,3.0,11495,0.00057475
4313,The Damned United,98.0,6400000,R,84,81,3,3,6.0,4199874,0.6562303125
4314,Trucker,90.0,1500000,R,73,61,12,12,10.0,52429,0.03495266666666667
4317,Law Abiding Citizen,108.0,53000000,NC-17,69,34,35,35,2890.0,131159781,2.474712849056604
4318,"New York, I Love You",103.0,12000000,R,52,49,3,3,119.0,9725060,0.8104216666666667
4321,The Stepfather,101.0,20000000,PG-13,55,33,22,22,2734.0,29227561,1.46137805
4322,Where the Wild Things Are,101.0,100000000,PG,65,71,-6,6,3735.0,99123656,0.99123656
4324,Amelia,111.0,40000000,PG,55,37,18,18,820.0,19756077,0.493901925
4325,Antichrist,108.0,12000000,Not Rated,72,49,23,23,6.0,2492704,0.20772533333333335
4326,Astro Boy,94.0,65000000,PG,59,53,6,6,3014.0,41636243,0.6405575846153846
4327,Cirque du Freak: The Vampire's Assistant,109.0,40000000,PG-13,57,43,14,14,2754.0,39753957,0.993848925
4328,Motherhood,90.0,10000000,PG-13,73,34,39,39,48.0,723388,0.0723388
4330,Saw VI,90.0,11000000,R,64,30,34,34,3036.0,69752402,6.341127454545455
4333,Gentlemen Broncos,90.0,9500000,PG-13,58,28,30,30,2.0,119955,0.012626842105263159
4337,The House of the Devil,95.0,900000,R,68,73,-5,5,3.0,102812,0.11423555555555556
4339,Collapse,82.0,1000000,Unrated,79,71,8,8,1.0,56436,0.056436
4341,Splinterheads,94.0,18000000,R,78,41,37,37,1.0,16392,0.0009106666666666667
4342,That Evening Sun,110.0,12000000,PG-13,66,75,-9,9,1.0,281350,0.023445833333333332
4343,The Box,115.0,25000000,PG-13,25,47,-22,22,2635.0,34356760,1.3742704
4344,The Fourth Kind,98.0,10000000,PG-13,56,34,22,22,2527.0,49486874,4.9486874
4345,The Men Who Stare at Goats,94.0,24000000,R,64,54,10,10,2443.0,67348218,2.80617575
4346,2012,158.0,200000000,PG-13,56,49,7,7,3404.0,757677748,3.78838874
4347,Dare,92.0,12000000,R,59,54,5,5,2.0,18087,0.00150725
4348,Fantastic Mr. Fox,87.0,40000000,PG,83,83,0,0,4.0,47001091,1.175027275
4349,Oh My God,93.0,1000000,Not Rated,66,30,36,36,3.0,38245,0.038245
4352,The Messenger,113.0,6500000,R,76,77,-1,1,4.0,1744952,0.26845415384615384
4353,Uncertainty,101.0,12000000,Not Rated,66,45,21,21,1.0,36689,0.0030574166666666666
4355,Women in Trouble,92.0,12000000,R,67,43,24,24,3.0,18521,0.0015434166666666667
4356,Red Cliff,146.0,40000000,R,74,73,1,1,2.0,119627047,2.990676175
4359,Mammoth,125.0,12000000,Not Rated,59,51,8,8,1.0,9580,0.0007983333333333333
4360,Planet 51,91.0,60000000,PG,53,39,14,14,3035.0,108996113,1.8166018833333333
4362,The Blind Side,129.0,35000000,PG-13,74,53,21,21,3110.0,305705794,8.734451257142856
4365,The Twilight Saga: New Moon,130.0,50000000,PG-13,41,44,-3,3,4024.0,687557727,13.75115454
4366,Me and Orson Welles,114.0,25000000,PG-13,74,73,1,1,4.0,1190003,0.04760012
4367,Ninja Assassin,99.0,50000000,R,67,34,33,33,2503.0,62209892,1.24419784
4368,Old Dogs,88.0,35000000,PG,50,19,31,31,3425.0,95104304,2.7172658285714286
4369,The Princess and the Frog,97.0,105000000,G,73,73,0,0,2.0,270997378,2.5809274095238095
4370,The Road,111.0,25000000,R,75,64,11,11,111.0,29206732,1.16826928
4371,Home,98.0,130000000,Not Rated,70,67,3,3,1.0,44793168,0.3445628307692308
4372,The Private Lives of Pippa Lee,98.0,12000000,R,59,49,10,10,12.0,337356,0.028113
4373,Armored,88.0,20000000,PG-13,72,50,22,22,1915.0,23661038,1.1830519
4376,Brothers,105.0,26000000,R,84,58,26,26,2088.0,45043870,1.7324565384615385
4377,Everybody's Fine,99.0,20000000,PG-13,73,47,26,26,2133.0,9208876,0.4604438
4379,Serious Moonlight,84.0,20000000,R,51,36,15,15,8.0,335339,0.01676695
4382,Transylmania,92.0,10500000,R,84,8,76,76,1007.0,408229,0.03887895238095238
4383,Until the Light Takes Us,93.0,1000000,Not Rated,79,54,25,25,,130441,0.130441
4384,Up in the Air,,25000000,R,74,83,-9,9,15.0,166842739,6.67370956
4385,A Single Man,99.0,7000000,R,83,77,6,6,9.0,28142379,4.020339857142857
4386,Invictus,134.0,60000000,PG-13,71,74,-3,3,2125.0,124514011,2.0752335166666667
4388,The Lovely Bones,136.0,95000000,PG-13,62,42,20,20,3.0,94894448,0.9988889263157895
4389,The Slammin' Salmon,90.0,18000000,R,61,40,21,21,11.0,60430,0.0033572222222222224
4390,A Town Called Panic,75.0,72250000,Not Rated,82,70,12,12,1.0,165509,0.002290782006920415
4391,Crazy Heart,112.0,8500000,R,76,83,-7,7,4.0,47417251,5.578500117647059
4393,Avatar,162.0,237000000,PG-13,75,83,-8,8,3452.0,2845899541,12.00801494092827
4394,Did You Hear About the Morgans?,103.0,58000000,PG-13,51,27,24,24,2718.0,80480566,1.3875959655172414
4395,Nine,118.0,80000000,PG-13,45,49,-4,4,4.0,56984219,0.7123027375
4396,The Young Victoria,105.0,35000000,PG,79,64,15,15,20.0,31878891,0.9108254571428571
4397,Alvin and the Chipmunks: The Squeakquel,88.0,70000000,PG,45,41,4,4,3700.0,443483213,6.335474471428571
4400,Sherlock Holmes,128.0,90000000,PG-13,74,57,17,17,3626.0,498438212,5.538202355555556
4402,The Imaginarium of Doctor Parnassus,123.0,30000000,PG-13,71,65,6,6,48.0,64352607,2.1450869
4404,The Loss of a Teardrop Diamond,102.0,12000000,PG-13,59,51,8,8,6.0,119790,0.0099825
4407,Crazy on the Outside,96.0,18000000,PG-13,46,21,25,25,74.0,88335,0.0049075
4408,Daybreakers,98.0,20000000,R,67,57,10,10,2523.0,51445503,2.57227515
4409,Leap Year,100.0,19000000,PG,62,33,29,29,2511.0,32618920,1.7167852631578946
4410,Waiting for Armageddon,74.0,1000000,Not Rated,56,66,-10,10,1.0,10501,0.010501
4412,Youth in Revolt,90.0,18000000,R,85,63,22,22,1873.0,19685588,1.0936437777777779
4413,44 Inch Chest,95.0,20000000,R,52,47,5,5,1.0,39033,0.00195165
4414,Fish Tank,123.0,3000000,Not Rated,75,81,-6,6,2.0,5922292,1.9740973333333334
4415,The Book of Eli,118.0,80000000,R,71,53,18,18,3111.0,158750817,1.9843852125
4416,The Spy Next Door,94.0,28000000,PG,30,27,3,3,2924.0,46752858,1.6697449285714285
4417,Creation,108.0,12000000,PG-13,72,51,21,21,7.0,341323,0.028443583333333335
4418,Extraordinary Measures,106.0,31000000,PG,66,45,21,21,2545.0,15826984,0.5105478709677419
4419,Legion,100.0,26000000,R,45,32,13,13,2476.0,67647574,2.6018297692307693
4422,To Save a Life,120.0,500000,PG-13,68,19,49,49,441.0,3824868,7.649736
4423,Tooth Fairy,101.0,48000000,PG,46,36,10,10,3344.0,112610386,2.346049708333333
4424,Edge of Darkness,117.0,60000000,R,66,55,11,11,3066.0,82812456,1.3802076
4425,North Face,126.0,12000000,Unrated,79,67,12,12,4.0,711421,0.059285083333333335
4426,Saint John of Las Vegas,85.0,2000000,R,62,32,30,30,2.0,102645,0.0513225
4427,When in Rome,91.0,20750000,PG-13,50,25,25,25,2456.0,43796937,2.110695759036145
4428,Ajami,120.0,1000000,Not Rated,81,82,-1,1,3.0,2721096,2.721096
4429,Dear John,108.0,25000000,PG-13,62,43,19,19,2969.0,142033509,5.68134036
4431,Eyes Wide Open,90.0,20000000,Not Rated,84,70,14,14,1.0,25846,0.0012923
4433,Frozen,94.0,150000000,R,62,43,19,19,106.0,48533065,0.3235537666666667
4437,Percy Jackson & the Olympians: The Lightning Thief,118.0,95000000,PG,51,47,4,4,3356.0,223050874,2.3479039368421053
4438,The Wolfman,103.0,150000000,R,55,43,12,12,3222.0,142634358,0.95089572
4439,Valentine's Day,125.0,52000000,PG-13,51,34,17,17,3665.0,217569328,4.184025538461539
4441,Lourdes,96.0,1000000,Not Rated,71,71,0,0,1.0,9408,0.009408
4443,Happy Tears,95.0,12000000,R,59,35,24,24,15.0,22464,0.001872
4445,Shutter Island,138.0,80000000,R,85,63,22,22,2991.0,299461782,3.743272275
4446,The Ghost Writer,128.0,45000000,PG-13,74,77,-3,3,4.0,65532491,1.4562775777777779
4447,The Good Guy,90.0,10000000,R,74,47,27,27,9.0,106460,0.010646
4449,Cop Out,107.0,37000000,R,50,31,19,19,3150.0,55909910,1.5110786486486485
4451,Formosa Betrayed,103.0,20000000,R,65,52,13,13,15.0,225341,0.01126705
4453,The Art of the Steal,101.0,18000000,Unrated,78,75,3,3,3.0,544890,0.030271666666666665
4454,The Crazies,101.0,19000000,R,71,56,15,15,2477.0,56445534,2.9708175789473685
4455,The Yellow Handkerchief,102.0,15500000,PG-13,70,62,8,8,7.0,318623,0.020556322580645162
4457,Alice in Wonderland,108.0,200000000,PG,59,53,6,6,3728.0,1025491110,5.12745555
4458,Brooklyn's Finest,132.0,17000000,R,56,43,13,13,1936.0,39233233,2.3078372352941177
4459,The Secret of Kells,75.0,8000000,Not Rated,79,81,-2,2,1.0,3582797,0.447849625
4461,Green Zone,115.0,100000000,R,65,63,2,2,3003.0,97523020,0.9752302
4463,Our Family Wedding,90.0,14000000,PG-13,54,38,16,16,1605.0,21410546,1.5293247142857143
4464,Remember Me,113.0,16000000,PG-13,77,40,37,37,2212.0,56506120,3.5316325
4466,She's Out of My League,104.0,20000000,R,66,46,20,20,2956.0,48680977,2.43404885
4467,Stolen,97.0,35000000,R,69,34,35,35,1.0,7943,0.00022694285714285715
4468,The Exploding Girl,,40000,Unrated,67,69,-2,2,1.0,25572,0.6393
4470,City Island,104.0,6000000,PG-13,82,66,16,16,2.0,8173486,1.3622476666666667
4471,Diary of a Wimpy Kid,94.0,15000000,PG,64,56,8,8,3077.0,76954311,5.1302874
4472,Greenberg,107.0,20750000,R,55,76,-21,21,3.0,7362982,0.3548425060240964
4475,Repo Men,111.0,32000000,R,60,32,28,28,2521.0,18195238,0.5686011875
4476,The Bounty Hunter,110.0,45000000,PG-13,41,22,19,19,3074.0,135808837,3.0179741555555557
4478,The Runaways,106.0,9500000,R,79,65,14,14,244.0,5278632,0.5556454736842106
4479,Vincere,128.0,12000000,Unrated,70,85,-15,15,2.0,1412865,0.11773875
4481,Chloe,96.0,13000000,R,57,48,9,9,350.0,13176612,1.0135855384615384
4484,Hot Tub Time Machine,99.0,36000000,R,65,63,2,2,2754.0,65967750,1.8324375
4485,How to Train Your Dragon,98.0,165000000,PG,87,75,12,12,4055.0,494870992,2.999218133333333
4487,The Eclipse,88.0,3000000,R,61,67,-6,6,6.0,133411,0.044470333333333334
4488,Waking Sleeping Beauty,86.0,1000000,PG,75,70,5,5,5.0,80741,0.080741
4489,The Last Song,107.0,20000000,PG,55,33,22,22,2673.0,92678948,4.6339474
4491,Clash of the Titans,106.0,125000000,PG-13,50,39,11,11,3777.0,493214888,3.945719104
4494,Leaves of Grass,105.0,9000000,R,66,58,8,8,,85527,0.009503
4495,The Greatest,,6000000,R,69,45,24,24,8.0,117796,0.019632666666666666
4498,Why Did I Get Married Too?,121.0,20000000,PG-13,64,43,21,21,2155.0,60831067,3.04155335
4499,After.Life,104.0,4500000,R,82,36,46,46,41.0,2481925,0.5515388888888889
4500,Date Night,88.0,55000000,PG-13,58,56,2,2,3374.0,152269033,2.768527872727273
4504,Letters to God,110.0,3000000,PG,53,31,22,22,897.0,3237452,1.0791506666666666
4505,The Black Waters of Echo's Pond,,10000000,R,53,31,22,22,,0,0.0
4507,The Square,105.0,12000000,R,71,75,-4,4,2.0,740932,0.06174433333333333
4510,Women Without Men,95.0,20000000,Not Rated,55,68,-13,13,3.0,200899,0.01004495
4511,Death at a Funeral,92.0,21000000,R,51,51,0,0,2459.0,48977233,2.3322491904761904
4512,Exit Through the Gift Shop,87.0,1000000,R,81,85,-4,4,8.0,7132689,7.132689
4514,Kick-Ass,117.0,28000000,R,84,66,18,18,3065.0,97531134,3.4832547857142857
4517,The City of Your Final Destination,118.0,8300000,PG-13,75,52,23,23,1.0,1353296,0.1630477108433735
4518,The Joneses,96.0,10000000,R,67,55,12,12,193.0,3541565,0.3541565
4519,The Perfect Game,118.0,12500000,PG,85,42,43,43,417.0,3931367,0.31450936
4522,Oceans,84.0,80000000,G,76,75,1,1,1206.0,86787530,1.084844125
4524,Best Worst Movie,93.0,20000000,Not Rated,72,61,11,11,1.0,109895,0.00549475
4525,Paper Man,110.0,18000000,R,63,37,26,26,3.0,15389,0.0008549444444444444
4526,The Back-up Plan,106.0,35000000,PG-13,56,34,22,22,3280.0,75281179,2.1508908285714288
4528,The Losers,97.0,25000000,PG-13,62,44,18,18,2936.0,29863840,1.1945536
4531,A Nightmare on Elm Street,95.0,35000000,R,49,35,14,14,3332.0,117729621,3.363703457142857
4532,Furry Vengeance,92.0,35000000,PG,30,23,7,7,2997.0,39340177,1.124005057142857
4533,Harry Brown,103.0,7300000,R,69,55,14,14,19.0,12023606,1.6470693150684932
4535,Please Give,90.0,3000000,R,75,78,-3,3,5.0,4566662,1.5222206666666667
4536,The Good Heart,95.0,3800000,R,78,40,38,38,5.0,749686,0.19728578947368422
4537,Babies,79.0,1000000,PG,58,63,-5,5,534.0,12146819,12.146819
4538,Casino Jack and the United States of Money,118.0,1000000,R,83,68,15,15,9.0,176865,0.176865
4540,Iron Man 2,124.0,170000000,PG-13,64,57,7,7,4380.0,621156389,3.653861111764706
4541,Mother and Child,125.0,7000000,R,76,64,12,12,4.0,6537179,0.9338827142857142
4545,Trash Humpers,78.0,18000000,Not Rated,66,33,33,33,2.0,24998,0.0013887777777777778
4547,Beetle Queen Conquers Tokyo,90.0,1000000,Not Rated,54,75,-21,21,1.0,15930,0.01593
4550,Just Wright,100.0,12000000,PG,55,51,4,4,1831.0,21867665,1.8223054166666668
4551,Letters to Juliet,105.0,30000000,PG,63,50,13,13,2968.0,82148538,2.7382846
4552,Looking for Eric,116.0,20000000,Not Rated,69,66,3,3,2.0,10559972,0.5279986
4554,Robin Hood,140.0,210000000,PG-13,63,53,10,10,3503.0,322459006,1.5355190761904762
4555,The Living Wake,91.0,500000,PG-13,45,37,8,8,1.0,12232,0.024464
4558,Holy Rollers,89.0,12000000,R,50,51,-1,1,3.0,303064,0.025255333333333334
4559,John Rabe,134.0,20000000,Not Rated,78,57,21,21,,67519,0.00337595
4560,Kites,130.0,9200000,Not Rated,74,62,12,12,207.0,17155193,1.8646948913043477
4561,MacGruber,90.0,10000000,R,64,43,21,21,2551.0,8629895,0.8629895
4563,Racing Dreams,93.0,1000000,PG,59,78,-19,19,33.0,615028,0.615028
4564,Shrek Forever After,93.0,165000000,PG,67,58,9,9,4359.0,756244673,4.583301048484849
4565,Solitary Man,90.0,12500000,R,53,69,-16,16,4.0,4360548,0.34884384
4567,Sex and the City 2,146.0,95000000,R,41,27,14,14,3445.0,294680778,3.1019029263157893
4568,Agora,127.0,70000000,Not Rated,75,55,20,20,2.0,38992292,0.5570327428571429
4570,Mademoiselle Chambon,101.0,20000000,Not Rated,71,82,-11,11,,530491,0.02652455
4572,Micmacs,105.0,42000000,R,75,62,13,13,4.0,18821576,0.4481327619047619
4577,Cropsey,84.0,1000000,Not Rated,63,73,-10,10,1.0,42392,0.042392
4578,Finding Bliss,96.0,20000000,R,78,30,48,48,1.0,6783,0.00033915
4579,Get Him to the Greek,109.0,40000000,R,68,65,3,3,2697.0,92994927,2.324873175
4580,Killers,93.0,75000000,PG-13,39,21,18,18,2859.0,95572749,1.27430332
4582,Marmaduke,87.0,50000000,PG,45,30,15,15,3213.0,89895930,1.7979186
4583,Ondine,111.0,12000000,PG-13,69,65,4,4,5.0,557545,0.046462083333333334
4585,Splice,104.0,30000000,R,56,66,-10,10,2450.0,28542494,0.9514164666666667
4589,Joan Rivers: A Piece of Work,84.0,1000000,R,80,79,1,1,7.0,2930687,2.930687
4591,The A-Team,117.0,110000000,PG-13,71,47,24,24,3535.0,177241171,1.6112833727272726
4592,The Karate Kid,140.0,40000000,PG,66,61,5,5,3663.0,351774938,8.79437345
4593,The Lottery,81.0,20000000,Not Rated,75,72,3,3,1.0,54543,0.00272715
4594,Winter's Bone,100.0,2000000,R,73,90,-17,17,4.0,16131551,8.0657755
4595,45365,90.0,1000000,Not Rated,74,88,-14,14,1.0,1909,0.001909
4596,8: The Mormon Proposition,80.0,2500000,R,67,55,12,12,16.0,100280,0.040112
4597,Cyrus,91.0,7000000,R,62,74,-12,12,4.0,10062896,1.4375565714285714
4599,Jonah Hex,81.0,47000000,PG-13,39,33,6,6,2825.0,11022696,0.23452544680851065
4602,The Killer Inside Me,109.0,13000000,R,76,53,23,23,1.0,5453369,0.41948992307692307
4603,Toy Story 3,103.0,200000000,G,89,92,-3,3,4028.0,1068879522,5.34439761
4605,Knight and Day,109.0,117000000,PG-13,63,46,17,17,3098.0,258751370,2.211550170940171
4607,Grown Ups,102.0,75000000,PG-13,50,30,20,20,3534.0,272223000,3.62964
4608,Restrepo,93.0,1000000,R,75,85,-10,10,2.0,1430603,1.430603
4609,South of the Border,78.0,1000000,Not Rated,63,45,18,18,1.0,268600,0.2686
4611,Love Ranch,117.0,25000000,R,82,37,45,45,11.0,146149,0.00584596
4613,The Twilight Saga: Eclipse,124.0,68000000,PG-13,51,58,-7,7,4468.0,706102828,10.383865117647058
4614,The Last Airbender,103.0,150000000,PG,24,20,4,4,3169.0,319713881,2.1314258733333333
4615,Great Directors,90.0,20000000,Not Rated,50,49,1,1,1.0,17921,0.00089605
4616,Despicable Me,95.0,69000000,PG,77,72,5,5,3476.0,543464573,7.87629815942029
4617,Predators,107.0,40000000,R,63,51,12,12,2669.0,127234389,3.180859725
4619,The Kids Are All Right,106.0,4000000,R,72,86,-14,14,7.0,36275469,9.06886725
4620,Winnebago Man,85.0,1000000,Not Rated,65,71,-6,6,2.0,181039,0.181039
4621,[Rec] 2,85.0,5600000,R,69,52,17,17,5.0,18527766,3.3085296428571427
4622,The Sorcerer's Apprentice,109.0,160000000,PG,62,46,16,16,3504.0,217986320,1.3624145
4624,Inception,148.0,160000000,PG-13,88,74,14,14,3792.0,728582465,4.55364040625
4625,Kisses,72.0,20000000,Not Rated,70,68,2,2,2.0,81680,0.004084
4626,Valhalla Rising,93.0,5700000,Not Rated,61,61,0,0,1.0,731613,0.12835315789473684
4627,Jean-Michel Basquiat: The Radiant Child,88.0,1000000,Not Rated,75,74,1,1,1.0,258558,0.258558
4628,Countdown to Zero,91.0,1000000,PG,65,70,-5,5,3.0,272040,0.27204
4630,Life During Wartime,98.0,4500000,Not Rated,55,69,-14,14,1.0,281447,0.06254377777777778
4631,Mugabe and the White African,90.0,1000000,Not Rated,84,77,7,7,1.0,7924,0.007924
4632,Ramona and Beezus,103.0,15000000,G,76,56,20,20,2719.0,27469621,1.8313080666666668
4633,Salt,100.0,130000000,PG-13,64,65,-1,1,3612.0,290650494,2.2357730307692307
4635,Cats & Dogs: The Revenge of Kitty Galore,82.0,85000000,PG,50,30,20,20,3705.0,113026383,1.3297221529411765
4636,Charlie St. Cloud,99.0,44000000,PG-13,53,37,16,16,2718.0,48478084,1.1017746363636365
4637,Dinner for Schmucks,114.0,69000000,PG-13,57,56,1,1,2911.0,86796502,1.2579203188405796
4638,Get Low,103.0,7000000,PG-13,68,77,-9,9,4.0,10828305,1.5469007142857143
4641,Smash His Camera,87.0,1000000,PG-13,75,68,7,7,1.0,23671,0.023671
4644,The Extra Man,105.0,7000000,R,53,56,-3,3,2.0,492108,0.07030114285714285
4648,Cairo Time,90.0,12000000,PG,68,67,1,1,5.0,1861359,0.15511325
4649,Flipped,90.0,14000000,PG,78,45,33,33,45.0,4294635,0.30675964285714286
4650,Lebanon,93.0,12000000,R,64,85,-21,21,2.0,1964789,0.16373241666666666
4651,Middle Men,105.0,20000000,R,86,60,26,26,252.0,754301,0.03771505
4655,The Disappearance of Alice Creed,96.0,1500000,R,69,65,4,4,10.0,1605139,1.0700926666666668
4656,The Other Guys,107.0,100000000,PG-13,68,64,4,4,3651.0,170936470,1.7093647
4657,The Wildest Dream,94.0,1000000,PG,68,57,11,11,,5100135,5.100135
4658,Twelve,93.0,21000000,R,57,22,35,35,231.0,183920,0.008758095238095238
4659,Animal Kingdom,113.0,4200000,R,78,83,-5,5,7.0,8078683,1.9234959523809525
4660,Eat Pray Love,133.0,60000000,R,51,50,1,1,3082.0,206598789,3.44331315
4663,Peepli Live,,12000000,Not Rated,73,69,4,4,64.0,8544969,0.71208075
4667,The Expendables,103.0,82000000,R,64,45,19,19,3270.0,268268174,3.2715630975609757
4669,A Film Unfinished,88.0,1000000,Unrated,77,88,-11,11,4.0,320486,0.320486
4670,Vampires Suck,82.0,20000000,PG-13,28,18,10,10,3233.0,81424988,4.0712494
4671,Lottery Ticket,99.0,17000000,PG-13,56,50,6,6,1973.0,24719879,1.4541105294117647
4672,Mao's Last Dancer,117.0,18000000,PG,53,55,-2,2,33.0,25941437,1.4411909444444444
4675,Soul Kitchen,99.0,4900000,Not Rated,76,76,0,0,2.0,23347461,4.764787959183674
4677,The Switch,101.0,19000000,PG-13,62,52,10,10,2012.0,49858465,2.6241297368421055
4678,The Tillman Story,94.0,1000000,R,73,86,-13,13,4.0,798940,0.79894
4679,Centurion,97.0,15000000,R,61,62,-1,1,12.0,7885048,0.5256698666666667
4682,Takers,107.0,32000000,PG-13,79,45,34,34,2206.0,70587268,2.205852125
4683,The Last Exorcism,87.0,1800000,PG-13,62,63,-1,1,2874.0,70165900,38.98105555555556
4685,My Dog Tulip,83.0,350000,Not Rated,68,80,-12,12,1.0,310891,0.88826
4686,The American,105.0,20000000,R,68,61,7,7,2823.0,67950723,3.39753615
4688,Going the Distance,102.0,32000000,R,65,51,14,14,3030.0,43603990,1.3626246875
4689,Last Train Home,85.0,1000000,Not Rated,79,86,-7,7,1.0,288328,0.288328
4690,Machete,105.0,12500000,R,71,60,11,11,2670.0,46370970,3.7096776
4694,Prince of Broadway,100.0,12000000,Not Rated,63,57,6,6,1.0,20450,0.0017041666666666668
4695,The Winning Season,104.0,18000000,PG-13,71,53,18,18,,5000,0.0002777777777777778
4698,Bran Nue Dae,85.0,6750000,PG-13,44,54,-10,10,16.0,6812530,1.0092637037037038
4699,Genius Within: The Inner Life of Glenn Gould,106.0,1000000,Not Rated,64,72,-8,8,3.0,167508,0.167508
4702,I'm Still Here,108.0,1000000,R,61,48,13,13,19.0,737645,0.737645
4703,Legendary,107.0,12000000,PG-13,66,39,27,27,177.0,200393,0.016699416666666668
4704,"Lovely, Still",92.0,5000000,PG,66,57,9,9,2.0,282687,0.0565374
4705,Resident Evil: Afterlife,97.0,57500000,R,55,37,18,18,3203.0,295874190,5.145638086956522
4706,The Romantics,95.0,18000000,PG-13,59,43,16,16,2.0,106524,0.005918
4707,The Virginity Hit,,2000000,R,49,40,9,9,700.0,636706,0.318353
4710,Never Let Me Go,103.0,15000000,R,77,69,8,8,4.0,11173718,0.7449145333333334
4711,Alpha and Omega,88.0,20000000,PG,57,36,21,21,2625.0,48958353,2.44791765
4712,Catfish,87.0,1000000,PG-13,71,65,6,6,12.0,3798734,3.798734
4713,Devil,80.0,10000000,PG-13,85,44,41,41,2809.0,63354114,6.3354114
4714,Easy A,92.0,8000000,PG-13,72,72,0,0,2856.0,76200721,9.525090125
4715,Jack Goes Boating,89.0,18000000,R,70,64,6,6,4.0,541992,0.030110666666666668
4717,The Town,125.0,37000000,R,74,74,0,0,2861.0,152566881,4.123429216216216
4718,You Will Meet a Tall Dark Stranger,98.0,15000000,R,63,51,12,12,6.0,38535748,2.5690498666666666
4719,Buried,95.0,1987650,R,57,65,-8,8,11.0,21270290,10.701225064774986
4720,Enter the Void,161.0,16000000,Not Rated,71,69,2,2,3.0,1467278,0.091704875
4721,Howl,90.0,10000000,Not Rated,67,63,4,4,6.0,617334,0.0617334
4722,Legend of the Guardians: The Owls of Ga'Hoole,97.0,100000000,PG,70,53,17,17,3575.0,139716717,1.39716717
4725,You Again,105.0,20000000,PG,55,28,27,27,2548.0,32838945,1.64194725
4726,Case 39,109.0,27000000,R,66,25,41,41,2211.0,28773827,1.0656972962962963
4728,Freakonomics,93.0,2900000,PG-13,55,58,-3,3,20.0,172867,0.05960931034482759
4729,Hatchet II,89.0,10000000,Unrated,72,49,23,23,68.0,62000,0.0062
4732,Let Me In,116.0,20000000,R,85,79,6,6,2021.0,28270399,1.41351995
4734,The Social Network,120.0,40000000,PG-13,82,95,-13,13,2771.0,224922135,5.623053375
4736,I Spit on Your Grave,,1750000,Unrated,60,27,33,33,12.0,1278471,0.7305548571428572
4737,Inside Job,120.0,2000000,PG-13,84,88,-4,4,2.0,7799257,3.8996285
4738,It's Kind of a Funny Story,101.0,8000000,PG-13,73,63,10,10,742.0,6632950,0.82911875
4741,Life as We Know It,114.0,38000000,PG-13,56,39,17,17,3150.0,105887837,2.7865220263157897
4742,Marwencol,83.0,1000000,Not Rated,78,82,-4,4,1.0,112036,0.112036
4743,My Soul to Take,107.0,25000000,R,73,25,48,48,2572.0,16727470,0.6690988
4744,Nowhere Boy,98.0,1900000,R,73,67,6,6,4.0,7785229,4.097488947368421
4745,Secretariat,123.0,35000000,PG,63,61,2,2,3072.0,60376247,1.7250356285714286
4746,Stone,105.0,22000000,R,58,58,0,0,6.0,4065020,0.18477363636363636
4747,Tamara Drewe,111.0,18000000,R,64,64,0,0,4.0,6727750,0.3737638888888889
4749,Carlos,325.0,18000000,Not Rated,79,94,-15,15,2.0,1619153,0.08995294444444445
4750,Conviction,107.0,12500000,R,70,61,9,9,11.0,11826980,0.9461584
4751,Down Terrace,89.0,30000,R,55,68,-13,13,2.0,9812,0.32706666666666667
4753,Hereafter,129.0,50000000,PG-13,61,56,5,5,6.0,108660270,2.1732054
4758,Inhale,100.0,21000000,Not Rated,66,39,27,27,2.0,4115,0.00019595238095238094
4760,Paranormal Activity 2,91.0,3000000,R,58,53,5,5,3216.0,177512032,59.17067733333333
4766,Jolene,,12000000,R,71,31,40,40,,0,0.0
4767,Monsters,94.0,500000,R,65,63,2,2,3.0,5639730,11.27946
4768,Saw 3D,90.0,17000000,R,54,24,30,30,2808.0,133735284,7.8667814117647055
4772,Waste Land,90.0,12000000,Not Rated,84,78,6,6,1.0,187716,0.015643
4773,Welcome to the Rileys,110.0,10000000,R,82,50,32,32,10.0,355919,0.0355919
4774,Wild Target,98.0,8000000,PG-13,79,41,38,38,4.0,5314194,0.66427425
4776,127 Hours,94.0,18000000,R,81,82,-1,1,4.0,60217171,3.345398388888889
4777,Client 9: The Rise and Fall of Eliot Spitzer,117.0,1000000,R,70,68,2,2,3.0,189416,0.189416
4778,Due Date,95.0,65000000,R,65,51,14,14,3355.0,211739043,3.2575237384615385
4780,For Colored Girls,133.0,21000000,R,65,50,15,15,2127.0,38017873,1.8103749047619049
4781,Four Lions,97.0,3750000,R,78,68,10,10,8.0,8607693,2.2953848
4782,Guy and Madeline on a Park Bench,82.0,27000000,Not Rated,64,83,-19,19,1.0,33841,0.0012533703703703704
4784,Megamind,95.0,130000000,PG,76,63,13,13,3944.0,321887208,2.476055446153846
4785,Red Hill,95.0,21000000,R,67,62,5,5,5.0,344397,0.016399857142857143
4786,Morning Glory,107.0,40000000,PG-13,66,57,9,9,2518.0,59795070,1.49487675
4789,Skyline,94.0,10000000,PG-13,34,26,8,8,2880.0,68264973,6.8264973
4790,Tiny Furniture,98.0,50000,Not Rated,51,72,-21,21,1.0,424149,8.48298
4791,Unstoppable,98.0,95000000,PG-13,70,69,1,1,3207.0,165720921,1.744430747368421
4793,Harry Potter and the Deathly Hallows: Part I,146.0,125000000,PG-13,76,65,11,11,4125.0,952601389,7.620811112
4794,Heartless,114.0,10000000,Not Rated,55,58,-3,3,1.0,20435,0.0020435
4795,Made in Dagenham,113.0,8000000,R,65,65,0,0,3.0,15644196,1.9555245
4796,The Next Three Days,122.0,30000000,PG-13,73,52,21,21,2564.0,67255916,2.241863866666667
4798,White Material,106.0,12000000,Not Rated,66,81,-15,15,3.0,304020,0.025335
4799,Burlesque,119.0,55000000,PG-13,75,47,28,28,3037.0,90552675,1.6464122727272728
4800,Faster,98.0,24000000,R,66,44,22,22,2454.0,35792945,1.4913727083333332
4801,Love and Other Drugs,112.0,30000000,R,29,55,-26,26,2455.0,102716321,3.423877366666667
4802,Tangled,100.0,260000000,PG,84,71,13,13,3603.0,584899819,2.2496146884615387
4807,All Good Things,120.0,20000000,R,77,57,20,20,2.0,873617,0.04368085
4809,Black Swan,108.0,13000000,R,81,79,2,2,18.0,331266710,25.482054615384616
4812,Night Catches Us,90.0,12000000,R,83,65,18,18,4.0,76185,0.00634875
4813,Queen of the Lot,,12000000,R,72,42,30,30,6.0,178308,0.014859
4814,Rare Exports: A Christmas Tale,84.0,18000000,R,72,71,1,1,1.0,312756,0.017375333333333333
4815,The Warrior's Way,100.0,42000000,R,65,45,20,20,1622.0,8514325,0.2027220238095238
4817,Hemingway's Garden of Eden,,12000000,R,48,28,20,20,14.0,22083,0.00184025
4818,The Chronicles of Narnia: The Voyage of the Dawn Treader,113.0,155000000,PG,61,53,8,8,3555.0,418186950,2.697980322580645
4819,The Fighter,115.0,11000000,R,81,79,2,2,4.0,129262388,11.751126181818181
4820,The Tempest,110.0,20000000,PG-13,64,43,21,21,5.0,277943,0.01389715
4821,The Tourist,103.0,100000000,PG-13,63,37,26,26,2756.0,278731369,2.78731369
4824,Casino Jack,,12500000,R,50,51,-1,1,7.0,2272186,0.18177488
4826,Rabbit Hole,91.0,5000000,PG-13,76,76,0,0,5.0,6205034,1.2410068
4828,Yogi Bear,80.0,80000000,PG,46,35,11,11,3515.0,204774690,2.559683625
4829,Country Strong,117.0,15000000,Not Rated,61,45,16,16,2.0,20601987,1.3734658
4830,Little Fockers,98.0,100000000,PG-13,74,27,47,47,3536.0,310650574,3.10650574
4832,Somewhere,98.0,7000000,R,63,67,-4,4,7.0,17023121,2.4318744285714287
4833,True Grit,110.0,35000000,PG-13,77,80,-3,3,3047.0,252276928,7.207912228571429
4834,Hadewijch,120.0,12000000,Not Rated,54,83,-29,29,1.0,5006,0.00041716666666666665
4835,Gulliver's Travels,85.0,112000000,PG,45,33,12,12,2546.0,232017848,2.0715879285714287
4837,Another Year,129.0,8000000,PG-13,75,80,-5,5,6.0,20005613,2.500701625
4839,Blue Valentine,120.0,1000000,NC-17,70,81,-11,11,4.0,16566240,16.56624
4844,Season of the Witch,95.0,40000000,PG-13,51,28,23,23,2816.0,91126600,2.278165
4845,The Time That Remains,109.0,12000000,Not Rated,67,74,-7,7,1.0,32869,0.0027390833333333334
4847,Barney's Version,132.0,30000000,Not Rated,65,67,-2,2,42.0,8845575,0.2948525
4848,Every Day,93.0,4900000,R,62,48,14,14,3.0,46029,0.009393673469387754
4849,The Dilemma,118.0,70000000,PG-13,56,46,10,10,2940.0,70546865,1.007812357142857
4850,The Green Hornet,108.0,110000000,PG-13,75,39,36,36,3584.0,229155503,2.0832318454545455
4852,The Woodmans,82.0,1000000,Unrated,73,74,-1,1,1.0,46623,0.046623
4853,Applause,85.0,12000000,R,71,68,3,3,,0,0.0
4855,No Strings Attached,110.0,25000000,R,55,50,5,5,3018.0,149228078,5.96912312
4856,The Company Men,109.0,15000000,R,65,69,-4,4,106.0,4569967,0.3046644666666667
4858,The Way Back,133.0,72250000,PG-13,72,66,6,6,678.0,26524989,0.36712787543252595
4860,From Prada to Nada,107.0,20750000,PG-13,52,39,13,13,256.0,4133692,0.19921407228915664
4862,Kaboom,86.0,18000000,Unrated,64,64,0,0,1.0,126851,0.007047277777777778
4864,The Mechanic,92.0,42500000,R,61,49,12,12,2703.0,76347393,1.7964092470588235
4865,The Rite,119.0,37000000,PG-13,55,38,17,17,2985.0,97143987,2.625513162162162
4869,Cold Weather,96.0,21000000,Unrated,47,64,-17,17,1.0,141358,0.006731333333333333
4870,Sanctum,103.0,30000000,R,50,42,8,8,2787.0,108957098,3.631903266666667
4871,The Other Woman,119.0,40000000,Unrated,49,37,12,12,2.0,1455527,0.036388175
4872,The Roommate,,16000000,PG-13,40,23,17,17,2534.0,52545707,3.2841066875
4873,Waiting for Forever,,20750000,PG-13,65,26,39,39,3.0,25517,0.0012297349397590361
4874,Carancho,107.0,12000000,Unrated,77,66,11,11,5.0,4959360,0.41328
4876,Cedar Rapids,86.0,10000000,R,70,70,0,0,15.0,7862131,0.7862131
4877,Certifiably Jonathan,85.0,1200000,Unrated,53,35,18,18,1.0,7826,0.006521666666666667
4879,Gnomeo and Juliet,,36000000,G,57,53,4,4,2994.0,193737977,5.381610472222222
4881,Justin Bieber: Never Say Never,,13000000,Not Rated,29,52,-23,23,3105.0,99034125,7.618009615384615
4883,Orgasm Inc.,73.0,1000000,Not Rated,78,64,14,14,1.0,49001,0.049001
4885,The Eagle,114.0,25000000,PG-13,61,55,6,6,2296.0,38993548,1.55974192
4888,"Big Mommas: Like Father, Like Son",107.0,32000000,PG-13,55,22,33,33,2821.0,82332450,2.5728890625
4892,Putty Hill,87.0,12000000,Unrated,56,78,-22,22,1.0,48644,0.004053666666666666
4893,The Chaperone,103.0,12000000,PG-13,65,33,32,32,1.0,14400,0.0012
4894,The Last Lions,88.0,1000000,PG,84,69,15,15,4.0,635325,0.635325
4895,Unknown,113.0,40000000,PG-13,66,56,10,10,3043.0,136123083,3.403077075
4896,Vanishing on 7th Street,90.0,21000000,R,49,50,-1,1,1.0,22729,0.0010823333333333334
4899,Hall Pass,,68000000,R,56,45,11,11,2950.0,87173475,1.2819628676470587
4902,The Grace Card,,200000,PG-13,72,43,29,29,352.0,2430735,12.153675
4903,Beastly,95.0,17000000,PG-13,54,40,14,14,1952.0,38028230,2.236954705882353
4904,Happythankyoumoreplease,100.0,20750000,R,61,45,16,16,2.0,951016,0.04583209638554217
4906,Rango,107.0,135000000,PG,77,75,2,2,3917.0,245724600,1.8201822222222221
4907,Take Me Home Tonight,114.0,19000000,R,63,42,21,21,2003.0,7576604,0.3987686315789474
4908,The Adjustment Bureau,99.0,50200000,PG-13,71,60,11,11,2840.0,126931325,2.5285124501992033
4911,3 Backyards,88.0,300000,R,67,69,-2,2,1.0,39475,0.13158333333333333
4912,Battle: Los Angeles,112.0,70000000,PG-13,58,37,21,21,3417.0,213463976,3.0494853714285712
4913,Black Death,102.0,10000000,R,67,71,-4,4,3.0,22554,0.0022554
4915,Elektra Luxx,105.0,18000000,R,65,50,15,15,4.0,11514,0.0006396666666666666
4916,I Am,76.0,1000000,Unrated,54,38,16,16,1.0,1591034,1.591034
4918,Jane Eyre,115.0,12000000,PG-13,74,76,-2,2,4.0,33983855,2.831987916666667
4919,Kill the Irishman,106.0,12000000,R,67,50,17,17,5.0,1188194,0.09901616666666667
4921,Mars Needs Moms,88.0,150000000,PG,44,49,-5,5,3117.0,39549758,0.26366505333333334
4923,Red Riding Hood,100.0,42000000,PG-13,44,29,15,15,3030.0,91678442,2.182820047619048
4925,Bill Cunningham New York,84.0,1000000,Not Rated,78,76,2,2,1.0,2254254,2.254254
4927,Cracks,104.0,12000000,Not Rated,68,54,14,14,6.0,29683,0.0024735833333333333
4928,Desert Flower,120.0,12000000,R,79,54,25,25,3.0,18405284,1.5337736666666666
4929,Limitless,105.0,27000000,PG-13,63,59,4,4,2756.0,155564919,5.761663666666666
4931,Paul,104.0,40000000,R,70,57,13,13,2802.0,101162106,2.52905265
4932,The Lincoln Lawyer,119.0,40000000,R,74,63,11,11,2707.0,87145086,2.17862715
4933,The Music Never Stopped,106.0,12000000,PG,76,60,16,16,32.0,301403,0.025116916666666666
4934,Win Win,106.0,5000000,R,77,75,2,2,5.0,11869063,2.3738126
4936,My Perestroika,88.0,1000000,Not Rated,73,90,-17,17,1.0,242706,0.242706
4940,Miral,112.0,12000000,R,87,45,42,42,4.0,377014,0.03141783333333333
4941,Peep World,89.0,18000000,Not Rated,49,27,22,22,3.0,14351,0.0007972777777777778
4942,Potiche,103.0,18000000,R,62,68,-6,6,7.0,34152587,1.8973659444444444
4943,Sucker Punch,120.0,75000000,PG-13,63,33,30,30,3033.0,89758389,1.19677852
4944,White Irish Drinkers,109.0,12000000,R,77,51,26,26,5.0,31056,0.002588
4946,Cat Run,102.0,18000000,R,49,33,16,16,102.0,30100,0.0016722222222222223
4948,Hop,90.0,63000000,PG,49,41,8,8,3579.0,188494082,2.9919695555555554
4950,Insidious,102.0,1500000,PG-13,73,52,21,21,2408.0,99870886,66.58059066666667
4952,Rubber,85.0,500000,R,60,59,1,1,5.0,680914,1.361828
4953,Source Code,93.0,32000000,PG-13,77,74,3,3,2961.0,140428499,4.38839059375
4954,Super,96.0,2500000,Not Rated,79,50,29,29,11.0,593933,0.2375732
4955,Trust,104.0,12000000,R,72,60,12,12,28.0,120016,0.010001333333333333
4956,Wrecked,91.0,21000000,R,58,61,-3,3,1.0,8020,0.0003819047619047619
4959,American: The Bill Hicks Story,102.0,1000000,Not Rated,67,55,12,12,1.0,174796,0.174796
4960,Arthur,,40000000,Not Rated,50,36,14,14,3276.0,47787943,1.194698575
4963,Hanna,,30000000,PG-13,77,65,12,12,2535.0,65343694,2.1781231333333335
4964,Henry's Crime,108.0,18000000,R,54,49,5,5,2.0,102541,0.005696722222222222
4965,Meek's Cutoff,104.0,2000000,PG,62,85,-23,23,2.0,1869928,0.934964
4966,Meet Monica Velour,98.0,18000000,R,79,51,28,28,2.0,33042,0.0018356666666666667
4967,Soul Surfer,,18000000,PG,71,53,18,18,2214.0,47135489,2.618638277777778
4970,Your Highness,,50000000,R,50,31,19,19,2769.0,26121638,0.52243276
4972,Armadillo,100.0,1000000,Not Rated,72,72,0,0,1.0,2690879,2.690879
4977,Rio,96.0,90000000,PG,76,63,13,13,3827.0,487519809,5.416886766666667
4978,Scream 4,103.0,40000000,R,64,52,12,12,3305.0,95989590,2.39973975
4980,The Conspirator,123.0,25000000,PG-13,66,55,11,11,707.0,15907411,0.63629644
4982,The First Beautiful Thing,122.0,12000000,Not Rated,68,62,6,6,,0,0.0
4984,African Cats,89.0,1000000,Not Rated,71,61,10,10,1220.0,22946607,22.946607
4989,POM Wonderful Presents: The Greatest Movie Ever Sold,90.0,1800000,PG-13,69,66,3,3,18.0,783733,0.4354072222222222
4990,Stake Land,98.0,4000000,PG-13,71,66,5,5,1.0,679482,0.1698705
4991,The Bang Bang Club,106.0,12000000,Not Rated,60,48,12,12,9.0,138056,0.011504666666666667
4993,Water for Elephants,122.0,38000000,PG-13,69,52,17,17,2817.0,116809717,3.0739399210526317
4994,The Arbor,94.0,1000000,Not Rated,76,88,-12,12,1.0,21610,0.02161
4996,Cave of Forgotten Dreams,89.0,1000000,Not Rated,68,86,-18,18,5.0,9369629,9.369629
4997,Dylan Dog: Dead of Night,107.0,20000000,PG-13,51,31,20,20,875.0,6093725,0.30468625
4999,Exporting Raymond,86.0,1000000,PG,72,55,17,17,13.0,87727,0.087727
5000,Fast Five,130.0,125000000,PG-13,74,66,8,8,3644.0,630163454,5.041307632
5003,Prom,104.0,8000000,PG,63,50,13,13,2730.0,10763183,1.345397875
5004,Sympathy for Delicious,96.0,18000000,Not Rated,46,44,2,2,2.0,13826,0.0007681111111111111
5005,That's What I Am,101.0,12000000,PG,56,53,3,3,10.0,6400,0.0005333333333333334
5007,An Invisible Sign,96.0,12000000,Not Rated,47,23,24,24,,1279,0.00010658333333333333
5009,Daydream Nation,96.0,12000000,R,69,57,12,12,,500,4.1666666666666665e-05
5010,Forks Over Knives,96.0,1000000,PG,76,57,19,19,6.0,88500,0.0885
5011,Hobo with a Shotgun,86.0,3000000,Not Rated,74,55,19,19,2.0,834953,0.2783176666666667
5012,Jumping the Broom,108.0,7000000,PG-13,48,56,-8,8,2035.0,38158601,5.4512287142857145
5013,Last Night,90.0,12000000,R,69,50,19,19,10.0,12646519,1.0538765833333332
5014,Passion Play,94.0,12000000,R,48,22,26,26,2.0,3669,0.00030575
5015,Something Borrowed,113.0,35000000,PG-13,52,36,16,16,2904.0,65084116,1.8595461714285715
5016,The Beaver,91.0,21000000,PG-13,64,60,4,4,22.0,5046038,0.2402875238095238
5017,The People vs. George Lucas,93.0,1000000,Not Rated,51,55,-4,4,,0,0.0
5018,There Be Dragons,120.0,36000000,PG-13,81,33,48,48,259.0,4020990,0.11169416666666666
5019,Thor,114.0,150000000,PG-13,70,57,13,13,3955.0,449326618,2.995510786666667
5021,Bridesmaids,125.0,32500000,R,71,75,-4,4,2918.0,289632023,8.911754553846153
5023,Everything Must Go,96.0,5000000,R,63,65,-2,2,218.0,2821010,0.564202
5024,Hesher,100.0,7000000,R,70,45,25,25,42.0,382946,0.05470657142857143
5028,Make Believe,88.0,1000000,Not Rated,50,59,-9,9,,0,0.0
5029,Priest,87.0,60000000,PG-13,52,41,11,11,2864.0,84154026,1.4025671
5030,Skateland,96.0,12000000,PG-13,67,51,16,16,2.0,19412,0.0016176666666666668
5031,The Big Bang,,21000000,R,48,25,23,23,,7300,0.0003476190476190476
5032,The First Grader,120.0,12000000,PG-13,72,56,16,16,3.0,355731,0.02964425
5037,Midnight in Paris,100.0,30000000,PG-13,80,81,-1,1,6.0,162275213,5.409173766666667
5038,Pirates of the Caribbean: On Stranger Tides,141.0,379000000,PG-13,63,45,18,18,4155.0,1045713802,2.7591393192612137
5041,Kung Fu Panda 2,90.0,150000000,PG,78,67,11,11,3925.0,664837547,4.432250313333333
5042,The Hangover Part II,102.0,80000000,R,57,44,13,13,3615.0,586764305,7.3345538125
5044,The Tree of Life,139.0,35000000,PG-13,70,85,-15,15,4.0,61721826,1.7634807428571428
5047,Film Socialisme,101.0,12000000,Not Rated,46,64,-18,18,1.0,43492,0.003624333333333333
5049,Beautiful Boy,100.0,25000000,R,63,62,1,1,4.0,131223,0.00524892
5050,Beginners,105.0,3200000,R,81,81,0,0,5.0,14314407,4.4732521875
5051,"Love, Wedding, Marriage",90.0,18000000,PG-13,29,13,16,16,2.0,51917,0.0028842777777777777
5052,Mr. Nice,121.0,10500000,Not Rated,63,60,3,3,,13302,0.001266857142857143
5054,Submarine,97.0,1900000,R,78,76,2,2,4.0,4581937,2.411545789473684
5056,X-Men: First Class,132.0,160000000,PG-13,78,65,13,13,3641.0,355408305,2.22130190625
5059,Judy Moody and the Not Bummer Summer,91.0,72250000,Not Rated,38,37,1,1,2524.0,17029882,0.23570770934256055
5062,Road to Nowhere,121.0,21000000,R,83,59,24,24,3.0,40294,0.0019187619047619047
5063,Super 8,112.0,50000000,PG-13,73,72,1,1,3379.0,257972745,5.1594549
5064,The Trip,109.0,18000000,Not Rated,65,82,-17,17,6.0,3455221,0.1919567222222222
5069,Buck,88.0,1000000,PG,67,76,-9,9,4.0,4523972,4.523972
5070,Green Lantern,105.0,200000000,PG-13,60,39,21,21,3816.0,219535492,1.09767746
5074,The Art of Getting By,84.0,4000000,PG-13,65,36,29,29,610.0,1989035,0.49725875
5078,A Better Life,98.0,10000000,PG-13,73,64,9,9,4.0,1884251,0.1884251
5080,Bad Teacher,92.0,19000000,R,53,47,6,6,3049.0,215448997,11.339420894736842
5081,Cars 2,113.0,200000000,G,57,57,0,0,4115.0,560155383,2.800776915
5082,Conan O'Brien Can't Stop,89.0,1000000,Not Rated,64,64,0,0,24.0,267965,0.267965
5084,The Best and the Brightest,,18000000,Not Rated,15,26,-11,11,,0,0.0
5089,Transformers: Dark of the Moon,154.0,195000000,PG-13,58,42,16,16,4088.0,1123794079,5.763046558974359
5091,Larry Crowne,99.0,30000000,PG-13,58,41,17,17,2973.0,61449135,2.0483045
5093,Monte Carlo,109.0,20000000,PG,77,43,34,34,2473.0,39686769,1.98433845
5094,Small Town Murder Songs,75.0,21000000,R,68,66,2,2,2.0,76390,0.0036376190476190475
5095,Terri,105.0,18000000,R,68,72,-4,4,6.0,655802,0.03643344444444444
5096,The Perfect Host,,1000000,R,67,48,19,19,2.0,51587,0.051587
5097,Rapt,125.0,12000000,Not Rated,67,71,-4,4,1.0,45759,0.00381325
5101,Horrible Bosses,98.0,35000000,R,75,57,18,18,3040.0,212417601,6.069074314285714
5102,Ironclad,121.0,25000000,R,66,42,24,24,,5297411,0.21189644
5103,Project Nim,93.0,1000000,Not Rated,75,83,-8,8,4.0,1583533,1.583533
5105,The Ledge,101.0,12000000,R,58,34,24,24,2.0,336776,0.02806466666666667
5107,The Ward,88.0,10000000,R,71,38,33,33,11.0,1252014,0.1252014
5108,Zookeeper,104.0,80000000,PG,45,30,15,15,3482.0,170805525,2.1350690625
5109,Daylight,115.0,21000000,Not Rated,55,72,-17,17,1.0,4171,0.00019861904761904762
5111,"Life, Above All",100.0,12000000,PG-13,71,65,6,6,5.0,134078,0.011173166666666666
5113,Salvation Boulevard,96.0,5500000,Not Rated,58,35,23,23,4.0,28468,0.005176
5114,Snow Flower and the Secret Fan,120.0,6000000,PG-13,70,42,28,28,24.0,11348205,1.8913675
5116,The Tree,100.0,12000000,Not Rated,56,58,-2,2,2.0,71158,0.005929833333333333
5117,The Undefeated,119.0,1000000,Not Rated,19,32,-13,13,10.0,100085,0.100085
5118,Winnie the Pooh,69.0,30000000,G,75,74,1,1,2405.0,50145607,1.6715202333333332
5119,A Little Help,105.0,18000000,R,48,54,-6,6,24.0,96868,0.005381555555555555
5120,Another Earth,92.0,175000,PG-13,63,66,-3,3,4.0,2102779,12.01588
5121,Captain America: The First Avenger,125.0,140000000,PG-13,71,66,5,5,3715.0,370569776,2.6469269714285715
5122,Friends with Benefits,109.0,35000000,R,67,63,4,4,2926.0,146595891,4.188454028571429
5127,El Bulli: Cooking in Progress,108.0,1000000,Not Rated,65,61,4,4,1.0,595934,0.595934
5128,Attack the Block,88.0,13000000,R,71,75,-4,4,8.0,6459183,0.49686023076923075
5130,"Crazy, Stupid, Love",118.0,50000000,PG-13,74,68,6,6,3020.0,146493974,2.92987948
5131,Good Neighbors,96.0,21000000,R,59,60,-1,1,3.0,7072,0.00033676190476190476
5133,Life in a Day,95.0,1000000,PG-13,73,58,15,15,11.0,252788,0.252788
5136,The Devil's Double,108.0,19100000,R,73,52,21,21,5.0,5965646,0.3123374869109948
5137,The Future,92.0,1000000,R,59,67,-8,8,1.0,1239174,1.239174
5138,The Guard,96.0,6000000,R,73,78,-5,5,4.0,21197454,3.532909
5139,The Interrupters,125.0,1000000,R,68,86,-18,18,,236957,0.236957
5140,The Smurfs,86.0,110000000,PG,44,30,14,14,3395.0,563749323,5.124993845454545
5141,Bellflower,106.0,60000000,R,57,72,-15,15,2.0,168226,0.002803766666666667
5146,Rise of the Planet of the Apes,110.0,93000000,PG-13,78,68,10,10,3648.0,470986200,5.064367741935484
5147,The Change-Up,112.0,52000000,R,59,39,20,20,2913.0,75997067,1.4614820576923078
5149,The Whistleblower,112.0,12000000,R,74,59,15,15,7.0,2203654,0.18363783333333333
5150,The Help,137.0,25000000,PG-13,79,62,17,17,2534.0,213120004,8.52480016
5152,30 Minutes or Less,83.0,28000000,R,56,49,7,7,2888.0,41146935,1.4695333928571428
5153,Final Destination 5,92.0,40000000,R,66,50,16,16,3155.0,155011165,3.875279125
5154,Glee: The 3D Concert Movie,100.0,9000000,Not Rated,61,48,13,13,2040.0,17462398,1.9402664444444444
5156,Senna,106.0,1000000,PG-13,86,79,7,7,2.0,10924647,10.924647
5158,5 Days of War,120.0,12000000,R,15,31,-16,16,2.0,87793,0.007316083333333333
5160,Conan the Barbarian,112.0,90000000,R,51,36,15,15,3015.0,63356133,0.7039570333333334
5161,Flypaper,87.0,18000000,Not Rated,66,37,29,29,2.0,1172291,0.06512727777777778
5162,Fright Night,106.0,30000000,R,72,64,8,8,3114.0,40520649,1.3506883
5163,Griff the Invisible,90.0,2900000,PG-13,53,49,4,4,6.0,25935,0.008943103448275862
5165,One Day,108.0,15000000,PG-13,61,48,13,13,1721.0,59168692,3.9445794666666667
5166,Programming the Nation?,105.0,1000000,Not Rated,63,33,30,30,,0,0.0
5167,Spy Kids: All the Time in the World,89.0,27000000,PG,29,37,-8,8,3295.0,80681183,2.988191962962963
5169,The Last Circus,107.0,10500000,R,59,70,-11,11,1.0,40548,0.0038617142857142856
5170,Brighton Rock,111.0,11000000,R,58,57,1,1,12.0,229653,0.020877545454545454
5171,Chasing Madoff,98.0,1000000,Not Rated,38,52,-14,14,11.0,28850,0.02885
5172,Circumstance,107.0,900000,R,62,65,-3,3,7.0,958978,1.0655311111111112
5173,Colombiana,107.0,40000000,PG-13,56,45,11,11,2614.0,72295262,1.80738155
5174,Don't Be Afraid of the Dark,99.0,25000000,R,52,56,-4,4,2760.0,39126427,1.56505708
5175,Higher Ground,109.0,1800000,R,69,74,-5,5,3.0,842693,0.46816277777777776
5177,Our Idiot Brother,90.0,5000000,R,64,60,4,4,2555.0,25861249,5.1722498
5180,The Family Tree,95.0,10500000,Not Rated,71,24,47,47,2.0,6035,0.0005747619047619047
5182,The Debt,114.0,20000000,R,66,65,1,1,1826.0,46604054,2.3302027
5183,A Good Old Fashioned Orgy,92.0,18000000,R,75,44,31,31,143.0,154604,0.008589111111111112
5184,Apollo 18,90.0,5000000,PG-13,49,24,25,25,3328.0,26517819,5.3035638
5188,Love Exposure,237.0,12000000,Not Rated,83,78,5,5,,0,0.0
5192,Shark Night 3D,95.0,25000000,PG-13,42,22,20,20,2806.0,18877153,0.75508612
5195,Bucky Larson: Born to Be a Star,96.0,10000000,R,19,9,10,10,1500.0,2529395,0.2529395
5197,Contagion,105.0,60000000,PG-13,70,70,0,0,3222.0,137551594,2.2925265666666665
5198,Creature,93.0,3000000,R,43,31,12,12,1507.0,533235,0.177745
5199,Inside Out,93.0,175000000,PG-13,47,28,19,19,,0,0.0
5200,Shaolin,131.0,60000000,R,72,53,19,19,10.0,35066099,0.5844349833333333
5201,Tanner Hall,95.0,3000000,R,48,40,8,8,5.0,5073,0.001691
5204,Warrior,139.0,25000000,PG-13,86,71,15,15,1869.0,24215385,0.9686154
5205,We Were Here,90.0,1000000,Not Rated,69,94,-25,25,,0,0.0
5207,The Mill and the Cross,92.0,12000000,Not Rated,66,80,-14,14,1.0,312187,0.026015583333333335
5208,3,119.0,7200000,Not Rated,62,55,7,7,4.0,295492,0.04104055555555555
5209,Drive,100.0,15000000,R,82,78,4,4,2886.0,81357930,5.423862
5211,I Don't Know How She Does It,95.0,24000000,PG-13,35,38,-3,3,2476.0,24474463,1.0197692916666667
5212,Jane's Journey,107.0,1000000,Not Rated,62,49,13,13,1.0,27253,0.027253
5214,Restless,,8000000,PG-13,72,47,25,25,5.0,2772511,0.346563875
5217,Straw Dogs,110.0,25000000,R,59,45,14,14,2408.0,11253821,0.45015284
5218,Pearl Jam Twenty,109.0,1000000,Not Rated,79,59,20,20,10.0,471334,0.471334
5219,Abduction,106.0,35000000,PG-13,46,25,21,21,3118.0,86648359,2.4756674
5220,Dolphin Tale,113.0,37000000,PG,68,64,4,4,3507.0,96068724,2.596452
5221,Killer Elite,100.0,70000000,R,58,44,14,14,2986.0,65409046,0.9344149428571429
5223,Machine Gun Preacher,123.0,30000000,R,67,43,24,24,4.0,3721988,0.12406626666666666
5224,Moneyball,133.0,50000000,PG-13,80,87,-7,7,2993.0,111300835,2.2260167
5225,Puncture,100.0,12000000,R,71,54,17,17,4.0,85954,0.0071628333333333336
5227,The Whale,89.0,1000000,G,58,64,-6,6,2.0,81212,0.081212
5229,Toast,96.0,12000000,Not Rated,54,57,-3,3,,168968,0.014080666666666667
5230,Weekend,96.0,190000,Not Rated,83,81,2,2,1.0,1577585,8.303078947368421
5231,50/50,99.0,8000000,R,84,72,12,12,2458.0,41334735,5.166841875
5234,Bunraku,118.0,60000000,R,65,28,37,37,,0,0.0
5235,Courageous,130.0,2000000,PG-13,76,42,34,34,1161.0,35680886,17.840443
5236,Dream House,92.0,50000000,PG-13,84,35,49,49,2661.0,41642166,0.83284332
5238,Margaret,149.0,14000000,R,77,61,16,16,2.0,623292,0.04452085714285714
5241,Take Shelter,120.0,4750000,R,78,85,-7,7,3.0,4972016,1.0467402105263157
5243,What's Your Number?,106.0,20000000,R,56,35,21,21,3002.0,30163785,1.50818925
5245,Hell and Back Again,88.0,1000000,Not Rated,65,81,-16,16,1.0,152298,0.152298
5247,Blackthorn,98.0,4500000,R,63,61,2,2,8.0,1217307,0.2705126666666667
5248,Dirty Girl,90.0,12000000,R,80,37,43,43,9.0,107623,0.008968583333333334
5249,Everyday Sunshine: The Story of Fishbone,107.0,1000000,Not Rated,72,69,3,3,,0,0.0
5250,Real Steel,127.0,110000000,PG-13,71,56,15,15,3440.0,263880341,2.398912190909091
5252,The Ides of March,101.0,23000000,R,71,67,4,4,2199.0,77735925,3.3798228260869565
5254,The Way,115.0,12000000,Not Rated,72,64,8,8,33.0,11882191,0.9901825833333333
5256,Bombay Beach,80.0,1000000,Not Rated,78,74,4,4,,0,0.0
5258,Father of Invention,93.0,12000000,PG-13,22,36,-14,14,,0,0.0
5259,Fireflies in the Garden,120.0,8000000,R,75,34,41,41,5.0,3587191,0.448398875
5260,Footloose,113.0,24000000,PG-13,61,58,3,3,3549.0,62989834,2.6245764166666667
5263,Texas Killing Fields,105.0,21000000,R,63,49,14,14,3.0,1686991,0.08033290476190476
5264,The Big Year,,41000000,PG-13,63,53,10,10,2150.0,7684524,0.18742741463414633
5266,The Thing,103.0,38000000,R,63,49,14,14,2996.0,27573078,0.7256073157894737
5267,The Woman,101.0,10000000,R,63,58,5,5,,0,0.0
5269,Trespass,91.0,35000000,R,62,37,25,25,10.0,786532,0.022472342857142856
5270,Paul Goodman Changed My Life,89.0,1000000,Not Rated,78,68,10,10,1.0,36056,0.036056
5271,Red State,88.0,4000000,R,63,50,13,13,2.0,1983596,0.495899
5273,Being Elmo: A Puppeteer's Journey,80.0,1000000,Not Rated,70,71,-1,1,1.0,332435,0.332435
5275,Johnny English Reborn,101.0,45000000,PG,64,46,18,18,1552.0,164640401,3.6586755777777777
5277,Le Havre,103.0,5500000,Not Rated,71,82,-11,11,6.0,13480196,2.450944727272727
5278,Margin Call,105.0,3400000,R,72,76,-4,4,56.0,20433227,6.009772647058823
5279,Martha Marcy May Marlene,120.0,1000000,R,70,75,-5,5,4.0,5438911,5.438911
5281,Oranges and Sunshine,106.0,12000000,R,69,60,9,9,,0,0.0
5282,Paranormal Activity 3,83.0,5000000,R,61,59,2,2,3321.0,207039844,41.4079688
5283,Revenge of the Electric Car,90.0,1000000,PG-13,54,63,-9,9,,150886,0.150886
5284,The Mighty Macs,102.0,7000000,G,62,49,13,13,975.0,1891936,0.2702765714285714
5285,The Reunion,95.0,60000000,PG-13,50,26,24,24,,1628770,0.027146166666666666
5286,The Three Musketeers,110.0,90000000,PG-13,52,35,17,17,3017.0,139877913,1.5541990333333333
5288,13,97.0,60000000,R,50,29,21,21,,3317662,0.055294366666666664
5290,Anonymous,130.0,27500000,PG-13,61,50,11,11,265.0,15815509,0.5751094181818182
5291,In Time,109.0,35000000,PG-13,64,53,11,11,3122.0,165103952,4.717255771428571
5292,Janie Jones,114.0,18000000,Not Rated,65,52,13,13,,6840,0.00038
5293,Like Crazy,90.0,250000,PG-13,72,68,4,4,4.0,3728400,14.9136
5295,Puss in Boots,90.0,130000000,PG,74,65,9,9,3952.0,554987477,4.269134438461538
5296,The Double,98.0,21000000,PG-13,59,37,22,22,11.0,2940888,0.1400422857142857
5297,The Rum Diary,110.0,45000000,R,63,56,7,7,2272.0,21544732,0.4787718222222222
5298,The Other F Word,98.0,1000000,Not Rated,71,60,11,11,2.0,53714,0.053714
5302,Killing Bono,114.0,18000000,R,55,46,9,9,,1019343,0.05663016666666667
5304,The Last Rites of Joe May,107.0,12000000,R,64,64,0,0,,0,0.0
5306,The Son of No One,95.0,15000000,R,44,36,8,8,10.0,1148578,0.07657186666666667
5307,Tower Heist,104.0,85000000,PG-13,69,59,10,10,3367.0,150422946,1.7696817176470587
5308,Young Goethe in Love,102.0,12000000,Not Rated,56,55,1,1,6.0,162138,0.0135115
5310,J. Edgar,137.0,35000000,R,65,59,6,6,1910.0,84606030,2.417315142857143
5313,Immortals,110.0,75000000,R,58,46,12,12,3112.0,211562435,2.820832466666667
5314,Into the Abyss,107.0,1000000,PG-13,75,74,1,1,12.0,550645,0.550645
5315,Jack and Jill,96.0,79000000,Not Rated,23,23,0,0,3438.0,150519217,1.9053065443037975
5316,London Boulevard,103.0,12000000,R,60,52,8,8,1.0,6111194,0.5092661666666667
5317,Melancholia,137.0,9400000,R,67,80,-13,13,19.0,21817298,2.32098914893617
5321,The Descendants,115.0,20000000,R,77,84,-7,7,29.0,175507800,8.77539
5322,Tomboy,82.0,12000000,Not Rated,76,74,2,2,1.0,4280325,0.35669375
5323,Another Happy Day,119.0,4000000,R,76,46,30,30,2.0,978527,0.24463175
5327,Happy Feet Two,117.0,135000000,PG,55,50,5,5,3606.0,157956466,1.1700478962962964
5329,Rid of Me,90.0,10500000,Not Rated,58,53,5,5,1.0,11740,0.0011180952380952381
5330,The Heir Apparent: Largo Winch,108.0,60000000,Not Rated,59,40,19,19,4.0,18967760,0.3161293333333333
5333,Tyrannosaur,91.0,12000000,Not Rated,76,65,11,11,5.0,299088,0.024924
5334,A Dangerous Method,99.0,20000000,R,65,76,-11,11,4.0,14807531,0.74037655
5335,Arthur Christmas,100.0,85000000,PG,74,69,5,5,3376.0,148168160,1.7431548235294119
5336,Hugo,127.0,180000000,PG,77,83,-6,6,1277.0,180047784,1.0002654666666666
5337,My Week with Marilyn,99.0,10000000,R,78,65,13,13,244.0,34240572,3.4240572
5338,The Artist,100.0,16000000,Not Rated,81,89,-8,8,4.0,128113644,8.00710275
5339,The Muppets,98.0,45000000,PG,78,75,3,3,3440.0,160971922,3.5771538222222223
5347,Knuckle,97.0,1000000,R,75,65,10,10,3.0,2647,0.002647
5349,Shame,101.0,6500000,NC-17,78,72,6,6,10.0,20412841,3.1404370769230767
5350,Sleeping Beauty,104.0,12000000,Not Rated,46,57,-11,11,2.0,37710,0.0031425
5353,I Melt with You,129.0,12000000,R,72,26,46,46,2.0,6361,0.0005300833333333334
5354,London River,87.0,12000000,Not Rated,83,67,16,16,,0,0.0
5356,The Sitter,81.0,25000000,R,71,39,32,32,2750.0,38749404,1.54997616
5358,Tinker Tailor Soldier Spy,127.0,21000000,R,66,85,-19,19,4.0,81428388,3.8775422857142856
5361,Young Adult,94.0,12000000,R,65,71,-6,6,8.0,22750356,1.895863
5363,Alvin and the Chipmunks: Chipwrecked,87.0,80000000,G,38,24,14,14,3723.0,349088523,4.3636065375
5364,Carnage,79.0,25000000,R,72,61,11,11,5.0,38112154,1.52448616
5367,Sherlock Holmes: A Game of Shadows,129.0,125000000,PG-13,74,48,26,26,3703.0,535663443,4.285307544
5368,The Girl with the Dragon Tattoo,158.0,90000000,R,80,71,9,9,2914.0,239373970,2.6597107777777778
5369,Albert Nobbs,113.0,7500000,R,63,57,6,6,,8539003,1.1385337333333334
5370,The Adventures of Tintin,107.0,130000000,PG,78,68,10,10,3087.0,373993951,2.8768765461538464
5374,Pina,106.0,1000000,PG,72,83,-11,11,3.0,24460758,24.460758
5375,We Bought a Zoo,124.0,50000000,PG,69,58,11,11,3117.0,118729073,2.37458146
5376,Extremely Loud and Incredibly Close,129.0,40000000,PG-13,59,46,13,13,6.0,55247881,1.381197025
5377,The Darkest Hour,89.0,34800000,PG-13,52,18,34,34,2324.0,62831715,1.805509051724138
5378,War Horse,146.0,70000000,PG-13,68,72,-4,4,2376.0,156815529,2.2402218428571428
5379,Pariah,86.0,12000000,R,62,79,-17,17,4.0,769552,0.06412933333333333
5381,Angels Crest,92.0,12000000,R,57,38,19,19,1.0,2037,0.00016975
5385,The Hunter,90.0,12000000,Not Rated,71,76,-5,5,4.0,179048,0.014920666666666667
5386,Beneath the Darkness,96.0,21000000,R,49,22,27,27,9.0,9600,0.00045714285714285713
5388,Roadie,95.0,12000000,R,70,61,9,9,1.0,7825,0.0006520833333333333
5389,The Devil Inside,87.0,1000000,R,26,18,8,8,2285.0,101759490,101.75949
5390,Loosies,88.0,18000000,PG-13,63,35,28,28,1.0,425378,0.02363211111111111
5391,Albatross,90.0,12000000,Not Rated,46,42,4,4,,0,0.0
5392,Contraband,110.0,25000000,R,61,51,10,10,2863.0,98406855,3.9362742
5394,Don't Go in the Woods,107.0,10000000,Not Rated,44,29,15,15,,0,0.0
5395,Joyful Noise,118.0,27500000,PG-13,63,44,19,19,2735.0,31157914,1.1330150545454545
5398,Sing Your Song,,1000000,Not Rated,58,73,-15,15,2.0,87674,0.087674
5399,The Divide,110.0,3000000,Not Rated,61,28,33,33,7.0,156362,0.05212066666666667
5401,Carol Channing: Larger Than Life,87.0,1000000,PG,72,67,5,5,2.0,20370,0.02037
5403,Haywire,93.0,23000000,PG,76,67,9,9,2439.0,36374700,1.581508695652174
5404,Red Tails,120.0,58000000,PG-13,59,46,13,13,2512.0,50365498,0.8683706551724137
5406,The Pruitt-Igoe Myth,79.0,1000000,Not Rated,78,70,8,8,1.0,44883,0.044883
5407,Ultrasuede: In Search of Halston,89.0,1000000,Not Rated,52,34,18,18,1.0,10357,0.010357
5408,Underworld: Awakening,88.0,70000000,R,63,39,24,24,3078.0,160379930,2.2911418571428572
5413,Man on a Ledge,102.0,42000000,PG-13,63,40,23,23,2998.0,49621440,1.1814628571428571
5414,One for the Money,106.0,42000000,PG-13,48,22,26,26,2737.0,36197221,0.8618385952380953
5415,The Grey,117.0,25000000,R,69,64,5,5,3185.0,81249176,3.24996704
5417,Big Miracle,107.0,40000000,PG,60,61,-1,1,2129.0,25268680,0.631717
5418,Chronicle,84.0,12000000,PG-13,74,69,5,5,2907.0,123681790,10.306815833333333
5420,Perfect Sense,92.0,12000000,Not Rated,68,55,13,13,1.0,138868,0.011572333333333334
5422,The Innkeepers,100.0,750000,R,61,64,-3,3,20.0,1011535,1.3487133333333332
5423,The Woman in Black,95.0,15000000,PG-13,64,62,2,2,2855.0,128955898,8.597059866666667
5425,Chico & Rita,94.0,27330000,Not Rated,73,76,-3,3,1.0,276831,0.010129198682766192
5426,In Darkness,145.0,12000000,R,70,74,-4,4,3.0,16692775,1.3910645833333333
5427,Journey 2: The Mysterious Island,94.0,79000000,PG,58,41,17,17,3470.0,318146162,4.027166607594936
5429,Rampart,108.0,12000000,R,59,70,-11,11,5.0,1540340,0.12836166666666668
5430,Safe House,115.0,85000000,R,67,52,15,15,3119.0,207884401,2.4456988352941176
5432,The Vow,104.0,30000000,PG-13,65,43,22,22,2958.0,197618160,6.587272
5433,Undefeated,113.0,1000000,PG-13,74,71,3,3,5.0,585833,0.585833
5434,Michael,96.0,12000000,Not Rated,69,64,5,5,1.0,15151,0.0012625833333333332
5437,Ghost Rider: Spirit of Vengeance,95.0,57000000,PG-13,42,34,8,8,3174.0,149217355,2.6178483333333333
5438,On the Ice,96.0,21000000,R,50,59,-9,9,4.0,70526,0.0033583809523809525
5441,Thin Ice,93.0,10500000,R,70,60,10,10,53.0,789752,0.07521447619047619
5442,This Means War,98.0,65000000,R,61,31,30,30,3189.0,156974557,2.4149931846153847
5443,Act of Valor,101.0,12000000,R,65,40,25,25,3039.0,82497035,6.874752916666667
5444,Gone,94.0,19000000,PG-13,57,36,21,21,2186.0,18100189,0.9526415263157895
5448,The Forgiveness of Blood,109.0,12000000,Not Rated,65,73,-8,8,3.0,224887,0.018740583333333335
5449,Wanderlust,98.0,32500000,R,64,53,11,11,2002.0,24159934,0.7433825846153846
5450,Being Flynn,102.0,12000000,R,63,53,10,10,4.0,5059856,0.4216546666666667
5456,Project X,88.0,12000000,R,60,48,12,12,3055.0,103028188,8.585682333333333
5460,Tim and Eric's Billion Dollar Movie,94.0,3000000,R,66,40,26,26,24.0,223652,0.07455066666666667
5461,A Thousand Words,91.0,40000000,PG-13,48,26,22,22,1890.0,20790486,0.51976215
5462,Attenberg,95.0,12000000,Not Rated,66,73,-7,7,1.0,42582,0.0035485
5465,Friends with Kids,109.0,20750000,R,59,55,4,4,369.0,14357752,0.6919398554216868
5466,Jiro Dreams of Sushi,81.0,1000000,PG,79,77,2,2,2.0,2790035,2.790035
5467,John Carter,132.0,263700000,PG-13,70,51,19,19,3749.0,282778100,1.072347743648085
5468,Salmon Fishing in the Yemen,111.0,12000000,PG-13,64,58,6,6,18.0,33008656,2.7507213333333334
5469,Shakespeare High,81.0,1000000,Not Rated,30,59,-29,29,,0,0.0
5470,Silent House,85.0,2000000,R,78,49,29,29,2124.0,16610760,8.30538
5471,Sound of Noise,102.0,18000000,R,63,72,-9,9,3.0,24565,0.0013647222222222222
5473,The Decoy Bride,89.0,18000000,Not Rated,69,42,27,27,1.0,78905,0.004383611111111111
5475,21 Jump Street,109.0,42000000,R,80,69,11,11,3121.0,202812429,4.828867357142857
5476,Casa de mi Padre,84.0,6000000,R,55,52,3,3,382.0,8446952,1.4078253333333333
5478,Detachment,97.0,12000000,Not Rated,78,52,26,26,2.0,3742697,0.31189141666666664
5481,Natural Selection,90.0,18000000,R,68,57,11,11,,46635,0.0025908333333333334
5483,Seeking Justice,105.0,60000000,R,59,38,21,21,231.0,411746,0.006862433333333333
5484,The FP,82.0,60000,R,65,48,17,17,,0,0.0
5486,4:44 Last Day on Earth,85.0,12000000,Not Rated,42,54,-12,12,3.0,36906,0.0030755
5488,Brake,92.0,21000000,Not Rated,48,38,10,10,2.0,102819,0.004896142857142857
5491,October Baby,107.0,1000000,PG-13,60,32,28,28,14.0,5391992,5.391992
5492,The Deep Blue Sea,98.0,12000000,R,65,82,-17,17,31.0,3852164,0.32101366666666664
5493,The Hunger Games,142.0,80000000,PG-13,70,68,2,2,4137.0,677923379,8.4740422375
5496,The Island President,101.0,1000000,PG,80,72,8,8,2.0,86331,0.086331
5497,Bully,98.0,2100000,Not Rated,73,74,-1,1,5.0,3483795,1.65895
5499,Goon,92.0,18000000,R,72,64,8,8,258.0,7018603,0.3899223888888889
5500,Intruders,100.0,10000000,R,55,45,10,10,33.0,5818427,0.5818427
5502,Mirror Mirror,106.0,85000000,PG,52,46,6,6,3603.0,173613482,2.0425115529411766
5504,Womb,111.0,13000000,Not Rated,69,48,21,21,,0,0.0
5505,Wrath of the Titans,99.0,150000000,PG-13,52,37,15,15,3545.0,305270083,2.035133886666667
5506,ATM,90.0,21000000,R,55,34,21,21,2.0,1038306,0.04944314285714286
5507,American Reunion,113.0,50000000,R,72,49,23,23,3192.0,236799211,4.73598422
5508,Comic-Con Episode IV: A Fan's Hope,88.0,1000000,PG-13,69,64,5,5,3.0,34665,0.034665
5509,Damsels in Distress,99.0,3000000,PG-13,54,67,-13,13,4.0,1324299,0.441433
5510,Keyhole,94.0,21000000,R,34,63,-29,29,1.0,22393,0.0010663333333333334
5512,The Hunter,100.0,12000000,R,71,63,8,8,4.0,179048,0.014920666666666667
5517,Blue Like Jazz,,1200000,PG-13,61,48,13,13,136.0,595018,0.49584833333333334
5518,Detention,93.0,10000000,R,61,45,16,16,,0,0.0
5520,Hit So Hard,103.0,1000000,Not Rated,73,52,21,21,1.0,34025,0.034025
5521,Late Bloomers,95.0,20750000,Not Rated,55,53,2,2,,0,0.0
5523,Lockout,95.0,20000000,PG-13,78,48,30,30,2308.0,33943049,1.69715245
5525,The Cabin in the Woods,95.0,30000000,R,82,72,10,10,2811.0,70683134,2.356104466666667
5526,The Lady,132.0,12000000,R,65,43,22,22,,2202291,0.18352425
5527,The Three Stooges,92.0,30000000,PG,59,56,3,3,3477.0,54052249,1.8017416333333334
5529,Chimpanzee,78.0,1000000,G,65,57,8,8,1563.0,36834823,36.834823
5530,Darling Companion,103.0,12000000,PG,53,41,12,12,4.0,1200346,0.10002883333333333
5533,Jesus Henry Christ,92.0,12000000,PG-13,54,41,13,13,3.0,13714,0.0011428333333333334
5534,Marley,144.0,1000000,PG-13,80,82,-2,2,42.0,5319734,5.319734
5536,Surviving Progress,86.0,1000000,Not Rated,72,59,13,13,2.0,53953,0.053953
5538,The Lucky One,101.0,25000000,PG-13,56,39,17,17,3155.0,96633833,3.86535332
5539,The Moth Diaries,82.0,10000000,R,63,38,25,25,2.0,731061,0.0731061
5540,Think Like a Man,122.0,12000000,PG-13,62,51,11,11,2015.0,113373764,9.447813666666667
5545,96 Minutes,93.0,12000000,R,74,51,23,23,,0,0.0
5546,Bernie,104.0,6000000,PG-13,72,75,-3,3,3.0,10106975,1.6844958333333333
5548,Citizen Gangster,105.0,12000000,Not Rated,54,56,-2,2,1.0,625,5.208333333333334e-05
5549,Elles,99.0,12000000,NC-17,54,50,4,4,6.0,1318150,0.10984583333333334
5552,Safe,94.0,33000000,R,71,55,16,16,2266.0,41495213,1.257430696969697
5553,Sound of My Voice,85.0,135000,Not Rated,74,67,7,7,5.0,429448,3.181096296296296
5554,The Five-Year Engagement,124.0,30000000,R,62,62,0,0,2936.0,61623819,2.0541273
5555,The Giant Mechanical Man,94.0,900000,PG-13,65,43,22,22,,7396,0.008217777777777777
5556,The Pirates! Band of Misfits,88.0,55000000,PG,70,73,-3,3,3358.0,136143605,2.4753382727272726
5557,The Raven,110.0,26000000,R,62,44,18,18,2203.0,30601801,1.1769923461538463
5559,A Little Bit of Heaven,106.0,12500000,PG-13,50,14,36,36,11.0,1100287,0.08802296
5560,First Position,90.0,1000000,Not Rated,81,72,9,9,5.0,1909901,1.909901
5562,Mother's Day,112.0,25000000,R,62,34,28,28,,0,0.0
5563,The Avengers,143.0,225000000,PG-13,80,69,11,11,4349.0,1515100211,6.733778715555555
5564,The Best Exotic Marigold Hotel,124.0,10000000,PG-13,74,62,12,12,27.0,134639780,13.463978
5566,A Bag of Hammers,85.0,18000000,Not Rated,68,50,18,18,,0,0.0
5568,Dark Shadows,113.0,150000000,PG-13,59,55,4,4,3755.0,238202668,1.5880177866666667
5569,Girl in Progress,93.0,12000000,PG-13,60,45,15,15,322.0,4580534,0.38171116666666666
5570,God Bless America,105.0,10500000,R,73,56,17,17,14.0,926632,0.08825066666666667
5571,Hick,95.0,12000000,R,69,28,41,41,,0,0.0
5578,The Road,110.0,25000000,R,64,71,-7,7,50.0,92476,0.00369904
5582,The Dictator,83.0,65000000,R,64,58,6,6,3008.0,180148897,2.7715214923076923
5584,Battleship,131.0,220000000,PG-13,49,41,8,8,3690.0,313477717,1.4248987136363636
5585,Beyond the Black Rainbow,110.0,1100000,R,65,49,16,16,2.0,56491,0.051355454545454544
5587,Elena,109.0,21000000,Not Rated,75,87,-12,12,1.0,961379,0.04577995238095238
5589,Hysteria,100.0,20750000,R,59,53,6,6,5.0,15342913,0.7394174939759036
5590,Indie Game: The Movie,94.0,100000,Not Rated,86,73,13,13,,0,0.0
5591,Lovely Molly,99.0,10000000,R,64,50,14,14,,368322,0.0368322
5592,Mansome,82.0,1000000,PG-13,59,35,24,24,20.0,18395,0.018395
5593,Polisse,127.0,8900000,Not Rated,70,74,-4,4,3.0,22744132,2.5555204494382022
5594,Quill: The Life of a Guide Dog,100.0,12000000,Not Rated,72,60,12,12,2.0,15674,0.0013061666666666666
5595,The Color Wheel,83.0,18000000,Not Rated,62,53,9,9,2.0,13266,0.000737
5596,The Samaritan,90.0,21000000,Not Rated,43,37,6,6,3.0,15220,0.0007247619047619048
5597,Virginia,116.0,12000000,R,52,33,19,19,5.0,9915,0.00082625
5598,What to Expect When You're Expecting,110.0,37500000,PG-13,56,41,15,15,3021.0,88473016,2.3592804266666665
5599,5 Broken Cameras,90.0,1000000,Not Rated,74,78,-4,4,1.0,283292,0.283292
5600,Chernobyl Diaries,90.0,1000000,R,46,32,14,14,2433.0,42411721,42.411721
5603,Moonrise Kingdom,94.0,16000000,PG-13,81,84,-3,3,4.0,68848446,4.303027875
5609,Battlefield America,106.0,12000000,PG-13,15,31,-16,16,,80805,0.00673375
5613,High School,99.0,10000000,R,68,31,37,37,200.0,248133,0.0248133
5615,Piranha 3DD,83.0,10000000,R,42,24,18,18,86.0,6530796,0.6530796
5616,Snow White and the Huntsman,127.0,170000000,PG-13,62,57,5,5,3773.0,401021746,2.3589514470588235
5619,Bel Ami,102.0,12000000,R,78,42,36,36,16.0,6165119,0.5137599166666666
5621,Dark Horse,86.0,1000000,Not Rated,70,66,4,4,1.0,255025,0.255025
5622,Lola Versus,87.0,18000000,R,54,49,5,5,4.0,509954,0.028330777777777778
5623,Madagascar 3: Europe's Most Wanted,93.0,145000000,PG,67,60,7,7,4258.0,746921271,5.151181179310345
5624,Paul Williams Still Alive,87.0,1000000,PG-13,80,72,8,8,,38691,0.038691
5626,Prometheus,124.0,125000000,R,65,64,1,1,3396.0,402448265,3.21958612
5627,Safety Not Guaranteed,86.0,750000,R,74,72,2,2,9.0,4422318,5.896424
5628,Marina Abramovic: The Artist Is Present,106.0,1000000,Not Rated,76,74,2,2,2.0,14663001,14.663001
5632,Rock of Ages,123.0,70000000,R,59,47,12,12,3470.0,61031932,0.8718847428571429
5636,The Tortured,79.0,21000000,Not Rated,37,9,28,28,,0,0.0
5637,The Woman in the Fifth,85.0,21000000,R,45,57,-12,12,9.0,203413,0.009686333333333333
5638,Your Sister's Sister,90.0,120000,R,64,72,-8,8,13.0,3090593,25.754941666666667
5640,Abraham Lincoln: Vampire Hunter,105.0,67500000,R,59,42,17,17,3108.0,137489730,2.036884888888889
5641,Brave,93.0,185000000,PG,72,69,3,3,4164.0,554606532,2.997873145945946
5643,Seeking a Friend for the End of the World,101.0,10000000,R,70,59,11,11,1625.0,11766959,1.1766959
5644,The Invisible War,93.0,1000000,Not Rated,80,75,5,5,4.0,71968,0.071968
5646,To Rome with Love,112.0,21500000,R,62,54,8,8,5.0,74290305,3.455363023255814
5647,Beasts of the Southern Wild,93.0,1800000,PG-13,75,86,-11,11,4.0,23265132,12.925073333333334
5651,Magic Mike,110.0,7000000,R,61,72,-11,11,2930.0,170549753,24.364250428571427
5652,Neil Young Journeys,87.0,10000000,PG,50,74,-24,24,3.0,231475,0.0231475
5653,People Like Us,114.0,16000000,PG-13,64,49,15,15,2055.0,12617472,0.788592
5654,Searching for Sugar Man,86.0,1000000,PG-13,83,79,4,4,3.0,12913491,12.913491
5655,Take This Waltz,116.0,12000000,PG,66,68,-2,2,30.0,4863332,0.40527766666666665
5656,Ted,106.0,50000000,R,70,62,8,8,3239.0,556016627,11.12033254
5658,The Amazing Spider-Man,136.0,220000000,PG-13,70,66,4,4,4318.0,757890267,3.444955759090909
5659,Katy Perry: Part of Me,93.0,12000000,PG,73,57,16,16,2730.0,32700439,2.7250365833333334
5663,Savages,131.0,45000000,R,64,59,5,5,2628.0,82513490,1.833633111111111
5664,The Do-Deca-Pentathlon,76.0,18000000,R,59,60,-1,1,8.0,10000,0.0005555555555555556
5665,The Magic of Belle Isle,109.0,12000000,PG,58,46,12,12,4.0,125417,0.010451416666666666
5666,The Pact,89.0,10000000,Not Rated,66,54,12,12,,5804574,0.5804574
5673,Ice Age: Continental Drift,88.0,95000000,PG,58,49,9,9,3881.0,879765137,9.26068565263158
5674,Red Lights,113.0,17700000,R,56,36,20,20,2.0,14518884,0.8202759322033898
5675,The Imposter,95.0,1000000,R,78,77,1,1,1.0,3232717,3.232717
5676,Trishna,117.0,12000000,R,67,57,10,10,3.0,1148956,0.09574633333333334
5678,Shut Up and Play the Hits,108.0,1000000,Not Rated,83,72,11,11,,646222,0.646222
5681,The Dark Knight Rises,165.0,230000000,PG-13,88,78,10,10,4404.0,1082228107,4.705339595652174
5682,The Queen of Versailles,100.0,1000000,PG,81,80,1,1,3.0,2505100,2.5051
5686,Ruby Sparks,104.0,20750000,R,81,67,14,14,13.0,8775504,0.42291585542168675
5687,Ai Weiwei: Never Sorry,91.0,1000000,R,78,81,-3,3,5.0,807756,0.807756
5688,Killer Joe,102.0,10000000,NC-17,67,62,5,5,3.0,4659110,0.465911
5692,Step Up Revolution,99.0,33000000,PG-13,51,43,8,8,2567.0,165552290,5.0167360606060605
5693,The Watch,102.0,55000000,R,56,36,20,20,3168.0,67130045,1.2205462727272727
5694,360,110.0,21000000,R,37,43,-6,6,2.0,4141251,0.19720242857142858
5696,Celeste and Jesse Forever,92.0,840000,R,71,59,12,12,4.0,3787689,4.5091535714285715
5697,Diary of a Wimpy Kid: Dog Days,94.0,22000000,PG,67,54,13,13,3391.0,77229695,3.510440681818182
5701,The Babymakers,95.0,18000000,R,39,30,9,9,10.0,256555,0.014253055555555555
5703,You've Been Trumped,95.0,1000000,Not Rated,60,57,3,3,1.0,28450,0.02845
5704,Hope Springs,100.0,30000000,PG-13,66,65,1,1,2361.0,133085295,4.4361765
5706,2 Days in New York,96.0,20750000,R,54,61,-7,7,2.0,7418672,0.35752636144578315
5707,Goats,94.0,18000000,R,74,38,36,36,,0,0.0
5709,Red Hook Summer,121.0,12000000,R,45,48,-3,3,4.0,338803,0.028233583333333333
5711,The Bourne Legacy,135.0,125000000,PG-13,61,61,0,0,3745.0,280355920,2.24284736
5712,The Campaign,85.0,95000000,R,60,50,10,10,3205.0,104907746,1.1042920631578947
5714,The Odd Life of Timothy Green,105.0,40000000,PG,61,47,14,14,2598.0,55249159,1.381228975
5717,Compliance,90.0,270000,R,64,68,-4,4,1.0,830700,3.0766666666666667
5718,Cosmopolis,109.0,21000000,R,53,58,-5,5,24.0,6860624,0.32669638095238096
5719,Little Birds,94.0,12000000,R,79,41,38,38,1.0,16594,0.0013828333333333334
5720,ParaNorman,92.0,60000000,PG,84,72,12,12,3429.0,108119662,1.8019943666666667
5722,Side by Side,99.0,1000000,Not Rated,83,82,1,1,1.0,67054,0.067054
5723,Sparkle,116.0,10000000,PG-13,63,54,9,9,2244.0,24660323,2.4660323
5724,The Awakening,107.0,4900000,R,67,53,14,14,70.0,6924321,1.4131267346938776
5725,The Expendables 2,103.0,100000000,R,71,51,20,20,3316.0,311979256,3.11979256
5727,Why Stop Now,85.0,18000000,Not Rated,62,36,26,26,3.0,2432,0.0001351111111111111
5732,Premium Rush,91.0,35000000,PG-13,68,66,2,2,2255.0,31393201,0.8969486
5733,Samsara,102.0,4000000,PG-13,79,65,14,14,2.0,5966671,1.49166775
5737,The Apparition,82.0,17000000,PG-13,40,18,22,22,810.0,10637281,0.6257224117647059
5738,The Revenant,110.0,135000000,R,70,57,13,13,,0,0.0
5739,Lawless,116.0,26000000,R,79,58,21,21,2888.0,54393687,2.0920648846153846
5740,The Day,87.0,21000000,R,65,41,24,24,12.0,24686,0.0011755238095238095
5745,The Ambassador,,1000000,Not Rated,72,67,5,5,,0,0.0
5747,The Good Doctor,93.0,12000000,R,47,52,-5,5,2.0,16448,0.0013706666666666667
5748,The Possession,92.0,14000000,PG-13,86,45,41,41,2816.0,82925064,5.9232188571428575
5749,The Tall Man,106.0,21000000,R,63,52,11,11,,6770790,0.32241857142857144
5750,For Ellen,94.0,12000000,Not Rated,78,61,17,17,1.0,20746,0.0017288333333333333
5751,Bachelorette,87.0,3000000,R,49,53,-4,4,47.0,12577401,4.192467
5753,Detropia,90.0,1000000,Not Rated,80,68,12,12,1.0,390170,0.39017
5754,Girl Model,78.0,1000000,Not Rated,66,68,-2,2,1.0,22263,0.022263
5755,Hello I Must Be Going,,12000000,R,76,62,14,14,2.0,106709,0.008892416666666667
5756,Keep the Lights On,101.0,12000000,Not Rated,81,79,2,2,5.0,459181,0.03826508333333333
5757,The Cold Light of Day,93.0,20000000,PG-13,40,22,18,18,1511.0,25361206,1.2680603
5758,The Eye of the Storm,119.0,12000000,Not Rated,58,55,3,3,7.0,2226888,0.185574
5760,The Words,97.0,6000000,PG-13,67,37,30,30,2801.0,16369708,2.7282846666666667
5763,10 Years,100.0,12000000,R,69,61,8,8,3.0,987640,0.08230333333333334
5764,Arbitrage,107.0,12000000,R,69,73,-4,4,197.0,35830713,2.98589275
5766,Liberal Arts,97.0,18000000,Not Rated,72,55,17,17,4.0,1143950,0.06355277777777778
5767,Resident Evil: Retribution,96.0,65000000,R,51,39,12,12,3012.0,240647629,3.7022712153846156
5769,The Master,144.0,37500000,R,73,86,-13,13,5.0,50879131,1.3567768266666667
5771,About Cherry,102.0,12000000,R,52,33,19,19,3.0,3003,0.00025025
5772,Backwards,89.0,12000000,PG,39,43,-4,4,5.0,61465,0.0051220833333333335
5773,Diana Vreeland: The Eye Has to Travel,86.0,1000000,PG-13,72,69,3,3,3.0,1266454,1.266454
5774,Dredd,95.0,45000000,R,87,60,27,27,2506.0,41467606,0.9215023555555556
5775,End of Watch,109.0,15000000,R,77,68,9,9,2730.0,57586606,3.8391070666666667
5778,House at the End of the Street,101.0,6900000,PG-13,52,31,21,21,3083.0,44103982,6.391881449275362
5779,How to Survive a Plague,120.0,1000000,Not Rated,81,86,-5,5,4.0,133389,0.133389
5783,The Perks of Being a Wallflower,102.0,13000000,PG-13,86,67,19,19,4.0,33069303,2.5437925384615383
5786,Trouble with the Curve,111.0,60000000,PG-13,67,58,9,9,3212.0,47818913,0.7969818833333333
5787,Bringing Up Bobby,93.0,12000000,PG-13,52,34,18,18,1.0,4975,0.0004145833333333333
5789,Hotel Transylvania,91.0,85000000,PG,70,47,23,23,3349.0,378223189,4.449684576470588
5790,Looper,119.0,30000000,R,83,84,-1,1,2992.0,170466405,5.6822135
5791,Pitch Perfect,112.0,17000000,PG-13,73,66,7,7,335.0,116044347,6.826138058823529
5792,Solomon Kane,104.0,40000000,R,67,48,19,19,,22024849,0.550621225
5797,The Other Dream Team,89.0,500000,Not Rated,79,69,10,10,2.0,314444,0.628888
5799,Won't Back Down,121.0,19000000,PG,69,42,27,27,2515.0,5745503,0.3023948947368421
5801,Butter,90.0,18000000,R,63,40,23,23,90.0,104706,0.005817
5804,Fat Kid Rules the World,,18000000,R,70,54,16,16,,0,0.0
5805,Frankenweenie,87.0,39000000,PG,73,74,-1,1,3005.0,81150788,2.0807894358974357
5809,Taken 2,92.0,45000000,PG-13,56,45,11,11,3661.0,377807404,8.395720088888888
5810,The House I Live In,108.0,1000000,Not Rated,81,77,4,4,2.0,210752,0.210752
5811,The Oranges,90.0,18000000,R,72,46,26,26,110.0,1941667,0.10787038888888889
5812,The Paperboy,107.0,12500000,R,56,45,11,11,11.0,4027663,0.32221304
5813,V/H/S,116.0,10000000,R,69,55,14,14,16.0,1925329,0.1925329
5814,Wuthering Heights,129.0,8000000,Not Rated,65,70,-5,5,1.0,2721534,0.34019175
5815,"3, 2, 1... Frankie Go Boom",89.0,18000000,Not Rated,48,51,-3,3,,0,0.0
5816,Argo,120.0,44500000,R,76,86,-10,10,3232.0,227140757,5.104286674157303
5819,Gayby,89.0,18000000,Not Rated,52,58,-6,6,1.0,20947,0.0011637222222222222
5820,Here Comes the Boom,105.0,42000000,PG,62,40,22,22,3014.0,73239258,1.743791857142857
5825,Middle of Nowhere,97.0,200000,R,69,75,-6,6,6.0,236806,1.18403
5827,Seven Psychopaths,110.0,13500000,R,69,66,3,3,1480.0,33035736,2.4470915555555557
5829,Sinister,110.0,3000000,R,72,53,19,19,2527.0,87727807,29.242602333333334
5830,Smashed,81.0,12000000,R,80,71,9,9,4.0,499109,0.041592416666666666
5831,Smiley,90.0,10000000,Not Rated,31,25,6,6,,0,0.0
5833,The Flat,97.0,1000000,Not Rated,82,83,-1,1,2.0,754544,0.754544
5835,Holy Motors,115.0,4000000,Not Rated,75,84,-9,9,2.0,4230426,1.0576065
5836,Paranormal Activity 4,88.0,5000000,R,47,40,7,7,3412.0,142817992,28.5635984
5837,Alex Cross,101.0,35000000,PG-13,49,30,19,19,2539.0,35426759,1.0121931142857143
5841,Brooklyn Castle,101.0,1000000,PG,67,77,-10,10,2.0,219407,0.219407
5843,Nobody Walks,83.0,12000000,R,54,51,3,3,2.0,25342,0.002111833333333333
5844,Tai Chi Zero,98.0,60000000,Not Rated,40,52,-12,12,31.0,24790553,0.4131758833333333
5846,The First Time,,12000000,PG--13,68,55,13,13,19.0,22836,0.001903
5847,The Sessions,95.0,1000000,R,76,79,-3,3,4.0,11495204,11.495204
5848,Chasing Mavericks,116.0,20000000,PG,62,45,17,17,2002.0,8300821,0.41504105
5849,Cloud Atlas,172.0,102000000,R,82,55,27,27,2008.0,130673154,1.2811093529411766
5850,Fun Size,86.0,14000000,PG--13,57,37,20,20,3014.0,11166615,0.7976153571428571
5853,Silent Hill: Revelation 3D,94.0,20000000,R,47,16,31,31,2933.0,55975672,2.7987836
5856,The Loneliest Planet,113.0,12000000,Not Rated,57,76,-19,19,2.0,244720,0.020393333333333333
5858,The Zen of Bennett,84.0,1000000,Not Rated,78,71,7,7,,0,0.0
5859,A Late Quartet,105.0,12000000,R,74,67,7,7,9.0,8038792,0.6698993333333333
5860,A Liar's Autobiography - The Untrue Story of Monty Python's Graham Chapman,85.0,18000000,Not Rated,54,45,9,9,4.0,5102,0.00028344444444444446
5861,A Man's Story,98.0,1000000,Not Rated,60,49,11,11,,0,0.0
5864,Flight,138.0,31000000,R,73,76,-3,3,1884.0,160558438,5.179304451612903
5865,Gregory Crewdson: Brief Encounters,78.0,1000000,Not Rated,67,87,-20,20,1.0,60064,0.060064
5866,Jack and Diane,110.0,12000000,R,56,45,11,11,2.0,1142,9.516666666666667e-05
5868,The Bay,84.0,10000000,R,68,65,3,3,23.0,1545308,0.1545308
5869,The Details,91.0,10500000,R,85,56,29,29,14.0,63595,0.006056666666666667
5870,The Man with the Iron Fists,95.0,15000000,R,57,51,6,6,1868.0,22018988,1.4679325333333333
5871,This Must Be the Place,118.0,10500000,Not Rated,71,61,10,10,2.0,14176657,1.3501578095238096
5872,Vamps,92.0,16000000,PG-13,65,57,8,8,1.0,94812,0.00592575
5873,Wreck-It Ralph,108.0,165000000,PG,83,72,11,11,3752.0,496511521,3.0091607333333332
5874,28 Hotel Rooms,82.0,12000000,Not Rated,51,50,1,1,1.0,18869,0.0015724166666666666
5876,Chasing Ice,80.0,1000000,Not Rated,82,75,7,7,,880426,0.880426
5877,Citadel,84.0,10000000,R,68,60,8,8,1.0,13377,0.0013377
5881,Lincoln,150.0,65000000,PG-13,75,86,-11,11,11.0,273346281,4.2053274
5882,Nature Calls,79.0,18000000,R,41,30,11,11,2.0,646,3.5888888888888886e-05
5883,Skyfall,143.0,200000000,PG-13,77,81,-4,4,3505.0,1110526981,5.552634905
5884,Starlet,103.0,12000000,Not Rated,66,74,-8,8,6.0,146222,0.012185166666666667
5885,The Comedy,90.0,18000000,Not Rated,69,46,23,23,6.0,41113,0.0022840555555555557
5886,Barrymore,83.0,18000000,Not Rated,53,61,-8,8,,0,0.0
5888,Anna Karenina,129.0,49000000,R,64,63,1,1,16.0,71004627,1.4490740204081634
5892,Mea Maxima Culpa: Silence in the House of God,106.0,1000000,Not Rated,78,73,5,5,,64323,0.064323
5893,Price Check,92.0,18000000,Not Rated,65,67,-2,2,1.0,7413,0.00041183333333333333
5894,Silver Linings Playbook,122.0,21000000,R,85,81,4,4,16.0,236412453,11.257735857142857
5896,Life of Pi,127.0,120000000,PG,79,79,0,0,2927.0,619310368,5.160919733333333
5897,Red Dawn,93.0,65000000,PG-13,43,31,12,12,2725.0,48164150,0.740986923076923
5898,Rise of the Guardians,97.0,145000000,PG,74,58,16,16,3653.0,306900902,2.116557944827586
5900,Hitchcock,98.0,12000000,PG-13,67,55,12,12,17.0,24742844,2.061903666666667
5902,The Central Park Five,119.0,1000000,Not Rated,80,79,1,1,3.0,325653,0.325653
5903,Beware of Mr. Baker,,1000000,Not Rated,72,78,-6,6,1.0,116476,0.116476
5905,California Solo,94.0,12000000,Not Rated,59,62,-3,3,1.0,14518,0.0012098333333333334
5907,Killing Them Softly,97.0,15000000,R,61,64,-3,3,2424.0,39238443,2.6158962
5910,Parked,94.0,12000000,Not Rated,72,47,25,25,,0,0.0
5911,The Collection,82.0,10000000,R,66,38,28,28,1403.0,8890094,0.8890094
5912,Universal Soldier: Day of Reckoning,114.0,60000000,NC-17,56,58,-2,2,3.0,1545188,0.025753133333333334
5914,Cheerful Weather for the Wedding,93.0,20750000,Not Rated,50,49,1,1,1.0,47778,0.00230255421686747
5915,Deadfall,95.0,6000000,R,57,52,5,5,11.0,1673635,0.2789391666666667
5917,Hyde Park on Hudson,94.0,12000000,R,58,55,3,3,4.0,11242438,0.9368698333333333
5919,Lay the Favorite,94.0,18000000,R,52,38,14,14,61.0,1095134,0.06084077777777778
5920,Only the Young,72.0,1000000,Not Rated,48,71,-23,23,1.0,15312,0.015312
5921,Playing for Keeps,105.0,35000000,PG-13,58,27,31,31,2837.0,27805632,0.7944466285714286
5922,Tchoupitoulas,80.0,1000000,Not Rated,51,81,-30,30,1.0,19375,0.019375
5923,The Fitzgerald Family Christmas,99.0,12000000,Not Rated,35,62,-27,27,4.0,50292,0.004191
5926,Waiting for Lightning,,1000000,Not Rated,48,45,3,3,11.0,23094,0.023094
5928,Any Day Now,97.0,12000000,R,82,60,22,22,16.0,257900,0.021491666666666666
5931,Save the Date,,20750000,R,69,54,15,15,2.0,5719,0.0002756144578313253
5934,The Hobbit: An Unexpected Journey,169.0,200000000,PG-13,80,58,22,22,4045.0,1014938545,5.074692725
5935,Yelling to the Sky,94.0,12000000,Not Rated,43,48,-5,5,,0,0.0
5936,Amour,127.0,9700000,PG-13,81,94,-13,13,3.0,36787044,3.792478762886598
5937,The Guilt Trip,95.0,40000000,PG-13,65,50,15,15,2431.0,41294674,1.03236685
5938,Zero Dark Thirty,157.0,52500000,R,69,95,-26,26,5.0,134612435,2.564046380952381
5940,Barbara,105.0,12000000,PG-13,71,86,-15,15,,5901752,0.4918126666666667
5941,Cirque du Soleil: Worlds Away,91.0,25000000,PG,56,51,5,5,840.0,34153101,1.36612404
5942,Jack Reacher,130.0,60000000,PG-13,64,50,14,14,3352.0,217370736,3.6228456
5943,Not Fade Away,112.0,12000000,R,64,65,-1,1,3.0,610792,0.05089933333333333
5944,On the Road,124.0,25000000,R,59,56,3,3,4.0,9313302,0.37253208
5945,The Impossible,114.0,40000000,PG-13,78,73,5,5,15.0,169590606,4.23976515
5947,Django Unchained,165.0,100000000,R,86,81,5,5,3010.0,449841566,4.49841566
5949,Parental Guidance,105.0,25000000,PG,51,36,15,15,3367.0,120832383,4.83329532
5950,West of Memphis,147.0,1000000,R,73,80,-7,7,5.0,407517,0.407517
5951,Tabu,118.0,1000000,Not Rated,64,78,-14,14,,0,0.0
5954,Quartet,98.0,11000000,PG-13,61,64,-3,3,2.0,56178935,5.107175909090909
5955,56 Up,144.0,1000000,Not Rated,84,83,1,1,1.0,701278,0.701278
5957,Texas Chainsaw 3D,92.0,20000000,R,45,31,14,14,2654.0,47666013,2.38330065
5958,A Haunted House,86.0,2500000,R,50,20,30,30,2160.0,59922558,23.9690232
5961,Gangster Squad,113.0,60000000,R,62,40,22,22,3103.0,104100903,1.73501505
5965,The Baytown Outlaws,98.0,18000000,R,70,33,37,37,,0,0.0
5968,Broken City,109.0,35000000,R,54,49,5,5,2620.0,37114977,1.0604279142857143
5970,Himizu,129.0,12000000,Not Rated,68,66,2,2,,10390,0.0008658333333333334
5973,Mama,100.0,15000000,PG-13,64,57,7,7,2647.0,148095566,9.873037733333334
5975,The Last Stand,107.0,30000000,R,66,54,12,12,2913.0,48330757,1.6110252333333333
5979,John Dies at the End,99.0,10500000,R,67,53,14,14,1.0,141951,0.013519142857142856
5980,Knife Fight,100.0,21000000,Not Rated,60,34,26,26,,2019,9.614285714285714e-05
5982,Parker,118.0,35000000,R,60,42,18,18,2224.0,48543388,1.386953942857143
5987,Bullet to the Head,92.0,55000000,R,57,48,9,9,2404.0,22597969,0.41087216363636364
5988,Girls Against Boys,,21000000,R,37,17,20,20,2.0,7529,0.0003585238095238095
5991,The Gatekeepers,101.0,1500000,PG-13,68,91,-23,23,3.0,2592308,1.7282053333333334
5992,Warm Bodies,98.0,30000000,PG-13,70,60,10,10,3009.0,114834312,3.8278104
5994,A Glimpse Inside the Mind of Charles Swan III,86.0,18000000,R,46,28,18,18,,35586,0.001977
5996,Identity Thief,111.0,35000000,R,49,35,14,14,3141.0,175361578,5.0103308
6000,Side Effects,106.0,30000000,R,79,75,4,4,2605.0,66742138,2.2247379333333335
6004,A Good Day to Die Hard,98.0,92000000,R,45,28,17,17,3553.0,304249198,3.3070565
6005,Beautiful Creatures,124.0,50000000,PG-13,61,52,9,9,2950.0,60282876,1.20565752
6006,Safe Haven,115.0,28000000,PG-13,57,34,23,23,3223.0,94050951,3.358962535714286
6009,No,118.0,12000000,R,74,81,-7,7,4.0,5265825,0.43881875
6010,Saving Lincoln,,12000000,Not Rated,58,21,37,37,,0,0.0
6015,"Bless Me, Ultima",106.0,12000000,PG-13,59,65,-6,6,263.0,1559556,0.129963
6016,Dark Skies,97.0,3500000,PG-13,72,50,22,22,2313.0,27704111,7.9154602857142855
6017,Future Weather,,12000000,Not Rated,60,67,-7,7,,0,0.0
6018,Inescapable,93.0,4000000,Not Rated,63,37,26,26,2.0,4327,0.00108175
6021,Snitch,112.0,15000000,PG-13,61,51,10,10,2511.0,57907734,3.8605156
6022,21 and Over,93.0,13000000,R,54,34,20,20,2771.0,42195766,3.245828153846154
6025,Jack the Giant Slayer,114.0,195000000,PG-13,60,51,9,9,3525.0,197687603,1.0137825794871795
6026,Leviathan,87.0,1000000,Not Rated,60,81,-21,21,1.0,76202,0.076202
6029,Phantom,98.0,18000000,R,54,40,14,14,1118.0,1199510,0.06663944444444445
6030,Stoker,99.0,12000000,R,86,58,28,28,7.0,12034913,1.0029094166666668
6032,The End of Love,89.0,12000000,Not Rated,56,56,0,0,2.0,9342,0.0007785
6033,The Last Exorcism Part II,88.0,4000000,PG-13,38,35,3,3,2700.0,25448707,6.36217675
6039,Dead Man Down,118.0,30000000,R,87,39,48,48,2188.0,19599974,0.6533324666666667
6042,Emperor,105.0,12000000,PG-13,60,48,12,12,261.0,14905469,1.2421224166666667
6045,Oz the Great and Powerful,130.0,200000000,PG,61,44,17,17,3912.0,490359051,2.451795255
6046,Somebody Up There Likes Me,76.0,1000000,Not Rated,55,58,-3,3,1.0,89435,0.089435
6047,The ABCs of Death,123.0,10000000,Not Rated,42,43,-1,1,19.0,35136,0.0035136
6054,If I Were You,115.0,18000000,R,58,28,30,30,9.0,9432,0.000524
6057,Reincarnated,96.0,1000000,Not Rated,38,42,-4,4,,0,0.0
6058,Spring Breakers,94.0,5000000,R,59,63,-4,4,3.0,31149251,6.2298502
6059,The Call,94.0,12800000,R,65,51,14,14,2507.0,69821476,5.4548028125
6060,The Incredible Burt Wonderstone,100.0,32000000,PG-13,58,44,14,14,3160.0,27392609,0.85601903125
6062,Eden,98.0,12000000,Not Rated,76,63,13,13,,0,0.0
6063,Admission,107.0,13000000,PG-13,60,48,12,12,2160.0,18733666,1.4410512307692307
6064,Come Out and Play,105.0,10000000,Not Rated,47,44,3,3,10.0,2638,0.0002638
6067,Gimme the Loot,81.0,12000000,Not Rated,64,81,-17,17,1.0,244333,0.02036108333333333
6070,Love and Honor,100.0,12000000,PG-13,57,28,29,29,2.0,76985,0.0064154166666666665
6073,No Place on Earth,83.0,1000000,PG-13,68,58,10,10,2.0,200238,0.200238
6074,Olympus Has Fallen,120.0,70000000,R,58,41,17,17,3098.0,172878928,2.4696989714285715
6076,The Croods,98.0,135000000,PG,71,55,16,16,4046.0,573068425,4.244951296296296
6078,Welcome to the Punch,99.0,21000000,Not Rated,61,49,12,12,2.0,4207102,0.20033819047619048
6082,Family Weekend,,18000000,R,40,35,5,5,,0,0.0
6083,G.I. Joe: Retaliation,110.0,140000000,PG-13,53,41,12,12,3719.0,375740705,2.6838621785714287
6087,The Host,125.0,50000000,PG-13,49,35,14,14,3202.0,64477051,1.28954102
6088,The Place Beyond the Pines,140.0,15000000,R,85,68,17,17,4.0,47011449,3.1340966
6094,6 Souls,112.0,10000000,R,56,28,28,28,,708753,0.0708753
6098,Evil Dead,91.0,17000000,R,73,57,16,16,3025.0,99041947,5.825996882352941
6099,Free Angela & All Political Prisoners,102.0,1000000,Not Rated,48,73,-25,25,16.0,129102,0.129102
6100,Lotus Eaters,78.0,12000000,Not Rated,73,36,37,37,,0,0.0
6101,Simon Killer,101.0,21000000,Not Rated,71,63,8,8,1.0,34000,0.0016190476190476191
6102,The Brass Teapot,101.0,900000,R,69,43,26,26,2.0,413733,0.45970333333333335
6104,Trance,101.0,16000000,R,87,61,26,26,4.0,22594052,1.41212825
6105,Upstream Color,96.0,12000000,Not Rated,69,81,-12,12,1.0,584881,0.04874008333333334
6106,42,128.0,31000000,PG-13,75,62,13,13,3003.0,97470701,3.1442161612903226
6107,Antiviral,108.0,3100000,Not Rated,60,55,5,5,,123407,0.039808709677419354
6108,Disconnect,115.0,12000000,R,78,64,14,14,15.0,1507310,0.12560916666666666
6109,It's a Disaster,88.0,18000000,R,68,57,11,11,3.0,60818,0.003378777777777778
6114,To the Wonder,112.0,12000000,R,77,58,19,19,17.0,1561940,0.13016166666666668
6121,Oblivion,124.0,120000000,PG-13,71,54,17,17,3783.0,287916633,2.399305275
6122,The Lords of Salem,101.0,1500000,R,57,57,0,0,355.0,1541131,1.0274206666666668
6125,Arthur Newman,101.0,12000000,Not Rated,74,42,32,32,248.0,207853,0.017321083333333334
6126,At Any Price,105.0,12000000,R,62,61,1,1,4.0,380301,0.03169175
6127,Graceland,84.0,21000000,Not Rated,58,75,-17,17,15.0,24529,0.0011680476190476191
6130,Mud,130.0,10000000,PG-13,81,76,5,5,363.0,31556959,3.1556959
6131,Pain & Gain,129.0,26000000,R,65,45,20,20,3277.0,81275291,3.125972730769231
6134,The Big Wedding,89.0,32500000,R,45,28,17,17,2633.0,48425971,1.4900298769230769
6135,The Numbers Station,89.0,21000000,R,54,39,15,15,,36211,0.0017243333333333334
6136,The Reluctant Fundamentalist,130.0,15000000,R,72,54,18,18,3.0,528731,0.03524873333333333
6140,Dead Man's Burden,93.0,30000000,Not Rated,56,76,-20,20,1.0,29634,0.0009878
6143,Iron Man 3,130.0,200000000,PG-13,65,62,3,3,4253.0,1215392272,6.07696136
6144,Kiss of the Damned,97.0,12000000,R,52,48,4,4,2.0,14752,0.0012293333333333334
6148,The Iceman,105.0,10000000,R,85,60,25,25,4.0,3623609,0.3623609
6149,What Maisie Knew,99.0,12000000,R,78,74,4,4,1.0,1286501,0.10720841666666667
6151,Aftershock,89.0,10000000,R,62,39,23,23,110.0,40179,0.0040179
6153,Java Heat,104.0,60000000,R,47,35,12,12,,0,0.0
6154,No One Lives,86.0,10000000,R,66,26,40,40,53.0,359742,0.0359742
6155,Peeples,95.0,11000000,PG-13,56,52,4,4,2041.0,9307166,0.846106
6158,The Great Gatsby,143.0,190000000,PG-13,72,55,17,17,3535.0,353640419,1.8612653631578946
6160,Venus and Serena,99.0,1000000,PG-13,52,65,-13,13,4.0,51271,0.051271
6163,Star Trek Into Darkness,132.0,190000000,PG-13,77,72,5,5,3868.0,467381584,2.4599030736842105
6165,Augustine,102.0,12000000,Not Rated,63,74,-11,11,5.0,107352,0.008946
6168,Frances Ha,86.0,3000000,R,78,82,-4,4,4.0,11218621,3.7395403333333332
6170,The English Teacher,93.0,18000000,R,72,42,30,30,2.0,62327,0.003462611111111111
6173,Before Midnight,109.0,3000000,R,83,94,-11,11,5.0,23241189,7.747063
6174,Epic,102.0,100000000,PG,63,52,11,11,3882.0,262794441,2.62794441
6178,Hannah Arendt,113.0,12000000,Not Rated,64,69,-5,5,1.0,7219785,0.60164875
6179,After Earth,100.0,130000000,PG-13,39,33,6,6,3401.0,251499665,1.9346128076923077
6180,American Mary,103.0,10000000,R,82,46,36,36,,0,0.0
6182,Now You See Me,115.0,75000000,PG-13,71,50,21,21,2925.0,342769200,4.570256
6185,The East,116.0,6500000,PG-13,77,68,9,9,4.0,3027956,0.4658393846153846
6186,The History of Future Folk,86.0,18000000,Not Rated,87,67,20,20,1.0,17646,0.0009803333333333333
6187,The Kings of Summer,95.0,18000000,R,76,61,15,15,4.0,1362609,0.0757005
6189,Dirty Wars,87.0,1000000,Not Rated,82,76,6,6,4.0,414559,0.414559
6191,Much Ado About Nothing,109.0,20750000,PG-13,75,78,-3,3,5.0,4328850,0.20861927710843373
6192,Rapture-Palooza,85.0,10500000,R,53,44,9,9,,0,0.0
6193,The Internship,119.0,58000000,PG-13,59,42,17,17,3366.0,93672764,1.6150476551724138
6195,The Purge,85.0,3000000,R,53,41,12,12,2536.0,91266581,30.422193666666665
6202,Pandora's Promise,,1000000,Not Rated,78,54,24,24,16.0,66680,0.06668
6209,Hatchet III,,10000000,Not Rated,55,25,30,30,,0,0.0
6211,Man of Steel,143.0,225000000,PG-13,75,55,20,20,4207.0,667999518,2.9688867466666666
6213,The Bling Ring,90.0,12000000,R,63,66,-3,3,5.0,12407491,1.0339575833333332
6215,Vehicle 19,85.0,21000000,Not Rated,44,29,15,15,,1217880,0.057994285714285713
6217,Maniac,89.0,21000000,Not Rated,68,47,21,21,1.0,26826,0.0012774285714285715
6218,Monsters University,104.0,200000000,G,76,65,11,11,4004.0,743455810,3.71727905
6219,Somm,,1000000,Not Rated,75,58,17,17,5.0,153620,0.15362
6221,Unfinished Song,93.0,18000000,PG-13,67,57,10,10,2.0,11210717,0.6228176111111111
6222,World War Z,116.0,190000000,PG-13,68,63,5,5,3607.0,531861650,2.7992718421052634
6223,How to Make Money Selling Drugs,96.0,1000000,Not Rated,80,69,11,11,5.0,39192,0.039192
6224,100 Bloody Acres,91.0,10500000,Not Rated,75,63,12,12,13.0,6388,0.0006083809523809524
6225,A Band Called Death,96.0,1000000,Not Rated,66,77,-11,11,15.0,127257,0.127257
6226,Byzantium,118.0,21000000,R,70,66,4,4,6.0,92544,0.004406857142857143
6227,Copperhead,120.0,12000000,PG,25,34,-9,9,59.0,171740,0.014311666666666667
6232,Redemption,100.0,23000000,R,84,43,41,41,19.0,13593473,0.5910205652173913
6234,The Heat,117.0,43000000,R,65,60,5,5,3181.0,229727774,5.342506372093023
6236,White House Down,131.0,150000000,PG-13,58,52,6,6,3222.0,205440387,1.36960258
6237,Big Star: Nothing Can Hurt Me,113.0,1000000,PG-13,63,69,-6,6,2.0,105998,0.105998
6238,Despicable Me 2,98.0,76000000,PG,72,62,10,10,3997.0,975216835,12.831800460526315
6239,Kevin Hart: Let Me Explain,75.0,2500000,R,66,53,13,13,876.0,32327255,12.930902
6240,The Lone Ranger,149.0,225000000,PG-13,64,37,27,27,3904.0,260002115,1.1555649555555556
6241,Just Like a Woman,90.0,12000000,R,55,39,16,16,,0,0.0
6242,Stuck in Love,97.0,18000000,R,71,49,22,22,,118269,0.0065705
6243,The Crash Reel,108.0,1000000,Not Rated,83,79,4,4,,0,0.0
6244,The Look of Love,101.0,12000000,Not Rated,48,57,-9,9,3.0,603119,0.05025991666666667
6249,Fruitvale Station,85.0,900000,R,78,85,-7,7,7.0,17549645,19.499605555555554
6250,Grown Ups 2,101.0,80000000,PG-13,32,19,13,13,3491.0,247023808,3.0877976
6251,Killing Season,91.0,21000000,R,51,25,26,26,,48922,0.002329619047619048
6252,Pacific Rim,131.0,190000000,PG-13,75,65,10,10,3275.0,411002906,2.1631731894736843
6253,Pawn Shop Chronicles,112.0,60000000,R,61,26,35,35,15.0,8088,0.0001348
6254,Still Mine,102.0,12000000,PG-13,80,72,8,8,,1178902,0.09824183333333333
6255,Terms and Conditions May Apply,79.0,1000000,Not Rated,70,68,2,2,1.0,89117,0.089117
6261,Computer Chess,92.0,18000000,Not Rated,73,74,-1,1,2.0,127852,0.007102888888888889
6262,Turbo,96.0,135000000,PG,63,58,5,5,3806.0,286896578,2.125159837037037
6263,Blackfish,83.0,1000000,PG-13,82,83,-1,1,5.0,2354875,2.354875
6264,Broken,91.0,12000000,Not Rated,73,53,20,20,,1212304,0.10102533333333333
6265,Evidence,94.0,21000000,Not Rated,49,14,35,35,,27680,0.001318095238095238
6266,Girl Most Likely,103.0,18000000,PG-13,59,38,21,21,351.0,2571741,0.1428745
6268,Iceberg Slim: Portrait of a Pimp,89.0,1000000,R,58,56,2,2,,0,0.0
6270,Only God Forgives,90.0,4800000,R,78,37,41,41,78.0,4494560,0.9363666666666667
6271,R.I.P.D.,96.0,130000000,PG-13,47,25,22,22,2852.0,79076678,0.6082821384615384
6272,RED 2,116.0,84000000,PG-13,66,47,19,19,3016.0,141507355,1.684611369047619
6273,The Act of Killing,115.0,1000000,Not Rated,84,91,-7,7,1.0,1227316,1.227316
6274,The Conjuring,112.0,20000000,R,82,68,14,14,2903.0,317744402,15.8872201
6276,Blue Jasmine,98.0,18000000,PG-13,76,78,-2,2,6.0,102912961,5.717386722222222
6279,Frankenstein's Army,84.0,10000000,R,45,49,-4,4,,0,0.0
6281,Stranded,84.0,1900000,Not Rated,25,27,-2,2,,285593,0.15031210526315789
6283,The To Do List,104.0,1500000,R,57,61,-4,4,591.0,4128828,2.752552
6284,The Wolverine,126.0,115000000,PG-13,68,61,7,7,3924.0,416456852,3.6213639304347827
6287,The Smurfs 2,105.0,110000000,PG,38,34,4,4,3866.0,348547523,3.1686138454545456
6289,2 Guns,109.0,61000000,R,66,55,11,11,3025.0,132493015,2.172016639344262
6291,Drift,,12000000,R,38,35,3,3,,0,0.0
6292,Europa Report,90.0,21000000,PG-13,69,68,1,1,3.0,125687,0.005985095238095238
6296,The Canyons,99.0,250000,Not Rated,58,36,22,22,1.0,62375,0.2495
6298,The Spectacular Now,95.0,2500000,R,79,82,-3,3,4.0,6916951,2.7667804
6300,Percy Jackson: Sea of Monsters,106.0,90000000,PG,51,39,12,12,3031.0,200859554,2.231772822222222
6302,Blood,92.0,21000000,Not Rated,60,44,16,16,,0,0.0
6303,Elysium,109.0,120000000,R,78,61,17,17,3284.0,286192091,2.3849340916666666
6304,I Give It a Year,97.0,20750000,Not Rated,57,50,7,7,2.0,28328531,1.3652304096385541
6305,In a World...,93.0,18000000,R,66,79,-13,13,3.0,3139211,0.1744006111111111
6306,Jug Face,81.0,10000000,R,46,58,-12,12,,0,0.0
6307,Lovelace,93.0,12000000,R,60,51,9,9,118.0,437770,0.03648083333333333
6310,Prince Avalanche,94.0,18000000,R,62,73,-11,11,14.0,781111,0.043395055555555555
6314,This Is Martin Bonner,83.0,42000,R,57,71,-14,14,,0,0.0
6315,Ain't Them Bodies Saints,96.0,5000000,Not Rated,69,74,-5,5,3.0,1075009,0.2150018
6316,Austenland,97.0,20750000,PG-13,55,42,13,13,4.0,2213406,0.10667016867469879
6317,Cutie and the Boxer,82.0,1000000,R,71,83,-12,12,3.0,204934,0.204934
6318,Drew: The Man Behind the Poster,,1000000,Not Rated,71,59,12,12,1.0,3078,0.003078
6319,Jobs,128.0,18000000,PG-13,52,44,8,8,2381.0,43402515,2.4112508333333333
6320,Kick-Ass 2,103.0,28000000,R,69,41,28,28,2940.0,63129909,2.254639607142857
6321,Lee Daniels' The Butler,132.0,30000000,PG-13,68,65,3,3,2933.0,177025498,5.900849933333333
6322,Paranoia,106.0,40000000,PG-13,42,32,10,10,2459.0,16340767,0.408519175
6326,The Mortal Instruments: City of Bones,130.0,60000000,PG-13,62,33,29,29,3118.0,75965567,1.2660927833333333
6327,Devil's Pass,100.0,21000000,R,66,49,17,17,,5272302,0.251062
6328,Drinking Buddies,90.0,500000,R,65,71,-6,6,2.0,407100,0.8142
6330,Savannah,101.0,12000000,PG-13,56,25,31,31,14.0,36746,0.0030621666666666666
6331,Scenic Route,86.0,21000000,R,69,34,35,35,,0,0.0
6332,Short Term 12,96.0,12000000,R,84,82,2,2,4.0,2308535,0.19237791666666668
6333,The Frozen Ground,105.0,19200000,R,64,37,27,27,,5617460,0.2925760416666667
6336,The World's End,109.0,20000000,R,78,81,-3,3,1551.0,47124638,2.3562319
6338,Una Noche,90.0,12000000,Not Rated,58,68,-10,10,3.0,609579,0.05079825
6339,You're Next,95.0,1000000,R,70,66,4,4,2437.0,26887177,26.887177
6340,Closed Circuit,96.0,21000000,R,61,50,11,11,870.0,6547526,0.3117869523809524
6343,Afternoon Delight,,18000000,R,60,50,10,10,2.0,174496,0.009694222222222222
6345,Getaway,90.0,18000000,PG-13,40,22,18,18,2130.0,11813989,0.6563327222222223
6346,I Declare War,94.0,12000000,Not Rated,73,58,15,15,14.0,14928,0.001244
6348,Our Nixon,84.0,1000000,Not Rated,65,72,-7,7,3.0,20486,0.020486
6349,Passion,102.0,21000000,R,54,53,1,1,14.0,267423,0.012734428571428572
6350,The Lifeguard,98.0,12000000,R,67,34,33,33,,0,0.0
6353,A Teacher,75.0,12000000,Not Rated,63,47,16,16,2.0,8348,0.0006956666666666667
6354,Adore,100.0,12000000,R,57,37,20,20,57.0,837034,0.06975283333333333
6355,Bounty Killer,92.0,60000000,R,70,48,22,22,,210,3.5e-06
6358,Hell Baby,98.0,10500000,R,49,41,8,8,10.0,4980,0.0004742857142857143
6360,Il Futuro,94.0,12000000,Not Rated,60,80,-20,20,,12826,0.0010688333333333333
6364,Red Obsession,75.0,1000000,Not Rated,16,68,-52,52,2.0,24387,0.024387
6365,Riddick,119.0,38000000,R,70,49,21,21,3107.0,94763758,2.493783105263158
6366,Salinger,120.0,1000000,PG-13,74,40,34,34,4.0,583633,0.583633
6367,The Ultimate Life,,12000000,PG,51,19,32,32,412.0,1327841,0.11065341666666667
6368,Touchy Feely,89.0,12000000,Not Rated,54,55,-1,1,2.0,36128,0.0030106666666666667
6370,Mademoiselle C,93.0,1000000,Not Rated,34,51,-17,17,,0,0.0
6373,Blue Caprice,93.0,12000000,R,70,76,-6,6,1.0,92336,0.0076946666666666665
6374,GMO OMG,90.0,1000000,Not Rated,32,49,-17,17,1.0,41873,0.041873
6375,Harry Dean Stanton: Partly Fiction,77.0,1000000,Not Rated,60,75,-15,15,,0,0.0
6379,Jayne Mansfield's Car,122.0,12000000,R,70,48,22,22,11.0,14836,0.0012363333333333334
6382,The Family,111.0,30000000,R,62,42,20,20,3091.0,80588942,2.6862980666666667
6384,Enough Said,93.0,8000000,PG-13,76,78,-2,2,4.0,25621449,3.202681125
6386,A Single Shot,116.0,21000000,R,67,53,14,14,10.0,18642,0.0008877142857142857
6387,After Tiller,85.0,1000000,PG-13,62,75,-13,13,2.0,67414,0.067414
6388,Battle of the Year,110.0,20000000,PG-13,31,29,2,2,2008.0,16723377,0.83616885
6389,C.O.G.,88.0,18000000,R,74,60,14,14,20.0,55301,0.003072277777777778
6390,Generation Iron,106.0,1000000,PG-13,76,61,15,15,53.0,901649,0.901649
6394,Prisoners,153.0,46000000,R,86,70,16,16,3260.0,113361720,2.464385217391304
6395,Rush,123.0,38000000,R,85,74,11,11,5.0,98230839,2.5850220789473686
6396,Thanks for Sharing,112.0,18000000,R,67,54,13,13,269.0,3818604,0.21214466666666668
6397,The Colony,95.0,21000000,Not Rated,53,28,25,25,,0,0.0
6398,The Short Game,99.0,1000000,Not Rated,77,51,26,26,20.0,38856,0.038856
6399,Zaytoun,110.0,72250000,Not Rated,59,39,20,20,,160031,0.002214961937716263
6401,Baggage Claim,96.0,8500000,PG-13,47,34,13,13,2027.0,22885836,2.6924512941176473
6402,Cloudy with a Chance of Meatballs 2,95.0,78000000,PG,68,59,9,9,4001.0,274392649,3.5178544743589746
6403,Don Jon,90.0,5500000,R,69,66,3,3,2422.0,41268579,7.503378
6404,Inequality for All,89.0,1000000,PG,84,68,16,16,28.0,1225769,1.225769
6407,Muscle Shoals,111.0,1000000,PG,84,75,9,9,1.0,696241,0.696241
6411,We Are What We Are,105.0,21000000,R,53,71,-18,18,2.0,353070,0.016812857142857143
6413,Let the Fire Burn,88.0,1000000,Not Rated,74,86,-12,12,1.0,49128,0.049128
6416,A.C.O.D.,88.0,18000000,R,54,50,4,4,3.0,157690,0.008760555555555556
6418,Argento's Dracula 3D,106.0,10000000,Not Rated,50,25,25,25,6.0,577948,0.0577948
6420,CBGB,101.0,12000000,R,64,30,34,34,,0,0.0
6421,Concussion,96.0,35000000,R,62,56,6,6,2.0,38361,0.0010960285714285715
6423,Gravity,91.0,110000000,PG-13,78,96,-18,18,3575.0,688214291,6.256493554545455
6424,I Used to Be Darker,90.0,12000000,Not Rated,46,69,-23,23,1.0,16987,0.0014155833333333334
6426,Nothing Left to Fear,100.0,10000000,R,35,12,23,23,5.0,1675381,0.1675381
6427,Parkland,93.0,10000000,PG-13,64,51,13,13,257.0,1616353,0.1616353
6429,Runner Runner,91.0,30000000,R,55,36,19,19,3026.0,60512680,2.0170893333333333
6430,The Dirties,83.0,55000,Not Rated,69,65,4,4,,0,0.0
6432,The Summit,95.0,1000000,R,60,63,-3,3,8.0,253447,0.253447
6433,All the Boys Love Mandy Lane,90.0,750000,R,59,44,15,15,,1960521,2.614028
6434,As I Lay Dying,110.0,12000000,R,62,50,12,12,1.0,15009,0.00125075
6436,Captain Phillips,134.0,55000000,PG-13,81,82,-1,1,3020.0,220648184,4.011785163636364
6437,Cassadaga,108.0,10000000,R,33,32,1,1,3.0,2241,0.0002241
6438,Escape from Tomorrow,90.0,650000,Not Rated,48,58,-10,10,30.0,171962,0.2645569230769231
6439,Ghost Team One,107.0,18000000,R,54,21,33,33,15.0,9195,0.0005108333333333333
6440,God Loves Uganda,83.0,1000000,Not Rated,77,77,0,0,1.0,51229,0.051229
6441,I Will Follow You Into the Dark,112.0,10000000,Not Rated,58,17,41,41,,0,0.0
6442,Machete Kills,107.0,20000000,R,59,41,18,18,2538.0,18273009,0.91365045
6443,Romeo & Juliet,118.0,12000000,PG-13,64,41,23,23,461.0,1226031,0.10216925
6444,Sweetwater,95.0,21000000,R,43,38,5,5,,6147,0.0002927142857142857
6445,The Inevitable Defeat of Mister and Pete,108.0,12000000,R,73,61,12,12,147.0,506303,0.04219191666666667
6446,The Institute,92.0,21000000,Not Rated,83,55,28,28,,0,0.0
6447,Zero Charisma,86.0,18000000,Not Rated,77,63,14,14,,9417,0.0005231666666666667
6449,Kill Your Darlings,104.0,12000000,R,67,65,2,2,4.0,2084815,0.17373458333333333
6450,12 Years a Slave,134.0,20000000,R,80,96,-16,16,19.0,180765061,9.03825305
6455,Birth of the Living Dead,76.0,1000000,Not Rated,73,65,8,8,6.0,9802,0.009802
6456,Blood Brother,92.0,60000000,Not Rated,75,71,4,4,1.0,2254,3.756666666666667e-05
6457,Carrie,100.0,30000000,R,61,53,8,8,3157.0,82409520,2.746984
6459,Escape Plan,115.0,70000000,R,78,49,29,29,2883.0,103735965,1.4819423571428572
6460,Haunter,97.0,10000000,Not Rated,52,49,3,3,,144420,0.014442
6461,I'm in Love with a Church Girl,118.0,3000000,PG,38,23,15,15,457.0,2503392,0.834464
6462,Paradise,86.0,12000000,PG-13,48,35,13,13,,0,0.0
6464,The Fifth Estate,128.0,26000000,R,62,49,13,13,1769.0,6154172,0.23669892307692308
6472,I Am Divine,90.0,1000000,Not Rated,71,70,1,1,,34242,0.034242
6473,Jackass Presents: Bad Grandpa,92.0,15000000,R,64,54,10,10,3336.0,160903019,10.726867933333333
6475,The Counselor,117.0,25000000,R,57,48,9,9,3044.0,71009334,2.84037336
6476,The Square,95.0,12000000,Not Rated,79,84,-5,5,1.0,176262,0.0146885
6478,About Time,123.0,12000000,R,85,55,30,30,175.0,87009638,7.250803166666667
6481,Big Sur,81.0,12000000,R,48,49,-1,1,,4734,0.0003945
6482,Dallas Buyers Club,117.0,5000000,R,82,79,3,3,9.0,60611845,12.122369
6483,Diana,113.0,12000000,PG-13,39,35,4,4,,11946983,0.9955819166666666
6484,Ender's Game,114.0,110000000,PG-13,66,51,15,15,3407.0,127983283,1.1634843909090908
6485,Free Birds,91.0,55000000,PG,42,38,4,4,3736.0,110387072,2.0070376727272725
6486,Last Love,116.0,12000000,Not Rated,58,36,22,22,,0,0.0
6488,Man of Tai Chi,105.0,60000000,R,66,52,14,14,,2054941,0.034249016666666666
6494,The Pervert's Guide to Ideology,136.0,1000000,Not Rated,81,71,10,10,1.0,49072,0.049072
6495,These Birds Walk,71.0,1000000,Not Rated,78,82,-4,4,1.0,14000,0.014
6496,A Case of You,89.0,20750000,R,53,38,15,15,,0,0.0
6498,Ass Backwards,90.0,18000000,Not Rated,32,37,-5,5,,0,0.0
6499,At Berkeley,244.0,1000000,Not Rated,78,81,-3,3,2.0,31736,0.031736
6502,Great Expectations,128.0,12000000,PG-13,71,60,11,11,86.0,920099,0.07667491666666666
6503,How I Live Now,101.0,12000000,R,68,57,11,11,68.0,1131859,0.09432158333333333
6507,The Armstrong Lie,124.0,1000000,R,72,67,5,5,5.0,643885,0.643885
6508,The Book Thief,131.0,19000000,PG-13,72,53,19,19,4.0,76086711,4.004563736842106
6510,The Motel Life,85.0,12000000,R,72,61,11,11,,0,0.0
6512,Thor: The Dark World,112.0,150000000,PG-13,70,54,16,16,3841.0,644602516,4.297350106666666
6515,Charlie Countryman,108.0,12000000,NC-17,64,31,33,33,,0,0.0
6520,Nebraska,115.0,12000000,R,80,87,-7,7,4.0,24761360,2.0634466666666667
6522,The Best Man Holiday,123.0,17000000,R,58,59,-1,1,2024.0,72835710,4.284453529411764
6524,Bettie Page Reveals All,101.0,1000000,R,59,64,-5,5,1.0,108118,0.108118
6525,Delivery Man,105.0,22000000,PG-13,62,44,18,18,3036.0,55616322,2.528014636363636
6527,Is the Man Who Is Tall Happy?,88.0,1000000,Not Rated,72,76,-4,4,3.0,132409,0.132409
6528,Narco Cultura,103.0,1000000,R,47,74,-27,27,1.0,145088,0.145088
6529,Philomena,98.0,12000000,R,79,77,2,2,4.0,98963392,8.246949333333333
6531,The Hunger Games: Catching Fire,146.0,130000000,PG-13,79,76,3,3,4163.0,864868047,6.652831130769231
6533,Black Nativity,93.0,17500000,PG,49,48,1,1,1516.0,7454184,0.4259533714285714
6536,Frozen,102.0,150000000,PG,75,75,0,0,1.0,1265596785,8.4373119
6537,Homefront,100.0,22000000,R,62,40,22,22,2570.0,51695362,2.3497891818181817
6538,Oldboy,104.0,3000000,R,45,49,-4,4,583.0,3343567,1.1145223333333334
6539,Mandela: Long Walk to Freedom,141.0,35000000,PG-13,58,60,-2,2,4.0,29890402,0.8540114857142858
6540,The Punk Singer,80.0,1000000,Not Rated,83,75,8,8,3.0,144676,0.144676
6542,Out of the Furnace,116.0,22000000,R,74,63,11,11,2101.0,15434375,0.7015625
6544,Inside Llewyn Davis,104.0,11000000,R,78,93,-15,15,4.0,32943247,2.9948406363636364
6546,Night Train to Lisbon,111.0,12000000,R,70,30,40,40,,2035221,0.16960175
6550,The Last Days on Mars,98.0,10600000,PG-13,54,46,8,8,3.0,261364,0.02465698113207547
6553,White Reindeer,82.0,18000000,Not Rated,48,69,-21,21,,0,0.0
6555,American Hustle,138.0,40000000,R,73,90,-17,17,6.0,257858943,6.446473575
6557,Hours,97.0,21000000,PG-13,67,55,12,12,,1722399,0.082019
6558,Saving Mr. Banks,125.0,35000000,PG-13,76,65,11,11,15.0,114962525,3.2846435714285716
6560,The Hobbit: The Desolation of Smaug,161.0,250000000,PG-13,78,66,12,12,3903.0,959358436,3.837433744
6562,Tyler Perry's A Madea Christmas,100.0,25000000,PG-13,40,28,12,12,2194.0,52543354,2.10173416
6563,Anchorman 2: The Legend Continues,119.0,50000000,R,62,61,1,1,3507.0,172246223,3.44492446
6568,The Selfish Giant,91.0,12000000,Not Rated,77,83,-6,6,2.0,715865,0.05965541666666667
6569,Walking with Dinosaurs,87.0,80000000,PG,40,37,3,3,3231.0,123368842,1.542110525
6570,Wrong Cops,83.0,18000000,Not Rated,61,25,36,36,,0,0.0
6571,47 Ronin,118.0,175000000,PG-13,62,28,34,34,2689.0,151716815,0.8669532285714285
6572,August: Osage County,121.0,25000000,R,71,58,13,13,5.0,50738810,2.0295524
6573,Grudge Match,113.0,40000000,PG-13,64,35,29,29,2838.0,69817991,1.745449775
6575,The Invisible Woman,111.0,12000000,R,71,75,-4,4,3.0,1495398,0.1246165
6576,The Secret Life of Walter Mitty,114.0,91000000,PG,75,54,21,21,2909.0,187861183,2.0644086043956045
6577,The Wolf of Wall Street,180.0,100000000,R,65,75,-10,10,2537.0,389918903,3.89918903
6579,Lone Survivor,121.0,40000000,R,75,60,15,15,2.0,149804632,3.7451158
6582,Interior. Leather Bar.,60.0,12000000,Not Rated,54,47,7,7,,40862,0.0034051666666666666
6583,Paranormal Activity: The Marked Ones,84.0,5000000,R,51,42,9,9,2867.0,90904854,18.1809708
6586,Cold Comes the Night,90.0,21000000,R,53,37,16,16,21.0,32303,0.0015382380952380953
6590,Raze,87.0,60000000,Not Rated,44,41,3,3,2.0,3453,5.755e-05
6591,Return to Nuke 'Em High Volume 1,85.0,10500000,Unrated,50,40,10,10,1.0,4790,0.0004561904761904762
6592,The Adventurer: The Curse of the Midas Box,,25000000,PG,58,39,19,19,,0,0.0
6594,The Legend of Hercules,99.0,70000000,PG-13,21,22,-1,1,2104.0,58953319,0.8421902714285714
6595,The Rocket,96.0,12000000,Not Rated,79,72,7,7,2.0,591749,0.049312416666666664
6596,The Truth About Emanuel,96.0,12000000,Not Rated,58,41,17,17,,4404,0.000367
6599,Big Bad Wolves,110.0,21000000,Not Rated,71,64,7,7,6.0,290835,0.013849285714285715
6600,Devil's Due,89.0,7000000,R,27,34,-7,7,2544.0,36146087,5.163726714285715
6602,Jack Ryan: Shadow Recruit,105.0,60000000,PG-13,59,57,2,2,3387.0,131377412,2.189623533333333
6603,Life of a King,100.0,12000000,PG-13,73,52,21,21,16.0,52666,0.004388833333333333
6606,Ride Along,99.0,25000000,PG-13,56,41,15,15,2663.0,153733800,6.149352
6607,The Nut Job,85.0,30000000,PG,44,37,7,7,3427.0,122529966,4.0843322
6608,24 Exposures,80.0,21000000,Not Rated,30,42,-12,12,,0,0.0
6609,Enemies Closer,85.0,21000000,R,57,49,8,8,,0,0.0
6610,Gimme Shelter,101.0,12000000,PG-13,73,37,36,36,385.0,1359910,0.11332583333333333
6611,Gloria,110.0,12000000,R,71,83,-12,12,3.0,2110357,0.17586308333333334
6612,"I, Frankenstein",92.0,65000000,PG-13,44,30,14,14,2753.0,74575290,1.1473121538461537
6613,Run & Jump,106.0,12000000,Not Rated,53,71,-18,18,2.0,11805,0.00098375
6615,Visitors,87.0,1000000,Not Rated,62,62,0,0,1.0,81470,0.08147
6618,At Middleton,99.0,12000000,R,61,60,1,1,20.0,82993,0.006916083333333333
6619,Best Night Ever,90.0,18000000,R,44,17,27,27,,18861,0.0010478333333333333
6620,Brightest Star,80.0,20750000,Not Rated,60,32,28,28,,0,0.0
6622,That Awkward Moment,94.0,8000000,R,55,36,19,19,2809.0,53068955,6.633619375
6626,A Fantastic Fear of Everything,100.0,10500000,R,47,31,16,16,,0,0.0
6627,A Field in England,90.0,21000000,Not Rated,66,73,-7,7,13.0,32846,0.0015640952380952381
6628,After the Dark,107.0,21000000,R,55,37,18,18,,0,0.0
6629,Cavemen,88.0,18000000,Not Rated,40,19,21,21,,0,0.0
6631,Love & Air Sex,,18000000,Not Rated,58,58,0,0,,6047,0.00033594444444444443
6632,Nurse 3D,84.0,10000000,R,46,29,17,17,,379584,0.0379584
6635,The Monuments Men,118.0,70000000,PG-13,54,52,2,2,3083.0,158702748,2.2671821142857143
6636,The Outsider,94.0,60000000,Not Rated,62,23,39,39,,0,0.0
6637,The Pretty One,90.0,18000000,R,73,53,20,20,1.0,13769,0.0007649444444444444
6638,Vampire Academy,104.0,12000000,PG-13,60,31,29,29,2676.0,7834825,0.6529020833333333
6639,Welcome to the Jungle,95.0,18000000,Not Rated,41,25,16,16,,0,0.0
6640,RoboCop,117.0,120000000,PG-13,62,52,10,10,3372.0,242981799,2.024848325
6641,About Last Night,100.0,13000000,R,60,62,-2,2,2253.0,50445860,3.880450769230769
6642,Adult World,97.0,18000000,R,68,61,7,7,2.0,19731,0.0010961666666666667
6643,Date and Switch,91.0,18000000,R,60,56,4,4,,0,0.0
6645,Endless Love,104.0,20000000,PG-13,43,30,13,13,2896.0,34718173,1.73590865
6646,Girl on a Bicycle,101.0,20750000,R,68,32,36,36,52.0,91401,0.004404867469879518
6647,Jimmy P.,117.0,12000000,Not Rated,57,58,-1,1,,25274,0.0021061666666666668
6652,3 Days to Kill,117.0,28000000,PG-13,57,40,17,17,2872.0,38959900,1.391425
6653,Barefoot,90.0,20750000,PG-13,53,22,31,31,18.0,15071,0.0007263132530120482
6655,Elaine Stritch: Shoot Me,80.0,1000000,Not Rated,78,81,-3,3,2.0,330083,0.330083
6656,In Secret,107.0,21000000,R,71,47,24,24,266.0,696227,0.033153666666666665
6658,Pompeii,105.0,80000000,PG-13,52,39,13,13,2658.0,108469033,1.3558629125
6662,Non-Stop,106.0,50000000,PG-13,70,56,14,14,3090.0,222383055,4.4476611
6663,Odd Thomas,97.0,18000000,PG-13,75,45,30,30,,1321097,0.07339427777777778
6664,Son of God,138.0,22000000,PG-13,41,37,4,4,3260.0,70949793,3.224990590909091
6666,The Bag Man,108.0,21000000,R,54,28,26,26,2.0,137271,0.0065367142857142855
6667,The Lunchbox,104.0,1700000,PG,80,76,4,4,3.0,15517886,9.128168235294117
6668,Particle Fever,99.0,1000000,Not Rated,81,87,-6,6,3.0,869838,0.869838
6669,300: Rise of an Empire,102.0,110000000,R,60,48,12,12,3470.0,330780051,3.0070913727272726
6670,Bethlehem,99.0,21000000,Not Rated,75,68,7,7,26.0,127115,0.0060530952380952385
6672,Haunt,86.0,10000000,R,49,33,16,16,,2648068,0.2648068
6676,Mr. Peabody & Sherman,92.0,145000000,PG,67,59,8,8,3934.0,269806430,1.860734
6678,The Grand Budapest Hotel,100.0,31000000,R,84,88,-4,4,4.0,163503514,5.274306903225806
6680,Bad Words,89.0,10000000,R,63,57,6,6,6.0,7843145,0.7843145
6681,Better Living Through Chemistry,91.0,10500000,Not Rated,59,40,19,19,61.0,72273,0.006883142857142857
6682,Big Men,99.0,1000000,Not Rated,74,90,-16,16,1.0,55032,0.055032
6684,Enemy,90.0,21000000,R,74,61,13,13,1.0,4590834,0.21861114285714286
6689,Shirin in Love,,20750000,Not Rated,60,29,31,31,,0,0.0
6691,The Art of the Steal,90.0,18000000,R,74,53,21,21,60.0,61446,0.003413666666666667
6692,Tyler Perry's The Single Moms Club,111.0,18000000,PG-13,27,31,-4,4,1896.0,15995891,0.8886606111111112
6694,Veronica Mars,107.0,6000000,PG-13,75,62,13,13,291.0,3485383,0.5808971666666667
6698,Cheap Thrills,88.0,100000,Not Rated,73,63,10,10,2.0,59424,0.59424
6699,Divergent,139.0,85000000,PG-13,60,48,12,12,3936.0,276014965,3.247234882352941
6700,It Felt Like Love,82.0,12000000,Not Rated,53,76,-23,23,1.0,33817,0.0028180833333333335
6705,Muppets Most Wanted,107.0,55000000,PG,63,61,2,2,3194.0,79312301,1.4420418363636365
6706,Nymphomaniac: Volume I,118.0,12000000,Not Rated,71,64,7,7,29.0,2094302,0.17452516666666668
6707,Rob the Mob,104.0,12000000,R,67,63,4,4,1.0,206909,0.017242416666666666
6711,Breathe In,98.0,12000000,R,66,60,6,6,18.0,162339,0.01352825
6712,Cesar Chavez,102.0,12000000,PG-13,55,51,4,4,664.0,5571497,0.4642914166666667
6713,Finding Vivian Maier,83.0,1000000,Not Rated,81,75,6,6,3.0,3596550,3.59655
6714,Hide Your Smiling Faces,81.0,12000000,Not Rated,71,69,2,2,,3576,0.000298
6715,Mistaken for Strangers,75.0,1000000,Not Rated,83,72,11,11,9.0,248397,0.248397
6716,Noah,138.0,130000000,PG-13,54,68,-14,14,3567.0,352831065,2.7140851153846155
6717,Sabotage,109.0,35000000,R,53,41,12,12,2486.0,18376443,0.5250412285714285
6720,The Retrieval,92.0,30000000,R,78,75,3,3,1.0,50257,0.0016752333333333333
6721,The Unknown Known,103.0,1000000,PG-13,68,69,-1,1,18.0,275658,0.275658
6722,Alan Partridge,90.0,18000000,R,69,66,3,3,3.0,8253426,0.45852366666666666
6723,Alien Abduction,85.0,21000000,Not Rated,58,46,12,12,13.0,12087,0.0005755714285714285
6724,Captain America: The Winter Soldier,136.0,170000000,PG-13,85,70,15,15,3938.0,714401889,4.202364052941176
6725,Goodbye World,99.0,18000000,Not Rated,51,36,15,15,,0,0.0
6727,In the Blood,108.0,60000000,R,47,40,7,7,,650881,0.010848016666666667
6728,Island of Lemurs: Madagascar,39.0,1000000,G,52,66,-14,14,37.0,11689591,11.689591
6729,Nymphomaniac: Volume II,123.0,12000000,Not Rated,65,60,5,5,2.0,653914,0.05449283333333333
6730,The Galapagos Affair: Satan Came to Eden,120.0,1000000,Not Rated,69,69,0,0,1.0,247159,0.247159
6732,Under the Skin,108.0,13300000,R,68,80,-12,12,4.0,7229933,0.543603984962406
6735,Cuban Fury,98.0,18000000,R,75,52,23,23,79.0,4157105,0.23095027777777777
6737,Draft Day,109.0,25000000,R,67,54,13,13,2781.0,29847480,1.1938992
6739,Hateship Loveship,104.0,12000000,R,73,59,14,14,3.0,51610,0.004300833333333334
6740,Joe,117.0,4000000,R,72,74,-2,2,,373375,0.09334375
6741,"No God, No Master",94.0,12000000,PG-13,60,48,12,12,,6796,0.0005663333333333333
6742,Oculus,104.0,5000000,R,31,61,-30,30,2648.0,44115496,8.8230992
6744,Perfect Sisters,100.0,12000000,Not Rated,65,44,21,21,,0,0.0
6745,Rio 2,101.0,130000000,G,61,49,12,12,3948.0,492846291,3.7911253153846154
6746,The Railway Man,116.0,18000000,R,71,59,12,12,4.0,23910210,1.328345
6748,Transcendence,119.0,100000000,PG-13,60,42,18,18,3455.0,103039258,1.03039258
6749,13 Sins,88.0,4000000,R,67,44,23,23,45.0,47552,0.011888
6750,A Haunted House 2,86.0,4000000,R,37,17,20,20,2310.0,21206861,5.30171525
6751,A Promise,98.0,12000000,Not Rated,26,36,-10,10,,1505231,0.12543591666666667
6753,Bears,78.0,1000000,G,71,68,3,3,1720.0,18151746,18.151746
6754,Fading Gigolo,90.0,18000000,R,59,58,1,1,5.0,25770059,1.4316699444444445
6757,Proxy,120.0,21000000,Not Rated,54,57,-3,3,,0,0.0
6763,Blue Ruin,90.0,420000,Not Rated,74,78,-4,4,7.0,437002,1.0404809523809524
6764,Brick Mansions,90.0,28000000,PG-13,55,40,15,15,2647.0,73421224,2.6221865714285713
6766,For No Good Reason,89.0,1000000,R,83,56,27,27,2.0,67105,0.067105
6767,Last Passenger,97.0,21000000,R,55,66,-11,11,10.0,26249,0.0012499523809523809
6768,Locke,85.0,2000000,R,78,81,-3,3,4.0,2088390,1.044195
6772,The Machine,91.0,21000000,R,69,52,17,17,,0,0.0
6773,The Other Woman,109.0,40000000,PG-13,67,39,28,28,3205.0,195111193,4.877779825
6774,The Quiet Ones,98.0,10000000,PG-13,45,41,4,4,2027.0,18413804,1.8413804
6775,Walking with the Enemy,124.0,12000000,Not Rated,62,44,18,18,,0,0.0
6778,Farmland,77.0,1000000,Not Rated,53,32,21,21,,0,0.0
6779,Bad Johnson,88.0,18000000,Not Rated,36,25,11,11,,3361,0.0001867222222222222
6780,Belle,104.0,12000000,PG,74,64,10,10,4.0,16511348,1.3759456666666667
6781,Beneath the Harvest Sky,116.0,12000000,Not Rated,68,62,6,6,,34768,0.0028973333333333334
6783,Decoding Annie Parker,91.0,12000000,R,75,56,19,19,13.0,49069,0.0040890833333333335
6787,Ida,82.0,2600000,PG-13,75,91,-16,16,3.0,15298355,5.8839826923076926
6789,The Amazing Spider-Man 2,142.0,200000000,PG-13,63,53,10,10,4324.0,708996336,3.54498168
6791,Walk of Shame,95.0,18000000,R,48,25,23,23,51.0,5565259,0.30918105555555553
6792,Chef,114.0,18000000,R,77,68,9,9,6.0,46829309,2.601628277777778
6794,Fed Up,92.0,1000000,Not Rated,70,71,-1,1,18.0,1546228,1.546228
6798,Neighbors,97.0,18000000,R,63,68,-5,5,3279.0,270944428,15.052468222222222
6799,Palo Alto,100.0,1000000,R,68,69,-1,1,4.0,1156309,1.156309
6800,Stage Fright,89.0,10000000,R,81,39,42,42,11.0,7126,0.0007126
6801,The Double,93.0,21000000,R,64,68,-4,4,2.0,2266181,0.10791338095238096
6804,A Night in Old Mexico,103.0,12000000,Not Rated,53,45,8,8,,0,0.0
6808,Don Peyote,98.0,12000000,Not Rated,30,14,16,16,,0,0.0
6809,Godzilla,123.0,160000000,PG-13,68,62,6,6,3952.0,529076069,3.30672543125
6810,Half of a Yellow Sun,111.0,12000000,R,62,51,11,11,1.0,92399,0.0076999166666666665
6811,Million Dollar Arm,124.0,25000000,PG,71,56,15,15,3019.0,39217912,1.56871648
6813,The Immigrant,120.0,16000000,R,73,77,-4,4,3.0,7585011,0.4740631875
6814,Wolf Creek 2,106.0,10000000,Not Rated,60,44,16,16,,165329,0.0165329
6815,Blended,117.0,45000000,PG-13,58,31,27,27,3555.0,127990741,2.844238688888889
6816,Cold in July,109.0,21000000,Not Rated,73,73,0,0,,1792577,0.08536080952380952
6817,Gore Vidal: The United States of Amnesia,83.0,1000000,Not Rated,86,72,14,14,,133296,0.133296
6818,Stand Clear of the Closing Doors,102.0,12000000,Not Rated,68,86,-18,18,1.0,17282,0.0014401666666666666
6819,The Angriest Man in Brooklyn,83.0,18000000,R,51,21,30,30,,127167,0.0070648333333333336
6822,The Love Punch,94.0,18000000,PG-13,39,44,-5,5,,2890810,0.16060055555555555
6823,Words and Pictures,111.0,20750000,PG-13,59,49,10,10,10.0,3345795,0.1612431325301205
6824,X-Men: Days of Future Past,131.0,200000000,PG-13,82,75,7,7,3996.0,747862775,3.739313875
6828,Elena,80.0,21000000,Not Rated,67,81,-14,14,1.0,25866,0.0012317142857142856
6830,Korengal,84.0,1000000,R,68,67,1,1,1.0,102538,0.102538
6831,Lucky Them,97.0,20750000,R,64,65,-1,1,1.0,81819,0.003943084337349398
6832,Maleficent,97.0,180000000,PG,68,56,12,12,3948.0,758536735,4.214092972222222
6833,Night Moves,112.0,21000000,R,69,75,-6,6,2.0,1374431,0.06544909523809524
6834,The Grand Seduction,113.0,18000000,PG-13,69,57,12,12,94.0,3669858,0.203881
6837,Anna,99.0,30000000,R,67,42,25,25,,1200000,0.04
6839,Burning Blue,96.0,12000000,R,43,29,14,14,,0,0.0
6842,Edge of Tomorrow,113.0,178000000,PG-13,86,71,15,15,3490.0,367028980,2.0619605617977528
6843,Obvious Child,84.0,1000000,R,66,76,-10,10,3.0,3324070,3.32407
6844,Ping Pong Summer,92.0,18000000,Not Rated,61,52,9,9,17.0,82282,0.004571222222222222
6846,Supermensch: The Legend of Shep Gordon,85.0,1000000,R,66,64,2,2,3.0,215245,0.215245
6847,Test,89.0,250000,Not Rated,68,70,-2,2,,18823,0.075292
6848,The Case Against 8,109.0,1000000,Not Rated,75,78,-3,3,,5365,0.005365
6849,The Fault in Our Stars,126.0,12000000,PG-13,74,69,5,5,3173.0,307166834,25.597236166666665
6851,The Sacrament,95.0,10000000,R,59,49,10,10,1.0,9221,0.0009221
6852,Trust Me,90.0,18000000,R,80,51,29,29,,247123,0.013729055555555555
6853,Willow Creek,77.0,10000000,Not Rated,59,62,-3,3,,0,0.0
6855,22 Jump Street,112.0,50000000,R,80,71,9,9,3306.0,331333876,6.62667752
6857,All Cheerleaders Die,89.0,10500000,Not Rated,58,45,13,13,,0,0.0
6859,Hellion,94.0,12000000,Not Rated,68,55,13,13,1.0,51748,0.004312333333333333
6860,How to Train Your Dragon 2,102.0,145000000,PG,83,77,6,6,4253.0,614586270,4.238526
6863,Lullaby,117.0,12000000,R,56,35,21,21,,0,0.0
6866,The Human Race,87.0,60000000,Not Rated,72,32,40,40,,0,0.0
6867,The Rover,103.0,8500000,R,71,64,7,7,5.0,3180252,0.3741472941176471
6868,The Signal,97.0,4000000,PG-13,61,54,7,7,120.0,2665322,0.6663305
6871,Code Black,78.0,1000000,Not Rated,63,77,-14,14,1.0,190229,0.190229
6872,Coherence,89.0,12000000,Not Rated,80,65,15,15,2.0,102617,0.008551416666666667
6873,Exhibition,104.0,12000000,Not Rated,63,72,-9,9,,14344,0.0011953333333333334
6874,Jersey Boys,134.0,40000000,R,66,54,12,12,2905.0,65282732,1.6320683
6879,Think Like a Man Too,106.0,24000000,PG-13,39,38,1,1,2225.0,70027933,2.9178305416666666
6880,Third Person,137.0,12000000,R,50,38,12,12,5.0,2089310,0.17410916666666668
6883,Yves Saint Laurent,106.0,12000000,R,58,51,7,7,2.0,1493394,0.1244495
6884,Archipelago,114.0,12000000,Not Rated,66,82,-16,16,,10380,0.000865
6885,Begin Again,104.0,8000000,R,82,62,20,20,5.0,67755598,8.46944975
6888,Postman Pat: The Movie,88.0,72250000,Not Rated,63,44,19,19,,8660022,0.11986189619377163
6892,They Came Together,83.0,3000000,R,60,60,0,0,,82780,0.027593333333333334
6895,Unrelated,100.0,12000000,Not Rated,55,74,-19,19,,4419,0.00036825
6896,Whitey: United States of America v. James J. Bulger,107.0,1000000,R,73,71,2,2,3.0,75881,0.075881
6897,America: Imagine a World Without Her,105.0,1000000,PG-13,57,15,42,42,3.0,14444502,14.444502
6899,Earth to Echo,91.0,13000000,PG,51,53,-2,2,3230.0,42174545,3.2441957692307692
6900,Premature,93.0,18000000,R,65,34,31,31,,0,0.0
6901,Tammy,97.0,20000000,R,30,39,-9,9,3465.0,96407655,4.82038275
6903,Life Itself,120.0,12000000,R,83,87,-4,4,23.0,819245,0.06827041666666667
6908,A Long Way Down,96.0,12000000,R,62,34,28,28,1.0,757280,0.06310666666666667
6910,Boyhood,165.0,4000000,R,75,100,-25,25,5.0,57273049,14.31826225
6911,Dawn of the Planet of the Apes,130.0,170000000,PG-13,82,79,3,3,3967.0,710644566,4.180262152941176
6913,Land Ho!,95.0,18000000,R,62,68,-6,6,4.0,727430,0.04041277777777778
6914,Made in America,,1000000,Not Rated,41,48,-7,7,,0,0.0
6916,Road to Paloma,91.0,12000000,R,69,44,25,25,,2191,0.00018258333333333332
6921,Alive Inside,78.0,1000000,Not Rated,78,67,11,11,1.0,256682,0.256682
6922,Among Ravens,103.0,12000000,Not Rated,9,8,1,1,,0,0.0
6924,I Origins,106.0,1000000,R,76,57,19,19,4.0,852399,0.852399
6926,Persecuted,91.0,12000000,PG-13,28,11,17,17,736.0,1557494,0.12979116666666668
6928,Sex Tape,94.0,40000000,R,31,36,-5,5,3062.0,126069509,3.151737725
6929,The Purge: Anarchy,103.0,9000000,R,64,50,14,14,2806.0,111534881,12.392764555555555
6931,Wish I Was Here,106.0,6000000,R,74,43,31,31,68.0,6591365,1.0985608333333332
6934,A Most Wanted Man,122.0,15000000,R,70,73,-3,3,361.0,36068890,2.404592666666667
6935,And So It Goes,94.0,18000000,PG-13,61,38,23,23,1762.0,17920013,0.9955562777777778
6937,Happy Christmas,88.0,70000,R,55,70,-15,15,4.0,30312,0.43302857142857143
6938,Hercules,98.0,100000000,PG-13,63,47,16,16,3595.0,243388614,2.43388614
6939,Lucy,89.0,40000000,R,72,61,11,11,3173.0,457507776,11.4376944
6940,Magic in the Moonlight,97.0,20750000,PG-13,64,54,10,10,17.0,33518508,1.61534978313253
6941,The Fluffy Movie,101.0,10000000,PG-13,69,56,13,13,432.0,2827393,0.2827393
6942,The Kill Team,79.0,60000000,Not Rated,72,72,0,0,1.0,19183,0.0003197166666666667
6943,Very Good Girls,91.0,12000000,R,51,35,16,16,,0,0.0
6945,Behaving Badly,97.0,18000000,R,65,18,47,47,,39952,0.0022195555555555553
6946,Cabin Fever: Patient Zero,91.0,10000000,Not Rated,40,30,10,10,,0,0.0
6947,Calvary,100.0,10500000,R,74,77,-3,3,4.0,16887741,1.6083562857142857
6948,Child of God,104.0,12000000,R,42,50,-8,8,8.0,37949,0.0031624166666666667
6949,Finding Fela!,119.0,1000000,Not Rated,75,64,11,11,,123862,0.123862
6951,Guardians of the Galaxy,121.0,170000000,PG-13,84,76,8,8,4080.0,770882395,4.534602323529412
6954,Rich Hill,91.0,1000000,Not Rated,79,75,4,4,,0,0.0
6957,Web Junkie,74.0,1000000,Not Rated,54,67,-13,13,,5338,0.005338
6958,About Alex,96.0,12000000,R,51,45,6,6,,0,0.0
6962,Into the Storm,89.0,50000000,PG-13,52,44,8,8,3434.0,150429371,3.00858742
6964,Teenage Mutant Ninja Turtles,101.0,125000000,PG-13,51,31,20,20,3845.0,485004754,3.880038032
6966,The Hundred-Foot Journey,122.0,22000000,PG,70,55,15,15,2023.0,94270488,4.2850221818181815
6968,What If,98.0,20750000,PG-13,72,59,13,13,20.0,3590207,0.17302202409638553
6973,Dinosaur 13,95.0,1000000,PG,67,66,1,1,,2500,0.0025
6974,Frank,95.0,18000000,R,71,75,-4,4,1.0,2783483,0.15463794444444445
6976,Life After Beth,89.0,10500000,R,66,50,16,16,2.0,334491,0.03185628571428571
6977,Septic Man,83.0,10000000,R,31,8,23,23,,0,0.0
6978,The Expendables 3,126.0,100000000,PG-13,58,35,23,23,3221.0,209461378,2.09461378
6979,The Giver,97.0,25000000,PG-13,63,47,16,16,3003.0,66540205,2.6616082
6980,The Trip to Italy,108.0,18000000,Not Rated,59,75,-16,16,3.0,5984607,0.3324781666666667
6984,Are You Here,114.0,18000000,R,58,37,21,21,,978503,0.05436127777777778
6985,Cam2Cam,91.0,10000000,Unrated,73,28,45,45,,0,0.0
6986,If I Stay,107.0,11000000,PG-13,59,46,13,13,2907.0,78356170,7.1232881818181815
6993,The One I Love,91.0,20750000,R,69,66,3,3,8.0,606849,0.029245734939759037
6994,The Possession of Michael King,83.0,1300000,R,46,34,12,12,,2736371,2.104900769230769
6995,The Prince,93.0,18000000,R,36,19,17,17,,0,0.0
6996,To Be Takei,94.0,1000000,Not Rated,48,66,-18,18,22.0,51481,0.051481
6997,When the Game Stands Tall,115.0,15000000,PG,71,41,30,30,2673.0,30138912,2.0092608
6998,Starred Up,106.0,12000000,Not Rated,81,81,0,0,2.0,121707,0.01014225
6999,The November Man,108.0,15000000,Unrated,56,38,18,18,2776.0,34820335,2.321355666666667
7001,"As Above, So Below",93.0,5000000,R,63,38,25,25,2640.0,41824066,8.3648132
7002,Jamie Marks Is Dead,101.0,21000000,Not Rated,58,49,9,9,,0,0.0
7004,Last Weekend,94.0,18000000,Not Rated,51,40,11,11,1.0,26111,0.001450611111111111
7005,Life of Crime,98.0,18000000,R,64,60,4,4,37.0,265452,0.014747333333333333
7007,The Calling,108.0,21000000,R,60,46,14,14,,0,0.0
7009,The Last of Robin Hood,94.0,12000000,R,41,46,-5,5,2.0,171138,0.0142615
7013,Frontera,103.0,2300000,PG-13,73,58,15,15,3.0,59696,0.025954782608695652
7014,God Help the Girl,111.0,27000000,Not Rated,71,58,13,13,2.0,102757,0.003805814814814815
7016,Kelly & Cal,111.0,18000000,Not Rated,47,64,-17,17,1.0,15297,0.0008498333333333333
7017,Last Days in Vietnam,98.0,1000000,Not Rated,78,86,-8,8,2.0,466114,0.466114
7021,The Identical,107.0,12000000,PG,34,25,9,9,1956.0,2827666,0.23563883333333333
7022,The Longest Week,86.0,18000000,PG-13,50,34,16,16,,0,0.0
7023,Thunder and the House of Magic,85.0,34000000,Not Rated,53,47,6,6,10.0,62582520,1.8406623529411765
7026,My Old Lady,107.0,5000000,PG-13,67,52,15,15,11.0,15220308,3.0440616
7029,Bird People,127.0,12000000,Not Rated,71,70,1,1,1.0,144035,0.012002916666666667
7030,Dolphin Tale 2,107.0,36000000,PG,54,58,-4,4,3656.0,57824533,1.6062370277777778
7031,Honeymoon,87.0,10000000,R,67,65,2,2,2.0,9318,0.0009318
7033,No Good Deed,84.0,13200000,PG-13,46,26,20,20,2175.0,54323210,4.115394696969697
7035,Take Me to the River,95.0,1000000,PG,38,56,-18,18,12.0,68598,0.068598
7037,The Drop,106.0,12600000,R,74,69,5,5,809.0,19054534,1.5122646031746032
7038,The Green Prince,101.0,1000000,Not Rated,57,67,-10,10,4.0,480408,0.480408
7039,The Skeleton Twins,93.0,1000000,R,72,74,-2,2,15.0,5797192,5.797192
7040,"20,000 Days on Earth",97.0,1000000,Not Rated,66,83,-17,17,1.0,1980839,1.980839
7041,The Guest,99.0,21000000,R,87,76,11,11,19.0,2107051,0.1003357619047619
7042,A Walk Among the Tombstones,114.0,28000000,R,64,57,7,7,2712.0,62108587,2.2181638214285715
7043,Art and Craft,89.0,1000000,Not Rated,78,68,10,10,2.0,237091,0.237091
7044,Fort Bliss,116.0,12000000,Not Rated,66,68,-2,2,,0,0.0
7045,Hector and the Search for Happiness,114.0,20750000,R,84,29,55,55,4.0,2918799,0.14066501204819276
7049,Reclaim,96.0,21000000,R,41,26,15,15,,0,0.0
7050,Space Station 76,93.0,18000000,R,55,49,6,6,,0,0.0
7052,The Maze Runner,113.0,34000000,PG-13,68,57,11,11,3604.0,348319861,10.244701794117647
7053,The Scribbler,88.0,21000000,R,76,32,44,44,,0,0.0
7054,The Zero Theorem,107.0,12000000,R,66,50,16,16,2.0,1023053,0.08525441666666667
7056,Tracks,112.0,12000000,PG-13,72,78,-6,6,4.0,7406230,0.6171858333333333
7057,Tusk,102.0,3000000,R,54,55,-1,1,602.0,1887554,0.6291846666666666
7060,Good People,90.0,12000000,R,53,42,11,11,,2766137,0.23051141666666666
7063,Lilting,91.0,12000000,Not Rated,63,61,2,2,1.0,47680,0.003973333333333333
7064,Plastic,102.0,10000000,R,38,32,6,6,,575371,0.0575371
7065,Pride,120.0,12000000,R,77,79,-2,2,6.0,7285099,0.6070915833333334
7066,The Boxtrolls,96.0,60000000,PG,70,61,9,9,3464.0,111898741,1.8649790166666667
7067,The Equalizer,132.0,55000000,R,70,57,13,13,3236.0,192903624,3.507338618181818
7068,The Two Faces of January,96.0,21000000,PG-13,64,66,-2,2,6.0,10201340,0.48577809523809523
7069,Two Night Stand,86.0,1600000,R,64,45,19,19,5.0,868081,0.542550625
7073,Annabelle,99.0,6500000,R,50,37,13,13,3185.0,256862920,39.517372307692305
7074,Drive Hard,92.0,12000000,Not Rated,34,29,5,5,,0,0.0
7076,Gone Girl,149.0,61000000,R,82,79,3,3,3014.0,367160781,6.019029196721312
7077,Harmontown,101.0,1000000,Not Rated,66,61,5,5,,0,0.0
7078,Inner Demons,85.0,10000000,Not Rated,53,35,18,18,,0,0.0
7080,Left Behind,110.0,16000000,PG-13,26,12,14,14,1825.0,20769209,1.2980755625
7083,The Good Lie,110.0,12000000,PG-13,72,65,7,7,461.0,2785563,0.23213025
7084,The Hero of Color City,77.0,72250000,G,22,33,-11,11,69.0,662188,0.009165231833910034
7086,Addicted,106.0,5000000,R,23,32,-9,9,846.0,17499242,3.4998484
7087,"Alexander and the Terrible, Horrible, No Good, Very Bad Day",81.0,28000000,PG,59,54,5,5,3088.0,101379287,3.6206888214285713
7090,Dracula Untold,92.0,70000000,PG-13,64,40,24,24,2887.0,220241723,3.1463103285714284
7091,I Am Ali,111.0,1000000,PG,76,55,21,21,11.0,6526,0.006526
7092,Kill the Messenger,112.0,5000000,R,71,60,11,11,374.0,6656705,1.331341
7093,Kite,90.0,60000000,R,27,19,8,8,,0,0.0
7095,St. Vincent,102.0,13000000,PG-13,75,64,11,11,4.0,54837234,4.218248769230769
7098,The Judge,141.0,50000000,R,71,48,23,23,3003.0,76073556,1.52147112
7099,The Overnighters,102.0,1000000,PG-13,75,89,-14,14,1.0,120610,0.12061
7101,Whiplash,107.0,3300000,R,89,88,1,1,6.0,39123993,11.855755454545454
7102,You're Not You,102.0,12000000,R,67,56,11,11,,921741,0.07681175
7105,Camp X-Ray,117.0,1000000,R,73,54,19,19,1.0,101053,0.101053
7106,Dear White People,108.0,1250000,R,43,79,-36,36,11.0,5403771,4.3230168
7107,Felony,105.0,21000000,Not Rated,56,52,4,4,,0,0.0
7108,Fury,134.0,80000000,R,73,64,9,9,3173.0,210315681,2.6289460125
7109,Housebound,107.0,1500000,Not Rated,77,76,1,1,,236863,0.15790866666666667
7110,Listen Up Philip,108.0,10500000,Not Rated,64,76,-12,12,2.0,228263,0.021739333333333333
7111,Rudderless,105.0,5000000,R,86,52,34,34,18.0,584499,0.1168998
7112,The Best of Me,118.0,26000000,PG-13,53,29,24,24,2936.0,41059418,1.5792083846153846
7113,The Book of Life,95.0,50000000,PG,73,67,6,6,3071.0,97651543,1.95303086
7116,Young Ones,100.0,60000000,R,52,47,5,5,,112814,0.0018802333333333334
7119,23 Blast,98.0,1000000,PG-13,38,45,-7,7,617.0,549185,0.549185
7121,Exists,81.0,10000000,R,52,22,30,30,,47076,0.0047076
7123,Glen Campbell: I'll Be Me,116.0,1000000,PG,77,79,-2,2,10.0,365522,0.365522
7124,John Wick,101.0,30000000,R,81,68,13,13,2589.0,76010510,2.5336836666666667
7125,Laggies,99.0,20750000,R,66,63,3,3,5.0,2262436,0.10903306024096386
7127,Low Down,114.0,12000000,R,70,58,12,12,1.0,52337,0.004361416666666667
7128,Ouija,89.0,5000000,PG-13,79,38,41,41,2858.0,103300632,20.6601264
7129,Revenge of the Green Dragons,94.0,5000000,R,69,36,33,33,,213164,0.0426328
7131,White Bird in a Blizzard,91.0,12000000,R,57,51,6,6,4.0,617419,0.051451583333333335
7136,Before I Go to Sleep,92.0,22000000,R,54,41,13,13,1935.0,19563579,0.889253590909091
7137,Hit by Lightning,89.0,18000000,Not Rated,45,31,14,14,,0,0.0
7138,Horns,120.0,10000000,R,64,46,18,18,105.0,250398,0.0250398
7139,Nightcrawler,117.0,8500000,R,86,76,10,10,2766.0,50334418,5.921696235294117
7143,Interstellar,169.0,165000000,PG-13,85,74,11,11,3561.0,651994868,3.9514840484848484
7145,21 Years: Richard Linklater,78.0,1000000,Not Rated,49,51,-2,2,,0,0.0
7146,A Merry Friggin' Christmas,88.0,18000000,PG-13,58,28,30,30,,0,0.0
7149,Big Hero 6,102.0,165000000,PG,78,74,4,4,3761.0,649657407,3.9373176181818184
7150,Elsa & Fred,97.0,20750000,PG-13,49,49,0,0,,197901,0.009537397590361445
7151,Jessabelle,90.0,10000000,PG-13,53,37,16,16,,6998359,0.6998359
7152,On Any Sunday: The Next Chapter,90.0,1000000,PG,50,53,-3,3,231.0,509916,0.509916
7153,Open Windows,100.0,60000000,Not Rated,80,47,33,33,,473486,0.007891433333333333
7154,Pelican Dreams,80.0,1000000,Not Rated,64,66,-2,2,,0,0.0
7155,The Better Angels,95.0,12000000,PG,40,53,-13,13,,0,0.0
7156,The Theory of Everything,123.0,15000000,PG-13,78,71,7,7,5.0,123327692,8.221846133333333
7160,Bad Turn Worse,92.0,12000000,Not Rated,69,62,7,7,,0,0.0
7161,Beyond the Lights,116.0,7000000,PG-13,65,73,-8,8,1789.0,14618727,2.0883895714285714
7163,Dumb and Dumber To,109.0,40000000,PG-13,55,36,19,19,3154.0,156553592,3.9138398
7164,Foxcatcher,129.0,24000000,R,71,81,-10,10,6.0,19303058,0.8042940833333333
7166,Miss Meadows,88.0,12000000,Not Rated,66,43,23,23,,0,0.0
7169,Rosewater,103.0,10000000,Not Rated,73,67,6,6,371.0,3185717,0.3185717
7171,The Homesman,122.0,16000000,R,65,68,-3,3,4.0,8217571,0.5135981875
7173,Wolves,91.0,18000000,R,59,37,22,22,,94953,0.005275166666666667
7175,Happy Valley,98.0,1000000,Not Rated,75,76,-1,1,4.0,23868,0.023868
7177,A Girl Walks Home Alone at Night,99.0,10000000,Not Rated,71,81,-10,10,,628020,0.062802
7179,Extraterrestrial,101.0,10000000,Not Rated,48,38,10,10,,71103,0.0071103
7181,Late Phases,95.0,10000000,Not Rated,53,51,2,2,,0,0.0
7183,Reach Me,95.0,5000000,R,52,21,31,31,,0,0.0
7184,The Hunger Games: Mockingjay - Part 1,123.0,125000000,PG-13,63,64,-1,1,4151.0,766575131,6.132601048
7186,V/H/S: Viral,82.0,10000000,R,35,38,-3,3,4.0,59981,0.0059981
7187,Horrible Bosses 2,108.0,40000000,R,59,40,19,19,3375.0,105945357,2.648633925
7188,Penguins of Madagascar,92.0,132000000,PG,66,53,13,13,3764.0,366942531,2.7798676590909093
7189,Antarctica: A Year on Ice,91.0,1000000,PG,80,69,11,11,8.0,288757,0.288757
7190,Before I Disappear,93.0,12000000,Not Rated,71,47,24,24,1.0,8251,0.0006875833333333333
7192,The Babadook,93.0,2000000,Not Rated,84,86,-2,2,3.0,7482387,3.7411935
7193,The Imitation Game,114.0,15000000,PG-13,81,71,10,10,4.0,227328585,15.155239
7196,Wild,115.0,15000000,R,72,74,-2,2,21.0,52460543,3.4973695333333334
7197,Zero Motivation,97.0,12000000,Not Rated,75,69,6,6,1.0,141863,0.011821916666666666
7198,Comet,91.0,20750000,Not Rated,86,52,34,34,,7194,0.0003466987951807229
7200,Dying of the Light,94.0,5000000,R,31,31,0,0,,74639,0.0149278
7201,Life Partners,93.0,18000000,Not Rated,59,57,2,2,3.0,8265,0.0004591666666666667
7202,Miss Julie,129.0,5500000,Not Rated,71,56,15,15,,863895,0.15707181818181817
7203,Murder of a Cat,101.0,18000000,Not Rated,25,31,-6,6,,0,0.0
7204,Pioneer,111.0,21000000,R,56,58,-2,2,2.0,22894,0.0010901904761904762
7206,She's Beautiful When She's Angry,92.0,1000000,Not Rated,78,80,-2,2,1.0,423143,0.423143
7209,The Pyramid,89.0,10000000,R,52,24,28,28,589.0,15031294,1.5031294
7212,Exodus: Gods and Kings,150.0,140000000,PG-13,48,52,-4,4,3503.0,268314513,1.9165322357142858
7213,Free the Nipple,84.0,18000000,Not Rated,40,33,7,7,1.0,935,5.1944444444444446e-05
7214,Inherent Vice,,20000000,R,73,81,-8,8,5.0,14772346,0.7386173
7216,Maidan,134.0,1000000,Not Rated,60,86,-26,26,,0,0.0
7218,The Captive,112.0,21000000,Not Rated,52,36,16,16,134.0,727767,0.03465557142857143
7221,Top Five,102.0,12000000,R,68,81,-13,13,979.0,26001741,2.16681175
7223,Goodbye to All That,87.0,12000000,Not Rated,70,62,8,8,,13790,0.0011491666666666666
7225,The Hobbit: The Battle of the Five Armies,144.0,250000000,PG-13,70,59,11,11,3875.0,940389558,3.761558232
7226,Annie,118.0,65000000,PG,52,33,19,19,3116.0,139829625,2.151225
7227,Mr. Turner,150.0,14000000,R,69,94,-25,25,5.0,25187026,1.7990732857142857
7228,Night at the Museum: Secret of the Tomb,98.0,127000000,PG,60,47,13,13,3785.0,353756621,2.7854852047244094
7229,Song of the Sea,93.0,72250000,PG,83,85,-2,2,1.0,9371908,0.12971498961937716
7232,American Sniper,132.0,58000000,R,65,72,-7,7,4.0,547326372,9.436661586206897
7233,Big Eyes,106.0,10000000,PG-13,72,62,10,10,1307.0,27317872,2.7317872
7234,Into the Woods,125.0,56200000,PG,60,69,-9,9,2440.0,212550576,3.78203871886121
7237,The Gambler,111.0,25000000,R,55,55,0,0,,38718031,1.54872124
7238,The Interview,112.0,44000000,R,61,52,9,9,,12342632,0.2805143636363636
7239,Unbroken,137.0,65000000,PG-13,65,59,6,6,3131.0,163527824,2.515812676923077
7241,A Most Violent Year,125.0,20000000,R,70,79,-9,9,4.0,8869722,0.4434861
7242,Li'l Quinquin,200.0,18000000,Not Rated,77,79,-2,2,,14046,0.0007803333333333333
7245,The Woman in Black 2: Angel of Death,98.0,10000000,PG-13,44,42,2,2,2602.0,45006692,4.5006692
7247,Dark Summer,81.0,21000000,Not Rated,35,31,4,4,,0,0.0
7251,Preservation,90.0,10000000,Not Rated,40,44,-4,4,,0,0.0
7253,Taken 3,109.0,48000000,PG-13,47,26,21,21,3594.0,327656424,6.8261755
7257,Match,90.0,18000000,Not Rated,60,62,-2,2,3.0,30566,0.0016981111111111112
7258,Appropriate Behavior,86.0,18000000,Not Rated,71,73,-2,2,11.0,109097,0.006060944444444444
7259,Blackhat,133.0,70000000,R,55,51,4,4,2567.0,19665004,0.2809286285714286
7261,Little Accidents,105.0,12000000,Not Rated,53,56,-3,3,17.0,8649,0.00072075
7265,Spare Parts,83.0,12000000,PG-13,75,50,25,25,440.0,3701281,0.30844008333333334
7267,The Wedding Ringer,101.0,23000000,R,33,35,-2,2,3003.0,80171596,3.4857215652173914
7268,Vice,96.0,60000000,Not Rated,18,17,1,1,,935485,0.015591416666666667
7269,We'll Never Have Paris,92.0,20750000,R,28,36,-8,8,,0,0.0
7270,Black Sea,114.0,21000000,R,66,62,4,4,5.0,3332071,0.15867004761904763
7271,Cake,102.0,12000000,R,63,49,14,14,482.0,2255399,0.18794991666666666
7272,Manny,88.0,1000000,PG-13,46,35,11,11,,0,0.0
7274,Mortdecai,107.0,60000000,R,35,27,8,8,2648.0,30396134,0.5066022333333333
7275,R100,99.0,5500000,Not Rated,60,57,3,3,10.0,24956,0.004537454545454545
7277,Song One,86.0,6000000,PG-13,69,48,21,21,27.0,437089,0.07284816666666667
7278,Strange Magic,99.0,72250000,PG,51,25,26,26,3020.0,13741343,0.19019159861591695
7279,The Boy Next Door,91.0,4000000,R,53,30,23,23,2602.0,53401938,13.3504845
7280,The Duke of Burgundy,104.0,12000000,Not Rated,69,87,-18,18,3.0,178459,0.014871583333333334
7281,The Humbling,112.0,12000000,R,54,59,-5,5,,341495,0.028457916666666666
7284,Above and Beyond,90.0,1300000,Not Rated,80,69,11,11,1.0,288751,0.22211615384615385
7285,Alien Outpost,90.0,21000000,Not Rated,51,26,25,25,,45769,0.0021794761904761904
7287,Black or White,121.0,9000000,PG-13,73,45,28,28,1823.0,21971021,2.4412245555555554
7290,Project Almanac,106.0,12000000,PG-13,54,47,7,7,2893.0,32909437,2.7424530833333334
7293,Wild Card,92.0,30000000,R,53,40,13,13,,4315789,0.14385963333333332
7295,Ballet 422,75.0,1000000,PG,60,74,-14,14,2.0,333554,0.333554
7297,Jupiter Ascending,127.0,179000000,PG-13,44,40,4,4,3885.0,181982519,1.0166621173184358
7300,Matt Shepard Is a Friend of Mine,89.0,1000000,Not Rated,76,75,1,1,,0,0.0
7301,Outcast,99.0,72250000,Not Rated,37,33,4,4,,3820123,0.052873674740484426
7303,The SpongeBob Movie: Sponge Out of Water,92.0,74000000,PG,66,62,4,4,3641.0,311013181,4.202880824324324
7304,The Voices,103.0,18000000,R,69,58,11,11,,2243672,0.12464844444444445
7306,Fifty Shades of Grey,125.0,40000000,R,29,46,-17,17,3646.0,570794950,14.26987375
7307,Gett: The Trial of Viviane Amsalem,115.0,12000000,Not Rated,77,90,-13,13,2.0,1148619,0.09571825
7308,Hits,96.0,1000000,Not Rated,82,45,37,37,2.0,15156,0.015156
7309,Kingsman: The Secret Service,129.0,94000000,R,80,60,20,20,3204.0,404561724,4.303848127659575
7310,Old Fashioned,115.0,12000000,PG-13,49,29,20,20,3.0,1914090,0.1595075
7311,The Last Five Years,94.0,2000000,PG-13,72,60,12,12,3.0,205298,0.102649
7316,Queen and Country,115.0,12000000,Not Rated,63,68,-5,5,,308041,0.025670083333333333
7321,Hot Tub Time Machine 2,93.0,14000000,R,35,29,6,6,2880.0,12826644,0.9161888571428571
7323,The DUFF,101.0,8500000,PG-13,67,56,11,11,2575.0,43528634,5.1210157647058825
7330,Eastern Boys,128.0,12000000,Not Rated,68,74,-6,6,1.0,41165,0.0034304166666666667
7332,Focus,105.0,65000000,R,62,56,6,6,3323.0,168065700,2.585626153846154
7334,Maps to the Stars,111.0,10500000,R,59,67,-8,8,66.0,884136,0.08420342857142857
7335,My Life Directed by Nicolas Winding Refn,58.0,1000000,Not Rated,82,50,32,32,,0,0.0
7336,Out of the Dark,92.0,10000000,R,33,33,0,0,,1096461,0.1096461
7337,The Hunting Ground,90.0,1000000,Not Rated,73,77,-4,4,2.0,411115,0.411115
7338,The Lazarus Effect,83.0,5000000,PG-13,48,31,17,17,2666.0,38359310,7.671862
7342,An Honest Liar,90.0,1000000,Not Rated,77,76,1,1,2.0,180590,0.18059
7343,Buzzard,97.0,10500000,Not Rated,57,77,-20,20,11.0,14591,0.0013896190476190475
7344,Chappie,120.0,49000000,R,72,41,31,31,3201.0,105002056,2.142899102040816
7345,Faults,89.0,21000000,Not Rated,80,70,10,10,,0,0.0
7346,Kidnapping Mr. Heineken,95.0,12000000,R,56,33,23,23,,3237282,0.2697735
7347,Merchants of Doubt,96.0,1000000,PG-13,82,70,12,12,4.0,200562,0.200562
7349,Road Hard,98.0,1500000,Not Rated,56,50,6,6,22.0,113169,0.075446
7351,The Second Best Exotic Marigold Hotel,122.0,10000000,PG,60,51,9,9,1573.0,89400862,8.9400862
7353,Unfinished Business,91.0,35000000,R,42,32,10,10,2777.0,13214051,0.3775443142857143
7355,Champs,,1000000,Not Rated,80,59,21,21,,2455,0.002455
7356,Cinderella,105.0,95000000,PG,74,67,7,7,3845.0,542351353,5.708961610526316
7357,Cymbeline,98.0,12000000,R,38,54,-16,16,,18122,0.0015101666666666666
7358,Going Clear: Scientology and the Prison of Belief,119.0,1000000,Not Rated,82,80,2,2,,449344,0.449344
7360,It Follows,100.0,2000000,R,79,83,-4,4,4.0,23236296,11.618148
7361,Run All Night,114.0,50000000,R,80,59,21,21,3171.0,71561644,1.43123288
7362,Seymour: An Introduction,84.0,1000000,PG,87,83,4,4,2.0,968313,0.968313
7363,The Cobbler,99.0,18000000,PG-13,51,23,28,28,,4161533,0.23119627777777776
7364,The Lovers,109.0,20750000,R,39,19,20,20,,53899,0.0025975421686746988
7365,The Wrecking Crew,101.0,1000000,Not Rated,76,67,9,9,7.0,809437,0.809437
7367,"Kumiko, The Treasure Hunter",105.0,12000000,Not Rated,69,68,1,1,4.0,774341,0.06452841666666667
7369,Backcountry,92.0,21000000,Not Rated,63,62,1,1,,71191,0.003390047619047619
7370,Can't Stand Losing You: Surviving the Police,79.0,1000000,Not Rated,55,33,22,22,2.0,22326,0.022326
7371,Danny Collins,106.0,10000000,R,66,58,8,8,5.0,8465845,0.8465845
7375,La Sapienza,101.0,12000000,Not Rated,70,74,-4,4,,135392,0.011282666666666667
7378,The Divergent Series: Insurgent,119.0,110000000,PG-13,55,42,13,13,3875.0,295075882,2.682508018181818
7379,The Gunman,115.0,40000000,R,46,39,7,7,2816.0,24478613,0.611965325
7380,Tracers,94.0,60000000,PG-13,71,45,26,26,,2880901,0.04801501666666667
7382,52 Tuesdays,109.0,12000000,Not Rated,69,71,-2,2,,24271,0.0020225833333333333
7383,A Girl Like Her,91.0,12000000,PG-13,61,54,7,7,,0,0.0
7386,Get Hard,100.0,40000000,R,43,34,9,9,3175.0,111711453,2.792786325
7387,Home,94.0,130000000,PG,71,55,16,16,3708.0,385997896,2.9692145846153846
7388,Man from Reno,111.0,21000000,Not Rated,59,69,-10,10,4.0,92918,0.004424666666666667
7391,The Barber,95.0,21000000,R,37,39,-2,2,,0,0.0
7392,The Riot Club,107.0,12000000,R,58,54,4,4,1.0,2597308,0.21644233333333332
7395,While We're Young,97.0,10000000,R,65,77,-12,12,4.0,17503828,1.7503828
7398,Woman in Gold,109.0,11000000,PG-13,72,51,21,21,258.0,58586407,5.326037
7399,5 to 7,95.0,20750000,R,77,52,25,25,2.0,588342,0.028353831325301206
7400,Boychoir,103.0,12000000,Not Rated,68,51,17,17,,3765773,0.31381441666666665
7401,Cut Bank,93.0,21000000,R,63,44,19,19,,213012,0.01014342857142857
7402,Effie Gray,104.0,12000000,PG-13,55,54,1,1,,0,0.0
7403,Furious 7,137.0,190000000,PG-13,68,67,1,1,4003.0,1516881526,7.983586978947368
7404,Lambert & Stamp,117.0,1000000,R,45,75,-30,30,3.0,183320,0.18332
7405,Last Knights,115.0,60000000,R,72,27,45,45,,1975720,0.03292866666666667
7411,Broken Horses,101.0,15000000,R,38,32,6,6,,3471,0.0002314
7414,Dior and I,90.0,1000000,Not Rated,72,70,2,2,26.0,2338242,2.338242
7415,Ex Machina,108.0,13000000,R,80,78,2,2,4.0,38358392,2.9506455384615387
7418,The Harvest,104.0,10000000,Not Rated,63,68,-5,5,,0,0.0
7419,The Longest Ride,139.0,34000000,PG-13,52,33,19,19,3366.0,63802928,1.876556705882353
7420,The Sisterhood of Night,104.0,1000000,PG-13,56,60,-4,4,10.0,6870,0.00687
7421,Alex of Venice,86.0,12000000,R,87,56,31,31,,588,4.9e-05
7423,Child 44,137.0,50000000,R,56,41,15,15,510.0,8004221,0.16008442
7425,Monkey Kingdom,81.0,1000000,G,74,72,2,2,2012.0,17159530,17.15953
7426,Monsters: Dark Continent,119.0,21000000,R,43,42,1,1,,52750,0.002511904761904762
7427,Paul Blart: Mall Cop 2,94.0,38000000,PG,26,13,13,13,3633.0,107453907,2.8277343947368423
7429,The Dead Lands,107.0,60000000,R,60,59,1,1,3.0,49625,0.0008270833333333333
7431,True Story,99.0,12000000,R,60,50,10,10,831.0,5894210,0.49118416666666664
7432,Unfriended,83.0,1000000,R,54,59,-5,5,2739.0,64364198,64.364198
7435,Adult Beginners,92.0,18000000,R,63,57,6,6,10.0,104808,0.005822666666666667
7438,Little Boy,106.0,20000000,PG-13,64,30,34,34,1045.0,17769299,0.88846495
7440,The Age of Adaline,112.0,30000000,PG-13,76,51,25,25,2991.0,68984536,2.299484533333333
7441,The Forger,92.0,12000000,R,69,32,37,37,,330605,0.027550416666666667
7444,Iris,80.0,5500000,PG-13,74,80,-6,6,6.0,2493802,0.45341854545454546
7447,Avengers: Age of Ultron,141.0,365000000,PG-13,70,66,4,4,4276.0,1395316979,3.8227862438356164
7450,Far from the Madding Crowd,119.0,15495600,PG-13,74,71,3,3,10.0,29729450,1.9185736596195049
7455,Ride,93.0,12000000,R,53,48,5,5,,0,0.0
7456,Welcome to Me,87.0,18000000,R,68,69,-1,1,2.0,629886,0.034993666666666666
7457,I Am Big Bird: The Caroll Spinney Story,90.0,1000000,Not Rated,54,71,-17,17,1.0,75156,0.075156
7458,The Seven Five,104.0,1000000,R,75,69,6,6,2.0,74176,0.074176
7460,5 Flights Up,92.0,12000000,PG-13,66,55,11,11,87.0,4392594,0.3660495
7461,Bravetown,112.0,12000000,R,41,36,5,5,,0,0.0
7462,Hot Pursuit,87.0,35000000,PG-13,41,31,10,10,3003.0,45671512,1.3049003428571428
7464,Maggie,95.0,4500000,PG-13,63,52,11,11,79.0,1027760,0.2283911111111111
7468,Skin Trade,96.0,9000000,R,52,39,13,13,1.0,1242,0.000138
7470,The D Train,101.0,3000000,R,57,55,2,2,1009.0,772366,0.2574553333333333
7473,Every Secret Thing,93.0,21000000,R,40,46,-6,6,1.0,103536,0.004930285714285714
7474,Good Kill,102.0,12000000,R,61,63,-2,2,2.0,1278413,0.10653441666666667
7475,I'll See You in My Dreams,92.0,20750000,PG-13,70,75,-5,5,3.0,7464765,0.3597477108433735
7476,Mad Max: Fury Road,120.0,150000000,R,86,90,-4,4,3702.0,367457874,2.44971916
7477,Pitch Perfect 2,115.0,29000000,PG-13,60,63,-3,3,3473.0,287215196,9.903972275862069
7478,Slow West,84.0,3750000,R,66,72,-6,6,,2089072,0.5570858666666667
7480,Where Hope Grows,95.0,12000000,PG-13,71,41,30,30,276.0,1166052,0.097171
7482,Aloft,112.0,8000000,R,44,34,10,10,2.0,531139,0.066392375
7484,Poltergeist,93.0,35000000,PG-13,36,47,-11,11,3240.0,95713069,2.7346591142857144
7485,Sunshine Superman,100.0,1000000,Not Rated,75,70,5,5,3.0,96707,0.096707
7488,Tomorrowland,130.0,170000000,PG,65,60,5,5,3972.0,206627518,1.215455988235294
7490,Aloha,105.0,37000000,PG-13,43,40,3,3,2815.0,25387091,0.6861375945945946
7491,Barely Lethal,96.0,18000000,PG-13,51,44,7,7,2.0,513303,0.028516833333333335
7492,Gemma Bovery,99.0,12000000,R,64,58,6,6,12.0,1289837,0.10748641666666667
7493,Heaven Knows What,94.0,12000000,Not Rated,66,75,-9,9,2.0,83995,0.006999583333333333
7495,Results,105.0,18000000,R,52,73,-21,21,3.0,104507,0.005805944444444444
7496,San Andreas,114.0,110000000,PG-13,56,43,13,13,3777.0,456258539,4.1478049
7498,Survivor,96.0,20000000,PG-13,40,28,12,12,,1703281,0.08516405
7503,Entourage,104.0,30000000,R,52,38,14,14,3108.0,46438538,1.5479512666666666
7507,Dawn Patrol,88.0,3500000,Not Rated,80,24,56,56,,0,0.0
7509,Hungry Hearts,109.0,12000000,Not Rated,55,48,7,7,1.0,561019,0.04675158333333333
7511,Love & Mercy,121.0,12000000,PG-13,81,80,1,1,481.0,14949908,1.2458256666666667
7513,Testament of Youth,129.0,10000000,PG-13,74,76,-2,2,4.0,6646669,0.6646669
7514,The Nightmare,91.0,10000000,Not Rated,38,68,-30,30,,30923,0.0030923
7516,We Are Still Here,84.0,10000000,Not Rated,63,65,-2,2,,34362,0.0034362
7517,Wild Horses,100.0,12000000,R,53,44,9,9,,0,0.0
7518,Soaked in Bleach,100.0,1000000,Not Rated,81,50,31,31,,143,0.000143
7520,Jurassic World,124.0,215000000,PG-13,68,59,9,9,4274.0,1669979967,7.76734868372093
7523,Me and Earl and the Dying Girl,105.0,8000000,PG-13,81,74,7,7,15.0,9266180,1.1582725
7526,The Wolfpack,90.0,1000000,Not Rated,67,75,-8,8,2.0,1632774,1.632774
7532,Dope,103.0,7000000,R,75,72,3,3,2002.0,18190831,2.598690142857143
7533,Eden,131.0,12000000,R,65,81,-16,16,3.0,233887,0.019490583333333332
7534,Gabriel,85.0,21000000,Not Rated,78,67,11,11,1.0,6959,0.00033138095238095236
7536,Infinitely Polar Bear,90.0,18000000,R,74,64,10,10,5.0,2130086,0.11833811111111112
7537,Inside Out,94.0,175000000,PG,87,94,-7,7,3946.0,852830107,4.8733148971428575
7538,Manglehorn,97.0,4000000,PG-13,51,56,-5,5,3.0,797439,0.19935975
7541,The Face of an Angel,101.0,26000000,Not Rated,51,37,14,14,,0,0.0
7542,The Overnight,79.0,200000,R,71,65,6,6,3.0,1165996,5.82998
7544,7 Minutes,92.0,21000000,Not Rated,54,35,19,19,,0,0.0
7545,A Borrowed Identity,104.0,12000000,Not Rated,53,73,-20,20,4.0,967192,0.08059933333333333
7546,A Little Chaos,117.0,12000000,R,65,51,14,14,83.0,10084623,0.84038525
7547,A Murder in the Park,91.0,1000000,PG-13,70,70,0,0,1.0,7125,0.007125
7549,Batkid Begins,87.0,1000000,PG,48,63,-15,15,4.0,74709,0.074709
7550,Big Game,110.0,60000000,PG-13,49,53,-4,4,11.0,3620329,0.06033881666666667
7551,Escobar: Paradise Lost,120.0,17000000,R,66,56,10,10,105.0,3917679,0.23045170588235295
7552,Felt,80.0,21000000,Not Rated,73,54,19,19,,0,0.0
7555,Max,111.0,20000000,PG,61,47,14,14,2855.0,43658157,2.18290785
7556,Runoff,90.0,12000000,R,81,64,17,17,1.0,30186,0.0025155
7557,Ted 2,115.0,68000000,R,62,48,14,14,3442.0,217214143,3.194325632352941
7560,Magic Mike XXL,115.0,14500000,R,56,60,-4,4,3355.0,123580421,8.522787655172413
7563,Amy,128.0,1000000,Not Rated,83,85,-2,2,6.0,23778585,23.778585
7564,Cartel Land,100.0,1000000,R,77,76,1,1,2.0,1147740,1.14774
7569,Robot Overlords,90.0,21000000,Not Rated,43,47,-4,4,,991329,0.047206142857142856
7571,Stung,87.0,2500000,Not Rated,48,46,2,2,,0,0.0
7574,Boulevard,88.0,12000000,R,60,52,8,8,1.0,320417,0.026701416666666665
7575,Do I Sound Gay?,77.0,1000000,Not Rated,50,65,-15,15,1.0,111829,0.111829
7577,Minions,91.0,74000000,PG,55,56,-1,1,4301.0,1159631140,15.670691081081081
7580,Strangerland,112.0,10000000,R,54,42,12,12,22.0,161097,0.0161097
7581,Tangerine,88.0,18000000,Not Rated,74,86,-12,12,4.0,935900,0.05199444444444445
7582,The Gallows,81.0,100000,R,61,30,31,31,2720.0,41656474,416.56474
7584,Court,116.0,12000000,Not Rated,84,83,1,1,1.0,57416,0.004784666666666667
7587,Ant-Man,117.0,130000000,PG-13,79,64,15,15,3856.0,518858449,3.9912188384615384
7589,Irrational Man,95.0,18000000,R,67,53,14,14,5.0,29083597,1.615755388888889
7590,Lila & Eve,94.0,12000000,R,73,45,28,28,22.0,38263,0.003188583333333333
7591,Mr. Holmes,104.0,12000000,PG,75,67,8,8,361.0,28978721,2.4148934166666667
7592,Safelight,84.0,12000000,R,41,26,15,15,,0,0.0
7593,The Look of Silence,103.0,1000000,PG-13,83,92,-9,9,1.0,337331,0.337331
7594,The Stanford Prison Experiment,122.0,12000000,R,77,67,10,10,2.0,668550,0.0557125
7595,Trainwreck,125.0,35000000,R,55,75,-20,20,3158.0,141123897,4.032111342857143
7596,Twinsters,89.0,1000000,Not Rated,78,81,-3,3,,100575,0.100575
7599,Dark Was the Night,90.0,10000000,Not Rated,59,40,19,19,,0,0.0
7602,Paper Towns,109.0,12000000,PG-13,63,56,7,7,3031.0,85450484,7.120873666666666
7603,Phoenix,98.0,12000000,PG-13,78,89,-11,11,2.0,6223031,0.5185859166666666
7604,Pixels,106.0,90000000,PG-13,51,27,24,24,3723.0,244041804,2.7115756
7606,Southpaw,124.0,30000000,R,78,57,21,21,2772.0,94156456,3.138548533333333
7609,The Vatican Tapes,91.0,13000000,PG-13,38,38,0,0,427.0,14929184,1.1483987692307691
7610,Unexpected,90.0,12000000,R,60,65,-5,5,,0,0.0
7611,Listen to Me Marlon,103.0,1000000,Not Rated,83,87,-4,4,2.0,517793,0.517793
7612,Vacation,99.0,31000000,R,64,34,30,30,3411.0,102306500,3.300209677419355
7614,Best of Enemies,87.0,750000,Not Rated,79,77,2,2,3.0,940936,1.2545813333333333
7620,That Sugar Film,90.0,1000000,Not Rated,66,56,10,10,10.0,2382983,2.382983
7621,The End of the Tour,106.0,12000000,R,75,82,-7,7,4.0,3114343,0.25952858333333334
7623,The Young and Prodigious T.S. Spivet,105.0,33000000,PG,72,53,19,19,100.0,357687,0.010839
7626,Call Me Lucky,106.0,1000000,Not Rated,49,64,-15,15,,0,0.0
7627,Catch Me Daddy,112.0,21000000,Not Rated,60,64,-4,4,,0,0.0
7628,Cop Car,88.0,5000000,R,62,66,-4,4,3.0,143658,0.0287316
7629,Dark Places,113.0,21000000,R,62,39,23,23,151.0,5685597,0.2707427142857143
7630,Fantastic Four,100.0,87500000,PG-13,26,27,-1,1,3995.0,167849187,1.918276422857143
7631,Kahlil Gibran's The Prophet,84.0,12000000,PG,71,61,10,10,2.0,1080362,0.09003016666666666
7632,Ricki and the Flash,101.0,18000000,PG-13,64,54,10,10,1603.0,41166033,2.2870018333333335
7633,The Diary of a Teenage Girl,102.0,2000000,R,65,87,-22,22,4.0,2279959,1.1399795
7634,The Falling,102.0,12000000,Not Rated,62,71,-9,9,,663738,0.0553115
7635,The Gift,108.0,5000000,R,84,77,7,7,2503.0,58978477,11.7956954
7636,The Runner,90.0,12000000,R,50,39,11,11,,20106,0.0016755
7638,Big Sky,90.0,21000000,Not Rated,46,36,10,10,,0,0.0
7639,Fort Tilden,98.0,18000000,R,59,70,-11,11,,0,0.0
7640,Meru,87.0,1000000,R,83,77,6,6,7.0,2350820,2.35082
7641,Mistress America,84.0,18000000,R,65,75,-10,10,4.0,4133126,0.2296181111111111
7642,One & Two,90.0,21000000,Not Rated,57,47,10,10,,0,0.0
7645,Return to Sender,95.0,21000000,Not Rated,34,23,11,11,,120881,0.0057562380952380955
7647,Straight Outta Compton,147.0,28000000,R,77,72,5,5,2757.0,202182981,7.22082075
7649,The Boy,105.0,10000000,Not Rated,56,45,11,11,,5356447,0.5356447
7655,American Ultra,96.0,28000000,R,61,50,11,11,2778.0,30295028,1.0819652857142856
7656,Being Evel,99.0,1000000,Not Rated,71,72,-1,1,,0,0.0
7657,Digging for Fire,85.0,12000000,R,53,69,-16,16,3.0,119364,0.009947
7658,Grandma,79.0,18000000,R,69,77,-8,8,4.0,7440964,0.4133868888888889
7660,Hitman: Agent 47,96.0,35000000,R,42,28,14,14,3261.0,82182803,2.348080085714286
7661,Learning to Drive,90.0,12000000,R,64,59,5,5,4.0,6132564,0.511047
7662,She's Funny That Way,93.0,18000000,R,68,45,23,23,26.0,5946642,0.330369
7663,Sinister 2,97.0,10000000,R,58,32,26,26,2766.0,54104225,5.4104225
7668,No Escape,103.0,5000000,R,64,38,26,26,3355.0,42844516,8.5689032
7669,Queen of Earth,90.0,12000000,Not Rated,65,77,-12,12,2.0,132387,0.01103225
7670,7 Chinese Brothers,76.0,18000000,Not Rated,51,56,-5,5,,28180,0.0015655555555555555
7673,War Room,120.0,3000000,PG,55,26,29,29,1135.0,73986904,24.662301333333332
7674,We Are Your Friends,96.0,2000000,R,53,46,7,7,2333.0,10153415,5.0767075
7677,Zipper,103.0,4500000,R,54,39,15,15,,0,0.0
7678,A Walk in the Woods,104.0,8000000,R,58,51,7,7,1960.0,37119358,4.63991975
7679,The Black Panthers: Vanguard of the Revolution,115.0,1000000,Not Rated,54,79,-25,25,1.0,545450,0.54545
7681,Before We Go,95.0,3000000,PG-13,72,31,41,41,21.0,483938,0.16131266666666666
7682,Blind,96.0,12000000,Not Rated,76,83,-7,7,,37838,0.0031531666666666665
7683,Bloodsucking Bastards,86.0,10500000,Not Rated,54,50,4,4,,0,0.0
7690,The Transporter Refueled,96.0,22000000,PG-13,48,32,16,16,3434.0,69698495,3.168113409090909
7693,Time Out of Mind,120.0,12000000,Not Rated,69,75,-6,6,4.0,311847,0.02598725
7694,Welcome to Leith,85.0,1000000,Not Rated,73,78,-5,5,1.0,36391,0.036391
7695,90 Minutes in Heaven,121.0,5000000,PG-13,28,28,0,0,877.0,4816142,0.9632284
7699,Meet the Patels,88.0,1000000,PG,82,70,12,12,5.0,1700680,1.70068
7700,Sleeping with Other People,101.0,20750000,R,69,64,5,5,5.0,2373621,0.1143913734939759
7701,The Perfect Guy,100.0,18000000,PG-13,64,36,28,28,2221.0,60278166,3.348787
7702,The Visit,94.0,5000000,PG-13,62,55,7,7,3069.0,98677816,19.7355632
7704,Pawn Sacrifice,115.0,12000000,PG-13,74,65,9,9,33.0,4138747,0.3448955833333333
7707,Black Mass,122.0,53000000,R,75,68,7,7,3188.0,98837872,1.8648655094339623
7708,Captive,97.0,2000000,PG-13,51,36,15,15,806.0,2791973,1.3959865
7709,Cooties,88.0,10500000,R,66,49,17,17,29.0,581080,0.05534095238095238
7710,Everest,121.0,65000000,PG-13,70,64,6,6,545.0,221297061,3.404570169230769
7711,Hellions,80.0,10000000,Not Rated,44,34,10,10,,0,0.0
7712,Maze Runner: The Scorch Trials,132.0,61000000,PG-13,62,43,19,19,3791.0,310566162,5.09124855737705
7715,Sicario,121.0,30000000,R,81,82,-1,1,6.0,84335703,2.8111901
7716,The Cut,138.0,12000000,Not Rated,55,56,-1,1,5.0,445451,0.03712091666666667
7718,99 Homes,112.0,12000000,R,77,76,1,1,2.0,1989627,0.16580225
7720,Ashby,100.0,18000000,R,61,46,15,15,15.0,118224,0.006568
7721,Brand: A Second Coming,100.0,1000000,Not Rated,26,63,-37,37,,1563,0.001563
7723,Finders Keepers,82.0,1000000,R,65,80,-15,15,5.0,35555,0.035555
7724,Hotel Transylvania 2,89.0,80000000,PG,71,44,27,27,3754.0,469831205,5.8728900625
7726,Mississippi Grind,108.0,12000000,R,69,77,-8,8,1.0,448641,0.03738675
7728,Pay the Ghost,94.0,21000000,Not Rated,48,23,25,25,,2242988,0.10680895238095238
7729,Stonewall,129.0,12000000,R,35,30,5,5,129.0,292203,0.02435025
7731,The Green Inferno,100.0,1000000,R,48,38,10,10,1540.0,12931420,12.93142
7732,The Intern,121.0,40000000,PG-13,68,51,17,17,3305.0,197115710,4.92789275
7733,The Keeping Room,95.0,30000000,R,56,58,-2,2,2.0,64593,0.0021531
7737,The Walk,123.0,35000000,PG,75,70,5,5,448.0,61492104,1.756917257142857
7740,Freeheld,103.0,7000000,PG-13,76,50,26,26,5.0,1732228,0.24746114285714285
7741,He Named Me Malala,88.0,1000000,PG-13,61,61,0,0,4.0,4334216,4.334216
7743,Northern Soul,102.0,12000000,R,62,64,-2,2,10.0,8886,0.0007405
7744,Partisan,94.0,21000000,Not Rated,63,50,13,13,,149329,0.007110904761904762
7746,Sherpa,96.0,1000000,Not Rated,76,93,-17,17,,1160888,1.160888
7747,The Martian,144.0,108000000,PG-13,81,80,1,1,3831.0,653609107,6.051936175925926
7750,The Forbidden Room,130.0,18000000,Not Rated,74,83,-9,9,,48064,0.0026702222222222223
7751,Big Stone Gap,103.0,20750000,PG-13,41,39,2,2,280.0,1013487,0.04884274698795181
7753,Knock Knock,99.0,18000000,R,70,53,17,17,22.0,6328516,0.35158422222222224
7754,Pan,111.0,150000000,PG,52,36,16,16,3515.0,151525973,1.0101731533333334
7755,Steve Jobs,122.0,30000000,R,71,82,-11,11,4.0,35579007,1.1859669
7757,Trash,114.0,12000000,R,68,50,18,18,17.0,6553186,0.5460988333333333
7758,Victoria,138.0,21000000,Not Rated,77,77,0,0,,6725950,0.3202833333333333
7761,All Things Must Pass,94.0,1000000,Not Rated,79,73,6,6,2.0,166872,0.166872
7762,Beasts of No Nation,137.0,6000000,Not Rated,82,79,3,3,31.0,90777,0.0151295
7763,Bridge of Spies,141.0,40000000,PG-13,76,81,-5,5,2811.0,162498338,4.06245845
7764,Crimson Peak,119.0,55000000,R,77,66,11,11,2984.0,74966854,1.363033709090909
7765,Experimenter,98.0,12000000,Not Rated,75,81,-6,6,3.0,239248,0.019937333333333335
7766,Goosebumps,103.0,58000000,PG,67,60,7,7,3501.0,158911568,2.739854620689655
7767,Meadowland,105.0,12000000,R,70,67,3,3,,0,0.0
7768,Room,118.0,13000000,R,83,86,-3,3,4.0,36315730,2.793517692307692
7769,Tab Hunter Confidential,90.0,1000000,Not Rated,85,60,25,25,,85812,0.085812
7771,The Russian Woodpecker,80.0,1000000,Not Rated,56,74,-18,18,,1644,0.001644
7772,Truth,125.0,9600000,R,69,66,3,3,6.0,6842580,0.71276875
7773,Heart of a Dog,75.0,1000000,Not Rated,58,84,-26,26,1.0,450422,0.450422
7774,Bone Tomahawk,132.0,2000000,Not Rated,73,72,1,1,,475846,0.237923
7775,Difret,99.0,12000000,Not Rated,80,61,19,19,,91841,0.007653416666666667
7776,Extraordinary Tales,73.0,10000000,Not Rated,66,59,7,7,,0,0.0
7777,I Smile Back,85.0,12000000,R,68,59,9,9,2.0,58738,0.0048948333333333335
7778,Jem and the Holograms,118.0,5000000,PG,28,42,-14,14,2413.0,2368937,0.4737874
7779,Nasty Baby,101.0,12000000,R,55,64,-9,9,2.0,80828,0.006735666666666667
7780,Paranormal Activity: The Ghost Dimension,88.0,10000000,R,39,30,9,9,1656.0,77959374,7.7959374
7781,Rock the Kasbah,106.0,15000000,R,41,29,12,12,2012.0,3386153,0.22574353333333333
7783,The Last Witch Hunter,106.0,80000000,PG-13,65,34,31,31,3082.0,130818912,1.6352364
7785,Tokyo Tribe,116.0,27000000,Not Rated,48,58,-10,10,,0,0.0
7786,Burnt,101.0,20000000,R,59,42,17,17,3003.0,36766293,1.83831465
7788,Love,135.0,18000000,NC-17,58,51,7,7,2.0,814975,0.04527638888888889
7791,Scouts Guide to the Zombie Apocalypse,93.0,15000000,R,78,32,46,46,1509.0,15554855,1.0369903333333332
7794,Brooklyn,111.0,11000000,PG-13,80,88,-8,8,5.0,62076141,5.643285545454545
7797,Miss You Already,112.0,18000000,PG-13,73,59,14,14,384.0,8164049,0.4535582777777778
7798,Of Men and War,142.0,1000000,Not Rated,83,87,-4,4,,37801,0.037801
7799,Palio,91.0,1000000,Not Rated,61,73,-12,12,,90508,0.090508
7800,Peggy Guggenheim: Art Addict,96.0,1000000,Not Rated,58,68,-10,10,2.0,995688,0.995688
7803,Spotlight,128.0,20000000,R,82,93,-11,11,5.0,91902438,4.5951219
7804,The Hallow,97.0,10000000,Not Rated,62,65,-3,3,1.0,2082741,0.2082741
7805,The Peanuts Movie,88.0,99000000,G,80,67,13,13,3897.0,250091610,2.5261778787878786
7806,Theeb,100.0,72250000,Not Rated,73,80,-7,7,3.0,490229,0.0067851764705882354
7807,Trumbo,124.0,15000000,R,73,60,13,13,5.0,13300181,0.8866787333333334
7808,What Our Fathers Did: A Nazi Legacy,96.0,1000000,Not Rated,75,69,6,6,2.0,53098,0.053098
7809,By the Sea,122.0,20000000,R,56,44,12,12,10.0,3727746,0.1863873
7810,Entertainment,103.0,12000000,R,61,65,-4,4,2.0,55506,0.0046255
7811,Heist,93.0,35000000,R,65,37,28,28,24.0,3324131,0.09497517142857143
7813,James White,85.0,12000000,R,70,83,-13,13,1.0,112951,0.009412583333333334
7814,Love the Coopers,107.0,18000000,PG-13,49,31,18,18,2603.0,44263413,2.4590785
7815,Man Up,88.0,20750000,R,69,69,0,0,,3056781,0.1473147469879518
7817,Shelter,105.0,21000000,Not Rated,77,43,34,34,,0,0.0
7819,The 33,127.0,25000000,PG-13,63,55,8,8,2452.0,28287489,1.13149956
7821,#Horror,101.0,1500000,Not Rated,31,42,-11,11,,0,0.0
7822,Carol,118.0,11800000,R,80,94,-14,14,4.0,42485640,3.600477966101695
7824,Criminal Activities,94.0,7000000,Not Rated,68,51,17,17,,386744,0.05524914285714286
7825,Legend,132.0,25000000,R,84,55,29,29,4.0,42425450,1.697018
7826,Mediterranea,107.0,12000000,Not Rated,81,77,4,4,2.0,384501,0.03204175
7827,Mustang,97.0,1400000,Not Rated,77,83,-6,6,3.0,5552584,3.9661314285714284
7828,Secret in Their Eyes,111.0,20000000,PG-13,56,45,11,11,2392.0,32608019,1.63040095
7829,The Hunger Games: Mockingjay - Part 2,137.0,160000000,PG-13,66,65,1,1,4175.0,648986787,4.05616741875
7830,The Night Before,101.0,25000000,R,64,58,6,6,2960.0,52568099,2.10272396
7833,Creed,133.0,37000000,PG-13,80,82,-2,2,3284.0,173567581,4.691015702702702
7834,The Good Dinosaur,93.0,187500000,PG,66,66,0,0,3749.0,333771037,1.7801121973333334
7835,Victor Frankenstein,110.0,40000000,PG-13,55,36,19,19,2797.0,31124367,0.778109175
7836,Janis: Little Girl Blue,103.0,1000000,Not Rated,64,74,-10,10,2.0,2404466,2.404466
7837,Killing Them Safely,100.0,1000000,Not Rated,60,70,-10,10,,0,0.0
7838,The Danish Girl,119.0,12000000,R,68,66,2,2,4.0,66542904,5.545242
7839,Hitchcock/Truffaut,79.0,1000000,Not Rated,80,79,1,1,3.0,657031,0.657031
7841,A Royal Night Out,97.0,12000000,PG-13,62,58,4,4,156.0,5094646,0.42455383333333335
7846,Krampus,98.0,15000000,PG-13,76,49,27,27,2902.0,61788393,4.1192262
7847,Life,111.0,58000000,R,61,59,2,2,,5536354,0.09545437931034483
7849,Macbeth,113.0,12000000,R,72,71,1,1,5.0,13108052,1.0923376666666667
7852,The Lady in the Van,104.0,6000000,PG-13,68,70,-2,2,4.0,42320503,7.053417166666667
7853,The Letters,114.0,12000000,PG,22,25,-3,3,886.0,1647416,0.13728466666666667
7854,The Wannabe,90.0,12000000,Not Rated,54,49,5,5,,272,2.2666666666666668e-05
7855,Youth,124.0,13000000,Not Rated,71,64,7,7,4.0,24001573,1.8462748461538463
7860,Don Verdean,90.0,18000000,PG-13,64,39,25,25,40.0,31309,0.0017393888888888888
7861,In the Heart of the Sea,122.0,100000000,PG-13,68,47,21,21,3103.0,89693309,0.89693309
7862,The Big Short,130.0,28000000,R,81,81,0,0,8.0,133162752,4.755812571428572
7863,The Girl in the Book,86.0,12000000,Not Rated,78,68,10,10,10.0,81379,0.006781583333333333
7867,Alvin and the Chipmunks: The Road Chip,92.0,90000000,PG,40,33,7,7,3653.0,249517956,2.772421733333333
7870,Sisters,118.0,30000000,R,63,58,5,5,2962.0,106030660,3.5343553333333335
7873,45 Years,95.0,12000000,Not Rated,73,94,-21,21,3.0,14275594,1.1896328333333333
7875,Concussion,123.0,35000000,PG-13,63,55,8,8,2841.0,50363790,1.4389654285714286
7877,Joy,124.0,60000000,PG-13,65,56,9,9,2896.0,101134059,1.68556765
7878,Point Break,114.0,100000000,PG-13,40,34,6,6,2910.0,126704591,1.26704591
7879,The Hateful Eight,,62000000,R,76,68,8,8,100.0,152366784,2.4575287741935483
7880,The Revenant,156.0,135000000,R,80,76,4,4,4.0,532938302,3.947691125925926
7882,Yosemite,80.0,12000000,R,70,59,11,11,2.0,13931,0.0011609166666666667
7883,Anesthesia,90.0,12000000,Not Rated,62,55,7,7,1.0,61920,0.00516
7884,Diablo,90.0,60000000,R,26,35,-9,9,,0,0.0
7885,Lamb,97.0,12000000,Not Rated,58,62,-4,4,2.0,30949,0.0025790833333333334
7887,The Abandoned,86.0,21000000,Not Rated,73,38,35,35,,0,0.0
7888,The Forest,93.0,10000000,PG-13,67,34,33,33,2451.0,40749230,4.074923
7891,13 Hours: The Secret Soldiers of Benghazi,144.0,50000000,R,70,48,22,22,2389.0,69411370,1.3882274
7893,Band of Robbers,95.0,72250000,Not Rated,66,57,9,9,17.0,20555,0.00028449826989619377
7896,Moonwalkers,107.0,18000000,R,60,39,21,21,,189033,0.010501833333333334
7897,Norm of the North,90.0,18000000,PG,12,21,-9,9,2411.0,30535660,1.6964255555555556
7898,Ride Along 2,102.0,40000000,PG-13,46,32,14,14,3175.0,124827316,3.1206829
7901,Aferim!,108.0,10500000,Not Rated,77,84,-7,7,5.0,108110,0.010296190476190476
7902,Dirty Grandpa,102.0,11500000,R,40,21,19,19,2912.0,105078449,9.137256434782609
7904,JeruZalem,94.0,10000000,R,47,45,2,2,,52225,0.0052225
7905,Martyrs,86.0,21000000,Not Rated,33,22,11,11,,1548909,0.07375757142857142
7906,Mojave,93.0,21000000,R,48,41,7,7,26.0,9213,0.0004387142857142857
7909,Synchronicity,101.0,21000000,Not Rated,59,39,20,20,5.0,4505,0.00021452380952380952
7910,The 5th Wave,112.0,38000000,PG-13,53,33,20,20,2908.0,111336398,2.9299052105263157
7911,The Boy,97.0,10000000,PG-13,72,42,30,30,2671.0,68220952,6.8220952
7912,Lazer Team,102.0,18000000,PG-13,67,42,25,25,35.0,1405548,0.078086
7913,Jim: The James Foley Story,113.0,1000000,Not Rated,69,73,-4,4,,8236,0.008236
7914,Fifty Shades of Black,92.0,5000000,R,23,28,-5,5,2075.0,22113075,4.422615
7916,Kung Fu Panda 3,95.0,140000000,PG,74,66,8,8,3955.0,521170825,3.72264875
7918,The Finest Hours,117.0,70000000,PG-13,66,58,8,8,3143.0,49252761,0.7036108714285715
7923,"Hail, Caesar!",106.0,22000000,PG-13,60,72,-12,12,2232.0,64220196,2.9190998181818184
7924,Michael Jackson's Journey from Motown to Off the Wall,93.0,1000000,Not Rated,80,66,14,14,,3025,0.003025
7925,Misconduct,106.0,11000000,R,65,24,41,41,,2352511,0.21386463636363637
7926,Pride and Prejudice and Zombies,107.0,28000000,PG-13,55,45,10,10,2931.0,16638300,0.594225
7928,Southbound,89.0,10000000,Not Rated,58,58,0,0,4.0,224743,0.0224743
7929,The Choice,111.0,12000000,PG-13,46,26,20,20,2631.0,24324476,2.0270396666666666
7933,Already Tomorrow in Hong Kong,78.0,20750000,Not Rated,53,54,-1,1,10.0,14966,0.0007212530120481928
7934,Cabin Fever,99.0,1500000,Not Rated,29,14,15,15,,53111,0.03540733333333333
7935,Deadpool,108.0,58000000,R,80,65,15,15,3558.0,784157111,13.519950189655173
7941,Touched With Fire,106.0,12000000,R,48,62,-14,14,6.0,154869,0.01290575
7942,Zoolander 2,102.0,50000000,PG-13,41,34,7,7,3394.0,55348693,1.10697386
7945,Forsaken,90.0,18000000,R,73,55,18,18,,0,0.0
7946,Race,134.0,60000000,PG-13,66,56,10,10,2369.0,23745772,0.39576286666666666
7947,Risen,107.0,20000000,PG-13,69,51,18,18,2915.0,46244066,2.3122033
7951,The Witch,92.0,3500000,R,73,83,-10,10,2046.0,40438974,11.553992571428571
7952,A Country Called Home,90.0,12000000,Not Rated,50,46,4,4,,0,0.0
7953,Backtrack,90.0,21000000,R,49,43,6,6,,905669,0.043127095238095235
7954,"Crouching Tiger, Hidden Dragon: Sword of Destiny",96.0,60000000,Not Rated,54,47,7,7,,38452981,0.6408830166666667
7955,Eddie the Eagle,106.0,23000000,PG-13,72,54,18,18,2042.0,45060480,1.9591513043478261
7956,Gods of Egypt,127.0,140000000,PG-13,45,25,20,20,3117.0,138836756,0.9916911142857143
7957,King Georges,77.0,1000000,Not Rated,68,71,-3,3,4.0,51663,0.051663
7960,The Last Man on the Moon,95.0,1000000,Not Rated,64,78,-14,14,13.0,53961,0.053961
7961,Triple 9,115.0,20000000,R,62,52,10,10,2205.0,25943792,1.2971896
7966,Emelie,80.0,21000000,Not Rated,56,62,-6,6,,0,0.0
7968,London Has Fallen,99.0,60000000,R,53,28,25,25,3490.0,195194085,3.25323475
7969,The Other Side of the Door,96.0,5000000,R,52,41,11,11,546.0,12905107,2.5810214
7972,Whiskey Tango Foxtrot,112.0,35000000,R,65,57,8,8,2374.0,25350747,0.7243070571428571
7973,Zootopia,108.0,150000000,PG,86,78,8,8,3827.0,1004629935,6.6975329
7974,10 Cloverfield Lane,104.0,15000000,PG-13,77,76,1,1,3391.0,108286422,7.2190948
7976,City of Gold,96.0,1000000,Not Rated,74,72,2,2,4.0,680784,0.680784
7977,Creative Control,97.0,1000000,R,68,58,10,10,3.0,63014,0.063014
7978,Eye in the Sky,102.0,13000000,R,71,73,-2,2,5.0,35402802,2.7232924615384615
7980,Hyena Road,120.0,12000000,R,59,44,15,15,10.0,1430,0.00011916666666666667
7984,The Brothers Grimsby,83.0,35000000,R,60,44,16,16,2235.0,28720470,0.8205848571428571
7985,The Perfect Match,96.0,5000000,R,50,41,9,9,925.0,10182050,2.03641
7986,The Young Messiah,111.0,16800000,PG-13,54,33,21,21,1761.0,7313697,0.4353391071428571
7988,Miracles from Heaven,109.0,13000000,PG,60,44,16,16,3047.0,73814432,5.6780332307692305
7990,Krisha,83.0,30000,R,79,86,-7,7,2.0,144822,4.8274
7991,Midnight Special,112.0,18000000,PG-13,68,76,-8,8,5.0,7680250,0.42668055555555556
7995,Take Me to the River,84.0,1000000,Not Rated,48,65,-17,17,1.0,28041,0.028041
7996,The Bronze,100.0,3500000,R,65,44,21,21,1167.0,615816,0.17594742857142856
7998,The Confirmation,90.0,18000000,PG-13,66,65,1,1,,33006,0.0018336666666666666
7999,The Divergent Series: Allegiant,120.0,110000000,PG-13,43,33,10,10,3740.0,172022517,1.5638410636363635
8001,Too Late,107.0,12000000,Not Rated,65,54,11,11,1.0,60438,0.0050365
8003,Baskin,97.0,10000000,Not Rated,61,58,3,3,,318156,0.0318156
8004,Batman v Superman: Dawn of Justice,151.0,263000000,R,70,44,26,26,4242.0,872395091,3.3170916007604565
8006,Fastball,87.0,1000000,Not Rated,58,74,-16,16,,0,0.0
8007,Get a Job,83.0,18000000,R,50,31,19,19,,0,0.0
8008,I Saw the Light,123.0,12000000,R,50,47,3,3,5.0,1767963,0.14733025
8009,Mapplethorpe: Look at the Pictures,108.0,1000000,Not Rated,60,75,-15,15,,66522,0.066522
8010,My Big Fat Greek Wedding 2,94.0,18000000,PG-13,53,37,16,16,3133.0,92096558,5.116475444444444
8018,Miles Ahead,100.0,12000000,R,63,64,-1,1,4.0,5117098,0.4264248333333333
8019,No Home Movie,115.0,1000000,Not Rated,70,81,-11,11,3.0,24132,0.024132
8023,The Girl in the Photographs,95.0,21000000,R,42,32,10,10,,0,0.0
8026,Demolition,101.0,12000000,R,75,49,26,26,854.0,4253297,0.3544414166666667
8027,Hardcore Henry,96.0,2000000,R,78,51,27,27,3015.0,17187434,8.593717
8030,Mr. Right,90.0,20750000,R,65,52,13,13,35.0,830374,0.040018024096385545
8033,The Boss,99.0,29000000,R,46,40,6,6,3480.0,78652207,2.7121450689655173
8034,The Invitation,100.0,1000000,Not Rated,71,74,-3,3,10.0,354836,0.354836
8036,Barbershop: The Next Cut,111.0,20000000,PG-13,58,67,-9,9,2661.0,54404202,2.7202101
8037,Colonia,110.0,21000000,Not Rated,71,33,38,38,,3281855,0.15627880952380951
8039,Green Room,95.0,5000000,Not Rated,72,79,-7,7,3.0,3807503,0.7615006
8042,Sing Street,106.0,27000000,PG-13,85,79,6,6,5.0,12657072,0.46878044444444444
8043,The Adderall Diaries,87.0,12000000,R,73,42,31,31,30.0,13191,0.00109925
8044,The First Monday in May,90.0,1000000,PG-13,70,57,13,13,20.0,1080528,1.080528
8045,The Jungle Book,106.0,175000000,PG,75,77,-2,2,4028.0,953554418,5.448882388571429
8048,A Hologram for the King,98.0,35000000,R,58,58,0,0,401.0,11846010,0.3384574285714286
8049,Elvis & Nixon,86.0,12000000,R,65,59,6,6,381.0,1766703,0.14722525
8051,Holidays,105.0,18000000,Not Rated,43,50,-7,7,,51392,0.0028551111111111112
8053,Nina,90.0,12000000,Not Rated,59,27,32,32,,0,0.0
8057,The Meddler,100.0,3200000,PG-13,61,68,-7,7,4.0,5526942,1.727169375
8061,Keanu,100.0,15000000,R,63,63,0,0,2658.0,20688141,1.3792094
8065,Papa: Hemingway in Cuba,110.0,12000000,R,46,37,9,9,325.0,4639537,0.3866280833333333
8068,The Family Fang,105.0,18000000,R,67,67,0,0,1.0,604602,0.033589
8069,The Man Who Knew Infinity,108.0,10000000,Not Rated,71,56,15,15,6.0,12382122,1.2382122
8070,Viktoria,155.0,12000000,Not Rated,22,55,-33,33,2.0,11314,0.0009428333333333333
8071,Viva,100.0,12000000,Not Rated,77,69,8,8,14.0,423891,0.03532425
8073,Being Charlie,97.0,12000000,R,56,47,9,9,4.0,30400,0.002533333333333333
8075,Captain America: Civil War,147.0,250000000,PG-13,82,75,7,7,4226.0,1151918521,4.607674084
8078,Elstree 1976,90.0,1000000,Not Rated,57,66,-9,9,14.0,12173,0.012173
8081,High-Rise,119.0,21000000,Not Rated,51,65,-14,14,39.0,5380071,0.25619385714285714
8083,Last Days in the Desert,98.0,12000000,PG-13,58,67,-9,9,,6948,0.000579
8084,Love & Friendship,92.0,12000000,Not Rated,68,87,-19,19,4.0,20896937,1.7414114166666668
8085,Money Monster,98.0,27000000,R,66,55,11,11,3104.0,93466095,3.461707222222222
8088,Search Party,93.0,18000000,R,46,22,24,24,10.0,4571,0.00025394444444444444
8092,The Trust,92.0,60000000,R,53,58,-5,5,,60231,0.00100385
8097,Manhattan Night,113.0,21000000,R,48,44,4,4,,155424,0.007401142857142857
8098,Neighbors 2: Sorority Rising,92.0,35000000,R,55,58,-3,3,3384.0,108757621,3.1073606
8100,The Angry Birds Movie,97.0,73000000,PG,64,43,21,21,3932.0,352327887,4.826409410958904
8101,The Nice Guys,116.0,50000000,R,77,70,7,7,2865.0,59596747,1.19193494
8103,Weiner,96.0,1000000,R,73,84,-11,11,5.0,1751120,1.75112
8106,Alice Through the Looking Glass,113.0,170000000,PG,60,34,26,26,3763.0,276928112,1.6289888941176471
8108,Holy Hell,100.0,10000000,Not Rated,67,64,3,3,3.0,18051,0.0018051
8113,The Ones Below,87.0,21000000,R,52,63,-11,11,4.0,108391,0.00516147619047619
8114,X-Men: Apocalypse,144.0,178000000,PG-13,64,52,12,12,4150.0,542537546,3.047963741573034
8115,Approaching the Unknown,90.0,12000000,R,30,53,-23,23,,10232,0.0008526666666666667
8118,Me Before You,110.0,20000000,PG-13,68,51,17,17,2704.0,208064908,10.4032454
8119,Popstar: Never Stop Never Stopping,87.0,20000000,R,82,68,14,14,2311.0,9537120,0.476856
8120,Teenage Mutant Ninja Turtles: Out of the Shadows,112.0,135000000,PG-13,57,40,17,17,4071.0,245328374,1.8172472148148149
8122,The Fits,72.0,170000,Not Rated,66,90,-24,24,1.0,169242,0.9955411764705883
8125,The Witness,89.0,1000000,Not Rated,68,79,-11,11,1.0,163092,0.163092
8128,Careful What You Wish For,91.0,21000000,R,32,32,0,0,,0,0.0
8129,De Palma,107.0,1000000,R,77,83,-6,6,3.0,168042,0.168042
8131,Genius,104.0,17000000,PG-13,67,56,11,11,16.0,7265283,0.42736958823529414
8132,King Jack,81.0,12000000,Not Rated,63,72,-9,9,,9241,0.0007700833333333333
8135,Now You See Me 2,129.0,90000000,PG-13,63,46,17,17,3232.0,328325007,3.648055633333333
8138,The Music of Strangers: Yo-Yo Ma and the Silk Road Ensemble,96.0,1000000,PG-13,86,70,16,16,3.0,1593768,1.593768
8141,Warcraft,123.0,160000000,PG-13,81,32,49,49,3400.0,438899824,2.7431239
8143,Central Intelligence,107.0,50000000,PG-13,64,52,12,12,3508.0,217194805,4.3438961
8144,Cosmos,103.0,12000000,Not Rated,53,72,-19,19,1.0,27911,0.0023259166666666667
8146,Finding Dory,97.0,200000000,PG,73,77,-4,4,4305.0,1025006125,5.125030625
8149,No Stranger Than Love,89.0,20750000,R,58,29,29,29,,0,0.0
8150,Parched,116.0,12000000,Not Rated,68,67,1,1,,1346495,0.11220791666666667
8152,Seoul Searching,105.0,18000000,Not Rated,72,63,9,9,1.0,19016,0.0010564444444444445
8153,Tickled,92.0,1000000,R,75,76,-1,1,2.0,1025945,1.025945
8156,Eat That Question: Frank Zappa in His Own Words,93.0,1000000,R,68,74,-6,6,2.0,365540,0.36554
8157,Free State of Jones,139.0,50000000,R,71,53,18,18,2815.0,23237252,0.46474504
8158,Hunt for the Wilderpeople,101.0,2500000,PG-13,81,81,0,0,5.0,23900842,9.5603368
8159,Independence Day: Resurgence,120.0,165000000,PG-13,45,32,13,13,4068.0,384169424,2.328299539393939
8162,Swiss Army Man,97.0,3000000,R,73,64,9,9,3.0,5837111,1.9457036666666667
8163,The Duel,110.0,30000000,R,69,42,27,27,,0,0.0
8164,The Fundamentals of Caring,97.0,12000000,TV,85,55,30,30,,0,0.0
8165,The Neon Demon,118.0,7500000,R,44,51,-7,7,783.0,3559803,0.4746404
8167,The Shallows,86.0,13000000,PG-13,63,59,4,4,2962.0,118763442,9.135649384615384
8168,Three,88.0,60000000,Not Rated,67,71,-4,4,23.0,15143255,0.25238758333333333
8169,Wiener-Dog,88.0,18000000,R,58,66,-8,8,2.0,727927,0.04044038888888889
8170,Carnage Park,90.0,21000000,Not Rated,55,48,7,7,,0,0.0
8171,"Life, Animated",89.0,1000000,PG,80,75,5,5,3.0,382203,0.382203
8173,Our Kind of Traitor,108.0,21000000,Not Rated,63,57,6,6,373.0,8017937,0.3818065238095238
8174,The BFG,117.0,140000000,PG,60,66,-6,6,3357.0,199646680,1.4260477142857142
8176,The Legend of Tarzan,110.0,180000000,PG-13,61,44,17,17,3561.0,348902025,1.9383445833333333
8177,The Purge: Election Year,,10000000,R,60,55,5,5,2796.0,118514727,11.8514727
8179,Captain Fantastic,118.0,5000000,R,78,72,6,6,4.0,21340234,4.2680468
8184,Mike and Dave Need Wedding Dates,98.0,33000000,R,76,51,25,25,2982.0,75898100,2.299942424242424
8187,The Secret Life of Pets,87.0,75000000,PG,62,61,1,1,4370.0,885302500,11.804033333333333
8188,Zero Days,116.0,1000000,Approved,75,77,-2,2,18.0,111904,0.111904
8190,The Infiltrator,127.0,47500000,R,72,66,6,6,1601.0,22152137,0.46636077894736844
8191,Tony Robbins: I Am Not Your Guru,115.0,1000000,Not Rated,65,51,14,14,,0,0.0
8193,Equals,101.0,12000000,Not Rated,64,43,21,21,2.0,2124359,0.17702991666666668
8194,Ghostbusters,116.0,144000000,PG-13,28,60,-32,32,3963.0,229008658,1.5903379027777778
8197,Outlaws and Angels,120.0,30000000,R,50,40,10,10,,0,0.0
8199,Absolutely Fabulous: The Movie,91.0,18000000,R,48,59,-11,11,313.0,35672155,1.981786388888889
8203,Ice Age: Collision Course,94.0,105000000,G,43,34,9,9,3992.0,402156682,3.830063638095238
8204,Lights Out,81.0,5000000,PG-13,76,58,18,18,2818.0,148806510,29.761302
8205,Star Trek Beyond,122.0,185000000,PG-13,67,68,-1,1,3928.0,335673708,1.8144524756756757
8207,The Childhood of a Leader,115.0,10000000,Not Rated,69,68,1,1,,240099,0.0240099
8211,Nerve,96.0,20000000,PG-13,66,58,8,8,2538.0,85583945,4.27919725
8212,Bad Moms,100.0,20000000,R,53,60,-7,7,3215.0,180485601,9.02428005
8213,Equity,100.0,12000000,R,62,68,-6,6,4.0,1675474,0.13962283333333333
8214,Gleason,110.0,1000000,Not Rated,85,80,5,5,9.0,587132,0.587132
8215,Indignation,110.0,12000000,R,73,78,-5,5,4.0,3635525,0.3029604166666667
8216,Into the Forest,101.0,12000000,R,58,59,-1,1,15.0,132306,0.0110255
8217,Jason Bourne,123.0,120000000,PG-13,64,58,6,6,4026.0,416168316,3.4680693
8220,Tallulah,111.0,6000000,Not Rated,75,63,12,12,,0,0.0
8224,Little Men,85.0,12000000,PG,77,86,-9,9,2.0,2039514,0.1699595
8226,Nine Lives,87.0,30000000,PG,30,11,19,19,2264.0,57814445,1.9271481666666668
8228,Suicide Squad,123.0,175000000,PG-13,59,40,19,19,4255.0,745744980,4.261399885714286
8234,Anthropoid,120.0,21000000,R,72,59,13,13,452.0,5264706,0.2507002857142857
8235,Blood Father,88.0,60000000,R,66,66,0,0,,6820000,0.11366666666666667
8237,Edge of Winter,89.0,21000000,R,67,50,17,17,,0,0.0
8238,Florence Foster Jenkins,111.0,29000000,PG-13,70,71,-1,1,1528.0,56000339,1.931046172413793
8239,Hell or High Water,102.0,12000000,R,81,88,-7,7,32.0,37566117,3.13050975
8240,Joshy,93.0,18000000,R,58,62,-4,4,,0,0.0
8242,Operation Chromite,111.0,12700000,Not Rated,49,50,-1,1,1.0,49196532,3.8737426771653545
8244,Sausage Party,89.0,19000000,R,56,66,-10,10,3103.0,141344255,7.439171315789474
8247,A Tale of Love and Darkness,95.0,12000000,PG-13,59,55,4,4,2.0,717165,0.05976375
8248,Ben-Hur,125.0,95000000,PG-13,50,38,12,12,3084.0,91669648,0.9649436631578947
8249,Imperium,109.0,21000000,R,66,68,-2,2,,349876,0.016660761904761904
8252,Kubo and the Two Strings,101.0,55000000,PG,81,84,-3,3,3260.0,77548122,1.4099658545454545
8254,Morris from America,91.0,12000000,R,68,75,-7,7,2.0,91151,0.007595916666666667
8255,Spa Night,93.0,12000000,Not Rated,71,76,-5,5,1.0,40294,0.0033578333333333333
8257,War Dogs,114.0,50000000,R,79,57,22,22,3258.0,86234503,1.72469006
8258,Kate Plays Christine,112.0,1000000,Not Rated,63,75,-12,12,1.0,27364,0.027364
8259,Complete Unknown,91.0,12000000,R,62,58,4,4,2.0,204009,0.01700075
8262,Hands of Stone,111.0,20000000,R,60,54,6,6,810.0,5031975,0.25159875
8263,I Am Not a Serial Killer,104.0,21000000,Not Rated,70,54,16,16,,26403,0.0012572857142857143
8265,Mechanic: Resurrection,98.0,40000000,R,54,38,16,16,2258.0,125729635,3.143240875
8267,Southside with You,84.0,12000000,PG-13,59,74,-15,15,813.0,6612968,0.5510806666666667
8268,The Hollars,88.0,12000000,PG-13,69,53,16,16,4.0,1139502,0.0949585
8269,The Intervention,90.0,12000000,R,60,57,3,3,17.0,32919,0.00274325
8270,The Sea of Trees,110.0,12000000,PG-13,51,23,28,28,2.0,908927,0.07574391666666666
8272,Antibirth,94.0,2500000,Not Rated,44,56,-12,12,,0,0.0
8276,Morgan,92.0,8000000,R,57,48,9,9,2020.0,7298786,0.91234825
8277,Skiptrace,107.0,60000000,PG-13,56,50,6,6,1.0,131202537,2.18670895
8279,The 9th Life of Louis Drax,108.0,21000000,R,62,41,21,21,,509487,0.024261285714285714
8280,The Light Between Oceans,133.0,20000000,PG-13,69,60,9,9,1500.0,22281732,1.1140866
8281,White Girl,88.0,12000000,Not Rated,64,65,-1,1,3.0,200242,0.016686833333333335
8282,Yoga Hosers,88.0,5000000,PG-13,45,23,22,22,,38767,0.0077534
8283,Zoom,96.0,35000000,Not Rated,57,55,2,2,,2784,7.954285714285714e-05
8284,One More Time with Feeling,112.0,1000000,Not Rated,87,92,-5,5,,902362,0.902362
8287,Cameraperson,102.0,1000000,Not Rated,70,86,-16,16,1.0,110408,0.110408
8290,Demon,94.0,10000000,R,63,80,-17,17,3.0,104039,0.0104039
8291,For the Love of Spock,111.0,1000000,Not Rated,84,74,10,10,,80141,0.080141
8293,Kicks,80.0,10000000,R,69,69,0,0,3.0,150191,0.0150191
8295,Other People,97.0,12000000,Not Rated,65,67,-2,2,12.0,91441,0.007620083333333334
8296,Sully,96.0,60000000,PG-13,76,74,2,2,3525.0,238524556,3.9754092666666665
8298,The Disappointments Room,92.0,15000000,R,30,31,-1,1,1554.0,3503761,0.23358406666666667
8300,Transpecos,86.0,21000000,Not Rated,52,73,-21,21,,0,0.0
8301,When the Bough Breaks,107.0,10000000,PG-13,27,28,-1,1,2246.0,30768449,3.0768449
8304,Blair Witch,89.0,10000000,R,49,47,2,2,3121.0,38985577,3.8985577
8306,Is That a Gun in Your Pocket?,95.0,18000000,Not Rated,27,7,20,20,2.0,39928,0.002218222222222222
8307,Miss Stevens,86.0,18000000,Not Rated,77,65,12,12,2.0,138760,0.007708888888888889
8308,Mr. Church,104.0,8000000,PG-13,74,37,37,37,354.0,685780,0.0857225
8309,Operation Avalanche,94.0,21000000,R,67,69,-2,2,,51882,0.0024705714285714287
8315,Audrie & Daisy,95.0,1000000,TV,62,73,-11,11,,0,0.0
8317,Chronic,93.0,12000000,R,65,69,-4,4,1.0,373581,0.03113175
8318,Closet Monster,90.0,12000000,Not Rated,77,81,-4,4,1.0,42360,0.00353
8319,Girl Asleep,77.0,12000000,Not Rated,63,67,-4,4,1.0,211637,0.01763641666666667
8320,Goat,96.0,12000000,R,73,64,9,9,,0,0.0
8321,I.T.,95.0,35000000,Not Rated,43,27,16,16,,1718502,0.049100057142857145
8322,My Blind Brother,85.0,20750000,R,52,60,-8,8,,0,0.0
8323,Queen of Katwe,124.0,15000000,PG,65,73,-8,8,52.0,10055481,0.6703654
8324,Storks,87.0,70000000,PG,63,56,7,7,3922.0,183353431,2.619334728571429
8325,The Age of Shadows,140.0,60000000,Not Rated,70,78,-8,8,33.0,51948102,0.8658017
8329,The Magnificent Seven,133.0,90000000,PG-13,65,54,11,11,3674.0,162122642,1.801362688888889
8332,Amanda Knox,92.0,1000000,TV,72,78,-6,6,,398,0.000398
8333,American Honey,163.0,3500000,R,71,79,-8,8,4.0,2611750,0.7462142857142857
8336,Deepwater Horizon,107.0,156000000,PG-13,73,68,5,5,3259.0,122603824,0.7859219487179487
8337,Denial,109.0,10000000,PG-13,62,63,-1,1,5.0,9263940,0.926394
8340,Masterminds,95.0,25000000,PG-13,72,47,25,25,3042.0,30850666,1.23402664
8343,13th,100.0,1000000,TV,77,83,-6,6,,566,0.000566
8346,Blue Jay,80.0,12000000,Not Rated,78,69,9,9,1.0,21626,0.0018021666666666668
8349,Middle School: The Worst Years of My Life,92.0,8500000,PG,60,51,9,9,2822.0,23311293,2.7425050588235296
8350,Newtown,85.0,1000000,Not Rated,83,87,-4,4,2.0,14109,0.014109
8352,The Birth of a Nation,120.0,10000000,R,54,69,-15,15,2105.0,16891011,1.6891011
8353,The Girl on the Train,112.0,45000000,R,61,48,13,13,3144.0,174278214,3.8728492
8354,The Greasy Strangler,93.0,21000000,Not Rated,58,58,0,0,11.0,89601,0.004266714285714286
8355,The Great Gilly Hopkins,99.0,72250000,PG,61,47,14,14,,67054,0.000928083044982699
8356,The Late Bloomer,90.0,18000000,R,34,34,0,0,,0,0.0
8357,Under the Shadow,84.0,10000000,Not Rated,76,83,-7,7,,151923,0.0151923
8360,Tower,96.0,12000000,Not Rated,80,92,-12,12,5.0,101987,0.008498916666666667
8362,Aquarius,142.0,12000000,Not Rated,86,88,-2,2,3.0,2671506,0.2226255
8363,Certain Women,107.0,12000000,R,61,82,-21,21,5.0,1220254,0.10168783333333334
8364,Christine,119.0,12000000,Not Rated,67,72,-5,5,1.0,349693,0.029141083333333335
8366,Desierto,94.0,21000000,R,49,51,-2,2,73.0,4940419,0.23525804761904762
8367,Jack Goes Home,100.0,10000000,R,48,38,10,10,,0,0.0
8368,Kevin Hart: What Now?,96.0,10000000,R,46,60,-14,14,2567.0,23591043,2.3591043
8369,Little Sister,91.0,18000000,Not Rated,62,74,-12,12,,0,0.0
8370,Max Steel,92.0,10000000,PG-13,29,22,7,7,2034.0,4563080,0.456308
8372,Ordinary World,86.0,18000000,Not Rated,58,55,3,3,,0,0.0
8374,The Accountant,128.0,40000000,R,73,51,22,22,3332.0,152962083,3.824052075
8375,Michael Moore in TrumpLand,73.0,10000000,Not Rated,38,54,-16,16,2.0,149090,0.014909
8376,31,102.0,1500000,R,69,35,34,34,14.0,922727,0.6151513333333334
8377,American Pastoral,108.0,12000000,R,60,43,17,17,50.0,1892175,0.15768125
8378,Before the Flood,96.0,1000000,PG,81,63,18,18,,2825,0.002825
8382,In a Valley of Violence,104.0,30000000,R,66,64,2,2,33.0,53647,0.0017882333333333333
8383,Jack Reacher: Never Go Back,118.0,60000000,PG-13,56,47,9,9,3780.0,159946489,2.6657748166666666
8384,Keeping Up with the Joneses,105.0,40000000,PG-13,73,34,39,39,3022.0,28804426,0.72011065
8385,King Cobra,91.0,12000000,Not Rated,59,48,11,11,2.0,74712,0.006226
8386,Moonlight,111.0,1500000,Not Rated,71,99,-28,28,4.0,65157139,43.43809266666667
8387,Ouija: Origin of Evil,99.0,9000000,PG-13,78,65,13,13,3167.0,81831866,9.092429555555556
8389,The Whole Truth,93.0,21000000,R,54,46,8,8,,1772492,0.08440438095238095
8391,Oasis: Supersonic,122.0,1000000,Not Rated,83,71,12,12,14.0,1432485,1.432485
8395,Inferno,121.0,75000000,PG-13,56,42,14,14,3576.0,219519367,2.926924893333333
8396,Into the Inferno,104.0,1000000,Not Rated,78,76,2,2,,4861,0.004861
8397,The Unspoken,91.0,21000000,Not Rated,52,28,24,24,,126668,0.0060318095238095235
8399,The Eagle Huntress,87.0,1000000,G,65,72,-7,7,4.0,5631241,5.631241
8400,Trash Fire,91.0,10500000,R,54,42,12,12,,0,0.0
8401,Doctor Strange,115.0,165000000,PG-13,81,72,9,9,3882.0,676354481,4.099118066666667
8402,Dog Eat Dog,93.0,60000000,Not Rated,58,53,5,5,,219319,0.003655316666666667
8403,Hacksaw Ridge,139.0,40000000,R,82,71,11,11,2886.0,169023926,4.22559815
8404,Loving,123.0,9000000,PG-13,71,79,-8,8,4.0,12898064,1.4331182222222223
8408,The Ivory Game,112.0,1000000,Not Rated,79,73,6,6,,105,0.000105
8409,Trolls,92.0,125000000,PG,65,55,10,10,4060.0,343242613,2.745940904
8410,Almost Christmas,111.0,17000000,PG-13,51,55,-4,4,2376.0,42493506,2.499618
8411,Arrival,116.0,47000000,PG-13,82,81,1,1,2317.0,202863303,4.316240489361702
8413,Come and Find Me,112.0,12000000,R,56,46,10,10,,4052,0.00033766666666666667
8414,Elle,130.0,9100000,R,72,89,-17,17,2.0,16517708,1.8151327472527472
8416,Shut In,91.0,10000000,PG-13,40,25,15,15,2058.0,11360665,1.1360665
8417,The Love Witch,120.0,18000000,Not Rated,60,82,-22,22,,281063,0.01561461111111111
8418,The Monster,91.0,10000000,R,60,69,-9,9,18.0,86288,0.0086288
8419,USS Indianapolis: Men of Courage,128.0,40000000,R,35,30,5,5,,1663785,0.041594625
8422,A Street Cat Named Bob,103.0,8000000,Not Rated,78,54,24,24,25.0,17382693,2.172836625
8424,Bleed for This,117.0,16000000,R,68,62,6,6,1549.0,7171320,0.4482075
8425,Divines,105.0,12000000,Not Rated,70,71,-1,1,,2297612,0.19146766666666667
8426,Fantastic Beasts and Where to Find Them,133.0,180000000,PG-13,73,66,7,7,4144.0,811724385,4.509579916666667
8428,Life on the Line,97.0,60000000,R,46,24,22,22,,0,0.0
8430,Manchester by the Sea,137.0,8500000,R,82,96,-14,14,4.0,77733867,9.145160823529412
8431,Nocturnal Animals,116.0,22500000,R,77,67,10,10,37.0,32398681,1.4399413777777779
8432,The Edge of Seventeen,104.0,9000000,R,76,77,-1,1,1945.0,19096003,2.121778111111111
8435,Allied,124.0,106000000,R,67,60,7,7,3160.0,119266661,1.125157179245283
8436,Bad Santa 2,92.0,26000000,R,54,38,16,16,2920.0,23345113,0.8978889615384615
8437,Moana,107.0,150000000,PG,78,81,-3,3,3875.0,634965560,4.2331037333333335
8439,Always Shine,85.0,21000000,Not Rated,55,72,-17,17,1.0,16140,0.0007685714285714286
8441,Evolution,81.0,80000000,Not Rated,68,77,-9,9,3.0,145436,0.00181795
8442,Lion,118.0,12000000,PG-13,78,69,9,9,4.0,149117900,12.426491666666667
8443,Mifune: The Last Samurai,80.0,1000000,Not Rated,80,64,16,16,1.0,52969,0.052969
8444,Miss Sloane,132.0,18000000,R,71,64,7,7,3.0,7768259,0.43156994444444446
8450,Incarnate,91.0,5000000,PG-13,49,30,19,19,1737.0,9371036,1.8742072
8451,Jackie,100.0,9000000,R,73,81,-8,8,5.0,36588512,4.065390222222222
8452,Man Down,92.0,21000000,R,50,28,22,22,,19623,0.0009344285714285714
8453,Pet,94.0,21000000,R,66,48,18,18,,10864,0.0005173333333333333
8454,SiREN,82.0,10000000,Not Rated,63,54,9,9,,0,0.0
8455,The Duelist,109.0,10000000,R,72,55,17,17,,6088454,0.6088454
8456,The Eyes of My Mother,76.0,300000,R,60,63,-3,3,5.0,48539,0.16179666666666667
8458,Abattoir,98.0,10000000,R,44,40,4,4,,581142,0.0581142
8460,All We Had,105.0,12000000,Not Rated,62,48,14,14,,0,0.0
8461,Burn Country,102.0,12000000,Not Rated,55,60,-5,5,,0,0.0
8462,Frank & Lola,88.0,12000000,Not Rated,58,56,2,2,26.0,9188,0.0007656666666666667
8465,La La Land,128.0,20000000,PG-13,84,94,-10,10,5.0,441890079,22.09450395
8467,Office Christmas Party,105.0,45000000,R,50,42,8,8,3210.0,115097874,2.5577305333333333
8470,A Kind of Murder,95.0,21000000,R,56,50,6,6,3.0,91149,0.0043404285714285715
8471,Barry,104.0,12000000,Not Rated,59,72,-13,13,,0,0.0
8472,Collateral Beauty,97.0,36000000,PG-13,62,23,39,39,3528.0,85309093,2.369697027777778
8473,Fences,139.0,24000000,PG-13,73,79,-6,6,4.0,64282881,2.678453375
8474,Neruda,107.0,12000000,R,71,82,-11,11,3.0,6100591,0.5083825833333333
8475,Rogue One: A Star Wars Story,133.0,200000000,PG-13,76,65,11,11,4157.0,1055135598,5.27567799
8478,The Hollow Point,97.0,21000000,R,56,41,15,15,,0,0.0
8481,Julieta,99.0,12000000,R,72,73,-1,1,,22880442,1.9067035
8482,Passengers,116.0,110000000,PG-13,68,41,27,27,3478.0,302239672,2.747633381818182
8483,Patriots Day,133.0,40000000,R,71,69,2,2,7.0,52837989,1.320949725
8484,Sing,108.0,75000000,PG,63,59,4,4,4022.0,631064182,8.414189093333333
8485,The Autopsy of Jane Doe,86.0,10000000,Not Rated,69,65,4,4,,6152973,0.6152973
8486,A Monster Calls,108.0,43000000,PG-13,78,76,2,2,4.0,46414530,1.0794076744186047
8487,"I, Daniel Blake",100.0,12000000,Not Rated,79,78,1,1,,15887187,1.32393225
8488,Silence,161.0,46500000,R,76,79,-3,3,4.0,23726626,0.5102500215053763
8489,Why Him?,111.0,38000000,R,80,39,41,41,2970.0,117425156,3.090135684210526
8490,Hidden Figures,127.0,25000000,PG,75,74,1,1,25.0,231771716,9.27086864
8491,Live by Night,129.0,65000000,R,80,49,31,31,4.0,21774432,0.33499126153846154
8492,Toni Erdmann,162.0,18000000,R,70,93,-23,23,3.0,11301232,0.6278462222222222
8493,20th Century Women,119.0,7000000,R,74,83,-9,9,4.0,9353729,1.336247
8494,Paterson,118.0,5000000,R,78,90,-12,12,4.0,10727536,2.1455072
8495,Arsenal,93.0,60000000,R,53,25,28,28,,0,0.0
8505,Sleepless,95.0,30000000,R,46,34,12,12,1803.0,33296659,1.1098886333333333
8506,The Bye Bye Man,96.0,7400000,R,32,37,-5,5,2220.0,31187727,4.214557702702702
8512,Detour,97.0,12000000,Not Rated,55,46,9,9,5.0,7600,0.0006333333333333333
8514,Split,117.0,9000000,PG-13,70,62,8,8,3038.0,278754594,30.972732666666666
8521,xXx: Return of Xander Cage,107.0,85000000,PG-13,48,42,6,6,3600.0,345033359,4.0592159882352945
8525,Gold,120.0,12000000,R,64,49,15,15,2166.0,12178108,1.0148423333333334
8526,I Am Michael,98.0,12000000,Not Rated,54,56,-2,2,,3996,0.000333
8533,The Lure,92.0,1000000,Not Rated,71,72,-1,1,,1327,0.001327
8535,Don't Knock Twice,93.0,10000000,Not Rated,50,45,5,5,,2107509,0.2107509
8536,Oklahoma City,102.0,1000000,Not Rated,64,74,-10,10,,0,0.0
8537,Rings,102.0,25000000,PG-13,40,25,15,15,2931.0,82917283,3.31669132
8538,The Comedian,120.0,15000000,R,52,40,12,12,848.0,1658706,0.1105804
8539,The Space Between Us,120.0,30000000,PG-13,52,33,19,19,2812.0,16481405,0.5493801666666667
8545,Fifty Shades Darker,118.0,55000000,R,30,33,-3,3,3710.0,381367046,6.933946290909091
8551,A Cure for Wellness,146.0,21000000,R,82,47,35,35,2704.0,24456980,1.1646180952380951
8552,American Fable,96.0,21000000,PG-13,60,55,5,5,,0,0.0
8553,Fist Fight,91.0,25000000,R,52,37,15,15,3185.0,40286416,1.61145664
8555,In Dubious Battle,110.0,15000000,R,76,43,33,33,,214182,0.0142788
8556,Lovesong,84.0,12000000,Not Rated,71,74,-3,3,1.0,10545,0.00087875
8558,XX,80.0,10000000,Not Rated,31,64,-33,33,7.0,55668,0.0055668
8560,As You Are,110.0,12000000,Not Rated,76,67,9,9,,0,0.0
8561,Bitter Harvest,103.0,21000000,R,68,34,34,34,127.0,606162,0.028864857142857143
8563,Get Out,104.0,5000000,R,75,85,-10,10,2781.0,252297405,50.459481
8571,Before I Fall,98.0,5000000,PG-13,64,58,6,6,2346.0,18945682,3.7891364
8572,Catfight,95.0,18000000,Not Rated,60,66,-6,6,,2665,0.00014805555555555557
8573,Donald Cried,85.0,18000000,Not Rated,75,72,3,3,2.0,61406,0.0034114444444444444
8574,Headshot,118.0,60000000,Not Rated,66,61,5,5,,49783,0.0008297166666666666
8576,Lavender,92.0,21000000,Not Rated,42,46,-4,4,,0,0.0
8577,Logan,137.0,127000000,R,84,77,7,7,4071.0,614202315,4.836238700787401
8579,Table 19,87.0,5000000,PG-13,59,40,19,19,868.0,4620399,0.9240798
8582,The Last Word,108.0,12000000,R,75,40,35,35,4.0,4429210,0.3691008333333333
8584,The Shack,132.0,20000000,PG-13,56,32,24,24,2888.0,96908458,4.8454229
8586,Wolves,109.0,18000000,R,54,46,8,8,,0,0.0
8588,Brimstone,148.0,21000000,R,60,45,15,15,,2125810,0.10122904761904762
8590,Kong: Skull Island,118.0,185000000,PG-13,67,62,5,5,3846.0,561072059,3.0328219405405403
8593,Raw,99.0,10000000,R,71,81,-10,10,2.0,3151960,0.315196
8596,The Ottoman Lieutenant,106.0,12000000,R,87,26,61,61,216.0,413844,0.034487
8597,The Sense of an Ending,108.0,12000000,PG-13,61,61,0,0,4.0,4842617,0.40355141666666666
8599,Uncertain,82.0,1000000,Not Rated,85,89,-4,4,,29736,0.029736
8603,Beauty and the Beast,129.0,160000000,PG,67,65,2,2,4210.0,1273109220,7.956932625
8604,Betting on Zero,99.0,1000000,Not Rated,82,72,10,10,,0,0.0
8607,Song to Song,129.0,12000000,R,59,54,5,5,4.0,1745819,0.14548491666666666
8609,The Belko Experiment,89.0,5000000,R,51,44,7,7,1341.0,11792942,2.3585884
8612,Bokeh,92.0,12000000,Not Rated,52,56,-4,4,,0,0.0
8614,Dig Two Graves,85.0,10000000,Not Rated,61,67,-6,6,,0,0.0
8615,I Called Him Morgan,92.0,1000000,Not Rated,67,90,-23,23,1.0,97711,0.097711
8617,Life,104.0,58000000,R,64,54,10,10,3146.0,101815660,1.7554424137931035
8618,Prevenge,88.0,12000000,Not Rated,61,71,-10,10,,94100,0.007841666666666667
8620,The Levelling,83.0,12000000,R,61,81,-20,20,1.0,118421,0.009868416666666666
8622,Wilson,94.0,18000000,R,53,49,4,4,310.0,710383,0.03946572222222222
8625,Carrie Pilby,98.0,18000000,Not Rated,74,52,22,22,6.0,26889,0.0014938333333333333
8627,David Lynch: The Art Life,88.0,1000000,Not Rated,83,75,8,8,1.0,316386,0.316386
8629,Ghost in the Shell,107.0,110000000,PG-13,68,52,16,16,3440.0,167910690,1.5264608181818182
8631,Live Cargo,88.0,12000000,Not Rated,80,56,24,24,,0,0.0
8633,The Boss Baby,97.0,125000000,PG,51,50,1,1,3773.0,527965936,4.223727488
8637,Aftermath,94.0,21000000,R,62,44,18,18,,434353,0.02068347619047619
8639,Colossal,109.0,12000000,R,61,70,-9,9,4.0,4465401,0.37211675
8640,Gifted,101.0,7000000,PG-13,76,60,16,16,56.0,36964656,5.280665142857143
8641,Going in Style,96.0,24000000,PG-13,62,50,12,12,3061.0,80812424,3.3671843333333333
8647,Smurfs: The Lost Village,90.0,60000000,PG,58,40,18,18,3610.0,197578586,3.292976433333333
8648,The Assignment,95.0,21000000,R,65,34,31,31,,601082,0.02862295238095238
8649,The Ticket,97.0,12000000,Not Rated,63,52,11,11,,0,0.0
8650,The Transfiguration,97.0,12000000,Not Rated,70,65,5,5,1.0,28450,0.0023708333333333333
8651,The Void,90.0,10000000,Not Rated,58,62,-4,4,31.0,377624,0.0377624
8652,Their Finest,117.0,20750000,R,63,76,-13,13,4.0,13807089,0.6654018795180723
8658,Chasing Trane: The John Coltrane Documentary,99.0,1000000,Not Rated,74,69,5,5,1.0,406284,0.406284
8663,My Entire High School Sinking Into the Sea,75.0,72250000,Not Rated,49,72,-23,23,3.0,68883,0.0009533979238754326
8664,Norman: The Moderate Rise and Tragic Fall of a New York Fixer,118.0,12000000,R,62,75,-13,13,5.0,6068999,0.5057499166666667
8666,The Fate of the Furious,136.0,250000000,PG-13,69,56,13,13,4310.0,1236703796,4.946815184
8667,The Lost City of Z,141.0,30000000,R,70,78,-8,8,4.0,17121823,0.5707274333333333
8671,Free Fire,90.0,10000000,R,62,63,-1,1,1070.0,3793739,0.3793739
8676,The Promise,133.0,90000000,Not Rated,71,49,22,22,2251.0,10551417,0.11723796666666667
8681,Obit,93.0,1000000,Not Rated,80,72,8,8,2.0,312777,0.312777
8682,Below Her Mouth,94.0,12000000,Not Rated,78,42,36,36,,35696,0.0029746666666666667
8685,Harold and Lillian: A Hollywood Love Story,94.0,1000000,Not Rated,83,75,8,8,,0,0.0
8686,How to Be a Latin Lover,115.0,10000000,PG-13,54,54,0,0,1118.0,62556228,6.2556228
8690,Sleight,89.0,250000,R,51,62,-11,11,565.0,3934450,15.7378
8691,The Circle,110.0,18000000,PG-13,50,43,7,7,3163.0,40651864,2.258436888888889
8693,Last Men in Aleppo,83.0,1000000,Not Rated,35,80,-45,45,,0,0.0
8698,Chuck,98.0,60000000,R,69,68,1,1,4.0,470767,0.007846116666666667
8702,Risk,92.0,1000000,Not Rated,73,72,1,1,34.0,287781,0.287781
8704,The Dinner,120.0,12000000,R,44,57,-13,13,505.0,2492001,0.20766675
8705,The Lovers,97.0,20750000,R,62,76,-14,14,4.0,2216374,0.10681320481927711
8706,Manifesto,95.0,12000000,Not Rated,73,72,1,1,1.0,432337,0.036028083333333336
8707,The Drowning,95.0,21000000,Not Rated,62,43,19,19,,0,0.0
8711,Hounds of Love,108.0,21000000,Not Rated,73,73,0,0,,245909,0.011709952380952382
8712,King Arthur: Legend of the Sword,126.0,175000000,PG-13,72,41,31,31,3702.0,139630336,0.7978876342857143
8713,Lowriders,99.0,916000,PG-13,65,57,8,8,295.0,6188421,6.755918122270742
8714,Mindhorn,89.0,18000000,TV,69,70,-1,1,,816452,0.045358444444444444
8715,Paris Can Wait,92.0,20750000,PG,50,48,2,2,4.0,15478255,0.74594
8716,Snatched,90.0,42000000,R,31,45,-14,14,3501.0,57852177,1.3774327857142856
8719,The Wall,88.0,3000000,R,59,57,2,2,540.0,4495262,1.4984206666666666
8721,Tracktown,88.0,12000000,Not Rated,60,64,-4,4,,0,0.0
8724,Abacus: Small Enough to Jail,88.0,650000,Not Rated,69,73,-4,4,1.0,113279,0.1742753846153846
8726,Alien: Covenant,122.0,97000000,R,57,65,-8,8,3761.0,238521247,2.4589819278350515
8727,Diary of a Wimpy Kid: The Long Haul,91.0,22000000,PG,34,39,-5,5,3157.0,35609577,1.6186171363636364
8728,"Everything, Everything",96.0,10000000,PG-13,52,52,0,0,2801.0,61603136,6.1603136
8734,Wakefield,106.0,12000000,Not Rated,64,62,2,2,1.0,874187,0.07284891666666667
8735,Restless Creature: Wendy Whelan,90.0,1000000,Not Rated,40,87,-47,47,2.0,147780,0.14778
8736,Baywatch,116.0,60000000,R,47,37,10,10,3647.0,175863783,2.93106305
8737,Berlin Syndrome,116.0,5500000,R,60,70,-10,10,,788191,0.14330745454545454
8738,Black Butterfly,93.0,21000000,R,54,43,11,11,,359182,0.01710390476190476
8743,Pirates of the Caribbean: Dead Men Tell No Tales,129.0,230000000,PG-13,63,39,24,24,4276.0,794861794,3.455920843478261
8744,War Machine,122.0,18000000,TV,61,56,5,5,,0,0.0
8745,Band Aid,91.0,18000000,Not Rated,60,67,-7,7,3.0,248370,0.013798333333333333
8746,Captain Underpants: The First Epic Movie,89.0,38000000,PG,69,69,0,0,3434.0,126422949,3.3269197105263157
8747,Churchill,105.0,10000000,PG,80,44,36,36,215.0,7582196,0.7582196
8748,Dean,94.0,18000000,PG-13,38,58,-20,20,15.0,254536,0.014140888888888889
8752,The Exception,107.0,12000000,R,62,60,2,2,2.0,834580,0.06954833333333334
8754,Wonder Woman,141.0,150000000,PG-13,58,76,-18,18,4165.0,818058221,5.453721473333333
8755,Beatriz at Dinner,82.0,12000000,Not Rated,54,68,-14,14,5.0,7294036,0.6078363333333333
8757,Dawson City: Frozen Time,120.0,1000000,Not Rated,61,86,-25,25,1.0,132369,0.132369
8758,It Comes at Night,91.0,5000000,R,63,78,-15,15,2533.0,19720203,3.9440406
8759,Megan Leavey,116.0,12000000,PG-13,68,66,2,2,1956.0,14464838,1.2054031666666667
8761,My Cousin Rachel,106.0,12000000,PG-13,60,63,-3,3,523.0,9833292,0.819441
8764,The Hero,93.0,12000000,R,68,61,7,7,4.0,4112369,0.34269741666666664
8765,The Mummy,110.0,195000000,PG-13,47,34,13,13,4035.0,409953905,2.102327717948718
8767,47 Meters Down,89.0,5300000,PG-13,52,52,0,0,2270.0,62633705,11.817680188679246
8769,Cars 3,102.0,175000000,G,69,59,10,10,4256.0,383541369,2.1916649657142857
8771,Kill Switch,91.0,60000000,R,38,31,7,7,,163348,0.0027224666666666665
8773,Maudie,115.0,12000000,Not Rated,75,65,10,10,4.0,11850575,0.9875479166666666
8775,Rough Night,101.0,20000000,R,47,51,-4,4,3162.0,46844357,2.34221785
8776,Score: A Film Music Documentary,93.0,1000000,TV,64,67,-3,3,,83050,0.08305
8777,The Book of Henry,105.0,12000000,PG-13,47,31,16,16,579.0,4379905,0.36499208333333333
8778,The Journey,94.0,12000000,PG-13,64,53,11,11,2.0,471342,0.0392785
8779,Transformers: The Last Knight,149.0,217000000,PG-13,41,27,14,14,4069.0,602893340,2.778310322580645
8785,The Bad Batch,118.0,10000000,R,55,62,-7,7,30.0,182226,0.0182226
8786,The Beguiled,93.0,10000000,R,62,77,-15,15,4.0,28039038,2.8039038
8787,The Big Sick,120.0,5000000,R,71,86,-15,15,5.0,56868677,11.3737354
8789,Baby Driver,112.0,34000000,R,78,86,-8,8,3226.0,227250102,6.683826529411765
8790,Okja,120.0,72250000,TV,75,75,0,0,,2049823,0.02837125259515571
8793,Despicable Me 3,90.0,75000000,PG,57,49,8,8,4529.0,1032961987,13.772826493333334
8797,The House,88.0,40000000,R,45,30,15,15,3134.0,31192425,0.779810625
8798,The Little Hours,90.0,10500000,R,61,69,-8,8,2.0,1647175,0.15687380952380953
8801,A Ghost Story,92.0,100000,Not Rated,71,84,-13,13,4.0,2769782,27.69782
8802,City of Ghosts,92.0,1000000,R,64,86,-22,22,2.0,210847,0.210847
8804,Spider-Man: Homecoming,133.0,175000000,PG-13,75,73,2,2,4348.0,878346440,5.019122514285714
8808,Chasing Coral,93.0,1000000,Not Rated,68,86,-18,18,,0,0.0
8812,Lady Macbeth,89.0,12000000,Not Rated,68,76,-8,8,5.0,5245263,0.43710525
8815,War for the Planet of the Apes,140.0,152000000,PG-13,80,82,-2,2,4022.0,489592267,3.2210017565789473
8816,Wish Upon,90.0,12000000,PG-13,81,32,49,49,2250.0,23477345,1.9564454166666667
8819,Dunkirk,106.0,150000000,PG-13,82,94,-12,12,3720.0,518058826,3.453725506666667
8820,First Kill,97.0,60000000,R,58,39,19,19,,135979,0.0022663166666666667
8821,Girls Trip,122.0,28000000,R,56,71,-15,15,2591.0,140886353,5.0316554642857145
8822,Killing Ground,88.0,21000000,R,52,59,-7,7,,44186,0.0021040952380952382
8823,Kuso,105.0,10000000,Not Rated,66,51,15,15,,0,0.0
8824,Landline,97.0,18000000,Not Rated,62,66,-4,4,4.0,940854,0.052269666666666666
8829,Valerian and the City of a Thousand Planets,137.0,180000000,PG-13,64,51,13,13,3553.0,215098356,1.1949908666666667
8830,Escapes,89.0,1000000,Not Rated,80,72,8,8,,0,0.0
8832,A Family Man,108.0,12000000,R,54,21,33,33,,2435792,0.20298266666666667
8834,Atomic Blonde,115.0,30000000,R,67,63,4,4,3304.0,98345423,3.278180766666667
8835,Brigsby Bear,97.0,18000000,PG-13,75,67,8,8,3.0,665183,0.03695461111111111
8836,Detroit,143.0,40000000,R,66,77,-11,11,20.0,26033563,0.650839075
8838,Menashe,82.0,12000000,Not Rated,64,81,-17,17,3.0,1944300,0.162025
8841,The Emoji Movie,86.0,50000000,PG,21,12,9,9,4075.0,216564840,4.3312968
8843,The Last Face,130.0,12000000,R,76,16,60,60,,703883,0.05865691666666667
8846,Columbus,100.0,700000,Not Rated,74,89,-15,15,2.0,1110511,1.5864442857142858
8847,Fun Mom Dinner,81.0,18000000,R,66,46,20,20,,24877,0.0013820555555555556
8850,Kidnap,95.0,21000000,R,50,44,6,6,2387.0,34836080,1.6588609523809523
8851,Step,84.0,1000000,PG,86,81,5,5,29.0,1176294,1.176294
8852,The Dark Tower,95.0,66000000,PG-13,45,34,11,11,3451.0,113461527,1.7191140454545455
8853,Wind River,107.0,11000000,R,79,73,6,6,4.0,44984979,4.0895435454545455
8857,Annabelle: Creation,109.0,15000000,R,68,62,6,6,3502.0,305384865,20.358991
8858,Good Time,101.0,12000000,Not Rated,77,80,-3,3,4.0,4144128,0.345344
8860,Ingrid Goes West,98.0,10500000,Not Rated,71,71,0,0,3.0,3271468,0.31156838095238093
8862,Pilgrimage,96.0,21000000,NR,73,60,13,13,,4080,0.0001942857142857143
8864,The Farthest,121.0,1000000,Not Rated,67,87,-20,20,2.0,36123,0.036123
8865,The Glass Castle,127.0,12000000,PG-13,59,56,3,3,1461.0,22081049,1.8400874166666668
8866,The Nile Hilton Incident,106.0,21000000,Not Rated,74,70,4,4,2.0,3921717,0.18674842857142857
8867,The Nut Job 2: Nutty by Nature,91.0,40000000,PG,44,36,8,8,4003.0,57424952,1.4356238
8868,The Only Living Boy in New York,89.0,12000000,R,53,33,20,20,15.0,2056158,0.1713465
8869,The Trip to Spain,108.0,18000000,Not Rated,68,66,2,2,3.0,1982058,0.11011433333333333
8872,6 Days,94.0,60000000,R,70,36,34,34,,317072,0.005284533333333333
8874,Crown Heights,94.0,12000000,Not Rated,74,64,10,10,3.0,238553,0.019879416666666667
8875,Dave Made a Maze,80.0,72250000,TV,70,60,10,10,,0,0.0
8876,Gook,94.0,12000000,Unrated,62,69,-7,7,2.0,251539,0.020961583333333332
8877,Lemon,83.0,18000000,NR,52,59,-7,7,2.0,29258,0.0016254444444444443
8878,Logan Lucky,118.0,29000000,PG-13,69,78,-9,9,3031.0,49046121,1.6912455517241378
8879,Marjorie Prime,99.0,27330000,Not Rated,74,82,-8,8,6.0,224845,0.00822703988291255
8880,Patti Cake$,109.0,1000000,R,73,67,6,6,14.0,1471090,1.47109
8881,Shot Caller,121.0,21000000,R,76,59,17,17,,2812006,0.13390504761904762
8885,Whitney: Can I Be Me,105.0,1000000,NR,73,64,9,9,,403589,0.403589
8886,All Saints,108.0,2000000,PG,60,63,-3,3,846.0,5946247,2.9731235
8887,Beach Rats,98.0,12000000,Not Rated,66,78,-12,12,3.0,576316,0.04802633333333333
8888,Birth of the Dragon,95.0,31000000,PG-13,45,35,10,10,1618.0,7220490,0.2329190322580645
8889,Bushwick,94.0,21000000,NR,65,44,21,21,,42,2e-06
8897,Dolores,95.0,12000000,Not Rated,72,81,-9,9,1.0,555309,0.04627575
8898,Goon: Last of the Enforcers,101.0,18000000,Not Rated,54,48,6,6,,115697,0.006427611111111111
8902,The Layover,88.0,18000000,Not Rated,46,15,31,31,,0,0.0
8903,Tulip Fever,105.0,25000000,R,46,38,8,8,765.0,6792768,0.27171072
8904,Unlocked,98.0,21000000,R,59,46,13,13,,6607476,0.3146417142857143
8910,Home Again,97.0,15000000,PG-13,56,41,15,15,2940.0,37336874,2.489124933333333
8911,It,135.0,35000000,R,79,69,10,10,4103.0,701083042,20.030944057142857
8912,Rebel in the Rye,106.0,12000000,PG-13,65,46,19,19,4.0,867461,0.07228841666666666
8913,Rememory,111.0,12000000,PG-13,56,48,8,8,,70212,0.005851
8916,The Limehouse Golem,109.0,21000000,Not Rated,55,63,-8,8,,2174568,0.10355085714285714
8919,Year by the Sea,114.0,12000000,Not Rated,85,43,42,42,,0,0.0
8922,American Assassin,112.0,63000000,R,57,45,12,12,3154.0,68310140,1.0842879365079365
8927,Rat Film,82.0,1000000,Not Rated,53,83,-30,30,2.0,35195,0.035195
8929,mother!,121.0,30000000,R,69,75,-6,6,2368.0,42531076,1.4177025333333333
8931,Battle of the Sexes,121.0,25000000,PG-13,63,73,-10,10,21.0,18445379,0.73781516
8935,Kingsman: The Golden Circle,141.0,104000000,R,64,44,20,20,4003.0,408803696,3.930804769230769
8936,Loving Vincent,94.0,5500000,PG-13,82,62,20,20,1.0,44077249,8.014045272727273
8937,Stronger,119.0,30000000,R,74,76,-2,2,574.0,8786287,0.29287623333333335
8938,The Force,80.0,1000000,Not Rated,53,80,-27,27,4.0,58154,0.058154
8942,Unrest,98.0,1000000,Not Rated,84,80,4,4,1.0,72518,0.072518
8943,Victoria and Abdul,111.0,21000000,PG-13,60,58,2,2,4.0,68271146,3.2510069523809526
8944,Woodshock,100.0,12000000,R,36,39,-3,3,3.0,43550,0.003629166666666667
8946,Abundant Acreage Available,80.0,12000000,Not Rated,80,68,12,12,,0,0.0
8947,American Made,115.0,50000000,R,72,65,7,7,3024.0,135569212,2.71138424
8948,Flatliners,109.0,20000000,PG-13,41,27,14,14,2552.0,45173738,2.2586869
8950,"Literally, Right Before Aaron",105.0,18000000,TV,63,28,35,35,,0,0.0
8951,Lucky,88.0,12000000,Not Rated,74,80,-6,6,5.0,2600032,0.21666933333333332
8952,Mark Felt: The Man Who Brought Down the White House,103.0,21000000,PG-13,55,49,6,6,5.0,1806266,0.08601266666666667
8953,Our Souls at Night,103.0,12000000,Not Rated,68,69,-1,1,,0,0.0
8955,Super Dark Times,100.0,21000000,Not Rated,71,75,-4,4,21.0,33109,0.0015766190476190476
8958,Chavela,93.0,1000000,Not Rated,80,68,12,12,4.0,243176,0.243176
8959,Barracuda,100.0,12000000,Not Rated,66,78,-12,12,,0,0.0
8961,Better Watch Out,89.0,10000000,R,63,67,-4,4,25.0,188756,0.0188756
8962,Blade Runner 2049,164.0,185000000,R,84,81,3,3,4058.0,258829058,1.3990759891891893
8963,Brawl in Cell Block 99,132.0,4000000,Not Rated,72,79,-7,7,,79208,0.019802
8966,My Little Pony: The Movie,99.0,6500000,PG,69,39,30,30,2528.0,61294644,9.429945230769231
8967,Paradise,130.0,12000000,Not Rated,60,52,8,8,1.0,20754,0.0017295
8969,The Florida Project,111.0,2000000,Not Rated,74,92,-18,18,4.0,11275645,5.6378225
8970,The Mountain Between Us,112.0,72250000,PG-13,51,48,3,3,3088.0,62617547,0.8666788512110727
8971,Una,94.0,12000000,Not Rated,49,62,-13,13,,432418,0.036034833333333335
8972,Walking Out,95.0,21000000,Not Rated,58,79,-21,21,2.0,162521,0.0077390952380952385
8974,Breathe,118.0,12000000,PG-13,62,51,11,11,4.0,4868463,0.40570525
8976,Goodbye Christopher Robin,107.0,12000000,PG,69,54,15,15,9.0,7299662,0.6083051666666667
8977,Happy Death Day,96.0,5000000,PG-13,68,58,10,10,3149.0,125010260,25.002052
8978,Human Flow,140.0,1000000,Not Rated,69,77,-8,8,3.0,1782002,1.782002
8979,Marshall,118.0,12000000,PG-13,66,66,0,0,821.0,10116816,0.843068
8982,The Departure,87.0,1000000,Not Rated,85,85,0,0,1.0,24661,0.024661
8983,The Foreigner,113.0,35000000,R,71,55,16,16,2515.0,145374099,4.153545685714286
8985,The Secret Scripture,108.0,12000000,PG-13,75,37,38,38,,646363,0.05386358333333333
8986,Tom of Finland,115.0,12000000,Not Rated,71,56,15,15,,534568,0.044547333333333335
8992,Geostorm,109.0,100000000,PG-13,42,21,21,21,3246.0,220796009,2.20796009
8993,Jane,90.0,1000000,PG,83,87,-4,4,3.0,1956083,1.956083
8994,Jungle,115.0,60000000,R,67,48,19,19,,1287789,0.02146315
8996,Leatherface,90.0,10000000,R,48,40,8,8,,958650,0.095865
8997,Never Here,110.0,21000000,R,36,66,-30,30,,0,0.0
8999,Only the Brave,134.0,38000000,PG-13,73,72,1,1,2577.0,24555177,0.6461888684210526
9000,Same Kind of Different as Me,119.0,6500000,PG-13,50,47,3,3,1362.0,6425632,0.9885587692307692
9002,The Killing of a Sacred Deer,121.0,10000000,R,68,73,-5,5,4.0,6115919,0.6115919
9003,The Snowman,119.0,35000000,R,40,23,17,17,1812.0,43164679,1.2332765428571428
9004,The Work,89.0,1000000,Not Rated,75,84,-9,9,2.0,20574,0.020574
9005,Tragedy Girls,98.0,10500000,R,63,58,5,5,2.0,133169,0.012682761904761905
9007,Wonderstruck,116.0,12000000,PG,63,71,-8,8,4.0,2948862,0.2457385
9010,Bill Nye: Science Guy,101.0,1000000,Not Rated,66,73,-7,7,1.0,74909,0.074909
9013,Jigsaw,92.0,10000000,R,60,39,21,21,2941.0,104223315,10.4223315
9016,Mr. Roosevelt,90.0,18000000,Not Rated,56,73,-17,17,,0,0.0
9017,Novitiate,123.0,12000000,R,75,73,2,2,3.0,580346,0.048362166666666664
9018,Suburbicon,105.0,10500000,R,46,42,4,4,2046.0,12021506,1.1449053333333332
9019,Thank You for Your Service,109.0,20000000,R,66,68,-2,2,2054.0,9985316,0.4992658
9021,The Square,142.0,12000000,Not Rated,72,73,-1,1,4.0,8758343,0.7298619166666667
9022,1945,91.0,12000000,Not Rated,76,73,3,3,2.0,1102854,0.0919045
9023,A Bad Moms Christmas,104.0,28000000,R,48,42,6,6,3615.0,127710550,4.561091071428572
9026,A Gray State,93.0,1000000,TV,59,74,-15,15,,0,0.0
9031,LBJ,98.0,20000000,R,76,54,22,22,659.0,2507181,0.12535905
9032,Lady Bird,94.0,10000000,R,76,93,-17,17,4.0,78944998,7.8944998
9033,Last Flag Flying,125.0,18000000,R,73,65,8,8,4.0,1627983,0.0904435
9034,Most Beautiful Island,80.0,21000000,Not Rated,63,73,-10,10,,6596,0.0003140952380952381
9035,My Friend Dahmer,107.0,12000000,Not Rated,72,68,4,4,4.0,1481211,0.12343425
9036,Newness,112.0,12000000,Not Rated,69,50,19,19,,126003,0.01050025
9037,Princess Cyd,96.0,12000000,Not Rated,78,72,6,6,,0,0.0
9038,Thor: Ragnarok,130.0,180000000,PG-13,78,74,4,4,4080.0,850482778,4.724904322222222
9043,Mayhem,86.0,60000000,Unrated,72,62,10,10,,17366,0.00028943333333333334
9044,Murder on the Orient Express,114.0,55000000,PG-13,64,52,12,12,3341.0,351767147,6.395766309090909
9046,Thelma,116.0,12000000,Not Rated,77,74,3,3,1.0,1471656,0.122638
9047,"Three Billboards Outside Ebbing, Missouri",115.0,12000000,R,78,88,-10,10,4.0,161456746,13.454728833333334
9052,Justice League,120.0,300000000,PG-13,60,45,15,15,4051.0,655945209,2.18648403
9053,Mudbound,134.0,10000000,R,67,85,-18,18,,53559,0.0053559
9056,"Roman J. Israel, Esq.",122.0,22000000,PG-13,63,58,5,5,4.0,12967012,0.5894096363636364
9057,Sweet Virginia,93.0,21000000,R,72,72,0,0,1.0,18353,0.000873952380952381
9058,The Breadwinner,94.0,12000000,PG-13,80,78,2,2,3.0,3266749,0.27222908333333334
9059,The Star,86.0,20000000,PG,64,42,22,22,2837.0,62695827,3.13479135
9060,Wonder,113.0,20000000,PG,77,66,11,11,3096.0,311868895,15.59344475
9061,Coco,105.0,175000000,PG,83,81,2,2,3987.0,797666425,4.5580938571428575
9062,Darkest Hour,125.0,30000000,PG-13,73,75,-2,2,4.0,150832086,5.0277362
9063,The Man Who Invented Christmas,104.0,72250000,PG,65,60,5,5,626.0,8558693,0.11845941868512111
9064,Bombshell: The Hedy Lamarr Story,88.0,1000000,Not Rated,75,70,5,5,2.0,1034817,1.034817
9065,Call Me by Your Name,132.0,3500000,R,80,93,-13,13,4.0,41708576,11.916736
9068,Psychopaths,85.0,10000000,Not Rated,40,37,3,3,,51075,0.0051075
9070,The Disaster Artist,104.0,10000000,R,76,76,0,0,19.0,28717667,2.8717667
9073,The Shape of Water,123.0,19500000,R,70,87,-17,17,2.0,195790794,10.040553538461538
9074,The Tribes of Palos Verdes,104.0,12000000,Not Rated,54,49,5,5,1.0,11603,0.0009669166666666667
9076,Wonder Wheel,101.0,12000000,PG-13,61,45,16,16,5.0,13736872,1.1447393333333333
9077,Bullet Head,93.0,21000000,R,58,51,7,7,,153930,0.00733
9079,"I, Tonya",120.0,11000000,Not Rated,78,77,1,1,4.0,53797409,4.890673545454545
9080,Just Getting Started,91.0,22000000,PG-13,39,21,18,18,2161.0,6756412,0.30710963636363636
9081,Kaleidoscope,100.0,21000000,NR,73,52,21,21,,6976,0.0003321904761904762
9082,Quest,104.0,1000000,Not Rated,65,88,-23,23,1.0,50018,0.050018
9085,Beyond Skyline,106.0,60000000,R,52,46,6,6,,617186,0.010286433333333332
9088,Ferdinand,108.0,111000000,TV,68,58,10,10,3621.0,289838913,2.6111613783783785
9090,The Ballad of Lefty Brown,111.0,30000000,Not Rated,63,64,-1,1,2.0,7856,0.00026186666666666667
9092,Jumanji: Welcome to the Jungle,119.0,90000000,PG-13,68,58,10,10,3765.0,961613199,10.6845911
9093,The Greatest Showman,105.0,84000000,PG,75,48,27,27,3006.0,433606178,5.16197830952381
9094,Bright,117.0,90000000,TV,71,29,42,42,,0,0.0
9095,Crooked House,115.0,12000000,PG-13,58,59,-1,1,,3286395,0.27386625
9096,Downsizing,135.0,68000000,R,53,63,-10,10,2668.0,54462971,0.800926044117647
9097,Father Figures,113.0,25000000,R,76,22,54,54,2902.0,21038441,0.84153764
9098,Hangman,98.0,21000000,R,38,31,7,7,,104503,0.0049763333333333335
9099,Happy End,107.0,12000000,Not Rated,65,72,-7,7,3.0,2308357,0.19236308333333332
9100,Hostiles,134.0,50000000,R,72,65,7,7,3.0,36976336,0.73952672
9101,Pitch Perfect 3,93.0,45000000,PG-13,58,40,18,18,3447.0,185736412,4.127475822222222
9102,The Post,116.0,50000000,PG-13,70,83,-13,13,9.0,179769457,3.59538914
9103,All the Money in the World,132.0,50000000,R,64,72,-8,8,2074.0,56890649,1.13781298
9105,Phantom Thread,130.0,35000000,R,77,90,-13,13,4.0,47812199,1.3660628285714287
9109,Blame,100.0,12000000,Not Rated,77,54,23,23,,0,0.0
9112,Insidious: The Last Key,103.0,10000000,PG-13,55,49,6,6,3116.0,172811971,17.2811971
9114,The Strange Ones,81.0,21000000,R,57,57,0,0,,28374,0.0013511428571428572
9115,Freak Show,95.0,18000000,NR,82,54,28,28,1.0,20657,0.0011476111111111112
9120,Proud Mary,89.0,30000000,R,45,35,10,10,2125.0,21709539,0.7236513
9121,Saturday Church,82.0,12000000,Not Rated,76,72,4,4,,1895,0.00015791666666666667
9122,The Commuter,105.0,40000000,PG-13,64,56,8,8,2892.0,118509836,2.9627459
9125,Vazante,116.0,12000000,Not Rated,63,68,-5,5,1.0,25095,0.00209125
9128,12 Strong,130.0,35000000,R,63,54,9,9,3002.0,71118378,2.031953657142857
9129,Den of Thieves,140.0,30000000,R,64,49,15,15,2432.0,80147166,2.6715722
9130,Forever My Girl,108.0,3500000,PG,60,36,24,24,1114.0,16376066,4.678876
9133,Small Town Crime,91.0,21000000,R,66,68,-2,2,,0,0.0
9134,The Final Year,89.0,1000000,Not Rated,57,67,-10,10,35.0,265072,0.265072
9140,Like Me,80.0,12000000,Not Rated,54,60,-6,6,3.0,12965,0.0010804166666666666
9141,Maze Runner: The Death Cure,141.0,61000000,PG-13,65,50,15,15,3787.0,265878536,4.358664524590164
9142,Please Stand By,93.0,12000000,PG-13,67,49,18,18,5.0,404356,0.033696333333333335
9143,The Clapper,89.0,18000000,R,60,21,39,39,,6959,0.0003866111111111111
9148,Braven,94.0,60000000,R,59,61,-2,2,,826472,0.013774533333333333
9152,Winchester,99.0,3500000,PG-13,44,28,16,16,2480.0,45960255,13.131501428571429
9153,The Cloverfield Paradox,102.0,10000000,TV,53,37,16,16,,0,0.0
9155,Becks,90.0,12000000,TV,83,64,19,19,,0,0.0
9157,Fifty Shades Freed,105.0,55000000,R,35,31,4,4,3768.0,371985018,6.763363963636364
9158,Golden Exits,94.0,12000000,R,64,71,-7,7,1.0,37801,0.0031500833333333333
9159,Permission,96.0,20750000,Not Rated,67,62,5,5,,55369,0.0026683855421686747
9160,Peter Rabbit,95.0,50000000,PG,64,51,13,13,3725.0,346727372,6.93454744
9161,The 15:17 to Paris,94.0,30000000,R,49,45,4,4,3042.0,56096200,1.8698733333333333
9166,Black Panther,134.0,200000000,PG-13,63,88,-25,25,4020.0,1336494321,6.682471605
9167,Early Man,89.0,50000000,PG,65,68,-3,3,2494.0,45285890,0.9057178
9169,Looking Glass,103.0,21000000,R,51,33,18,18,,80612,0.003838666666666667
9170,Nostalgia,114.0,12000000,R,38,47,-9,9,3.0,86301,0.00719175
9173,Western,121.0,12000000,Not Rated,73,81,-8,8,1.0,155551,0.012962583333333333
9174,Annihilation,115.0,55000000,R,71,79,-8,8,2012.0,43070915,0.7831075454545454
9175,Every Day,97.0,4900000,PG-13,60,52,8,8,1667.0,12826031,2.6175573469387756
9176,Game Night,100.0,37000000,R,72,66,6,6,3488.0,117378084,3.1723806486486485
9178,Hannah,95.0,12000000,TV,80,63,17,17,,136485,0.01137375
9180,November,115.0,12000000,Not Rated,77,79,-2,2,1.0,8620,0.0007183333333333333
9181,The Cured,95.0,10000000,NR,61,57,4,4,3.0,104526,0.0104526
9182,The Lodgers,92.0,10000000,R,53,52,1,1,17.0,801786,0.0801786
9186,Death Wish,107.0,30000000,R,68,31,37,37,2847.0,48575965,1.6191988333333334
9189,Mohawk,91.0,10000000,Not Rated,58,70,-12,12,,0,0.0
9190,Oh Lucy!,95.0,18000000,Not Rated,65,69,-4,4,3.0,609104,0.03383911111111111
9191,Red Sparrow,140.0,69000000,R,61,53,8,8,3056.0,145951861,2.1152443623188404
9193,Submission,106.0,12000000,Not Rated,70,52,18,18,,39985,0.003332083333333333
9195,They Remain,102.0,21000000,Not Rated,75,49,26,26,,0,0.0
9196,A Wrinkle in Time,109.0,103000000,PG,29,53,-24,24,3980.0,133214549,1.29334513592233
9198,Gringo,111.0,10500000,R,55,46,9,9,2404.0,11158340,1.0626990476190477
9203,The Forgiven,115.0,12000000,Not Rated,63,41,22,22,,23284,0.0019403333333333334
9204,The Hurricane Heist,103.0,40000000,PG-13,46,35,11,11,2402.0,33222314,0.83055785
9205,The Leisure Seeker,112.0,12000000,R,73,45,28,28,28.0,19340538,1.6117115
9206,The Outsider,120.0,60000000,TV,68,30,38,38,,0,0.0
9207,The Strangers: Prey at Night,85.0,5000000,R,78,48,30,30,2464.0,32144262,6.4288524
9208,Thoroughbreds,92.0,5000000,Not Rated,70,75,-5,5,549.0,3474221,0.6948442
9209,7 Days in Entebbe,107.0,21000000,PG-13,57,49,8,8,838.0,9596449,0.4569737619047619
9210,Allure,105.0,21000000,Not Rated,48,54,-6,6,,39,1.857142857142857e-06
9211,Benji,87.0,6000000,TV,76,53,23,23,,585333,0.0975555
9212,Dear Dictator,90.0,18000000,Not Rated,47,44,3,3,,9765,0.0005425
9213,Flower,90.0,500000,R,54,45,9,9,3.0,390803,0.781606
9214,I Can Only Imagine,110.0,7000000,PG,79,30,49,49,1627.0,85783567,12.254795285714286
9217,"Love, Simon",110.0,10000000,PG-13,81,72,9,9,2402.0,65520633,6.5520633
9219,Tomb Raider,118.0,90000000,PG-13,63,48,15,15,3854.0,273477501,3.0386389
9220,Us and Them,83.0,27330000,Not Rated,74,56,18,18,,49,1.7929015733626052e-06
9226,I Kill Giants,106.0,10000000,Not Rated,68,74,-6,6,,256092,0.0256092
9227,Isle of Dogs,101.0,72250000,PG-13,80,82,-2,2,27.0,58829585,0.8142503114186851
9229,Midnight Sun,91.0,2800000,PG-13,55,38,17,17,2173.0,26952508,9.625895714285715
9230,Pacific Rim: Uprising,111.0,155000000,PG-13,48,44,4,4,3708.0,290930148,1.8769686967741934
9231,"Paul, Apostle of Christ",108.0,5000000,PG-13,76,52,24,24,1473.0,26078500,5.2157
9233,Sherlock Gnomes,86.0,59000000,PG,44,36,8,8,3662.0,87527651,1.4835195084745763
9235,Unsane,98.0,1500000,R,61,63,-2,2,2023.0,14296709,9.531139333333334
9236,Ready Player One,140.0,150000000,PG-13,73,64,9,9,4234.0,579055653,3.86037102
9238,Finding Your Feet,111.0,18000000,Not Rated,65,53,12,12,14.0,15480072,0.860004
9240,Gemini,93.0,21000000,R,60,71,-11,11,4.0,200340,0.00954
9242,Love After Love,91.0,12000000,Not Rated,57,84,-27,27,1.0,121098,0.0100915
9243,Outside In,109.0,12000000,TV,73,76,-3,3,9.0,68492,0.0057076666666666664
9244,The China Hustle,82.0,1000000,Not Rated,72,67,5,5,20.0,48650,0.04865
9248,A Quiet Place,90.0,17000000,PG-13,71,82,-11,11,3508.0,334876670,19.698627647058824
9250,Blockers,102.0,21000000,R,62,69,-7,7,3379.0,94523781,4.501132428571428
9251,Chappaquiddick,106.0,12000000,PG-13,73,67,6,6,1560.0,18148091,1.5123409166666666
9253,Lean on Pete,121.0,8000000,Not Rated,77,80,-3,3,4.0,2455027,0.306878375
9254,Lowlife,96.0,10500000,NR,71,66,5,5,,0,0.0
9255,Spinning Man,100.0,21000000,R,58,44,14,14,,69593,0.003313952380952381
9257,The Endless,111.0,21000000,Not Rated,73,80,-7,7,1.0,957694,0.04560447619047619
9258,The Miracle Season,101.0,12000000,PG,82,44,38,38,1707.0,10279655,0.8566379166666667
9261,Beirut,109.0,60000000,R,63,69,-6,6,755.0,7760380,0.12933966666666666
9271,Krystal,90.0,12000000,R,55,39,16,16,,37516,0.0031263333333333334
9272,Rampage,107.0,120000000,PG-13,57,45,12,12,4101.0,427947217,3.5662268083333335
9273,Sgt. Stubby: An American Hero,84.0,25000000,PG,76,58,18,18,1633.0,3823620,0.1529448
9274,Submergence,112.0,12000000,Not Rated,43,38,5,5,,723779,0.06031491666666667
9276,The Rider,104.0,12000000,R,75,92,-17,17,3.0,4205944,0.3504953333333333
9277,Wildling,92.0,10000000,NR,61,58,3,3,,357394,0.0357394
9281,Ghost Stories,98.0,10000000,NR,64,68,-4,4,1.0,4151828,0.4151828
9283,I Feel Pretty,110.0,32000000,PG-13,40,48,-8,8,3440.0,91444095,2.85762796875
9284,Kodachrome,105.0,12000000,TV,74,57,17,17,,119948,0.009995666666666667
9287,Super Troopers 2,99.0,13500000,R,67,41,26,26,2038.0,31575635,2.338935925925926
9288,The Devil and Father Amorth,68.0,1000000,Not Rated,60,46,14,14,8.0,20449,0.020449
9289,Traffik,96.0,4000000,R,43,37,6,6,1046.0,9561231,2.39030775
9292,Avengers: Infinity War,149.0,300000000,PG-13,87,68,19,19,4474.0,2048359754,6.827865846666667
9294,Disobedience,114.0,12000000,R,73,74,-1,1,5.0,7195105,0.5995920833333334
9295,Duck Butter,93.0,20750000,TV,62,58,4,4,2.0,6877,0.00033142168674698793
9297,Kings,92.0,12000000,R,34,34,0,0,214.0,874499,0.07287491666666666
9301,The Rachel Divide,100.0,1000000,TV,63,59,4,4,,0,0.0
9304,Anon,100.0,21000000,TV,59,54,5,5,,657829,0.03132519047619048
9305,Bad Samaritan,110.0,21000000,R,63,42,21,21,2007.0,4781638,0.22769704761904763
9307,Overboard,112.0,12000000,PG-13,53,42,11,11,1623.0,91244913,7.60374275
9308,RBG,98.0,1000000,Not Rated,67,71,-4,4,34.0,14446497,14.446497
9313,Tully,95.0,18000000,R,74,75,-1,1,1353.0,15952688,0.8862604444444444
9315,Anything,94.0,12000000,R,80,60,20,20,3.0,19037,0.0015864166666666667
9316,Beast,107.0,12000000,Not Rated,69,74,-5,5,4.0,1745596,0.14546633333333334
9318,Breaking In,88.0,6000000,PG-13,40,42,-2,2,2537.0,51485382,8.580897
9319,Filmworker,94.0,1000000,Not Rated,76,73,3,3,1.0,112835,0.112835
9320,Life of the Party,105.0,30000000,PG-13,51,46,5,5,3656.0,65859911,2.1953303666666666
9322,Measure of a Man,100.0,18000000,PG-13,74,53,21,21,,0,0.0
9324,Revenge,108.0,60000000,Not Rated,64,81,-17,17,37.0,1373476,0.022891266666666667
9326,Terminal,95.0,12000000,Not Rated,49,27,22,22,,626799,0.05223325
9328,The Escape,101.0,12000000,NR,60,75,-15,15,,391063,0.03258858333333333
9329,The Seagull,98.0,12000000,PG-13,60,58,2,2,6.0,1841656,0.15347133333333332
9330,Book Club,104.0,10000000,Not Rated,49,53,-4,4,2781.0,91328463,9.1328463
9331,Cargo,105.0,4200000,Not Rated,60,65,-5,5,,61864,0.014729523809523809
9332,Dark Crimes,92.0,21000000,R,48,24,24,24,,27672,0.0013177142857142858
9333,Deadpool 2,119.0,110000000,R,77,66,11,11,4349.0,786362370,7.148748818181819
9334,First Reformed,113.0,3500000,Not Rated,74,85,-11,11,4.0,3988612,1.1396034285714285
9335,On Chesil Beach,110.0,12000000,Not Rated,62,62,0,0,4.0,3420339,0.28502825
9337,Show Dogs,92.0,5500000,Unrated,14,31,-17,17,3212.0,40014998,7.275454181818182
9339,How to Talk to Girls at Parties,102.0,18000000,R,50,50,0,0,1.0,382106,0.02122811111111111
9341,In Darkness,100.0,12000000,Not Rated,58,59,-1,1,,236409,0.01970075
9342,Mary Shelley,120.0,12000000,PG-13,59,49,10,10,2.0,2792316,0.232693
9343,Solo: A Star Wars Story,135.0,275000000,PG-13,61,62,-1,1,4381.0,393151347,1.4296412618181817
9347,Who We Are Now,95.0,12000000,Not Rated,60,83,-23,23,1.0,19128,0.001594
9349,A Kid Like Jake,92.0,12000000,NR,58,58,0,0,1.0,61869,0.00515575
9350,Action Point,85.0,19000000,R,40,36,4,4,2032.0,5103675,0.26861447368421054
9351,Adrift,96.0,35000000,PG-13,63,56,7,7,3015.0,57897191,1.654205457142857
9352,American Animals,116.0,21000000,Not Rated,77,68,9,9,4.0,4535409,0.21597185714285713
9353,Breath,115.0,12000000,Not Rated,83,71,12,12,1.0,3243312,0.270276
9356,Upgrade,100.0,3000000,R,78,67,11,11,1457.0,16976561,5.6588536666666664
9357,211,86.0,60000000,R,35,21,14,14,,937961,0.015632683333333335
9361,Hearts Beat Loud,97.0,2000000,PG-13,72,65,7,7,4.0,2469510,1.234755
9362,Hereditary,127.0,10000000,R,66,87,-21,21,2964.0,81263489,8.1263489
9363,Hotel Artemis,94.0,15000000,R,55,58,-3,3,2407.0,13316627,0.8877751333333334
9364,Nancy,87.0,21000000,Not Rated,64,67,-3,3,3.0,75896,0.0036140952380952383
9372,Eating Animals,94.0,1000000,NR,83,69,14,14,2.0,153994,0.153994
9374,Gotti,112.0,10000000,R,45,24,21,21,503.0,6601992,0.6601992
9375,Incredibles 2,118.0,200000000,PG,78,80,-2,2,4410.0,1242805359,6.214026795
9377,Tag,100.0,28000000,R,65,56,9,9,3382.0,77024944,2.750890857142857
9378,The Year of Spectacular Men,102.0,18000000,Not Rated,60,61,-1,1,,0,0.0
9379,The Yellow Birds,94.0,12000000,R,78,56,22,22,,9770,0.0008141666666666667
9381,Boundaries,104.0,12000000,R,47,50,-3,3,5.0,755235,0.06293625
9382,Damsel,113.0,30000000,Not Rated,50,63,-13,13,3.0,322448,0.010748266666666667
9384,Jurassic World: Fallen Kingdom,128.0,170000000,PG-13,56,51,5,5,4475.0,1308334005,7.696082382352941
9385,Marlina the Murderer in Four Acts,93.0,21000000,Not Rated,80,77,3,3,,7438,0.0003541904761904762
9388,The King,107.0,12000000,Not Rated,51,70,-19,19,2.0,273610,0.022800833333333333
9391,Dark River,90.0,12000000,Not Rated,68,69,-1,1,2.0,199216,0.016601333333333333
9392,Ideal Home,91.0,18000000,Not Rated,69,62,7,7,,191791,0.010655055555555555
9393,Leave No Trace,109.0,12000000,PG,76,88,-12,12,9.0,7691967,0.64099725
9395,Sicario: Day of the Soldado,122.0,35000000,R,70,61,9,9,3055.0,76346094,2.1813169714285716
9398,Three Identical Strangers,96.0,1000000,PG-13,77,81,-4,4,5.0,13367948,13.367948
9399,Uncle Drew,103.0,18000000,PG-13,60,57,3,3,2742.0,46594261,2.5885700555555555
9401,Woman Walks Ahead,101.0,12000000,R,64,51,13,13,2.0,627538,0.05229483333333333
9403,The First Purge,98.0,13000000,R,47,54,-7,7,3031.0,137054597,10.542661307692308
9404,Ant-Man and the Wasp,118.0,130000000,PG-13,71,70,1,1,4206.0,623144660,4.793420461538462
9406,Ryuichi Sakamoto: Coda,100.0,1000000,Not Rated,74,78,-4,4,1.0,978586,0.978586
9407,Sorry to Bother You,111.0,3200000,Not Rated,69,80,-11,11,16.0,18285560,5.7142375
9410,Whitney,120.0,1000000,Not Rated,76,75,1,1,451.0,4703709,4.703709
9413,Dark Money,99.0,1000000,TV,79,72,7,7,1.0,217932,0.217932
9415,Eighth Grade,93.0,2000000,R,79,89,-10,10,4.0,14348020,7.17401
9416,Hotel Transylvania 3: Summer Vacation,97.0,65000000,PG,64,54,10,10,4267.0,527848903,8.120752353846154
9418,Path of Blood,92.0,1000000,Not Rated,79,63,16,16,,5364,0.005364
9420,Shock and Awe,90.0,12000000,R,55,47,8,8,,29936,0.0024946666666666667
9421,Siberia,104.0,21000000,R,31,34,-3,3,,447485,0.021308809523809525
9422,Skyscraper,102.0,125000000,PG-13,55,51,4,4,3782.0,304868961,2.438951688
9425,Blindspotting,95.0,12000000,Not Rated,75,77,-2,2,14.0,4985354,0.41544616666666667
9426,Damascus Cover,93.0,21000000,R,67,36,31,31,,9855,0.0004692857142857143
9429,Generation Wealth,106.0,1000000,Not Rated,78,53,25,25,4.0,290369,0.290369
9432,McQueen,111.0,1000000,Not Rated,77,84,-7,7,4.0,2693044,2.693044
9433,Pin Cushion,82.0,12000000,Not Rated,57,74,-17,17,,76336,0.006361333333333333
9434,The Equalizer 2,121.0,77000000,R,66,50,16,16,3388.0,190376181,2.472417935064935
9436,Unfriended: Dark Web,92.0,1000000,Not Rated,46,53,-7,7,1546.0,16434588,16.434588
9437,Zoe,104.0,72250000,R,65,39,26,26,,403625,0.005586505190311419
9441,Puzzle,103.0,12000000,Not Rated,72,66,6,6,5.0,2266853,0.18890441666666666
9443,Scotty and the Secret History of Hollywood,98.0,1000000,Not Rated,72,67,5,5,1.0,461689,0.461689
9447,"Nico, 1988",93.0,12000000,R,61,75,-14,14,2.0,83556,0.006963
9449,40 Years in the Making: The Magic Music Movie,99.0,1000000,Not Rated,84,68,16,16,,0,0.0
9450,Christopher Robin,104.0,75000000,PG,75,60,15,15,3602.0,197744377,2.636591693333333
9452,Death of a Nation,108.0,1000000,PG-13,43,1,42,42,1005.0,5885881,5.885881
9456,Night Comes On,86.0,12000000,Not Rated,64,79,-15,15,,0,0.0
9457,The Darkest Minds,104.0,34000000,PG-13,57,39,18,18,3127.0,38361428,1.128277294117647
9458,The Miseducation of Cameron Post,91.0,900000,Not Rated,68,69,-1,1,2.0,2019874,2.2443044444444444
9459,The Spy Who Dumped Me,117.0,40000000,R,75,52,23,23,3111.0,77303614,1.93259035
9460,Dog Days,113.0,10000000,PG,56,47,9,9,2442.0,8196226,0.8196226
9461,A Prayer Before Dawn,116.0,60000000,R,68,76,-8,8,,499527,0.00832545
9462,BlacKkKlansman,135.0,15000000,R,73,83,-10,10,1512.0,93411426,6.2274284
9463,BuyBust,127.0,60000000,Not Rated,73,68,5,5,25.0,178471,0.0029745166666666667
9464,Elizabeth Harvest,105.0,12000000,R,60,54,6,6,,0,0.0
9466,Skate Kitchen,106.0,12000000,Not Rated,72,72,0,0,1.0,268021,0.022335083333333332
9467,Slender Man,93.0,10000000,PG-13,25,30,-5,5,2358.0,51945949,5.1945949
9468,Summer of 84,105.0,10000000,Not Rated,66,57,9,9,,6146,0.0006146
9469,The Guernsey Literary and Potato Peel Pie Society,124.0,12000000,TV,71,65,6,6,,19096814,1.5914011666666668
9470,The Meg,113.0,178000000,PG-13,55,46,9,9,4118.0,527370715,2.9627568258426966
9473,Crazy Rich Asians,120.0,30000000,PG-13,67,74,-7,7,3384.0,238099711,7.936657033333334
9475,Alpha,96.0,51000000,PG-13,66,63,3,3,2719.0,99624873,1.953428882352941
9476,Blaze,129.0,12000000,NR,58,75,-17,17,3.0,747793,0.062316083333333334
9477,Down a Dark Hall,96.0,4000000,PG-13,48,56,-8,8,,2842176,0.710544
9478,"Juliet, Naked",97.0,20750000,Not Rated,68,67,1,1,4.0,4349492,0.20961407228915663
9480,Mile 22,94.0,35000000,R,54,38,16,16,3520.0,66295121,1.8941463142857142
9481,Minding the Gap,93.0,1000000,Not Rated,81,89,-8,8,4.0,90388,0.090388
9482,Puppet Master: The Littlest Reich,90.0,10000000,Not Rated,44,52,-8,8,,0,0.0
9484,The Wife,100.0,12000000,R,73,77,-4,4,4.0,18731409,1.56095075
9489,A.X.L.,98.0,10000000,PG,55,29,26,26,1710.0,8259753,0.8259753
9490,Arizona,85.0,10500000,TV,74,41,33,33,,0,0.0
9494,Papillon,133.0,12000000,R,66,51,15,15,544.0,7776220,0.6480183333333334
9495,Searching,102.0,880000,PG-13,79,71,8,8,9.0,75636047,85.95005340909091
9498,The Happytime Murders,91.0,40000000,R,46,27,19,19,3256.0,27506412,0.6876603
9499,What Keeps You Alive,98.0,10000000,NR,49,66,-17,17,,0,0.0
9500,Operation Finale,122.0,20000000,PG-13,66,58,8,8,1818.0,17612099,0.88060495
9501,Active Measures,109.0,1000000,PG-13,75,68,7,7,2.0,19862,0.019862
9502,Destination Wedding,90.0,20750000,R,68,46,22,22,,1660230,0.0800110843373494
9503,Kin,102.0,30000000,PG-13,50,35,15,15,2141.0,10383524,0.34611746666666665
9506,Reprisal,89.0,60000000,R,46,19,27,27,,180437,0.0030072833333333335
9507,The Little Stranger,111.0,12000000,R,61,67,-6,6,474.0,1825857,0.15215475
9513,Peppermint,101.0,25000000,R,58,29,29,29,2980.0,51800758,2.07203032
9516,The Nun,96.0,22000000,R,54,46,8,8,3876.0,363391647,16.517802136363635
9517,Slice,83.0,18000000,R,35,61,-26,26,,0,0.0
9518,A Simple Favor,117.0,20000000,R,69,67,2,2,3102.0,97628717,4.88143585
9520,Bel Canto,100.0,12000000,Not Rated,63,50,13,13,2.0,269437,0.022453083333333332
9522,Final Score,104.0,60000000,Not Rated,49,53,-4,4,,776594,0.012943233333333333
9523,"Hale County This Morning, This Evening",76.0,1000000,Not Rated,60,85,-25,25,2.0,112300,0.1123
9525,Lizzie,105.0,12000000,R,61,59,2,2,4.0,866537,0.07221141666666667
9526,Mandy,121.0,6000000,Not Rated,69,81,-12,12,75.0,1485002,0.24750033333333332
9527,Museo,128.0,12000000,Not Rated,76,86,-10,10,1.0,220199,0.018349916666666667
9529,Science Fair,90.0,1000000,PG,77,79,-2,2,1.0,279491,0.279491
9530,The Children Act,105.0,12000000,R,69,62,7,7,3.0,14035592,1.1696326666666668
9532,The Predator,107.0,88000000,R,42,48,-6,6,4037.0,159487563,1.8123586704545456
9534,Unbroken: Path to Redemption,98.0,6000000,PG-13,45,39,6,6,1620.0,6216897,1.0361495
9535,Where Hands Touch,122.0,12000000,Not Rated,61,44,17,17,103.0,100057,0.008338083333333333
9536,White Boy Rick,111.0,30000000,R,65,59,6,6,2504.0,25947983,0.8649327666666666
9538,A Happening of Monumental Proportions,81.0,18000000,R,50,35,15,15,,0,0.0
9539,Assassination Nation,108.0,7000000,Not Rated,63,56,7,7,1403.0,2852759,0.407537
9540,Colette,111.0,12000000,Not Rated,69,74,-5,5,4.0,15910183,1.3258485833333333
9541,Fahrenheit 11/9,128.0,5000000,R,49,69,-20,20,1719.0,6653715,1.330743
9543,Life Itself,117.0,12000000,R,57,21,36,36,2609.0,6740747,0.5617289166666667
9544,"Love, Gilda",88.0,1000000,Not Rated,76,74,2,2,82.0,626318,0.626318
9549,The Sisters Brothers,121.0,38000000,R,74,78,-4,4,4.0,14636067,0.38515965789473683
9552,All About Nina,97.0,12000000,R,85,70,15,15,4.0,100335,0.00836125
9553,Bad Reputation,93.0,1000000,Not Rated,76,66,10,10,196.0,154187,0.154187
9555,Free Solo,100.0,1000000,Not Rated,82,83,-1,1,4.0,28611090,28.61109
9556,Hell Fest,89.0,5500000,R,83,26,57,57,2297.0,18294883,3.3263423636363636
9557,Hold the Dark,125.0,21000000,TV,52,63,-11,11,,0,0.0
9558,Little Women,112.0,42000000,PG-13,44,40,4,4,643.0,1462977,0.03483278571428571
9560,Monsters and Men,96.0,12000000,Not Rated,65,68,-3,3,18.0,510987,0.04258225
9561,Night School,111.0,29000000,PG-13,49,43,6,6,3010.0,103113446,3.555636068965517
9562,Smallfoot,96.0,80000000,PG,69,60,9,9,4131.0,213682073,2.6710259125
9568,Private Life,123.0,12000000,Not Rated,78,83,-5,5,,0,0.0
9569,Studio 54,98.0,1000000,NR,62,70,-8,8,1.0,266663,0.266663
9571,The Hate U Give,133.0,23000000,PG-13,70,81,-11,11,36.0,35067665,1.5246810869565217
9572,Venom,112.0,116000000,PG-13,63,35,28,28,4250.0,856081053,7.380009077586207
9574,Liyana,77.0,1000000,NR,70,80,-10,10,1.0,44045,0.044045
9575,The Happy Prince,105.0,13000000,R,66,64,2,2,8.0,2394619,0.18420146153846154
9576,After Everything,95.0,18000000,Not Rated,50,67,-17,17,,2220,0.00012333333333333334
9578,Bad Times at the El Royale,141.0,32000000,R,72,60,12,12,2808.0,31178942,0.9743419375
9579,Beautiful Boy,120.0,25000000,R,72,62,10,10,4.0,13314562,0.53258248
9580,First Man,141.0,60000000,PG-13,74,84,-10,10,3640.0,105703325,1.7617220833333334
9581,Goosebumps 2: Haunted Halloween,90.0,35000000,PG,47,53,-6,6,3521.0,93291478,2.6654708
9582,I Still See You,98.0,21000000,PG-13,67,31,36,36,,1629431,0.07759195238095239
9584,The Kindergarten Teacher,96.0,2400000,Not Rated,75,75,0,0,,552188,0.23007833333333333
9585,The Oath,93.0,10500000,R,47,58,-11,11,10.0,403853,0.038462190476190476
9587,Thunder Road,92.0,12000000,Not Rated,71,79,-8,8,,448184,0.03734866666666667
9590,Can You Ever Forgive Me?,106.0,10000000,R,76,87,-11,11,5.0,12517379,1.2517379
9592,Galveston,91.0,60000000,Not Rated,55,57,-2,2,,190320,0.003172
9593,Halloween,106.0,10000000,R,69,67,2,2,3928.0,255416089,25.5416089
9594,Mid90s,85.0,12000000,R,76,66,10,10,4.0,9187575,0.76563125
9599,What They Had,101.0,12000000,R,66,69,-3,3,4.0,500441,0.041703416666666666
9600,Wildlife,105.0,12000000,Not Rated,74,80,-6,6,4.0,3754539,0.31287825
9602,Dovlatov,126.0,12000000,Not Rated,64,68,-4,4,,2184870,0.1820725
9603,1985,85.0,12000000,Not Rated,82,71,11,11,,34710,0.0028925
9609,Hunter Killer,122.0,40000000,R,64,43,21,21,2720.0,29312121,0.732803025
9610,Johnny English Strikes Again,89.0,30000000,PG,62,39,23,23,544.0,159378778,5.312625933333333
9611,London Fields,118.0,8000000,R,44,16,28,28,613.0,433732,0.0542165
9612,"Monrovia, Indiana",143.0,1000000,Not Rated,60,77,-17,17,1.0,68127,0.068127
9613,Shirkers,97.0,1000000,Not Rated,75,88,-13,13,,0,0.0
9614,Suspiria,152.0,20000000,R,72,64,8,8,2.0,7023292,0.3511646
9615,Viper Club,109.0,12000000,R,70,57,13,13,3.0,60607,0.005050583333333333
9616,A Private War,110.0,12000000,Not Rated,70,75,-5,5,4.0,3944165,0.32868041666666664
9617,Bodied,120.0,18000000,Not Rated,83,75,8,8,14.0,113956,0.0063308888888888885
9618,Bohemian Rhapsody,134.0,55000000,PG-13,77,49,28,28,4000.0,886918326,16.125787745454545
9619,Boy Erased,115.0,11000000,R,72,69,3,3,5.0,11862650,1.0784227272727274
9623,Prospect,98.0,21000000,Not Rated,69,68,1,1,,0,0.0
9626,The Nutcracker and the Four Realms,99.0,132900000,PG,49,39,10,10,3766.0,170024300,1.2793401053423628
9627,The Other Side of the Wind,122.0,12000000,Not Rated,79,78,1,1,,0,0.0
9630,The Front Runner,113.0,12000000,R,62,61,1,1,4.0,3233962,0.26949683333333335
9632,El Angel,118.0,12000000,Not Rated,72,61,11,11,2.0,5604680,0.4670566666666667
9636,Outlaw King,121.0,120000000,Not Rated,73,59,14,14,,0,0.0
9637,Overlord,110.0,38000000,R,69,60,9,9,2859.0,39178189,1.0310049736842104
9639,The Ballad of Buster Scruggs,133.0,30000000,Not Rated,75,79,-4,4,,0,0.0
9642,The Long Dumb Road,90.0,18000000,R,46,64,-18,18,1.0,4667,0.00025927777777777776
9643,The New Romantic,82.0,20750000,Not Rated,73,55,18,18,,0,0.0
9649,Fantastic Beasts: The Crimes of Grindelwald,134.0,200000000,PG-13,57,52,5,5,4163.0,651280475,3.256402375
9650,Green Book,130.0,23000000,PG-13,80,69,11,11,25.0,320029388,13.914321217391304
9651,Instant Family,118.0,48000000,PG-13,73,57,16,16,3286.0,119736188,2.4945039166666665
9652,Jinn,92.0,21000000,Not Rated,40,75,-35,35,,0,0.0
9653,Jonathan,95.0,12000000,Not Rated,45,62,-17,17,,52923,0.00441025
9656,The Clovehitch Killer,109.0,21000000,NR,65,59,6,6,,158621,0.007553380952380952
9658,Widows,129.0,40000000,R,69,84,-15,15,2803.0,75984700,1.8996175
9659,Creed II,130.0,50000000,PG-13,70,66,4,4,3441.0,213591522,4.27183044
9661,Robin Hood,116.0,210000000,PG-13,38,32,6,6,2827.0,85210012,0.4057619619047619
9662,Roma,135.0,15000000,Not Rated,77,96,-19,19,,1109544,0.0739696
9667,The Cleaners,88.0,1000000,Not Rated,55,70,-15,15,,50984,0.050984
9668,The Favourite,119.0,15000000,R,77,91,-14,14,4.0,95872148,6.391476533333333
9670,Mowgli: Legend of the Jungle,104.0,60000000,PG-13,65,51,14,14,,0,0.0
9671,Anna and the Apocalypse,93.0,27000000,R,64,63,1,1,5.0,847527,0.03138988888888889
9672,Bathtubs Over Broadway,87.0,1000000,PG-13,63,78,-15,15,,0,0.0
9678,The Mercy,112.0,12000000,Not Rated,58,60,-2,2,,2845516,0.23712633333333333
9679,The Possession of Hannah Grace,86.0,6000000,R,49,37,12,12,2065.0,42873730,7.145621666666667
9682,Tyrel,86.0,12000000,Not Rated,36,71,-35,35,5.0,21456,0.001788
9685,Back Roads,101.0,21000000,Not Rated,65,42,23,23,,0,0.0
9687,Divide and Conquer: The Story of Roger Ailes,107.0,1000000,Not Rated,69,71,-2,2,15.0,38510,0.03851
9689,Mary Queen of Scots,124.0,25000000,R,55,60,-5,5,4.0,47020146,1.88080584
9693,Vox Lux,114.0,27000000,Not Rated,61,67,-6,6,6.0,1283981,0.047554851851851855
9696,Bird Box,124.0,19800000,Not Rated,59,51,8,8,,0,0.0
9699,If Beale Street Could Talk,119.0,12000000,R,71,87,-16,16,4.0,21398371,1.7831975833333333
9700,Mortal Engines,128.0,100000000,PG-13,60,44,16,16,3103.0,85480271,0.85480271
9702,The House That Jack Built,152.0,21000000,R,68,42,26,26,32.0,2654096,0.1263855238095238
9703,The Mule,116.0,50000000,R,78,58,20,20,2588.0,173453994,3.46907988
9705,They Shall Not Grow Old,99.0,1000000,Not Rated,85,91,-6,6,1142.0,20978283,20.978283
9706,Mary Poppins Returns,130.0,130000000,PG,67,66,1,1,4090.0,348901032,2.6838540923076923
9709,Aquaman,143.0,160000000,PG-13,69,55,14,14,4125.0,1143758700,7.148491875
9710,Bumblebee,114.0,102000000,PG-13,69,66,3,3,3550.0,465195589,4.560741068627451
9712,Second Act,103.0,15700000,PG-13,59,46,13,13,2607.0,63288854,4.031137197452229
9714,Destroyer,121.0,9000000,R,57,62,-5,5,3.0,5865489,0.651721
9715,Holmes & Watson,90.0,42000000,PG-13,28,24,4,4,2776.0,41926605,0.9982525
9716,On the Basis of Sex,120.0,20000000,PG-13,65,59,6,6,33.0,38837336,1.9418668
9717,Vice,132.0,60000000,R,66,61,5,5,2442.0,70893782,1.1815630333333333
9718,Stan & Ollie,98.0,10000000,PG,74,75,-1,1,5.0,29062674,2.9062674
9719,Escape Room,99.0,9000000,PG-13,75,48,27,27,2717.0,155615727,17.29063633333333
9720,Rust Creek,108.0,750000,R,66,59,7,7,,0,0.0
9722,The Vanishing,107.0,21000000,R,60,64,-4,4,,760869,0.03623185714285714
9728,Pledge,77.0,10000000,NR,56,54,2,2,,0,0.0
9731,The Upside,126.0,37500000,PG-13,61,46,15,15,3080.0,125818440,3.3551584
9737,An Acceptable Loss,102.0,21000000,R,58,40,18,18,1.0,32452,0.0015453333333333332
9742,Glass,129.0,20000000,PG-13,65,43,22,22,3841.0,246999039,12.34995195
9743,The Standoff at Sparrow Creek,88.0,21000000,Not Rated,68,62,6,6,,0,0.0
9748,Serenity,106.0,39000000,R,47,37,10,10,2561.0,13008804,0.3335590769230769
9751,The Kid Who Would Be King,120.0,59000000,PG,61,66,-5,5,3521.0,28296983,0.4796098813559322
9753,Arctic,98.0,12000000,PG-13,69,71,-2,2,4.0,3805492,0.31712433333333334
9755,Miss Bala,104.0,15000000,PG-13,52,41,11,11,2203.0,15364632,1.0243088
9756,Piercing,81.0,10000000,R,62,63,-1,1,18.0,148731,0.0148731
9757,Then Came You,97.0,18000000,Not Rated,75,44,31,31,,635964,0.03533133333333333
9758,Velvet Buzzsaw,113.0,21000000,R,56,61,-5,5,,0,0.0
9759,"Berlin, I Love You",120.0,12000000,R,15,34,-19,19,,116114,0.009676166666666666
9760,Cold Pursuit,119.0,60000000,R,60,57,3,3,2630.0,62599159,1.0433193166666668
9764,Lords of Chaos,118.0,21000000,R,50,48,2,2,4.0,343402,0.01635247619047619
9766,The LEGO Movie 2: The Second Part,107.0,99000000,PG,67,65,2,2,4303.0,190131036,1.9205155151515152
9768,The Prodigy,92.0,6000000,R,53,45,8,8,2530.0,22413145,3.7355241666666665
9770,To Dust,105.0,12000000,R,51,66,-15,15,1.0,184495,0.015374583333333334
9773,What Men Want,117.0,20000000,R,34,49,-15,15,2912.0,69911903,3.49559515
9776,Alita: Battle Angel,122.0,170000000,PG-13,85,53,32,32,3790.0,401900040,2.364117882352941
9778,Happy Death Day 2U,100.0,9000000,PG-13,63,57,6,6,3207.0,64686515,7.187390555555556
9779,Donnybrook,101.0,12000000,NR,52,53,-1,1,80.0,26284,0.002190333333333333
9785,How to Train Your Dragon: The Hidden World,104.0,129000000,PG,80,71,9,9,4259.0,522747474,4.052306
9786,Paddleton,89.0,12000000,TV,79,70,9,9,,0,0.0
9792,Apollo 11,93.0,1000000,Not Rated,82,88,-6,6,120.0,12125518,12.125518
9794,Giant Little Ones,93.0,12000000,R,72,67,5,5,1.0,14500,0.0012083333333333334
9795,Greta,98.0,21000000,R,79,54,25,25,,0,0.0
9796,Mapplethorpe,102.0,12000000,Not Rated,48,44,4,4,,0,0.0
9797,Saint Judy,106.0,12000000,Not Rated,83,51,32,32,55.0,196111,0.016342583333333334
9798,Sharkwater Extinction,85.0,1000000,Not Rated,73,76,-3,3,,1713,0.001713
9799,The Boy Who Harnessed the Wind,113.0,12000000,TV,76,68,8,8,,0,0.0
9801,The Wedding Guest,97.0,21000000,NR,62,57,5,5,4.0,386166,0.018388857142857144
9805,Triple Frontier,125.0,115000000,Not Rated,68,61,7,7,,0,0.0
9810,Captain Marvel,123.0,175000000,PG-13,29,64,-35,35,4310.0,1129727388,6.455585074285715
9811,Gloria Bell,102.0,12000000,R,67,79,-12,12,5.0,9709531,0.8091275833333333
9814,The Kid,100.0,7000000,R,62,51,11,11,268.0,1593173,0.22759614285714286
9817,Captive State,109.0,25000000,PG-13,54,54,0,0,2548.0,9363210,0.3745284
9818,Combat Obscura,70.0,1000000,Not Rated,73,56,17,17,10.0,14242,0.014242
9820,Five Feet Apart,116.0,7000000,PG-13,78,53,25,25,2803.0,92554209,13.222029857142857
9823,Nancy Drew and the Hidden Staircase,89.0,17000000,PG,53,55,-2,2,,624531,0.03673711764705882
9824,Never Grow Old,100.0,30000000,R,68,65,3,3,,150264,0.0050088
9825,The Aftermath,108.0,12000000,R,60,43,17,17,5.0,8242415,0.6868679166666667
9827,The Highwaymen,132.0,12000000,R,72,58,14,14,,0,0.0
9828,The Hummingbird Project,111.0,12000000,R,60,58,2,2,4.0,1108905,0.09240875
9829,The Mustang,96.0,12000000,R,67,77,-10,10,4.0,6699047,0.5582539166666667
9830,Wonder Park,85.0,100000000,PG,55,45,10,10,3838.0,115112118,1.15112118
9833,Hotel Mumbai,123.0,17300000,R,76,62,14,14,4.0,21132855,1.2215523121387284
9836,Relaxer,91.0,18000000,TV,65,82,-17,17,,6133,0.00034072222222222224
9841,Us,116.0,20000000,R,64,81,-17,17,3741.0,256091919,12.80459595
9842,A Vigilante,91.0,21000000,R,46,68,-22,22,,43366,0.002065047619047619
9843,Diane,95.0,10000000,NR,71,86,-15,15,3.0,339838,0.0339838
9844,Dumbo,112.0,170000000,PG,58,51,7,7,4259.0,353166307,2.0774488647058824
9845,Screwball,105.0,27330000,Not Rated,83,72,11,11,13.0,13967,0.0005110501280643982
9847,The Beach Bum,95.0,5000000,R,55,55,0,0,1100.0,4267808,0.8535616
9849,The Chaperone,103.0,12000000,Not Rated,66,49,17,17,2.0,1426419,0.11886825
9850,Unplanned,106.0,6000000,R,93,10,83,83,1059.0,21294302,3.549050333333333
9853,Pet Sematary,101.0,21000000,R,54,57,-3,3,3585.0,111809732,5.324272952380952
9855,Shazam!,132.0,85000000,PG-13,76,71,5,5,4217.0,363664533,4.278406270588235
9856,Storm Boy,99.0,72250000,PG,72,67,5,5,56.0,4357363,0.06030952249134948
9858,The Best of Enemies,133.0,10000000,PG-13,65,49,16,16,1705.0,10268749,1.0268749
9859,The Haunting of Sharon Tate,94.0,12000000,R,30,8,22,22,,19712,0.0016426666666666666
9860,The Public,119.0,12000000,PG-13,65,46,19,19,263.0,694750,0.057895833333333334
9861,The Wind,86.0,10000000,NR,61,66,-5,5,30.0,115515,0.0115515
9862,Unicorn Store,92.0,18000000,TV,32,44,-12,12,,0,0.0
9868,After,105.0,14000000,PG-13,44,30,14,14,2138.0,58090525,4.149323214285714
9871,Hellboy,120.0,60000000,R,56,31,25,25,3303.0,53956480,0.8992746666666667
9872,Her Smell,134.0,12000000,R,45,69,-24,24,3.0,260480,0.021706666666666666
9873,Little,109.0,18000000,PG-13,55,49,6,6,2667.0,49207917,2.733773166666667
9877,Missing Link,94.0,72250000,PG,69,68,1,1,3413.0,25390202,0.3514214809688581
9879,Stockholm,92.0,60000000,R,78,54,24,24,,503632,0.008393866666666666
9880,Teen Spirit,93.0,16000000,Not Rated,55,57,-2,2,4.0,1573603,0.0983501875
9883,Breakthrough,116.0,14000000,PG,63,46,17,17,2824.0,49231674,3.516548142857143
9884,Hail Satan?,95.0,1000000,R,59,76,-17,17,3.0,467295,0.467295
9885,Penguins,76.0,1000000,G,74,69,5,5,1815.0,7699452,7.699452
9887,Family,85.0,12000000,R,68,60,8,8,3.0,196322,0.016360166666666665
9888,Fast Color,100.0,21000000,PG-13,70,64,6,6,25.0,76916,0.0036626666666666665
9890,Little Woods,105.0,30000000,R,56,74,-18,18,33.0,171910,0.005730333333333333
9894,The Curse of La Llorona,93.0,9000000,R,46,41,5,5,3372.0,123133739,13.681526555555555
9897,Avengers: Endgame,181.0,400000000,PG-13,79,78,1,1,4662.0,2797800564,6.99450141
9898,Body at Brighton Rock,87.0,21000000,Not Rated,41,53,-12,12,8.0,5123,0.00024395238095238094
9899,I Trapped the Devil,82.0,10000000,NR,62,47,15,15,,0,0.0
9901,The White Crow,127.0,12000000,R,63,61,2,2,5.0,10857680,0.9048066666666666
9903,El Chicano,108.0,8000000,R,60,46,14,14,605.0,700261,0.087532625
9905,Long Shot,125.0,40000000,R,66,67,-1,1,3230.0,53624424,1.3406106
9906,Meeting Gorbachev,90.0,1000000,Not Rated,66,72,-6,6,2.0,327912,0.327912
9910,The Intruder,102.0,8000000,PG-13,48,39,9,9,2222.0,40597401,5.074675125
9911,UglyDolls,87.0,45000000,PG,47,39,8,8,3652.0,28363146,0.6302921333333333
9912,Wine Country,103.0,18000000,R,46,56,-10,10,,0,0.0
9913,Ask Dr. Ruth,100.0,1000000,Not Rated,78,68,10,10,104.0,319284,0.319284
9914,Charlie Says,110.0,12000000,R,52,57,-5,5,38.0,108529,0.009044083333333333
9918,Poms,90.0,10000000,PG-13,64,36,28,28,2750.0,16463241,1.6463241
9919,The Biggest Little Farm,91.0,1000000,Not Rated,75,73,2,2,5.0,6526378,6.526378
9920,The Hustle,93.0,21000000,PG-13,39,35,4,4,3007.0,97409779,4.6385609047619045
9921,Tolkien,112.0,20000000,PG-13,57,48,9,9,1495.0,8967531,0.44837655
9923,The Third Wife,96.0,12000000,R,77,71,6,6,1.0,179693,0.014974416666666667
9925,Aniara,106.0,12000000,R,70,61,9,9,19.0,40124,0.0033436666666666667
9928,Perfect,88.0,21000000,Not Rated,43,36,7,7,,0,0.0
9929,Photograph,110.0,12000000,PG-13,65,65,0,0,13.0,985026,0.0820855
9931,The Professor,90.0,10500000,R,78,37,41,41,,3143346,0.2993662857142857
9932,The Souvenir,120.0,12000000,Not Rated,63,91,-28,28,4.0,1832985,0.15274875
9934,Trial by Fire,127.0,12000000,R,71,51,20,20,109.0,148504,0.012375333333333334
9936,We Have Always Lived in the Castle,90.0,21000000,TV,54,63,-9,9,,52071,0.0024795714285714286
9937,The Tomorrow Man,94.0,12000000,PG-13,66,49,17,17,4.0,354103,0.029508583333333335
9938,Aladdin,128.0,182000000,PG,67,53,14,14,4476.0,1046649706,5.75082256043956
9939,Booksmart,102.0,6000000,R,48,84,-36,36,2505.0,24949770,4.158295
9943,Halston,105.0,1000000,Not Rated,68,64,4,4,1.0,188751,0.188751
9949,Domino,89.0,50000000,R,44,40,4,4,,440108,0.00880216
9950,Godzilla: King of the Monsters,132.0,170000000,PG-13,71,48,23,23,4108.0,383299915,2.2547053823529413
9952,Rocketman,121.0,41000000,R,74,69,5,5,3610.0,192137020,4.686268780487805
9957,Dark Phoenix,113.0,200000000,PG-13,54,43,11,11,3721.0,246356895,1.231784475
9958,Framing John DeLorean,109.0,1000000,NR,79,67,12,12,1.0,145626,0.145626
9959,Funan,84.0,12000000,Not Rated,70,79,-9,9,1.0,15152,0.0012626666666666667
9961,Katie Says Goodbye,88.0,12000000,Not Rated,75,53,22,22,,0,0.0
9962,Late Night,102.0,4000000,R,59,70,-11,11,4.0,22373378,5.5933445
9964,Mine 9,83.0,12000000,Not Rated,87,65,22,22,,0,0.0
9965,Papi Chulo,98.0,18000000,R,83,42,41,41,2.0,99472,0.005526222222222222
9966,Pavarotti,114.0,1000000,PG-13,78,66,12,12,48.0,8569152,8.569152
9968,The Last Black Man in San Francisco,121.0,3000000,Not Rated,72,83,-11,11,7.0,4638314,1.5461046666666667
9971,The Secret Life of Pets 2,86.0,80000000,PG,62,55,7,7,4561.0,446275938,5.578449225
9973,Rolling Thunder Revue: A Bob Dylan Story by Martin Scorsese,142.0,1000000,TV,84,86,-2,2,,0,0.0
9975,American Woman,111.0,12000000,R,73,68,5,5,117.0,245436,0.020453
9980,Men in Black: International,114.0,110000000,PG-13,43,38,5,5,4224.0,253020464,2.3001860363636366
9983,Plus One,99.0,20750000,Not Rated,62,65,-3,3,,42628,0.0020543614457831324
9984,Shaft,111.0,53012938,R,66,40,26,26,2952.0,21360215,0.402924565320262
9987,Anna,119.0,30000000,R,79,40,39,39,2114.0,32825218,1.0941739333333333
9990,Nightmare Cinema,119.0,10000000,R,58,60,-2,2,,109835,0.0109835
9994,Toni Morrison: The Pieces I Am,120.0,1000000,Not Rated,76,82,-6,6,4.0,946128,0.946128
9995,Toy Story 4,100.0,200000000,G,79,84,-5,5,4575.0,1073080329,5.365401645
9996,Wild Rose,101.0,12000000,R,87,80,7,7,5.0,6826420,0.5688683333333333
9997,Annabelle Comes Home,106.0,27000000,R,63,53,10,10,3613.0,231252591,8.564910777777778
10000,Maiden,97.0,1000000,Not Rated,82,82,0,0,6.0,3456725,3.456725
10001,Ophelia,114.0,12000000,PG-13,61,60,1,1,58.0,357870,0.0298225
10005,Yesterday,116.0,20750000,PG-13,62,55,7,7,2603.0,154754398,7.458043277108434
10007,Midsommar,147.0,9000000,R,64,72,-8,8,2707.0,46830824,5.203424888888889
10009,Marianne & Leonard: Words of Love,102.0,1000000,Not Rated,75,69,6,6,4.0,2060462,2.060462
10011,Ray & Liz,108.0,12000000,Not Rated,69,81,-12,12,,61028,0.005085666666666666
10012,Armstrong,100.0,1000000,Not Rated,73,57,16,16,,62987,0.062987
10013,Crawl,87.0,17000000,R,61,60,1,1,3170.0,91799500,5.399970588235294
10014,Firecrackers,93.0,12000000,TV,55,80,-25,25,,0,0.0
10015,Lying and Stealing,100.0,12000000,R,61,50,11,11,,465303,0.03877525
10018,Sea of Shadows,104.0,1000000,PG-13,74,72,2,2,,2000,0.002
10019,Stuber,93.0,16000000,R,59,42,17,17,3050.0,29634769,1.8521730625
10021,Sword of Trust,88.0,12000000,R,70,70,0,0,2.0,322598,0.026883166666666666
10022,The Art of Self-Defense,104.0,18000000,R,65,65,0,0,7.0,2414518,0.1341398888888889
10023,The Farewell,100.0,3000000,Not Rated,82,89,-7,7,4.0,22500687,7.500229
10024,Trespassers,88.0,21000000,NR,53,42,11,11,,0,0.0
10028,David Crosby: Remember My Name,95.0,1000000,Not Rated,74,80,-6,6,4.0,732515,0.732515
10031,Luz,70.0,10000000,Not Rated,50,63,-13,13,,0,0.0
10033,The Lion King,118.0,260000000,PG,66,55,11,11,4725.0,1654367425,6.362951634615385
10035,The Great Hack,113.0,1000000,TV,63,67,-4,4,,0,0.0
10037,For Sama,100.0,1000000,Not Rated,76,89,-13,13,3.0,1081500,1.0815
10038,Honeyland,90.0,1000000,Not Rated,86,85,1,1,2.0,1253169,1.253169
10047,Fast & Furious Presents: Hobbs & Shaw,137.0,200000000,PG-13,65,60,5,5,4253.0,760381706,3.80190853
10049,"Love, Antosha",92.0,1000000,R,76,78,-2,2,1.0,62900,0.0629
10050,Luce,109.0,21000000,R,74,72,2,2,5.0,2268375,0.10801785714285714
10053,The Nightingale,136.0,12000000,NR,68,77,-9,9,2.0,910088,0.07584066666666667
10054,The Operative,116.0,21000000,Not Rated,63,47,16,16,,1432010,0.06819095238095238
10055,Them That Follow,98.0,21000000,Not Rated,58,57,1,1,3.0,172843,0.008230619047619047
10056,After the Wedding,112.0,12000000,Not Rated,63,50,13,13,5.0,2940227,0.24501891666666667
10057,Brian Banks,99.0,10000000,PG-13,64,58,6,6,1240.0,4376820,0.437682
10058,Dora and the Lost City of Gold,102.0,49000000,PG,51,63,-12,12,3735.0,120597108,2.461165469387755
10060,Ode to Joy,97.0,18000000,R,75,38,37,37,2.0,22594,0.0012552222222222222
10061,One Child Nation,88.0,1000000,R,67,85,-18,18,2.0,254450,0.25445
10062,Scary Stories to Tell in the Dark,108.0,28000000,PG-13,64,61,3,3,3135.0,95607360,3.4145485714285715
10064,The Art of Racing in the Rain,109.0,18000000,PG,75,43,32,32,2765.0,30997027,1.7220570555555557
10065,The Kitchen,102.0,38000000,R,41,35,6,6,2745.0,15779653,0.41525402631578945
10066,The Peanut Butter Falcon,97.0,6200000,PG-13,76,70,6,6,17.0,23200203,3.7419682258064517
10067,This Changes Everything,96.0,1000000,Not Rated,72,63,9,9,,60339,0.060339
10070,The Angry Birds Movie 2,97.0,65000000,PG,68,60,8,8,3869.0,152018812,2.3387509538461537
10071,Adam,95.0,3200000,Not Rated,20,64,-44,44,,103252,0.03226625
10073,47 Meters Down: Uncaged,90.0,12000000,PG-13,51,43,8,8,2853.0,47582563,3.9652135833333335
10074,Aquarela,89.0,1000000,PG,58,80,-22,22,5.0,686652,0.686652
10075,Blinded by the Light,118.0,15000000,Not Rated,67,71,-4,4,2307.0,18144644,1.2096429333333334
10078,Driven,113.0,72000000,R,70,55,15,15,,103035,0.0014310416666666666
10080,Good Boys,90.0,20000000,R,61,60,1,1,3204.0,111173598,5.5586799
10081,The Amazing Johnathan Documentary,91.0,1000000,Not Rated,53,52,1,1,,27672,0.027672
10084,American Factory,115.0,1000000,TV,77,86,-9,9,,0,0.0
10085,Ready or Not,95.0,6000000,R,76,64,12,12,2855.0,56797392,9.466232
10086,Angel Has Fallen,121.0,40000000,R,61,45,16,16,3286.0,133365452,3.3341363
10090,Give Me Liberty,110.0,18000000,Not Rated,76,82,-6,6,3.0,624152,0.03467511111111111
10092,Jawline,99.0,1000000,Not Rated,15,74,-59,59,,0,0.0
10093,Miles Davis: Birth of the Cool,115.0,1000000,Not Rated,81,76,5,5,1.0,1464542,1.464542
10095,Vita & Virginia,110.0,12000000,NR,61,43,18,18,4.0,840149,0.07001241666666666
10096,Angel of Mine,98.0,21000000,R,60,47,13,13,,161290,0.007680476190476191
10099,Killerman,112.0,60000000,R,58,42,16,16,322.0,553407,0.00922345
10100,Official Secrets,112.0,21000000,R,74,63,11,11,4.0,9135230,0.4350109523809524
10102,The Fanatic,88.0,21000000,R,44,18,26,26,,0,0.0
10106,It: Chapter Two,169.0,70000000,R,65,58,7,7,4570.0,469566806,6.708097228571429
10107,Linda Ronstadt: The Sound of My Voice,95.0,1000000,PG-13,80,77,3,3,7.0,4252657,4.252657
10109,Night Hunter,98.0,21000000,R,48,31,17,17,,929713,0.04427204761904762
10110,Satanic Panic,85.0,10000000,Not Rated,50,51,-1,1,,1652,0.0001652
10111,Strange But True,96.0,21000000,PG-13,62,55,7,7,,284831,0.013563380952380952
10114,Depraved,114.0,10000000,NR,66,69,-3,3,,0,0.0
10115,Freaks,105.0,21000000,Not Rated,70,63,7,7,111.0,350122,0.01667247619047619
10116,Hustlers,110.0,20700000,R,61,79,-18,18,3250.0,150472713,7.269213188405797
10117,Liam Gallagher: As It Was,85.0,1000000,Not Rated,80,48,32,32,,499881,0.499881
10118,Monos,102.0,2000000,R,74,78,-4,4,5.0,2014409,1.0072045
10121,The Goldfinch,149.0,40000000,R,68,40,28,28,2542.0,9430149,0.235753725
10123,Promare,111.0,72250000,Not Rated,97,76,21,21,31.0,12655222,0.17515878200692042
10124,Midnight Traveler,88.0,1000000,Not Rated,70,79,-9,9,1.0,50349,0.050349
10125,Ad Astra,123.0,80000000,PG-13,61,80,-19,19,3460.0,135432019,1.6929002375
10130,Diego Maradona,130.0,1000000,TV,83,78,5,5,,2645994,2.645994
10131,Downton Abbey,122.0,12000000,PG,68,64,4,4,3079.0,194694724,16.224560333333333
10133,Rambo: Last Blood,89.0,50000000,R,75,26,49,49,3618.0,91419352,1.82838704
10134,Running with the Devil,100.0,60000000,R,55,42,13,13,,59731,0.0009955166666666666
10135,Villains,90.0,18000000,R,70,63,7,7,,0,0.0
10137,Zeroville,96.0,18000000,R,49,28,21,21,,65424,0.0036346666666666667
10139,Abominable,97.0,75000000,PG,58,61,-3,3,4242.0,188659191,2.51545588
10142,Judy,118.0,12000000,PG-13,67,66,1,1,461.0,45481469,3.7901224166666667
10144,The Day Shall Come,87.0,18000000,NR,64,70,-6,6,30.0,551512,0.030639555555555555
10145,The Death of Dick Long,100.0,10500000,R,58,69,-11,11,30.0,33856,0.0032243809523809525
10147,The Laundromat,95.0,12000000,R,56,57,-1,1,,0,0.0
10149,Joker,122.0,55000000,R,90,59,31,31,4374.0,1072507517,19.500136672727272
10153,Lucy in the Sky,124.0,27000000,R,43,36,7,7,37.0,325943,0.012071962962962963
10154,Memory: The Origins of Alien,95.0,1000000,Not Rated,67,70,-3,3,,38995,0.038995
10158,Little Monsters,93.0,10000000,R,60,59,1,1,,173622,0.0173622
10159,Mister America,,18000000,R,82,42,40,40,2.0,130897,0.007272055555555556
10161,Fantastic Fungi,81.0,1000000,Not Rated,72,70,2,2,,1672211,1.672211
10162,Gemini Man,117.0,140000000,PG-13,54,38,16,16,3642.0,166623705,1.1901693214285713
10163,In My Room,119.0,12000000,NR,63,84,-21,21,,783,6.525e-05
10164,Jexi,84.0,5000000,R,42,39,3,3,2332.0,10601127,2.1202254
10165,Mary,84.0,10000000,R,33,31,2,2,,943159,0.0943159
10167,The Addams Family,86.0,24000000,PG,52,46,6,6,4007.0,200612027,8.358834458333334
10169,The Dead Center,92.0,21000000,Not Rated,52,63,-11,11,10.0,8320,0.0003961904761904762
10170,The King,140.0,12000000,Not Rated,79,62,17,17,,127936,0.010661333333333333
10171,Jay and Silent Bob Reboot,105.0,10000000,R,50,46,4,4,1.0,4710507,0.4710507
10174,Greener Grass,95.0,18000000,NR,57,69,-12,12,17.0,78649,0.004369388888888889
10175,Jojo Rabbit,108.0,14000000,PG-13,79,58,21,21,5.0,87068472,6.219176571428571
10176,Maleficent: Mistress of Evil,119.0,185000000,PG,64,43,21,21,3790.0,489346495,2.645116189189189
10177,Tell Me Who I Am,85.0,1000000,Not Rated,80,69,11,11,,0,0.0
10178,The Cave,107.0,30000000,PG-13,70,83,-13,13,2.0,160219,0.005340633333333333
10179,The Elephant Queen,96.0,1000000,PG,58,69,-11,11,,0,0.0
10180,The Lighthouse,109.0,4000000,Not Rated,80,83,-3,3,8.0,18333211,4.58330275
10182,Zombieland: Double Tap,99.0,48000000,R,65,55,10,10,3468.0,122266018,2.5472087083333332
10183,Black and Blue,108.0,12000000,R,58,54,4,4,2062.0,22730144,1.8941786666666667
10184,Burning Cane,77.0,12000000,TV,36,74,-38,38,,0,0.0
10185,Countdown,90.0,6500000,PG-13,61,31,30,30,2675.0,42178964,6.489071384615385
10187,Frankie,100.0,12000000,Not Rated,60,55,5,5,4.0,708539,0.05904491666666667
10188,Making Waves: The Art of Cinematic Sound,94.0,1000000,Not Rated,58,80,-22,22,3.0,64008,0.064008
10189,Paradise Hills,95.0,21000000,TV,59,49,10,10,,475763,0.02265538095238095
10193,The Kill Team,87.0,60000000,R,58,60,-2,2,,372311,0.0062051833333333336
10194,Western Stars,83.0,1000000,Not Rated,67,80,-13,13,537.0,3581681,3.581681
10197,Adopt a Highway,78.0,12000000,Not Rated,68,53,15,15,,0,0.0
10200,Earthquake Bird,107.0,12000000,R,64,51,13,13,,0,0.0
10201,Harriet,125.0,17000000,PG-13,71,66,5,5,2059.0,43248374,2.544022
10202,Light From Light,82.0,12000000,NR,73,80,-7,7,2.0,24808,0.0020673333333333333
10203,Motherless Brooklyn,144.0,26000000,R,73,60,13,13,1342.0,18477736,0.7106821538461539
10206,Terminator: Dark Fate,128.0,185000000,R,39,54,-15,15,4086.0,250372367,1.353364145945946
10208,The Irishman,209.0,159000000,R,81,94,-13,13,,910234,0.00572474213836478
10209,Marriage Story,137.0,8600000,Not Rated,81,94,-13,13,,320349,0.03724988372093023
10210,Crown Vic,110.0,3600000,R,58,47,11,11,1.0,3868,0.0010744444444444445
10211,Doctor Sleep,152.0,45000000,R,72,59,13,13,3855.0,71856239,1.5968053111111111
10212,Honey Boy,94.0,3500000,Not Rated,74,73,1,1,4.0,3415542,0.9758691428571429
10213,Klaus,96.0,40000000,PG,87,65,22,22,,0,0.0
10214,Last Christmas,103.0,30000000,PG-13,58,50,8,8,3448.0,123446172,4.1148724
10215,Midway,138.0,100000000,PG-13,61,47,14,14,3242.0,126829063,1.26829063
10216,Playing with Fire,96.0,18000000,PG,43,24,19,19,3125.0,61249503,3.402750166666667
10218,The Kingmaker,101.0,1000000,R,61,76,-15,15,2.0,352274,0.352274
10220,Noelle,100.0,18000000,G,49,48,1,1,,0,0.0
10222,Mickey and the Bear,88.0,12000000,R,67,79,-12,12,1.0,57716,0.004809666666666667
10231,The Good Liar,109.0,10000000,R,55,55,0,0,2439.0,33216217,3.3216217
10232,The Report,119.0,8000000,R,72,66,6,6,,242788,0.0303485
10233,The Warrior Queen of Jhansi,102.0,12000000,Not Rated,30,27,3,3,277.0,187915,0.015659583333333334
10234,Waves,135.0,27000000,Not Rated,74,80,-6,6,4.0,2575613,0.09539307407407407
10235,21 Bridges,99.0,33000000,R,61,51,10,10,2665.0,42663460,1.2928321212121212
10236,A Beautiful Day in the Neighborhood,109.0,45000000,PG,72,80,-8,8,3235.0,68550222,1.5233382666666666
10237,Citizen K,126.0,1000000,Not Rated,56,76,-20,20,1.0,148374,0.148374
10238,Dark Waters,126.0,12000000,PG-13,79,73,6,6,4.0,23108017,1.9256680833333333
10239,Frozen II,103.0,150000000,PG,68,64,4,4,4440.0,1445182280,9.634548533333334
10240,Hala,94.0,12000000,R,36,75,-39,39,,0,0.0
10245,63 Up,180.0,1000000,Not Rated,72,89,-17,17,1.0,483685,0.483685
10246,Knives Out,131.0,40000000,PG-13,77,82,-5,5,3461.0,312952178,7.82380445
10247,Queen & Slim,132.0,20000000,R,64,74,-10,10,1690.0,47936399,2.39681995
10248,The Two Popes,125.0,12000000,PG-13,76,75,1,1,,246283,0.020523583333333335
10250,Temblores,107.0,12000000,NR,60,76,-16,16,1.0,124106,0.010342166666666666
10252,A Million Little Pieces,113.0,12000000,R,53,45,8,8,,80971,0.006747583333333334
10255,In Fabric,118.0,21000000,R,54,81,-27,27,,198651,0.009459571428571428
10257,Little Joe,105.0,12000000,Not Rated,53,60,-7,7,12.0,215366,0.017947166666666667
10258,Midnight Family,81.0,1000000,Not Rated,66,81,-15,15,1.0,77205,0.077205
10261,The Aeronauts,100.0,80000000,PG-13,57,60,-3,3,,6628720,0.082859
10264,A Hidden Life,174.0,12000000,Not Rated,74,78,-4,4,5.0,4290818,0.3575681666666667
10265,Black Christmas,92.0,5000000,PG-13,19,49,-30,30,2625.0,18528789,3.7057578
10266,Bombshell,109.0,32000000,R,62,64,-2,2,4.0,61404394,1.9188873125
10269,Jumanji: The Next Level,123.0,125000000,PG-13,64,58,6,6,4227.0,798332900,6.3866632
10270,Rabid,107.0,10000000,Not Rated,49,43,6,6,,0,0.0
10271,Richard Jewell,131.0,45000000,R,75,68,7,7,2502.0,43100570,0.9577904444444445
10273,The Death and Life of John F. Donovan,123.0,12000000,R,58,28,30,30,,3157609,0.2631340833333333
10274,Uncut Gems,135.0,21000000,R,72,91,-19,19,5.0,50023780,2.382084761904762
10276,Cats,110.0,100000000,PG,53,32,21,21,3380.0,75486351,0.75486351
10280,1917,119.0,100000000,R,84,78,6,6,11.0,370603379,3.70603379
10282,Just Mercy,137.0,25000000,PG-13,71,68,3,3,4.0,50401502,2.01606008
10283,Little Women,135.0,42000000,PG,75,91,-16,16,3308.0,218895434,5.211796047619048
10284,Spies in Disguise,102.0,100000000,PG,70,54,16,16,3502.0,165138481,1.65138481
10285,The Song of Names,113.0,12000000,PG-13,70,51,19,19,10.0,1119832,0.09331933333333334
10286,Clemency,112.0,12000000,Not Rated,67,77,-10,10,2.0,364952,0.030412666666666668
10291,Like a Boss,83.0,29000000,R,35,33,2,2,3078.0,26567902,0.9161345517241379
10294,Three Christs,109.0,12000000,NR,55,39,16,16,31.0,37788,0.003149
10296,VHYes,72.0,18000000,Not Rated,58,52,6,6,22.0,47037,0.002613166666666667
10300,Dolittle,101.0,175000000,PG,53,26,27,27,4155.0,251409960,1.436628342857143
10302,The Wave,90.0,21000000,R,69,51,18,18,10.0,8101,0.00038576190476190476
10304,Color Out of Space,111.0,10000000,Not Rated,60,70,-10,10,81.0,1067647,0.1067647
10307,The Last Full Measure,116.0,20000000,Not Rated,70,51,19,19,614.0,3321111,0.16605555
10308,The Turning,94.0,12000000,PG-13,41,35,6,6,2571.0,18460739,1.5383949166666666
10311,Created Equal: Clarence Thomas in His Own Words,116.0,1000000,PG-13,83,41,42,42,23.0,282149,0.282149
10312,Gretel & Hansel,87.0,5000000,PG-13,50,64,-14,14,3007.0,22059211,4.4118422
10316,The Assistant,87.0,1780000,Not Rated,53,79,-26,26,4.0,1351375,0.7591994382022472
10317,The Rhythm Section,109.0,50000000,R,42,45,-3,3,3049.0,5983043,0.11966086
10322,Come to Daddy,96.0,10500000,R,62,64,-2,2,29.0,120405,0.011467142857142856
10324,The Lodge,108.0,10000000,R,59,64,-5,5,6.0,3090713,0.3090713
10329,Buffaloed,95.0,18000000,Not Rated,68,61,7,7,9.0,29118,0.0016176666666666668
10330,Come As You Are,106.0,18000000,TV,68,71,-3,3,,55047,0.0030581666666666665
10331,Downhill,86.0,12000000,R,43,49,-6,6,2301.0,9160072,0.7633393333333334
10337,The Last Thing He Wanted,115.0,12000000,R,31,35,-4,4,,0,0.0
10338,The Photograph,106.0,15000000,PG-13,61,62,-1,1,2516.0,20704381,1.3802920666666667
10340,VFW,92.0,60000000,Not Rated,51,72,-21,21,,0,0.0
10345,Brahms: The Boy II,86.0,10000000,PG-13,44,29,15,15,2151.0,18976477,1.8976477
10346,Emma.,124.0,10000000,PG,62,71,-9,9,5.0,26447347,2.6447347
10348,Once Were Brothers: Robbie Robertson and The Band,102.0,1000000,R,77,61,16,16,4.0,556949,0.556949
10349,Premature,90.0,18000000,NR,50,81,-31,31,4.0,23071,0.0012817222222222223
10351,The Call of the Wild,100.0,125000000,PG,64,48,16,16,3752.0,107360936,0.858887488
10352,The Night Clerk,90.0,21000000,R,64,44,20,20,,245884,0.011708761904761904
10353,Viral: Antisemitism in Four Mutations,84.0,1000000,Not Rated,20,57,-37,37,,0,0.0
10359,Burden,117.0,12000000,R,70,57,13,13,5.0,451010,0.03758416666666667
10361,Greed,104.0,18000000,R,57,52,5,5,4.0,1430982,0.079499
10362,Guns Akimbo,98.0,18000000,Not Rated,62,42,20,20,,847947,0.047108166666666666
10363,Saint Frances,106.0,27330000,Not Rated,69,83,-14,14,1.0,142198,0.005203000365898281
10364,Straight Up,95.0,20750000,Not Rated,69,66,3,3,1.0,4075,0.0001963855421686747
10365,The Invisible Man,124.0,7000000,R,69,72,-3,3,3610.0,138996774,19.856682
10368,Wendy,111.0,72250000,PG-13,67,55,12,12,4.0,266770,0.003692318339100346
10373,First Cow,122.0,12000000,PG-13,70,89,-19,19,4.0,550126,0.045843833333333334
10374,Go Back to China,95.0,12000000,Not Rated,58,51,7,7,,0,0.0
10376,Onward,102.0,200000000,PG,73,61,12,12,4310.0,133317030,0.66658515
10379,Swallow,94.0,21000000,R,64,65,-1,1,3.0,276781,0.013180047619047619
10380,The Banker,120.0,11000000,R,75,59,16,16,,2990000,0.2718181818181818
10382,The Burnt Orange Heresy,99.0,21000000,R,62,57,5,5,4.0,702376,0.03344647619047619
10383,The Way Back,108.0,72250000,R,67,66,1,1,2718.0,14563409,0.20156967474048443
10386,Big Time Adolescence,91.0,18000000,R,70,64,6,6,,0,0.0
10390,I Still Believe,116.0,12000000,PG,59,41,18,18,3250.0,16373474,1.3644561666666668
10392,Lost Girls,95.0,12000000,R,57,67,-10,10,,0,0.0
10396,The Hunt,90.0,18200000,R,65,50,15,15,3028.0,12400979,0.6813724725274726
10397,The Roads Not Taken,85.0,12000000,R,30,42,-12,12,3.0,105413,0.008784416666666666
10414,The Other Lamb,97.0,12000000,NR,63,64,-1,1,1.0,7507,0.0006255833333333334
10416,Sea Fever,95.0,10000000,Not Rated,61,60,1,1,,255584,0.0255584
10430,The Quarry,100.0,21000000,R,37,53,-16,16,,3671,0.0001748095238095238
10436,Beastie Boys Story,,1000000,Not Rated,73,74,-1,1,,0,0.0
10455,The Wretched,95.0,66000,NR,64,61,3,3,12.0,4594221,69.6094090909091
10459,Driveways,83.0,12000000,Not Rated,80,83,-3,3,,0,0.0
10462,How to Build a Girl,102.0,18000000,NR,59,69,-10,10,6.0,70632,0.003924
10466,Spaceship Earth,113.0,1000000,Not Rated,83,73,10,10,,362,0.000362
10467,Valley Girl,102.0,27000000,PG-13,57,53,4,4,,0,0.0
10471,Alice,103.0,18000000,Not Rated,45,72,-27,27,58.0,9194,0.0005107777777777777
10475,Scoob!,93.0,72250000,PG,57,43,14,14,2500.0,26276210,0.3636845674740484
10481,Lucky Grandma,100.0,18000000,Not Rated,75,71,4,4,,82548,0.004586
10485,The Painter and the Thief,102.0,1000000,Not Rated,81,79,2,2,,124430,0.12443
10486,The Trip to Greece,112.0,18000000,NR,61,69,-8,8,3.0,279331,0.015518388888888889
10491,The Vast of Night,91.0,21000000,PG-13,66,84,-18,18,,0,0.0
10493,Becky,100.0,21000000,R,55,54,1,1,45.0,1063197,0.050628428571428574
10497,Shirley,107.0,21000000,R,65,76,-11,11,,308898,0.014709428571428571
10499,Tommaso,115.0,12000000,Not Rated,55,66,-11,11,,0,0.0
10511,The Short History of the Long Road,90.0,12000000,M/PG,84,60,24,24,,0,0.0
10514,Babyteeth,118.0,12000000,MA-17,73,77,-4,4,12.0,1155873,0.09632275
10516,Miss Juneteenth,103.0,12000000,Not Rated,63,73,-10,10,,38355,0.00319625
10519,Wasp Network,127.0,21000000,TV,52,54,-2,2,,1541585,0.07340880952380953
10525,Irresistible,101.0,18000000,R,48,47,1,1,,338763,0.018820166666666666
10533,The Outpost,123.0,60000000,R,72,71,1,1,74.0,2099652,0.0349942
10537,John Lewis: Good Trouble,96.0,1000000,PG,78,70,8,8,,0,0.0
10538,The Truth,106.0,21000000,PG,65,75,-10,10,,670133,0.03191109523809524
10539,"Bloody Nose, Empty Pockets",98.0,1000000,Not Rated,73,83,-10,10,,0,0.0
10541,The Beach House,88.0,10000000,Not Rated,61,64,-3,3,,68080,0.006808
10544,Palm Springs,90.0,5000000,Not Rated,77,83,-6,6,,1030842,0.2061684
10545,Relic,89.0,21000000,R,62,77,-15,15,69.0,3246693,0.15460442857142856
10552,Ghosts of War,94.0,10000000,R,42,38,4,4,,125224,0.0125224
10556,Amulet,99.0,10000000,R,53,62,-9,9,,32845,0.0032845
10560,Radioactive,109.0,12000000,PG-13,50,56,-6,6,,2878528,0.23987733333333333
10564,The Rental,89.0,21000000,NR,57,62,-5,5,250.0,3976834,0.1893730476190476
10565,"Yes, God, Yes",78.0,18000000,R,57,71,-14,14,,27,1.5e-06
10570,I Used to Go Here,80.0,20750000,Not Rated,57,68,-11,11,,18340,0.000883855421686747
10571,Rebuilding Paradise,90.0,1000000,PG-13,57,70,-13,13,,3404,0.003404
10572,She Dies Tomorrow,84.0,18000000,R,50,80,-30,30,,0,0.0
10573,Summerland,99.0,12000000,NR,69,56,13,13,99.0,1118941,0.09324508333333334
10577,The Secret: Dare to Dream,107.0,12000000,PG,56,32,24,24,,3311907,0.27599225
10580,La Llorona,96.0,10000000,Not Rated,76,79,-3,3,,300173,0.0300173
10581,A Thousand Cuts,110.0,1000000,Not Rated,52,81,-29,29,,0,0.0
10582,Black Water: Abyss,98.0,10000000,Not Rated,56,46,10,10,,491840,0.049184
10585,Made in Italy,94.0,12000000,NR,62,44,18,18,111.0,2725424,0.22711866666666666
10588,The Secret Garden,99.0,12000000,PG,52,59,-7,7,,7809322,0.6507768333333334
10589,The Tax Collector,95.0,30000000,TV,53,22,31,31,129.0,1309971,0.0436657
10590,Waiting for the Barbarians,112.0,12000000,Not Rated,64,52,12,12,,745818,0.0621515
10593,Boys State,105.0,1000000,PG-13,78,84,-6,6,,0,0.0
10596,Spree,93.0,10500000,Not Rated,58,42,16,16,33.0,49493,0.004713619047619047
10597,Sputnik,107.0,10000000,NR,64,61,3,3,32.0,258664,0.0258664
10602,Cut Throat City,123.0,8000000,R,62,67,-5,5,,864797,0.108099625
10605,Tesla,102.0,12000000,NR,49,67,-18,18,108.0,379110,0.0315925
10607,The One and Only Ivan,95.0,72250000,PG,75,58,17,17,,0,0.0
10610,Unhinged,90.0,33000000,R,52,40,12,12,299.0,37321536,1.1309556363636364
10611,Words on Bathroom Walls,110.0,9300000,PG-13,64,61,3,3,924.0,3117353,0.33519924731182793
10618,Bill & Ted Face the Music,91.0,25000000,PG-13,61,65,-4,4,1007.0,6266609,0.25066436
10621,Fatima,113.0,12000000,PG-13,77,50,27,27,,589719,0.04914325
10628,The New Mutants,94.0,67000000,PG-13,42,43,-1,1,2412.0,44612280,0.6658549253731343
10629,The Personal History of David Copperfield,119.0,15600000,PG,49,77,-28,28,1360.0,13211271,0.8468763461538461
10634,Tenet,150.0,205000000,PG-13,72,69,3,3,2810.0,362450957,1.7680534487804878
10637,Mulan,115.0,200000000,PG-13,30,66,-36,36,,69965374,0.34982687
10639,All In: The Fight for Democracy,102.0,1000000,PG-13,36,79,-43,43,,0,0.0
10641,Jimmy Carter: Rock & Roll President,,1000000,NR,70,73,-3,3,,0,0.0
10647,Rent-A-Pal,108.0,10000000,NR,68,61,7,7,56.0,29767,0.0029767
10650,The Broken Hearts Gallery,109.0,20750000,PG-13,82,57,25,25,2209.0,4779960,0.23035951807228916
10652,The Secrets We Keep,97.0,21000000,R,56,48,8,8,471.0,638459,0.030402809523809523
10653,Residue,90.0,12000000,Not Rated,45,82,-37,37,,0,0.0
10654,Alone,98.0,21000000,Not Rated,68,70,-2,2,174.0,599759,0.02855995238095238
10655,Antebellum,105.0,21000000,Not Rated,52,43,9,9,,7021017,0.33433414285714286
10659,The Nest,107.0,12000000,R,66,80,-14,14,301.0,1762096,0.14684133333333332
10663,Ava,96.0,60000000,Not Rated,51,39,12,12,222.0,2392437,0.03987395
10664,Kajillionaire,104.0,12000000,R,72,78,-6,6,529.0,1615171,0.13459758333333333
10665,Misbehaviour,106.0,12000000,Not Rated,42,62,-20,20,,2024073,0.16867275
10669,The Last Shift,90.0,18000000,R,51,58,-7,7,871.0,644318,0.03579544444444444
10670,The Trial of the Chicago 7,129.0,35000000,R,77,76,1,1,,115709,0.0033059714285714288
10671,The Boys in the Band,121.0,12000000,R,67,70,-3,3,,0,0.0
10674,12 Hour Shift,87.0,21000000,Not Rated,58,63,-5,5,12.0,6820,0.00032476190476190474
10675,2067,114.0,21000000,Not Rated,55,39,16,16,,2674,0.00012733333333333333
10676,A Call to Spy,123.0,12000000,PG-13,57,65,-8,8,75.0,844254,0.0703545
10678,Eternal Beauty,95.0,20750000,R,72,71,1,1,,68960,0.0033233734939759037
10679,On the Rocks,96.0,12000000,R,63,73,-10,10,,991415,0.08261791666666667
10681,Save Yourselves!,93.0,18000000,R,54,67,-13,13,388.0,301162,0.016731222222222224
10682,Spontaneous,101.0,10500000,R,67,78,-11,11,,0,0.0
10690,The War with Grandpa,94.0,38000000,PG,53,34,19,19,2250.0,40229719,1.0586768157894737
10691,The Wolf of Snow Hollow,83.0,10000000,R,64,67,-3,3,112.0,266963,0.0266963
10692,Time,81.0,1000000,PG-13,54,91,-37,37,,351083,0.351083
10693,Yellow Rose,94.0,12000000,PG-13,74,70,4,4,900.0,367849,0.030654083333333332
10697,The Mortuary Collection,108.0,10000000,Not Rated,71,69,2,2,,307160,0.030716
10699,Honest Thief,99.0,21000000,Not Rated,60,46,14,14,2425.0,26744538,1.2735494285714286
10700,Love and Monsters,109.0,72250000,PG-13,75,63,12,12,387.0,1131683,0.015663432525951558
10705,The Kid Detective,100.0,10500000,R,72,74,-2,2,865.0,367908,0.03503885714285714
10712,Bad Hair,102.0,18000000,Not Rated,46,61,-15,15,,0,0.0
10717,Synchronic,102.0,21000000,R,56,64,-8,8,327.0,1336616,0.06364838095238096
10720,The Craft: Legacy,97.0,10000000,PG-13,36,54,-18,18,,2012769,0.2012769
10721,Come Play,96.0,9000000,PG-13,60,58,2,2,2183.0,12624174,1.402686
10727,Jungleland,90.0,12000000,R,65,53,12,12,,0,0.0
10729,Let Him Go,113.0,21000000,R,62,63,-1,1,2454.0,10773008,0.513000380952381
10734,Coded Bias,90.0,1000000,Not Rated,27,73,-46,46,1.0,10236,0.010236
10735,Hillbilly Elegy,116.0,45000000,R,75,38,37,37,,38852,0.0008633777777777778
10736,Ammonite,120.0,12000000,Not Rated,67,72,-5,5,280.0,1130100,0.094175
10737,Come Away,94.0,12000000,PG,17,40,-23,23,475.0,1746860,0.14557166666666665
10740,Dreamland,98.0,21000000,R,56,57,-1,1,216.0,1081732,0.051511047619047616
10741,Fatman,,10500000,R,64,40,24,24,259.0,1342414,0.12784895238095237
10742,Fireball: Visitors from Darker Worlds,97.0,1000000,TV,63,72,-9,9,,0,0.0
10743,Freaky,,6000000,Not Rated,64,67,-3,3,2472.0,16244416,2.707402666666667
10744,I Am Greta,97.0,1000000,Not Rated,28,69,-41,41,,334465,0.334465
10746,Make Up,86.0,21000000,TV,30,81,-51,51,,32208,0.0015337142857142856
10747,Mank,,12000000,Not Rated,63,79,-16,16,,99752,0.008312666666666666
10749,The Climb,98.0,12000000,R,70,82,-12,12,408.0,716634,0.0597195
10751,Wolfwalkers,103.0,11250000,PG,87,87,0,0,,3241142,0.2881015111111111
10756,Embattled,117.0,12000000,R,60,56,4,4,68.0,32259,0.00268825
10758,Jiu Jitsu,102.0,60000000,R,31,27,4,4,,7427,0.00012378333333333332
10759,Run,90.0,21000000,Not Rated,72,67,5,5,,4518862,0.21518390476190477
10761,Sound of Metal,120.0,5400000,R,79,82,-3,3,,516819,0.09570722222222222
10762,The Last Vermeer,118.0,12000000,R,70,56,14,14,912.0,885224,0.07376866666666666
10767,Happiest Season,102.0,20750000,PG-13,74,69,5,5,,2113583,0.10185942168674698
10770,Stardust,109.0,70000000,NR,42,35,7,7,44.0,54994,0.0007856285714285715
10772,The Croods: A New Age,95.0,65000000,PG,66,56,10,10,2211.0,214902998,3.3061999692307693
10777,Zappa,129.0,1000000,Not Rated,70,76,-6,6,70.0,212129,0.212129
10781,All My Life,91.0,25000000,PG-13,60,39,21,21,970.0,2015472,0.08061888
10784,Black Bear,104.0,12000000,Not Rated,73,79,-6,6,,0,0.0
10787,Half Brothers,,18000000,PG-13,26,30,-4,4,1369.0,3279241,0.18218005555555555
10793,The Prom,130.0,27000000,PG-13,65,55,10,10,,191874,0.007106444444444445
10796,Archenemy,90.0,60000000,Not Rated,61,56,5,5,94.0,122534,0.0020422333333333332
10797,Assassins,104.0,1000000,NR,66,74,-8,8,,67840,0.06784
10799,Gunda,93.0,1000000,G,69,89,-20,20,5.0,379181,0.379181
10800,Minari,115.0,2000000,PG-13,80,89,-9,9,,15516257,7.7581285
10805,The Midnight Sky,122.0,100000000,PG-13,46,58,-12,12,,75615,0.00075615
10808,Wander Darkly,97.0,12000000,R,73,66,7,7,,0,0.0
10809,Wild Mountain Thyme,102.0,12000000,PG-13,53,42,11,11,450.0,1482272,0.12352266666666667
10811,The Bee Gees: How Can You Mend a Broken Heart,111.0,1000000,TV,81,78,3,3,,283826,0.283826
10812,Fatale,102.0,21000000,R,50,42,8,8,1107.0,6823320,0.32492
10813,Greenland,119.0,34000000,PG-13,63,64,-1,1,,40610111,1.1944150294117648
10814,Hunter Hunter,93.0,10000000,NR,53,61,-8,8,30.0,32705,0.0032705
10815,Monster Hunter,103.0,60000000,PG-13,40,47,-7,7,1736.0,44458221,0.74097035
10819,News of the World,118.0,38000000,PG-13,68,73,-5,5,1900.0,12668325,0.33337697368421054
10820,One Night in Miami,114.0,12000000,R,69,83,-14,14,,0,0.0
10822,Promising Young Woman,113.0,10500000,R,72,73,-1,1,1310.0,16137493,1.5369040952380952
10823,Soul,100.0,72250000,PG,82,83,-1,1,,118708427,1.6430232110726644
10824,The Dissident,119.0,1000000,PG-13,77,81,-4,4,160.0,111760,0.11176
10826,Wonder Woman 1984,151.0,200000000,PG-13,34,60,-26,26,2151.0,166360232,0.83180116
10827,Herself,97.0,12000000,R,78,70,8,8,40.0,868624,0.07238533333333333
10832,The Reason I Jump,82.0,1000000,Not Rated,82,83,-1,1,,103653,0.103653
10834,The White Tiger,125.0,10500000,R,70,76,-6,6,,680,6.476190476190476e-05
10836,Hunted,87.0,21000000,Not Rated,58,47,11,11,,6391,0.0003043333333333333
10839,American Skin,,12000000,Not Rated,81,24,57,57,51.0,282332,0.023527666666666665
10843,Some Kind of Heaven,81.0,1000000,Not Rated,45,73,-28,28,54.0,54864,0.054864
10844,The Dig,112.0,21000000,PG-13,68,73,-5,5,,696,3.314285714285714e-05
10845,The Marksman,108.0,23000000,PG-13,59,44,15,15,1975.0,21197274,0.9216206086956522
10847,Atlantis,108.0,12000000,NR,68,85,-17,17,,0,0.0
10853,Our Friend,124.0,10000000,Not Rated,67,57,10,10,543.0,714255,0.0714255
10859,Wrong Turn,109.0,10000000,R,43,46,-3,3,259.0,3643760,0.364376
10860,Penguin Bloom,95.0,12000000,TV,64,54,10,10,,6259122,0.5215935
10865,Supernova,93.0,60000000,R,70,73,-3,3,330.0,3380839,0.05634731666666667
10866,The Little Things,127.0,30000000,R,57,54,3,3,2171.0,29735222,0.9911740666666666
10867,The Night,105.0,21000000,NR,50,68,-18,18,33.0,26136,0.0012445714285714287
10871,A Glitch in the Matrix,108.0,1000000,Not Rated,58,62,-4,4,19.0,2238,0.002238
10874,Little Fish,101.0,12000000,NR,63,71,-8,8,84.0,39053,0.0032544166666666667
10878,The Reckoning,110.0,10000000,Not Rated,54,31,23,23,175.0,465177,0.0465177
10885,Breaking News in Yuba County,96.0,12000000,R,50,24,26,26,,122945,0.010245416666666667
10888,French Exit,110.0,18000000,R,58,56,2,2,,1557507,0.08652816666666667
10889,Judas and the Black Messiah,126.0,26000000,R,74,85,-11,11,1888.0,7058280,0.2714723076923077
10890,Land,89.0,12000000,PG-13,54,61,-7,7,1231.0,3170075,0.26417291666666665
10891,Music,107.0,12000000,PG-13,66,23,43,43,,639055,0.053254583333333334
10893,The Mauritanian,129.0,12000000,R,73,53,20,20,248.0,6892618,0.5743848333333333
10894,The World to Come,105.0,12000000,Not Rated,63,73,-10,10,277.0,202878,0.0169065
10902,Silk Road,112.0,21000000,R,53,41,12,12,,138565,0.006598333333333334
10904,Test Pattern,82.0,21000000,Not Rated,51,81,-30,30,,0,0.0
10907,Cherry,142.0,12000000,R,72,44,28,28,,0,0.0
10912,The United States vs. Billie Holiday,130.0,12000000,TV,55,52,3,3,,1135988,0.09466566666666666
10920,Boogie,89.0,12000000,R,60,54,6,6,1252.0,4191023,0.34925191666666666
10921,Boss Level,94.0,21000000,TV,71,56,15,15,,1988846,0.09470695238095238
10922,Chaos Walking,109.0,100000000,PG-13,53,38,15,15,1980.0,27075660,0.2707566
10925,My Salinger Year,101.0,12000000,Not Rated,62,50,12,12,123.0,968849,0.08073741666666667
10927,"Quo Vadis, Aida?",101.0,12000000,Approved,82,97,-15,15,,602674,0.050222833333333335
10928,Raya and the Last Dragon,107.0,72250000,PG,69,75,-6,6,2045.0,116682905,1.6149883044982698
10929,Stray,72.0,21000000,Not Rated,74,83,-9,9,17.0,13325,0.0006345238095238095
10931,The Truffle Hunters,84.0,1000000,Not Rated,72,84,-12,12,,1541944,1.541944
10933,Come True,105.0,10000000,NR,63,68,-5,5,96.0,70366,0.0070366
10934,Honeydew,106.0,10000000,Not Rated,50,40,10,10,,0,0.0
10938,The Inheritance,100.0,12000000,NR,42,86,-44,44,,0,0.0
10948,Wojnarowicz,105.0,1000000,Not Rated,25,90,-65,65,,0,0.0
10952,Nobody,92.0,16000000,R,76,64,12,12,2460.0,57510518,3.594407375
10953,Shoplifters of the World,90.0,18000000,Not Rated,70,50,20,20,,6228,0.000346
10957,Godzilla vs. Kong,113.0,155000000,PG-13,69,59,10,10,3064.0,468064628,3.019771793548387
10959,Every Breath You Take,105.0,21000000,R,51,32,19,19,,294303,0.014014428571428572
10961,Shiva Baby,77.0,18000000,Not Rated,74,79,-5,5,12.0,311780,0.01732111111111111
10962,The Man Who Sold His Skin,104.0,12000000,Not Rated,57,64,-7,7,,169214,0.014101166666666666
10964,The Unholy,99.0,10000000,PG-13,47,36,11,11,1850.0,30831182,3.0831182
10968,The Power,92.0,10000000,Not Rated,55,60,-5,5,,29603,0.0029603
10969,Held,93.0,10000000,Not Rated,63,46,17,17,129.0,142817,0.0142817
10971,Slalom,92.0,12000000,Unrated,50,77,-27,27,4.0,555475,0.046289583333333335
10973,Voyagers,108.0,29000000,PG-13,50,44,6,6,1972.0,4131130,0.14245275862068965
10978,In the Earth,100.0,10000000,Not Rated,43,63,-20,20,1094.0,1330962,0.1330962
10980,Monday,116.0,12000000,NR,73,58,15,15,54.0,30932,0.0025776666666666665
10981,Vanquish,94.0,60000000,R,6,22,-16,16,,62673,0.00104455
10985,Mortal Kombat,110.0,55000000,R,63,44,19,19,3073.0,83508369,1.5183339818181818
10988,Street Gang: How We Got to Sesame Street,107.0,1000000,PG,77,82,-5,5,,1219,0.001219
10990,Together Together,90.0,18000000,Not Rated,69,70,-1,1,665.0,1436324,0.07979577777777777
10996,Four Good Days,100.0,12000000,R,51,52,-1,1,298.0,843968,0.07033066666666667
10997,Limbo,104.0,12000000,R,70,83,-13,13,208.0,762254,0.06352116666666667
11003,The Virtuoso,110.0,21000000,R,42,24,18,18,,0,0.0
11005,Above Suspicion,104.0,60000000,R,52,46,6,6,,3684,6.14e-05
11006,Here Today,,18000000,Not Rated,60,40,20,20,1200.0,2847107,0.1581726111111111
11007,Mainstream,94.0,18000000,Unrated,50,36,14,14,76.0,40209,0.0022338333333333333
11009,Paper Spiders,109.0,12000000,TV,76,68,8,8,,0,0.0
11014,The Paper Tigers,108.0,60000000,PG-13,70,67,3,3,65.0,112691,0.0018781833333333332
11015,The Water Man,91.0,12000000,PG,48,68,-20,20,311.0,354087,0.02950725
11017,Wrath of Man,,40000000,R,69,57,12,12,2875.0,103966489,2.599162225
11019,Army of the Dead,148.0,90000000,R,49,57,-8,8,,0,0.0
11020,Finding You,119.0,12000000,PG,69,41,28,28,1312.0,3327957,0.27732975
11021,Georgetown,99.0,12000000,R,58,49,9,9,,0,0.0
11022,Profile,106.0,2300000,Not Rated,64,54,10,10,2033.0,1838205,0.7992195652173913
11025,The Djinn,82.0,10000000,R,58,59,-1,1,41.0,270226,0.0270226
11026,The Killing of Two Lovers,85.0,32000,Not Rated,69,82,-13,13,34.0,104569,3.26778125
11030,Those Who Wish Me Dead,100.0,21000000,R,56,59,-3,3,3188.0,17601631,0.8381729047619048
11031,Dream Horse,113.0,12000000,PG,64,68,-4,4,1254.0,6482891,0.5402409166666666
11033,Final Account,94.0,1000000,PG-13,78,76,2,2,308.0,353056,0.353056
11037,The Dry,117.0,21000000,R,64,69,-5,5,186.0,17351923,0.8262820476190477
11041,Cruella,134.0,18000000,PG-13,71,59,12,12,3892.0,226892470,12.605137222222222
11047,Caveat,88.0,10000000,Not Rated,61,60,1,1,,7132,0.0007132
11050,Spirit Untamed,,30000000,PG,42,49,-7,7,3211.0,42313252,1.4104417333333332
11051,The Conjuring: The Devil Made Me Do It,112.0,40000000,R,64,53,11,11,3102.0,200271845,5.006796125
11057,12 Mighty Orphans,118.0,12000000,PG-13,66,44,22,22,132.0,3712409,0.3093674166666667
11060,Censor,84.0,10000000,Not Rated,58,69,-11,11,93.0,365738,0.0365738
11061,Holler,90.0,12000000,R,67,76,-9,9,31.0,28706,0.0023921666666666666
11062,In the Heights,143.0,55000000,PG-13,69,84,-15,15,3456.0,43679828,0.7941786909090909
11063,Peter Rabbit 2: The Runaway,93.0,45000000,PG,50,43,7,7,3346.0,152660246,3.392449911111111
11064,Queen Bees,100.0,18000000,PG-13,42,52,-10,10,500.0,2315001,0.12861116666666667
11065,Sublet,89.0,12000000,Not Rated,69,67,2,2,,0,0.0
11066,The Misfits,94.0,21000000,R,42,25,17,17,,955916,0.045519809523809525
11068,Fatherhood,109.0,12000000,PG-13,64,53,11,11,,0,0.0
11069,Gaia,96.0,10000000,R,51,64,-13,13,,134038,0.0134038
11071,Luca,95.0,72250000,PG,77,71,6,6,,49788012,0.6891074325259515
11075,Sweat,106.0,12000000,Not Rated,50,74,-24,24,1.0,18308,0.0015256666666666667
11077,The Sparks Brothers,140.0,1000000,Not Rated,64,80,-16,16,534.0,1124256,1.124256
11081,F9: The Fast Saga,143.0,200000000,PG-13,47,58,-11,11,4179.0,721077945,3.605389725
11087,The Ice Road,109.0,60000000,PG-13,49,42,7,7,,5519303,0.09198838333333334
11088,Werewolves Within,97.0,10000000,R,62,66,-4,4,270.0,823329,0.0823329
11091,Zola,86.0,12000000,R,62,76,-14,14,1468.0,4998994,0.41658283333333335
11096,The Boss Baby: Family Business,107.0,82000000,PG,51,39,12,12,3644.0,146632547,1.7882017926829268
11097,The Forever Purge,,18000000,R,47,53,-6,6,3051.0,76994245,4.277458055555556
11100,Black Widow,134.0,200000000,Unrated,64,67,-3,3,4160.0,379751655,1.898758275
11104,The Loneliest Whale: The Search for 52,96.0,1000000,PG,85,69,16,16,75.0,107799,0.107799
11106,Gunpowder Milkshake,114.0,60000000,R,43,47,-4,4,,859503,0.01432505
11108,Escape Room: Tournament of Champions,88.0,15000000,PG-13,54,48,6,6,2815.0,51914506,3.4609670666666665
11112,Pig,92.0,12000000,R,72,82,-10,10,552.0,3839103,0.31992525
11113,Roadrunner: A Film About Anthony Bourdain,118.0,1000000,Not Rated,60,79,-19,19,927.0,5489646,5.489646
11114,Space Jam: A New Legacy,115.0,150000000,PG,34,36,-2,2,3965.0,144003749,0.9600249933333334
11115,How It Ends,82.0,18000000,Not Rated,18,57,-39,39,10.0,16104,0.0008946666666666667
11118,Joe Bell,94.0,12000000,Not Rated,57,54,3,3,1094.0,1738764,0.144897
11122,Midnight in the Switchgrass,98.0,15000000,R,15,24,-9,9,,97518,0.0065012
11123,Old,108.0,18000000,PG-13,53,55,-2,2,3355.0,90135949,5.007552722222222
11125,Settlers,103.0,30000000,NR,41,56,-15,15,30.0,29183,0.0009727666666666667
11126,Snake Eyes: G.I. Joe Origins,121.0,88000000,PG-13,47,43,4,4,3521.0,34666981,0.3939429659090909
11127,Val,109.0,18000000,R,78,73,5,5,,0,0.0
11129,Enemies of the State,103.0,1000000,NR,48,74,-26,26,13.0,8495,0.008495
11130,Jungle Cruise,127.0,200000000,PG-13,61,50,11,11,4310.0,210384144,1.05192072
11133,Nine Days,124.0,12000000,R,69,72,-3,3,2.0,969204,0.080767
11136,Stillwater,140.0,12000000,R,61,60,1,1,2531.0,17188747,1.4323955833333333
11137,The Green Knight,130.0,72250000,R,63,85,-22,22,2790.0,18869960,0.2611759169550173
11140,Annette,141.0,15500000,R,66,67,-1,1,,3348707,0.2160456129032258
11141,John and the Hole,98.0,21000000,NR,57,61,-4,4,42.0,25386,0.0012088571428571428
11143,Naked Singularity,93.0,12000000,Not Rated,39,36,3,3,1.0,9455,0.0007879166666666667
11144,Swan Song,105.0,12000000,Not Rated,68,66,2,2,,0,0.0
11146,The Suicide Squad,132.0,185000000,R,73,72,1,1,4002.0,167120232,0.9033526054054054
11147,Vivo,95.0,20000000,PG,65,66,-1,1,,41059088,2.0529544
11152,CODA,111.0,10000000,Not Rated,79,74,5,5,,1248676,0.1248676
11157,Free Guy,115.0,60000000,PG-13,71,62,9,9,4165.0,323599369,5.393322816666667
11160,Respect,145.0,12000000,PG-13,72,61,11,11,3207.0,31804499,2.650374916666667
11161,The Lost Leonardo,90.0,1000000,Not Rated,74,79,-5,5,3.0,571693,0.571693
11163,Cryptozoo,95.0,72250000,Not Rated,60,74,-14,14,45.0,35300,0.0004885813148788927
11164,Demonic,,3000000,NR,33,36,-3,3,85.0,165873,0.055291
11165,Flag Day,109.0,12000000,R,62,53,9,9,24.0,508043,0.04233691666666667
11169,Reminiscence,116.0,67972729,PG-13,54,46,8,8,3265.0,15451008,0.22731186796987363
11175,Candyman,91.0,10000000,R,51,72,-21,21,3569.0,77395789,7.7395789
11177,No Man of God,100.0,12000000,Not Rated,71,67,4,4,,188759,0.015729916666666666
11178,Together,91.0,18000000,R,53,59,-6,6,250.0,214390,0.011910555555555556
11184,Shang-Chi and the Legend of the Ten Rings,132.0,150000000,PG-13,71,71,0,0,4300.0,432243292,2.881621946666667
11186,We Need to Do Something,97.0,10000000,NR,32,48,-16,16,27.0,13589,0.0013589
11188,Wild Indian,90.0,21000000,Not Rated,57,74,-17,17,,0,0.0
11189,Worth,118.0,12000000,PG-13,67,67,0,0,,174857,0.014571416666666667
11190,Yakuza Princess,112.0,21000000,R,15,34,-19,19,63.0,35763,0.001703
11194,Fauci,104.0,1000000,PG-13,6,70,-64,64,,0,0.0
11197,Malignant,111.0,40000000,R,63,51,12,12,3485.0,33986283,0.849657075
11198,Queenpins,110.0,18000000,R,58,45,13,13,,641682,0.035649
11199,Small Engine Repair,102.0,12000000,R,63,57,6,6,205.0,110995,0.009249583333333334
11200,The Alpinist,82.0,1000000,PG-13,78,67,11,11,172.0,1290084,1.290084
11202,The Card Counter,109.0,21000000,Not Rated,68,77,-9,9,580.0,4270338,0.20334942857142857
11204,Best Sellers,102.0,18000000,Not Rated,63,54,9,9,16.0,298815,0.016600833333333332
11205,Blue Bayou,119.0,12000000,R,66,58,8,8,477.0,951011,0.07925091666666667
11207,Cry Macho,104.0,12000000,PG-13,54,58,-4,4,3967.0,14709062,1.2257551666666666
11210,Prisoners of the Ghostland,103.0,60000000,Not Rated,41,53,-12,12,1.0,59364,0.0009894
11211,The Eyes of Tammy Faye,126.0,12000000,PG-13,59,55,4,4,450.0,2643967,0.22033058333333333
11213,The Nowhere Inn,92.0,18000000,NR,70,60,10,10,46.0,59832,0.003324
11217,Dear Evan Hansen,137.0,27000000,PG-13,53,39,14,14,3364.0,17489677,0.6477658148148148
11222,The Guilty,90.0,21000000,R,65,63,2,2,,0,0.0
11229,Old Henry,99.0,30000000,Not Rated,72,69,3,3,30.0,42068,0.0014022666666666666
11230,The Addams Family 2,,72250000,PG,36,37,-1,1,4207.0,119792619,1.6580293287197232
11231,The Many Saints of Newark,120.0,50000000,R,49,60,-11,11,3181.0,12732039,0.25464078
11232,Titane,108.0,10000000,Not Rated,65,75,-10,10,562.0,4915987,0.4915987
11237,Ascension,97.0,1000000,Not Rated,52,82,-30,30,3.0,17200,0.0172
11239,Lamb,106.0,12000000,R,63,68,-5,5,583.0,3089532,0.257461
11240,Mass,110.0,12000000,PG-13,80,81,-1,1,4.0,148183,0.012348583333333333
11241,No Time to Die,163.0,250000000,PG-13,63,68,-5,5,4407.0,762485241,3.049940964
11243,The Rescue,107.0,1000000,PG,81,84,-3,3,5.0,912056,0.912056
11244,Bergman Island,112.0,12000000,R,65,81,-16,16,115.0,741438,0.0617865
11246,Halloween Kills,105.0,20000000,R,56,42,14,14,3705.0,130854215,6.54271075
11247,Hard Luck Love Song,104.0,12000000,Not Rated,72,56,16,16,172.0,69496,0.005791333333333333
11253,The Last Duel,152.0,100000000,R,72,67,5,5,3065.0,30055233,0.30055233
11254,The Velvet Underground,121.0,1000000,R,75,87,-12,12,,0,0.0
11255,Wheel of Fortune and Fantasy,121.0,12000000,Not Rated,74,86,-12,12,,194444,0.01620366666666667
11262,Becoming Cousteau,93.0,1000000,PG-13,70,74,-4,4,319.0,290847,0.290847
11266,The Electrical Life of Louis Wain,111.0,12000000,Not Rated,76,63,13,13,,976289,0.08135741666666667
11267,The French Dispatch,107.0,18000000,R,72,74,-2,2,52.0,45636653,2.5353696111111113
11268,The Harder They Fall,,12000000,Not Rated,65,68,-3,3,,8265,0.00068875
11269,Passing,98.0,12000000,PG-13,67,85,-18,18,,0,0.0
11271,Antlers,99.0,10000000,R,57,57,0,0,2800.0,35685582,3.5685582
11274,Last Night in Soho,116.0,43000000,R,71,65,6,6,3016.0,22881725,0.5321331395348837
11283,Eternals,156.0,200000000,PG-13,63,52,11,11,4090.0,402064929,2.010324645
11288,Red Notice,118.0,150000000,PG-13,59,37,22,22,,173638,0.0011575866666666667
11289,Spencer,111.0,12000000,Not Rated,68,76,-8,8,996.0,15407165,1.2839304166666667
11290,The Beta Test,94.0,21000000,NR,67,72,-5,5,25.0,37539,0.0017875714285714285
11291,Clifford the Big Red Dog,96.0,64000000,PG,61,55,6,6,3700.0,78520123,1.226876921875
11293,Belfast,98.0,12000000,PG-13,65,75,-10,10,580.0,42403088,3.5335906666666665
11299,Bruised,129.0,12000000,Not Rated,43,52,-9,9,,0,0.0
11301,The Power of the Dog,125.0,35000000,Not Rated,69,89,-20,20,,245378,0.0070108
11303,Boiling Point,95.0,12000000,R,78,73,5,5,,704046,0.0586705
11307,Ghostbusters: Afterlife,124.0,75000000,PG-13,78,45,33,33,4315.0,196755329,2.6234043866666665
11310,King Richard,144.0,50000000,PG-13,68,76,-8,8,3302.0,38083946,0.76167892
11314,The Feast,93.0,10000000,NR,55,68,-13,13,22.0,8316,0.0008316
11315,The First Wave,94.0,1000000,R,72,85,-13,13,11.0,65236,0.065236
11318,A Boy Called Christmas,,72250000,PG,55,61,-6,6,,2542336,0.03518804152249135
11320,Encanto,102.0,150000000,PG,70,75,-5,5,3980.0,228063295,1.5204219666666667
11321,House of Gucci,157.0,75000000,R,79,59,20,20,3471.0,151331803,2.017757373333333
11322,Resident Evil: Welcome to Raccoon City,107.0,25000000,R,36,44,-8,8,2803.0,41851340,1.6740536
11323,The Humans,108.0,12000000,R,58,78,-20,20,,19212,0.001601
11325,The Unforgivable,112.0,12000000,R,66,41,25,25,,13023,0.00108525
11326,Licorice Pizza,133.0,40000000,R,67,90,-23,23,4.0,28820264,0.7205066
11329,Benedetta,131.0,12000000,TV,71,73,-2,2,201.0,3943733,0.32864441666666666
11331,Encounter,108.0,21000000,R,45,57,-12,12,,0,0.0
11332,Flee,89.0,1000000,PG-13,73,91,-18,18,4.0,696562,0.696562
11337,Wolf,98.0,12000000,Not Rated,23,52,-29,29,308.0,153575,0.012797916666666668
11339,Being the Ricardos,131.0,12000000,Not Rated,61,60,1,1,,0,0.0
11341,France,133.0,18000000,Not Rated,58,57,1,1,2.0,1297920,0.07210666666666667
11344,Red Rocket,128.0,12000000,Not Rated,66,75,-9,9,6.0,1228100,0.10234166666666666
11346,West Side Story,156.0,100000000,PG-13,73,85,-12,12,2820.0,74146087,0.74146087
11349,Nightmare Alley,150.0,60000000,R,71,70,1,1,2145.0,35950421,0.5991736833333333
11350,Spider-Man: No Way Home,148.0,200000000,PG-13,89,71,18,18,4336.0,1885216153,9.426080765
11351,Swan Song,116.0,12000000,R,70,66,4,4,,0,0.0
11352,The Lost Daughter,121.0,12000000,R,61,86,-25,25,,333298,0.027774833333333332
11353,The Novice,94.0,21000000,Not Rated,61,85,-24,24,36.0,24322,0.0011581904761904763
11354,The Tender Bar,106.0,12000000,R,55,53,2,2,,0,0.0
11355,Sing 2,110.0,85000000,PG,70,49,21,21,3892.0,376625004,4.4308824
11357,The Matrix Resurrections,148.0,190000000,R,38,63,-25,25,3552.0,156467817,0.8235148263157894
11360,A Journal for Jordan,131.0,12000000,PG-13,42,42,0,0,2500.0,6468531,0.53904425
11362,The Tragedy of Macbeth,105.0,12000000,R,70,87,-17,17,,176248,0.014687333333333333
11363,Memoria,136.0,12000000,Not Rated,72,91,-19,19,1.0,462861,0.03857175
