movieid,castid
1,10374
1,22313
2,6826
2,8703
2,9630
2,13653
2,13884
2,15336
2,22443
2,22623
2,22781
2,24472
3,6270
3,8038
3,13404
4,9628
5,10418
5,19084
5,20294
6,8092
6,12462
7,1159
7,3601
7,3637
7,8655
7,8797
7,9446
7,13063
7,16171
7,17050
7,23765
8,2143
8,7656
10,2769
10,17783
14,14449
14,21010
16,5043
16,17890
18,1674
19,4272
19,21238
20,14332
21,11333
23,8623
24,6267
24,14660
24,16447
25,9520
25,17205
25,24745
26,4885
26,19513
26,23961
28,3448
28,16262
32,2570
32,4181
35,16721
35,23239
36,3293
37,2769
37,5523
38,7917
38,9345
39,15251
39,20625
40,1730
40,8268
43,8300
43,23177
44,8018
44,11866
45,10241
45,17019
45,22931
46,506
46,12457
47,833
47,6221
51,8
51,11272
52,7910
52,9273
52,12115
52,14080
52,15683
52,23709
58,15878
58,21517
60,6102
60,8838
60,16939
61,11692
63,13335
63,13448
63,20542
64,12238
65,935
65,4792
71,5750
71,17202
72,20987
72,23403
75,21010
76,4472
77,14565
77,18484
78,2638
78,6798
78,10962
83,14575
83,18876
84,4844
88,18491
88,21003
90,12190
90,13631
91,2855
91,9180
91,16252
92,1173
92,1908
94,6143
94,10313
95,5523
95,13476
95,19084
96,13737
96,15762
96,22194
97,1709
97,3040
97,11043
97,23598
98,20859
99,10339
99,17707
101,4956
101,11479
101,20643
103,13547
107,16780
111,2476
111,7917
111,11843
112,1057
112,7528
112,21182
114,7525
114,13856
119,9602
120,5182
120,12512
120,20980
122,1194
122,3192
122,6363
122,18958
122,21354
122,23320
123,23514
123,24356
124,23302
125,1052
125,11837
125,16234
125,19336
125,23423
125,24055
128,6091
129,10070
129,14989
129,18588
131,15965
131,17904
136,1536
136,18051
140,19568
141,4724
141,8092
142,7817
142,15419
142,23738
144,2885
146,4472
146,20987
146,23815
148,2857
148,6581
148,16174
149,12460
149,16493
150,11329
150,19860
152,16493
154,19313
154,19845
154,20180
155,8404
155,15857
156,1297
156,1661
156,3051
156,5897
156,8300
156,10872
156,11435
156,12173
156,20191
156,24163
157,4812
157,17734
159,1631
159,3797
159,11894
159,15896
162,3448
163,4447
163,17117
166,6935
166,12374
166,23206
168,9505
168,9602
168,18779
169,14812
169,22505
174,10628
174,16571
177,9130
177,16991
178,525
180,5372
180,23810
181,6714
185,161
185,19313
186,13404
187,14096
187,17930
187,23047
188,3199
189,4830
189,23403
190,6459
192,12510
192,15618
194,19960
194,24337
195,11391
195,13547
195,20612
196,16503
196,22217
197,2871
197,4177
197,13218
197,16008
197,17020
197,17023
200,3416
200,8360
200,13177
201,9415
201,17644
202,3952
203,23971
205,11011
205,23967
205,23971
206,2734
206,4006
206,5186
206,22299
207,11906
207,23569
208,6971
208,13631
211,7710
211,11905
213,6179
213,22351
215,24203
216,3525
216,5312
216,19952
216,21469
220,278
220,3442
220,4630
223,1050
223,3322
223,11952
223,24801
224,4812
224,5624
224,7383
224,23372
225,9979
225,19355
227,4420
227,17415
227,19860
228,3952
228,8857
228,24491
230,10418
230,13177
230,15742
231,2662
231,20731
233,2885
236,10453
238,9500
238,18842
241,12376
242,5308
242,21261
244,2926
246,14050
248,18616
248,20124
248,23052
250,4897
251,8360
251,17415
252,11015
253,19009
254,3965
254,7546
255,6698
255,11332
255,13437
255,22356
255,23676
256,8994
256,17202
257,10202
257,16993
257,21047
258,6148
259,5985
259,23201
259,24662
261,5289
261,10161
261,16853
261,21216
263,10962
263,16181
265,19449
265,22580
266,2638
266,20180
267,7052
267,10576
270,18106
272,10443
272,12552
274,19960
276,2580
276,24337
279,8296
279,10867
279,11435
280,23172
281,3210
281,6996
285,8980
285,9281
285,13476
286,9432
286,10070
288,4181
288,11479
288,15857
292,7402
292,10911
292,22195
293,3673
293,6465
294,9393
294,14093
295,11843
295,14660
296,6673
296,14130
298,11997
298,19955
298,20385
300,3515
300,17756
301,11440
302,2597
302,20081
303,1505
303,5529
304,2847
304,3637
304,6581
304,14989
305,14634
305,23380
306,2168
306,12919
307,16174
307,24253
309,9461
309,24415
310,199
310,18708
311,2019
311,6275
312,5125
312,20180
313,21689
315,3876
315,23746
316,3959
317,14062
317,16230
318,2570
318,8916
319,11329
320,7286
320,20783
321,21036
321,22629
322,1589
322,16721
323,4266
323,4547
323,6986
325,2040
325,16853
326,8926
326,8655
327,8390
327,11479
327,13000
327,16683
329,3448
329,20987
331,2268
331,4866
332,3668
332,17825
333,17005
333,24601
333,24769
334,11075
334,12674
334,24781
335,5860
335,16447
335,20643
337,5628
337,8894
338,2855
338,4407
338,21268
339,804
340,2175
340,21354
341,6689
341,15495
342,5913
342,11730
343,18337
344,9281
344,16493
345,20108
345,21317
346,3938
346,13095
346,13177
348,23322
349,8476
349,12031
349,12682
351,16683
351,21010
352,8404
352,11846
352,23144
353,19749
354,18051
354,23695
355,5293
355,8562
356,9347
356,16174
356,19009
357,2475
358,8642
358,17375
359,3439
359,13419
360,8926
360,23715
361,2662
361,16721
362,9552
362,21462
363,11778
363,24262
364,19128
364,24196
365,20731
365,23177
366,6708
366,18537
367,17890
367,24289
368,12462
368,21341
370,19842
370,24364
371,7944
371,22108
372,3107
372,10686
374,2662
376,15878
376,15887
377,11011
377,16252
378,7459
378,14285
379,1050
379,20429
381,8092
381,17383
382,15274
382,23456
383,3104
383,13624
384,7821
384,12080
385,3637
385,12075
386,11069
386,17165
387,5701
387,6120
389,1801
389,12514
390,17815
390,17895
391,10628
391,22336
392,4204
392,22148
393,1691
393,10827
394,6558
394,21781
395,4420
396,1404
396,20035
397,4181
397,13177
398,5494
398,12908
399,13419
399,13824
400,2086
400,6334
401,3210
401,3347
403,5372
403,12572
404,16836
404,19104
405,14550
405,19794
406,5679
406,16694
407,3422
407,16076
408,4932
408,20987
410,3107
410,12457
411,475
411,17737
412,329
412,8068
413,6781
413,13270
413,20180
414,23418
414,24570
415,2595
415,13631
416,18230
416,22402
417,7888
417,19121
418,11028
419,20905
420,6053
420,20467
421,6689
421,12138
421,12374
422,6375
422,22361
424,3876
424,8905
424,11550
425,8360
425,11012
425,21781
426,4393
426,9248
427,17440
427,21661
428,15463
428,18682
429,7156
429,8220
430,15380
430,23841
431,2143
431,8779
431,9505
432,688
432,1873
432,3734
432,5627
433,8390
433,19259
434,11130
434,21533
436,16906
436,17383
436,17415
437,19499
437,22490
438,11866
438,19009
439,2393
439,20579
440,4481
440,4527
440,10788
441,5326
442,7391
442,23858
443,10572
443,24572
444,7733
444,9193
445,315
445,4730
446,7338
446,21833
447,3379
447,5913
448,19449
448,22765
449,10161
449,14730
450,4898
450,19860
451,19954
451,24217
452,4109
452,19085
453,11027
453,22201
454,1873
454,18460
455,16074
455,17654
456,2411
456,17352
456,21509
457,14584
457,18850
458,20073
458,23320
459,14143
459,21433
461,358
461,12953
462,7222
462,11846
463,13604
463,22580
463,23127
464,14697
464,16177
465,3208
465,13380
466,11085
466,23715
467,6267
467,24146
468,7917
468,18780
469,3109
469,22217
470,1919
470,13888
471,24262
472,3210
472,19499
473,7059
473,22934
475,3453
475,4204
476,12977
476,22402
478,9239
478,15762
479,298
479,19294
480,3060
480,6082
481,12784
481,23325
482,17153
482,20399
483,10616
484,10313
484,11011
485,1648
485,10455
486,8636
486,21016
487,7656
487,18083
488,6714
488,17105
490,1667
490,13392
491,8880
491,23023
492,2570
492,12955
493,4540
494,9460
494,24769
495,6597
495,9380
495,9433
495,11052
495,20340
495,22418
495,22458
496,19065
497,4183
497,9406
498,2097
498,7385
499,12853
499,19535
500,4923
500,20135
501,5523
501,15965
502,11361
502,16772
503,21157
503,23990
504,21744
505,3052
505,5124
505,10589
506,8893
506,23735
507,5750
507,12514
507,18537
508,891
508,24627
509,2711
509,13606
510,9505
510,11843
511,461
511,11002
512,2605
512,19693
513,1702
513,10879
514,7301
515,1536
516,9518
516,17735
517,10545
518,18697
518,20963
522,6714
524,18910
524,23961
525,2693
525,8031
525,11430
525,14012
527,613
527,7457
528,4761
528,7945
528,8980
528,10249
528,12374
528,13298
528,13477
528,20912
528,23313
528,24292
529,12693
529,22410
530,10729
530,13631
531,19659
531,22600
531,24292
532,11734
532,14626
533,4420
534,5372
534,8926
535,10788
535,23969
538,17901
538,23526
539,7590
539,12266
540,9404
540,23634
541,3347
541,11272
542,11241
542,19313
543,10276
543,24138
544,512
544,19650
545,525
545,22284
546,3109
546,18007
547,10786
548,15076
548,19782
549,11905
549,23967
550,7137
550,9084
550,13819
550,15882
550,20492
551,6798
551,20180
552,20905
552,23695
552,24289
553,11692
553,12457
554,13830
554,22669
555,22284
555,23082
556,11671
556,17242
557,9399
557,23907
558,3455
558,14466
559,16102
560,4844
560,9284
562,5624
562,11910
563,9289
563,15857
564,13256
564,22525
566,5804
566,10531
567,15889
567,15986
568,1536
568,1873
569,4436
569,10070
570,1701
570,12518
571,2357
571,2702
573,6824
573,20751
574,8694
574,23129
575,5298
575,19998
576,10628
576,21354
577,17669
577,21235
578,14130
579,5718
580,4611
580,18083
582,14288
582,22148
583,4897
583,21252
584,19009
585,4087
585,12427
586,3192
586,5125
586,23968
586,24211
587,14060
588,10223
590,9628
590,17729
590,18631
591,15742
591,23971
592,10665
592,13474
593,9506
593,11598
594,8092
594,11194
595,24356
596,14663
596,16828
597,9262
597,10147
598,8580
598,12656
599,12462
599,16488
600,10268
600,19646
601,5031
601,20310
602,2718
602,10830
603,3272
603,18830
604,8485
605,10977
605,15857
606,16549
606,24196
607,11144
607,20820
608,12633
609,17440
609,24059
610,1876
610,18528
611,7562
611,22432
612,15585
612,24572
613,12196
614,6270
614,13177
615,16321
615,21391
616,6270
616,14251
618,7340
618,15626
620,1783
620,9585
621,14449
623,5072
623,9585
624,6494
624,20191
625,5516
625,6757
626,16721
627,1801
627,1861
628,6888
628,7270
629,2638
629,18588
630,10846
630,21435
631,8738
631,16583
632,10497
633,5780
633,11126
634,14251
635,611
635,13998
636,11692
636,12955
637,5551
638,6148
638,7525
639,1274
639,20567
640,14012
640,19088
641,2880
641,3448
641,3938
642,4390
642,19085
643,18188
644,6495
644,20454
645,5530
646,12670
646,14058
646,17649
647,503
648,24488
649,4462
649,16791
651,6772
651,14337
653,4185
653,5624
654,14044
654,24289
655,9248
655,11866
656,13389
656,15843
657,15983
658,6581
658,22336
659,10345
659,20235
661,18631
661,21932
663,5944
663,22525
664,10223
664,16047
665,7203
665,13013
666,13456
666,17202
668,10867
668,13476
669,7283
669,17522
670,9212
670,13448
671,11606
671,13945
672,1983
672,10829
673,21533
673,23465
674,2880
674,7944
676,2242
676,16141
677,4855
677,5850
678,11843
680,2242
680,7742
681,2886
681,11730
682,6625
682,21452
683,7525
683,20241
684,3734
684,11272
685,7584
685,9799
686,8360
686,19749
688,4825
688,11762
689,14062
689,20130
690,8916
690,10000
691,6572
693,5443
694,9289
694,22313
695,16703
695,21269
696,10435
696,15125
697,20426
698,15912
698,15965
699,7313
699,7964
700,5745
700,7882
701,6781
701,9248
702,3107
702,20235
703,6772
703,15741
704,18967
704,19359
705,21890
705,23368
707,5677
707,21632
708,8360
708,18588
709,12572
709,23021
710,10427
710,19449
711,9389
711,21813
712,10531
712,11135
713,23574
713,23978
714,9478
714,24704
715,3230
715,8599
716,6103
717,4519
717,17434
718,2999
718,16683
719,3178
719,19838
720,3107
720,8404
721,4030
721,9735
723,12462
723,22388
724,4675
724,6102
725,12280
725,20336
726,11328
726,12376
727,9194
727,17865
728,1808
729,4682
729,10201
730,2668
731,8360
731,8916
732,19009
732,23302
733,23138
734,10484
734,23861
735,1488
735,6932
736,6689
736,20643
737,22552
737,24047
738,16602
738,19768
739,6018
739,20132
740,9505
740,16447
741,11329
741,15964
742,24253
743,12376
743,12514
743,13476
744,15284
744,20731
745,2880
745,8992
746,12190
747,3938
748,13785
748,18515
749,16991
749,21343
751,21503
751,23971
752,15786
752,20990
753,12155
753,24537
755,4902
755,10000
756,12818
756,21682
757,410
757,23221
758,1285
758,1595
759,5125
759,10315
763,15394
763,21517
764,14552
764,24415
765,21693
766,5062
766,12695
767,22316
768,10818
768,15681
769,23494
770,21391
771,8905
771,10313
772,14062
772,19960
773,14065
773,17633
774,6450
774,7673
776,19682
776,23811
777,18083
777,23969
778,6221
779,1035
779,8038
780,2040
780,11762
781,4393
781,10788
782,10373
782,16301
783,17187
783,22432
785,1776
785,3373
786,3448
786,4897
787,6148
788,2968
788,9124
790,10718
790,13438
791,5678
791,11104
792,10254
792,18715
793,2015
793,6044
794,13419
795,13335
795,20297
796,15629
797,24010
798,14507
798,17658
799,8
799,22402
800,14627
800,19983
801,458
801,4204
802,12190
802,21545
803,5524
803,21607
804,9589
804,22451
805,13467
806,16493
807,9628
807,17084
808,1768
808,19459
809,8905
809,24439
810,17450
810,17457
811,1292
811,21247
812,6103
812,11762
813,1604
813,6503
815,16993
815,17165
816,6714
816,20180
817,8220
817,15652
818,13714
818,24203
820,6879
820,13988
821,9557
821,19906
822,2482
822,9109
823,12005
823,19474
825,8107
825,11156
825,18927
826,6798
826,20296
827,20210
827,21133
828,11498
828,13744
829,17414
830,1739
830,9835
831,6143
832,2270
832,12888
833,1292
833,9692
834,10
834,21632
835,23138
836,2143
836,10313
836,17415
837,4098
837,7286
838,8013
838,20421
840,20737
840,22765
842,2570
842,20987
843,2855
843,16252
844,18708
844,23177
845,2509
845,6438
846,6434
846,22806
847,3893
847,13631
848,1701
848,4616
849,3637
849,4527
849,23055
850,2605
850,17214
851,18973
851,23971
852,6566
852,13000
853,9872
853,12841
854,21010
855,12554
855,22590
856,5319
856,7970
857,16697
857,17908
858,8313
858,19906
859,23302
860,6622
861,2885
861,12514
863,1303
863,12015
864,21343
865,12812
865,14413
866,1536
866,6781
867,24011
868,877
868,21132
869,5372
869,15642
871,11055
871,22165
872,23746
873,3308
873,3478
876,16782
876,20183
877,59
877,21467
878,14255
878,19842
879,23695
879,24356
880,2634
880,6697
881,13631
881,23239
882,10338
882,18484
883,13888
883,17252
886,16840
886,18771
887,6832
887,19893
888,10801
888,14993
889,6363
889,15106
890,2990
890,3274
891,6270
891,18473
891,19960
894,7656
894,17707
895,9504
896,14630
896,20455
897,20703
897,22451
898,4898
898,20625
899,5093
899,5876
900,1520
900,11069
901,11011
902,434
902,9389
902,20296
903,16174
904,11846
905,19017
905,22551
908,10137
908,15933
909,2570
909,17415
910,2255
910,6120
910,6708
912,17720
912,22585
913,1801
913,4420
914,20294
914,23144
915,7052
915,21010
919,4833
919,13634
922,8092
922,14570
922,16248
922,21127
923,8031
923,16174
924,10948
924,13525
925,9589
925,9619
926,132
926,18051
927,11762
927,17734
928,10394
931,17041
932,4422
932,5659
933,16360
933,23302
935,1505
935,6742
937,268
937,21127
939,3199
939,3958
940,199
940,24337
942,4540
942,9030
944,3091
944,11997
945,23403
945,24253
947,3979
947,22766
949,1634
949,17001
951,442
951,1739
951,19836
952,5703
953,9210
953,21749
954,3527
954,10458
956,4196
956,24622
957,10921
957,11307
958,4472
958,16252
959,23322
959,23662
960,5404
960,6887
960,17597
960,18974
960,23597
961,22306
961,22921
963,5679
963,12870
966,8343
966,16772
967,48
967,21781
968,6517
968,13659
968,15954
968,16285
968,17577
968,21356
968,23127
969,17105
970,2703
970,14474
973,11595
973,14096
974,8980
975,20187
979,5804
979,12457
980,15965
982,11479
982,16493
983,5334
984,688
984,1873
984,3734
984,5627
985,10223
985,10977
986,14296
986,22288
987,4830
989,5159
989,17665
990,18891
990,20402
991,2181
991,23961
995,12958
995,16993
996,16001
996,16369
996,21435
997,24
997,8916
997,10993
997,11085
998,6714
998,10740
999,4956
999,16894
999,20296
1000,12525
1000,17980
1003,5772
1003,7616
1003,16644
1005,434
1005,3958
1005,19493
1006,3432
1006,6996
1006,16262
1008,24005
1008,24203
1010,17722
1010,22217
1010,22248
1014,7944
1014,10340
1014,20180
1016,3459
1016,3997
1017,7427
1017,11156
1017,21702
1021,4006
1021,7626
1021,9628
1022,3914
1022,19990
1023,10879
1023,13525
1023,22497
1025,10659
1025,23320
1026,16858
1028,4475
1028,17434
1028,18421
1029,3952
1029,5495
1029,7286
1029,7714
1029,9835
1030,1873
1030,14989
1030,22685
1031,12298
1031,23178
1032,10418
1032,15278
1034,17289
1035,8390
1035,8689
1035,22497
1036,12977
1036,24196
1038,4181
1038,13404
1042,1541
1042,20861
1044,13874
1044,15742
1044,20423
1045,6615
1045,10223
1045,22497
1048,7385
1048,8745
1049,12198
1049,18749
1049,19782
1051,10070
1051,10654
1051,11012
1053,10398
1053,17939
1053,23174
1054,3938
1054,8623
1055,17106
1055,19190
1057,1801
1057,6798
1057,19568
1058,8404
1058,20914
1058,24289
1061,3439
1061,16233
1063,17446
1063,21003
1063,22806
1064,11134
1066,6136
1066,23961
1067,23858
1068,199
1068,7222
1070,295
1070,3439
1070,15251
1071,9611
1071,10427
1071,21545
1072,10686
1072,16215
1072,19408
1073,778
1073,11992
1073,21890
1073,24292
1076,2668
1076,4157
1076,13095
1077,8779
1077,15585
1077,20089
1077,20428
1077,24262
1079,7200
1079,20170
1079,20987
1083,1105
1083,9743
1083,15088
1084,7592
1084,16997
1086,3272
1086,15957
1086,17649
1088,14357
1088,20671
1088,23206
1089,6710
1089,16192
1089,23702
1091,12565
1091,13407
1091,18887
1092,804
1092,20859
1093,8161
1093,12512
1093,20423
1094,2413
1094,4416
1094,11871
1095,4280
1095,16488
1095,24355
1096,3668
1096,9824
1096,11160
1098,15857
1098,22972
1099,2880
1099,4181
1099,17737
1099,18780
1102,6714
1102,7710
1102,18588
1105,5833
1105,7004
1105,7374
1105,22063
1105,23138
1105,24181
1106,3962
1106,6996
1106,12198
1106,21133
1106,21343
1108,7273
1108,12141
1108,15987
1109,1873
1109,19073
1109,19752
1112,3386
1112,7223
1112,13547
1112,16488
1115,6135
1115,6143
1115,12514
1119,3229
1119,4093
1120,3447
1120,9979
1120,16160
1120,17440
1120,22361
1121,5443
1121,7276
1121,20628
1123,6638
1123,19697
1123,19848
1124,300
1124,16861
1125,9998
1125,11535
1125,23722
1126,1218
1126,8220
1126,21004
1127,7561
1127,9551
1127,21460
1129,8992
1129,19259
1129,20502
1130,9628
1130,11853
1130,17084
1131,7698
1131,13874
1131,18664
1132,2522
1132,19911
1134,5628
1134,10707
1134,20509
1135,7140
1135,13448
1136,3210
1136,16683
1137,199
1137,2288
1137,10081
1137,20135
1138,3352
1138,6221
1138,20612
1139,8404
1139,17722
1139,23713
1140,14075
1140,15448
1142,7643
1142,13335
1142,23100
1145,4359
1145,16599
1145,18051
1146,2886
1146,14660
1146,20180
1147,2394
1147,2551
1147,20823
1148,6120
1148,11762
1148,19138
1149,4472
1149,7222
1149,21312
1149,22806
1150,6180
1150,9468
1150,10047
1151,17972
1151,18537
1151,24783
1152,12512
1152,19259
1153,7567
1153,14337
1153,16360
1154,11011
1154,17737
1154,19568
1155,514
1155,12350
1155,18603
1156,3234
1156,11982
1156,18779
1157,1808
1157,21781
1158,1631
1158,19488
1158,20135
1159,13370
1159,24173
1160,1488
1161,2476
1161,6798
1161,19208
1162,6148
1162,6167
1162,12310
1163,3637
1163,5390
1163,14332
1164,13037
1164,14589
1164,20950
1165,4280
1165,10672
1165,19682
1167,8161
1167,17229
1167,19568
1168,7879
1168,23150
1169,887
1169,9504
1169,21010
1170,4658
1170,14332
1170,23322
1171,3747
1171,18093
1171,20266
1172,3976
1172,19860
1172,19960
1173,11692
1173,14251
1173,18230
1174,1701
1174,4157
1174,4645
1174,10443
1174,11328
1175,3199
1175,10340
1175,16571
1176,12514
1176,16599
1176,18083
1177,298
1177,8008
1178,13064
1178,19208
1179,6581
1179,20914
1181,2175
1181,3386
1181,4499
1182,9825
1182,17421
1182,18470
1185,10659
1185,12462
1185,21391
1186,759
1186,16133
1189,1781
1189,7498
1189,11130
1190,4932
1190,15965
1190,22336
1191,5152
1191,14776
1191,22297
1192,16141
1192,23710
1192,23713
1193,23529
1194,4068
1194,7242
1197,6167
1197,14130
1197,18537
1198,6
1198,833
1198,23468
1199,10867
1199,22932
1200,9248
1200,11367
1200,15742
1201,434
1201,3349
1201,4897
1202,7488
1202,8213
1202,14730
1203,164
1203,12977
1203,16252
1205,1506
1205,1631
1205,10331
1205,11095
1206,7713
1206,10070
1206,18588
1209,18715
1209,18896
1209,24798
1210,2570
1210,4897
1210,10995
1210,16694
1211,3898
1211,16174
1212,2242
1212,9831
1212,20990
1215,8980
1215,11730
1215,23453
1216,6606
1216,24087
1218,13824
1218,21295
1218,24005
1219,10872
1219,20183
1219,22235
1220,2848
1220,6555
1220,23329
1221,15076
1221,23967
1221,24235
1222,15254
1222,18144
1222,18654
1222,21988
1224,13000
1224,13476
1224,14062
1225,8905
1225,9289
1225,19075
1227,6375
1227,11272
1227,15786
1228,1766
1228,19927
1228,23056
1231,4235
1231,15907
1231,16866
1233,7546
1233,19413
1233,22313
1234,505
1234,17375
1234,23969
1235,585
1235,4472
1235,7944
1235,12955
1236,12510
1236,16282
1236,16578
1237,3448
1237,4885
1237,17375
1238,6180
1238,8655
1238,16039
1238,18715
1239,12007
1239,13198
1239,18669
1240,8038
1240,9387
1241,3386
1241,10681
1241,11762
1241,16571
1241,17034
1241,18755
1242,2662
1242,4956
1242,23403
1243,2420
1243,8685
1243,17325
1244,5093
1244,14058
1244,19438
1245,9462
1245,22752
1247,5125
1247,9472
1247,20532
1248,1479
1248,13252
1248,22661
1249,13601
1249,16561
1249,18068
1249,24811
1250,10659
1250,17415
1250,23055
1251,12396
1251,15495
1253,11333
1253,11717
1253,13305
1253,19074
1254,4527
1254,8916
1254,13259
1254,15841
1256,13063
1256,14948
1256,20183
1256,20603
1257,4956
1257,11843
1257,20987
1258,2734
1258,4420
1258,15128
1260,22220
1260,22309
1260,23474
1261,24
1261,3439
1261,6081
1261,9389
1261,22108
1262,2361
1262,10847
1264,17997
1265,13974
1265,23201
1265,23961
1266,2526
1266,16531
1267,6708
1268,2880
1268,9446
1268,13631
1268,17415
1270,4897
1270,7917
1270,13095
1270,13520
1270,19513
1271,1762
1271,13072
1271,15869
1272,1035
1272,4898
1272,13259
1273,199
1273,10047
1273,15742
1274,10689
1274,18671
1274,22455
1275,2855
1275,14813
1276,12844
1276,21764
1277,15569
1277,17352
1277,19738
1277,22091
1278,2017
1278,6219
1278,6838
1279,13043
1279,15841
1279,16395
1280,4617
1280,7546
1280,9162
1280,16811
1281,10198
1281,21354
1281,24601
1282,6775
1282,9989
1282,20532
1282,21957
1284,11931
1284,21681
1284,21781
1285,2085
1285,18365
1285,18964
1286,2941
1286,10457
1286,20729
1287,9377
1287,15412
1289,10158
1290,7976
1291,10307
1291,16177
1291,17722
1292,6615
1292,6781
1292,19499
1293,3465
1293,22440
1293,24597
1294,1050
1294,11692
1294,19682
1295,2711
1295,13625
1295,16721
1297,6441
1297,12141
1297,16652
1297,24798
1299,434
1299,20729
1299,23695
1303,322
1303,5918
1303,15540
1306,11746
1306,17202
1306,19208
1308,10704
1308,12344
1308,14065
1309,177
1309,4810
1309,9387
1310,1661
1310,3272
1310,8992
1310,9505
1310,9602
1310,18779
1312,1584
1312,6714
1312,10878
1313,5804
1313,7656
1313,19860
1314,10789
1314,10805
1314,11869
1315,9792
1315,16061
1315,20904
1315,24328
1316,8084
1316,8099
1316,8818
1316,18891
1316,19499
1321,1642
1321,10798
1321,10821
1325,2242
1325,12381
1325,13260
1325,20387
1326,7391
1326,15213
1326,19450
1326,23858
1328,1765
1328,15948
1328,16962
1329,8871
1329,9560
1329,9399
1331,10977
1331,11329
1331,17415
1333,7959
1333,23765
1333,24000
1334,503
1334,14607
1334,16721
1334,20737
1335,2037
1335,5768
1335,6855
1335,11161
1336,503
1336,706
1336,7053
1338,4181
1338,6473
1338,6798
1338,10686
1338,15857
1338,17446
1338,21453
1340,9454
1340,18995
1340,24600
1341,6971
1341,7288
1341,11095
1343,4885
1343,18910
1343,23682
1346,1534
1346,14168
1348,4824
1348,13199
1348,19671
1348,23876
1349,6174
1349,7349
1349,7546
1351,9130
1351,9855
1351,12190
1352,10788
1352,12572
1352,21433
1353,8043
1353,11235
1353,14312
1355,23150
1356,5278
1356,8905
1356,11569
1356,19474
1357,9289
1357,18460
1357,18812
1360,5876
1360,12977
1360,15076
1360,22035
1361,4228
1361,15154
1361,21178
1362,12645
1362,13245
1363,7338
1363,10988
1363,20882
1365,4699
1365,17650
1366,3637
1366,6581
1366,14989
1367,9117
1367,9803
1367,12189
1370,3003
1370,19782
1370,20852
1371,3107
1371,3976
1371,12138
1371,16991
1372,4106
1372,4204
1372,14999
1373,2040
1373,13729
1373,18007
1376,7877
1376,15142
1376,15477
1377,8390
1377,11866
1377,12005
1377,13198
1377,18535
1378,24841
1378,10827
1379,2848
1379,20410
1379,20518
1380,4946
1380,8442
1380,21797
1381,1792
1381,6600
1381,17997
1382,1735
1382,23944
1382,23954
1384,10647
1384,19036
1384,21317
1384,21517
1384,22402
1384,23441
1385,8213
1385,15965
1385,24253
1386,2242
1386,4306
1386,22038
1387,13517
1387,16395
1387,19253
1388,6631
1388,15394
1388,23549
1389,11778
1389,17697
1389,20562
1392,6953
1392,7466
1392,23776
1393,9378
1393,16104
1393,17252
1393,17586
1396,2992
1396,10867
1396,11222
1396,11730
1396,15076
1396,19009
1397,1661
1397,6689
1397,11479
1399,5427
1399,6442
1399,11459
1400,16321
1400,19893
1400,20813
1400,20859
1401,1536
1401,4339
1401,8476
1402,3782
1402,4002
1402,13810
1403,10704
1403,12292
1403,15024
1404,4359
1404,10867
1405,688
1405,1873
1405,3734
1405,5627
1406,1006
1406,7546
1406,10628
1406,21354
1407,11075
1407,18724
1407,23020
1408,2570
1408,11011
1408,12627
1409,1721
1409,6522
1409,6832
1409,18272
1410,3668
1410,6103
1410,9468
1412,10458
1412,14605
1412,15803
1413,12977
1413,17649
1414,4897
1414,14730
1414,16993
1414,18473
1414,20987
1415,13918
1415,14184
1416,9377
1416,24640
1416,24598
1417,9181
1417,18842
1417,21558
1418,13263
1418,13297
1418,20186
1419,139
1419,11607
1421,107
1421,6304
1421,13419
1421,20183
1422,7299
1422,10654
1422,21948
1423,22209
1423,24169
1424,3386
1424,5227
1424,9253
1424,11182
1426,7616
1426,9446
1426,18136
1427,22147
1427,24081
1428,805
1428,4471
1428,4555
1428,4788
1428,7408
1428,8052
1428,8391
1428,8494
1428,15603
1428,19846
1428,23897
1428,23946
1431,5289
1431,14660
1431,19932
1432,1486
1432,2175
1432,11894
1432,15763
1432,16800
1432,17354
1432,20747
1432,22765
1432,22899
1432,23668
1434,15761
1434,22096
1434,23451
1435,1194
1435,1776
1435,6872
1435,21681
1436,4724
1436,10070
1436,14230
1439,14683
1439,17446
1439,17545
1440,11965
1440,18018
1440,19694
1441,13065
1441,19893
1441,20170
1442,4079
1442,21231
1442,22984
1443,7463
1443,8868
1443,17687
1443,18974
1444,24835
1444,4289
1444,10155
1444,19637
1445,1017
1445,5913
1445,16046
1447,3530
1447,7427
1447,23883
1448,15167
1448,21453
1448,24325
1450,9239
1450,15762
1450,21545
1453,4026
1453,10323
1453,11607
1453,12059
1453,20048
1454,298
1454,17165
1455,2847
1455,8623
1455,21235
1456,916
1456,18051
1456,20914
1457,17287
1458,1873
1458,11866
1458,20859
1458,24262
1459,12858
1459,19408
1459,24169
1460,4540
1460,5523
1460,10628
1460,24356
1462,6143
1462,21577
1462,22217
1463,4328
1463,4956
1463,8575
1464,6842
1464,9411
1465,7308
1465,9698
1465,10279
1466,8585
1466,15059
1466,18898
1466,19125
1467,8980
1467,16683
1467,20183
1468,5125
1471,12955
1471,21295
1471,21503
1472,2197
1472,18357
1472,24489
1473,6335
1473,14673
1473,17465
1473,19544
1474,3432
1474,18567
1475,2638
1475,6581
1475,6829
1476,804
1476,3455
1476,12138
1476,19153
1477,14343
1477,15841
1477,21133
1477,21295
1478,8575
1478,14815
1478,15448
1480,4658
1480,6622
1480,20508
1480,21354
1481,6270
1481,19625
1481,21017
1483,6148
1483,7586
1483,21003
1484,10000
1484,11441
1484,17117
1485,6450
1485,18483
1485,18664
1486,3021
1486,18715
1486,19080
1487,12198
1487,12958
1487,23746
1488,21028
1489,7299
1489,13404
1489,14062
1489,14130
1489,21343
1489,23177
1490,11768
1491,4837
1491,10052
1492,14436
1492,17354
1493,4831
1493,11974
1493,18512
1493,23684
1494,2880
1494,3976
1494,8404
1495,5624
1495,5716
1495,14989
1495,16800
1495,23715
1498,2699
1498,17536
1498,17756
1498,22538
1500,6167
1500,13095
1500,18415
1500,18715
1501,1715
1501,8702
1501,22668
1502,8360
1502,11692
1502,19499
1503,5386
1503,14978
1504,1377
1504,11194
1504,12013
1505,3201
1505,3938
1505,4691
1506,11002
1506,15841
1506,16447
1508,1536
1508,4844
1508,14626
1509,11099
1509,11479
1509,20023
1510,621
1510,6920
1511,19208
1512,5125
1512,6044
1512,6689
1512,20771
1513,1631
1513,4173
1513,19796
1515,16493
1515,20181
1515,20297
1517,4103
1517,10673
1517,17734
1518,4328
1518,9212
1518,22336
1520,1801
1520,6689
1520,8300
1520,18083
1521,14130
1523,13284
1523,13286
1524,3003
1524,6778
1524,24235
1525,7431
1525,11430
1525,22128
1527,14143
1527,15144
1527,15706
1529,14449
1533,1415
1533,3631
1533,9806
1535,3210
1535,9253
1535,10962
1535,22313
1536,10320
1536,18812
1536,20643
1538,4645
1538,5424
1538,9338
1539,23635
1540,3938
1540,7616
1540,23403
1541,2662
1541,17649
1541,21343
1543,2984
1543,15087
1543,21729
1545,8992
1545,19009
1545,20181
1546,6529
1546,15681
1546,20764
1546,22413
1547,5227
1547,17105
1547,22063
1548,2734
1548,2880
1548,11819
1548,14107
1550,6368
1550,18613
1550,20950
1551,525
1551,15585
1551,24289
1552,6714
1552,11025
1552,15912
1553,10800
1553,16937
1553,17013
1553,17385
1554,2884
1554,8476
1554,18910
1555,22503
1559,11187
1559,14486
1559,16488
1559,17264
1560,18499
1560,19267
1561,2884
1561,13309
1561,23302
1562,2858
1562,7185
1562,12386
1563,506
1563,2885
1563,7656
1565,4898
1565,21235
1565,23368
1566,4537
1566,17972
1569,1050
1569,6267
1569,7944
1569,10047
1569,13177
1570,4260
1570,7586
1570,8779
1570,16174
1571,458
1571,11085
1571,16683
1571,23129
1572,1488
1572,18535
1573,9284
1573,12552
1573,19003
1574,2605
1574,10988
1574,20423
1575,12457
1575,12462
1575,13631
1575,15278
1575,15495
1577,7828
1577,11714
1577,19988
1577,20225
1578,164
1578,1470
1578,12400
1580,3436
1580,4181
1580,4540
1581,3063
1581,9387
1581,22313
1582,12374
1582,18083
1582,19860
1583,24
1583,2570
1583,16682
1583,23715
1584,10654
1584,11100
1584,15125
1584,18460
1585,10340
1585,15353
1585,17890
1586,2795
1586,19995
1587,8704
1587,15116
1587,23423
1591,375
1591,17970
1592,15394
1592,15803
1593,1781
1593,6708
1593,16768
1594,525
1594,2638
1594,6041
1594,10977
1594,19208
1596,5867
1596,17783
1596,21589
1598,2338
1598,23486
1598,24548
1599,1957
1599,11685
1599,19675
1600,9628
1600,15957
1600,17371
1603,1194
1603,2175
1603,16565
1604,3212
1604,11555
1604,17922
1604,21851
1605,12182
1605,12958
1605,23478
1607,1077
1607,10137
1607,16039
1607,22323
1607,24199
1608,3954
1608,6426
1608,8550
1608,14920
1608,18543
1609,8300
1609,17415
1609,18588
1609,21066
1610,3477
1610,4370
1610,5588
1610,7427
1610,14333
1610,21235
1611,9953
1611,14485
1611,18506
1611,19707
1613,8066
1613,8550
1613,18543
1614,4006
1614,7626
1614,9628
1614,19413
1615,10980
1615,13744
1615,20912
1617,13824
1617,17791
1617,18715
1618,15708
1618,17309
1618,24817
1619,7576
1619,14851
1619,16846
1620,3294
1620,7744
1620,13982
1622,199
1622,6581
1622,20135
1622,21310
1623,6426
1623,8550
1623,14920
1629,1716
1629,3952
1629,18182
1631,4127
1631,16447
1631,18491
1633,5085
1633,11819
1633,13225
1633,24157
1634,14605
1634,16457
1635,10127
1635,16999
1635,21282
1635,23541
1636,11429
1636,23373
1638,23129
1639,8360
1639,16301
1639,19690
1640,10313
1640,17375
1642,10718
1642,13438
1644,6304
1644,20410
1645,4675
1645,5378
1645,7907
1645,13118
1648,1471
1648,2143
1648,20987
1651,18499
1651,23938
1651,24821
1654,2638
1654,18588
1654,21932
1654,23967
1655,18812
1655,24262
1656,1781
1656,8038
1656,9070
1659,16391
1659,18196
1659,18540
1661,13520
1662,11846
1662,11866
1662,15585
1663,6167
1663,23746
1664,280
1664,10464
1664,14668
1664,21708
1666,7123
1666,23696
1666,24859
1667,8926
1667,8841
1667,9826
1667,24030
1668,10254
1668,16488
1668,21133
1668,24005
1669,11329
1669,13000
1669,23368
1670,4699
1670,4897
1670,13253
1671,1536
1671,7525
1671,13520
1673,14099
1673,18083
1673,18812
1674,2570
1674,19641
1675,5703
1675,20325
1676,8390
1676,9239
1676,17649
1676,18535
1677,5679
1677,6375
1677,16729
1679,8092
1679,14570
1679,16248
1679,17842
1679,21127
1680,9785
1680,15896
1680,23322
1681,6164
1681,13338
1681,14305
1683,6544
1683,20433
1683,21391
1684,5125
1684,12376
1687,12027
1687,13507
1687,24497
1689,12462
1689,15061
1689,17229
1690,6441
1690,13476
1690,20703
1691,2153
1691,6622
1691,11871
1692,3091
1692,4006
1692,21533
1694,1701
1694,3893
1694,9502
1694,11465
1695,394
1695,6343
1695,8611
1697,2880
1697,6143
1697,7156
1697,10672
1698,6963
1698,7140
1699,4856
1699,19669
1699,24106
1700,1050
1700,3448
1700,16262
1700,17729
1701,5950
1701,24491
1702,12339
1703,5750
1703,17908
1703,23423
1705,5624
1705,5716
1705,16800
1705,23715
1707,14058
1707,23055
1708,7200
1708,7656
1708,19128
1708,23129
1709,17997
1709,20916
1709,21343
1711,10995
1711,12400
1711,15841
1712,8694
1712,18613
1712,21708
1715,4658
1715,5227
1715,6148
1720,4724
1720,10313
1720,11085
1722,1182
1722,2638
1722,10000
1722,19499
1723,3632
1723,8779
1723,19752
1723,20180
1724,12514
1724,18664
1724,19259
1725,11960
1725,14605
1725,19488
1729,9824
1729,15593
1729,15823
1731,5679
1731,7200
1731,23144
1732,2149
1732,7546
1732,16064
1734,1486
1734,10740
1734,12515
1735,5625
1735,17426
1736,7140
1736,19970
1736,23321
1737,537
1737,12566
1737,20334
1738,9505
1738,12955
1738,19997
1738,21733
1738,24242
1740,8905
1740,9785
1740,14497
1741,8213
1741,10453
1741,17440
1742,3564
1742,24106
1743,3938
1743,20266
1743,23366
1745,7286
1745,8311
1745,8839
1746,3107
1746,7338
1746,18535
1747,23087
1747,23851
1749,3637
1749,6714
1749,17105
1751,8855
1751,12296
1751,15731
1751,23015
1753,322
1753,12013
1753,19449
1755,477
1755,14642
1755,16850
1756,11441
1756,11686
1756,12977
1758,12310
1758,15727
1758,17904
1758,18567
1760,9255
1760,10948
1760,15167
1760,15394
1760,18755
1761,21932
1761,23277
1762,6143
1762,7299
1762,10223
1763,1671
1763,5386
1769,5443
1769,20628
1772,1107
1772,4297
1772,10502
1775,3192
1775,11012
1775,22257
1777,6817
1777,11910
1777,11912
1778,4932
1778,12376
1778,23961
1779,2769
1779,16230
1779,18083
1781,10070
1781,11328
1781,22288
1782,2638
1782,4569
1782,23967
1783,8619
1783,16127
1783,19625
1785,4527
1785,11871
1785,15887
1786,4844
1786,12007
1786,15353
1788,14958
1791,3976
1791,4280
1791,23322
1794,8436
1796,3530
1796,15325
1796,15896
1796,21612
1797,1584
1797,13631
1797,19967
1798,3201
1798,10545
1798,11419
1799,8357
1799,10346
1799,11435
1799,19488
1799,20703
1800,1272
1800,3540
1800,8967
1800,9835
1800,18703
1801,8091
1801,8905
1802,804
1802,13631
1802,23239
1804,7525
1804,12526
1806,2143
1806,12005
1806,13448
1807,9284
1807,20235
1807,24262
1808,4844
1808,13198
1808,22215
1809,4527
1809,22287
1809,24235
1810,10353
1810,13627
1810,14013
1810,20251
1811,5614
1811,5650
1811,13918
1812,688
1812,17058
1812,21302
1816,10867
1816,11907
1816,13547
1817,4042
1817,9387
1817,10989
1820,3349
1820,3439
1820,24253
1821,3937
1821,8853
1822,11367
1822,13736
1822,22436
1823,9460
1823,14427
1823,23457
1824,4897
1824,5250
1824,20297
1824,21890
1825,2668
1825,8992
1825,21577
1828,16476
1828,17253
1828,17254
1831,22624
1831,22669
1831,24587
1832,3272
1832,8031
1832,11435
1832,12462
1832,16174
1833,17707
1833,19138
1833,24662
1835,1810
1835,7051
1835,13392
1839,11682
1839,12779
1840,7681
1840,21024
1842,6148
1842,14473
1843,298
1843,3492
1843,11479
1843,12400
1843,21781
1843,24292
1844,2855
1846,18484
1846,20950
1846,23177
1847,10161
1847,10453
1847,15841
1847,23302
1849,21875
1849,22624
1849,22658
1850,3386
1850,9446
1850,13064
1850,20429
1851,2964
1851,5459
1851,21212
1852,6552
1853,434
1853,11815
1854,5866
1854,6228
1854,23055
1856,12679
1856,17226
1856,19893
1857,1701
1857,3609
1857,12518
1858,7658
1858,13949
1858,19625
1858,21003
1859,14044
1859,15841
1859,17649
1859,19108
1860,5310
1860,7391
1862,4391
1862,17747
1862,18015
1863,5293
1863,7200
1863,22206
1865,22148
1867,20475
1867,20712
1867,21282
1868,5408
1868,6304
1868,15919
1868,19527
1868,20489
1869,3816
1869,10829
1869,23972
1870,12687
1870,13113
1870,15618
1870,22547
1871,5669
1871,11700
1871,20158
1872,5973
1872,16248
1872,21453
1874,7540
1874,12731
1874,17440
1877,5560
1877,6495
1877,11272
1877,15274
1877,23456
1877,24769
1879,11931
1879,21249
1879,23794
1880,24
1880,2605
1880,3876
1881,4269
1881,4328
1881,23978
1882,8161
1882,12007
1882,19782
1882,20410
1883,4885
1883,6132
1883,20294
1887,9979
1887,10955
1887,19433
1889,13533
1889,24173
1890,6268
1890,12190
1890,16248
1892,4370
1892,13547
1893,6304
1893,11668
1893,15278
1896,13746
1896,15588
1896,18144
1897,17165
1897,18347
1897,21774
1899,8084
1899,8099
1899,17890
1900,944
1900,1192
1900,16792
1901,418
1901,2217
1901,22714
1903,4181
1903,19009
1903,22402
1906,1505
1906,2734
1907,4410
1907,14883
1907,19858
1907,24237
1909,4359
1910,1536
1910,8916
1910,12374
1911,11905
1911,13631
1911,18812
1912,1635
1912,8920
1912,9917
1914,4383
1914,21391
1914,23514
1917,21706
1917,24126
1918,13095
1918,15448
1918,16782
1921,1479
1921,1833
1921,23456
1926,12953
1926,17985
1926,21840
1927,6418
1927,12514
1928,525
1928,16230
1928,23423
1929,8220
1929,20331
1930,6570
1931,1855
1931,5059
1932,11756
1933,6615
1933,10681
1933,12374
1933,14546
1933,15857
1933,17649
1934,9990
1934,11479
1934,11843
1935,1536
1935,19860
1935,20180
1935,24253
1936,14331
1936,14608
1938,13573
1938,16669
1938,22610
1939,11971
1940,8626
1940,11381
1940,19413
1942,4658
1942,11935
1942,12198
1942,16683
1943,2880
1943,6167
1943,10729
1943,14921
1945,1255
1945,3899
1945,5921
1945,21505
1946,9387
1946,11686
1946,19723
1948,2885
1948,4721
1952,9692
1954,1730
1954,11075
1954,16745
1955,9029
1955,11156
1955,19690
1955,20073
1956,8583
1956,13238
1956,17299
1959,14062
1959,15495
1959,23478
1960,2436
1960,5679
1960,11992
1962,11011
1962,19960
1962,22108
1962,22497
1963,7049
1963,16220
1963,23570
1964,10313
1964,17214
1964,20296
1970,4754
1970,10300
1970,21967
1972,18842
1972,21017
1972,23052
1972,24025
1973,11831
1973,19183
1973,20457
1974,2570
1974,3965
1974,4527
1974,10345
1975,4812
1975,10626
1975,21127
1976,394
1976,4472
1976,11002
1978,6180
1978,6212
1978,10443
1978,12198
1980,24834
1980,3801
1980,21004
1982,3632
1982,14099
1982,18083
1983,5386
1983,19893
1983,20950
1985,4721
1985,11479
1985,21343
1987,10453
1987,13392
1987,19797
1988,3893
1988,5529
1988,14261
1990,3755
1990,5335
1990,6403
1990,7159
1990,8279
1990,8577
1990,10139
1990,11154
1990,17529
1990,20793
1991,12374
1994,7714
1994,11075
1994,11447
1995,10751
1995,17264
1997,5081
1997,9446
1997,10659
1997,20987
1999,23601
2000,16777
2000,23322
2001,19259
2001,20859
2001,24360
2002,4898
2002,9504
2002,19860
2004,11866
2004,12523
2004,13000
2005,4407
2005,14062
2005,14449
2007,19009
2007,22497
2008,3101
2008,11025
2008,11848
2009,14235
2009,15801
2009,20171
2011,7765
2011,8220
2011,10707
2013,6268
2013,12627
2013,18051
2013,21312
2014,3862
2014,4740
2014,10921
2014,20321
2016,1536
2016,1801
2016,4897
2016,20508
2017,10458
2017,23138
2018,17553
2018,20469
2018,21080
2019,5204
2019,21019
2020,2242
2020,8311
2020,11498
2021,2221
2021,7573
2023,16674
2023,20636
2024,23698
2024,24480
2024,24769
2027,4844
2027,12374
2027,12457
2027,17707
2030,1479
2030,22668
2030,24769
2031,2641
2031,10313
2031,11447
2033,3832
2033,13350
2033,15964
2037,6413
2037,11194
2037,13714
2037,18664
2037,20737
2037,24203
2041,9379
2041,13879
2041,17056
2041,22795
2041,23622
2042,3107
2042,8404
2042,12457
2043,1584
2043,2847
2043,3938
2043,18588
2044,4830
2044,9389
2044,17415
2045,11730
2045,12958
2045,13476
2046,6143
2046,8623
2046,17226
2047,7140
2047,10872
2047,13604
2047,17001
2047,21781
2048,11329
2048,12374
2048,16599
2049,199
2049,4848
2049,18974
2049,23695
2050,3938
2050,12955
2050,14332
2051,2568
2051,10704
2051,14763
2052,6441
2052,22038
2053,5227
2053,9325
2054,2456
2054,2638
2054,2977
2054,6615
2054,20180
2054,22912
2055,1339
2055,4204
2055,13566
2056,7299
2056,8476
2056,18786
2058,13404
2058,13874
2058,17446
2059,1661
2059,9568
2059,14290
2060,13316
2060,13839
2060,15902
2060,18506
2061,8174
2061,11843
2061,21235
2062,6143
2062,21235
2062,23478
2063,6441
2063,17649
2063,21343
2064,434
2064,11075
2064,12138
2064,15120
2066,6031
2066,9603
2066,16782
2067,349
2067,24590
2068,20019
2068,20237
2068,20987
2069,8694
2069,10995
2069,24257
2070,8038
2072,8055
2072,8928
2072,10795
2073,7525
2073,14130
2077,534
2077,9628
2077,17904
2077,19193
2078,2102
2078,22050
2079,2917
2079,21760
2085,4513
2085,22217
2085,22765
2088,1173
2088,5227
2088,5720
2088,6631
2088,6950
2088,7710
2088,16538
2088,17347
2088,20180
2088,20210
2092,15282
2092,16673
2095,2482
2095,7181
2095,14988
2098,2364
2098,9381
2098,17362
2098,24653
2099,10382
2099,20410
2102,1598
2102,13660
2103,6041
2103,6180
2103,10010
2105,390
2105,1910
2105,5407
2105,9716
2105,15957
2105,17572
2105,17600
2105,17804
2105,18197
2105,21973
2106,7586
2106,13441
2106,24253
2107,14587
2109,19037
2109,23452
2110,3199
2110,11333
2110,13863
2112,1692
2112,11545
2112,19288
2114,1689
2114,4693
2114,5651
2114,7582
2114,10872
2115,1194
2115,11686
2115,15526
2116,6368
2116,13177
2116,19499
2117,736
2117,3455
2117,5009
2117,12510
2117,23709
2120,9101
2120,9475
2120,12910
2121,461
2121,10457
2121,23542
2123,2311
2123,22049
2125,4540
2125,11160
2126,4693
2126,13573
2126,22298
2126,23670
2127,4537
2127,13234
2127,23403
2129,7306
2129,10493
2129,19163
2130,590
2130,10612
2130,15002
2131,6622
2131,11843
2131,23715
2131,23967
2132,7200
2132,8476
2132,10041
2136,298
2136,5386
2136,13198
2137,3102
2137,3392
2137,16359
2137,23961
2138,3849
2138,13664
2138,14630
2142,8220
2142,10320
2142,17687
2143,3448
2143,13467
2143,21417
2144,3211
2144,12572
2144,20987
2146,618
2146,5218
2146,10398
2148,11435
2148,20882
2148,23752
2149,8992
2149,16491
2150,1315
2150,2719
2150,4934
2150,21588
2151,887
2151,7427
2151,7616
2151,11435
2151,13378
2151,13419
2154,13550
2154,16999
2154,23558
2155,4306
2155,24235
2156,4833
2156,13634
2157,804
2157,1661
2157,18779
2159,5749
2159,17649
2159,21813
2159,21890
2162,19797
2162,21010
2162,24309
2163,6213
2163,11316
2163,12075
2163,16426
2163,21066
2164,2175
2164,2734
2164,24783
2167,9545
2167,11285
2167,17187
2168,3654
2168,3958
2168,5390
2169,883
2169,19413
2171,7516
2171,22595
2172,4041
2172,15720
2174,10827
2174,15691
2181,7174
2181,11362
2181,21276
2183,6581
2183,11381
2184,19411
2184,21663
2184,22209
2184,24107
2185,4212
2185,19967
2186,16252
2186,19009
2186,22336
2189,48
2189,1808
2190,7051
2190,22193
2191,2511
2191,5283
2191,18276
2192,5750
2192,20296
2192,23695
2195,11373
2195,16532
2195,20737
2197,4912
2197,17197
2197,21553
2198,3677
2198,10707
2198,12343
2201,1050
2201,2175
2204,1781
2204,6463
2204,10740
2204,13238
2205,10231
2205,10313
2205,16046
2207,8326
2207,8476
2207,24196
2208,3958
2208,18083
2208,21343
2211,21463
2213,6679
2213,20245
2217,15955
2217,17446
2217,20914
2217,24152
2217,24798
2220,9628
2220,20987
2220,24262
2224,4956
2224,18144
2224,23712
2225,6441
2225,21010
2227,4042
2227,6963
2227,18657
2228,10485
2228,15987
2229,14449
2229,18535
2230,3130
2230,6950
2230,12141
2233,12195
2233,20183
2233,24235
2235,5386
2237,4513
2237,14730
2237,23746
2239,10511
2239,11011
2239,16894
2241,2886
2241,10511
2241,18289
2242,2999
2242,11272
2242,17415
2245,7656
2245,9212
2245,17707
2246,2935
2246,22782
2247,8175
2247,22148
2252,24137
2253,10102
2253,10170
2255,2638
2255,4420
2255,5897
2255,10161
2256,2213
2256,3326
2256,5905
2256,8845
2256,11216
2256,11405
2256,11440
2256,15118
2256,16977
2256,17794
2258,199
2258,3525
2258,4420
2261,778
2261,1091
2261,1105
2261,2956
2263,5372
2263,12283
2263,15698
2263,21027
2265,5065
2265,19860
2265,20643
2266,19259
2267,7140
2267,9239
2267,11871
2267,23896
2269,3550
2269,23628
2269,24247
2270,22408
2270,23758
2273,5160
2273,16408
2274,4292
2274,22674
2274,22794
2275,139
2275,1536
2275,3107
2277,3989
2277,5679
2277,8416
2277,13754
2278,7671
2278,8161
2278,9180
2278,13064
2278,20180
2279,4006
2279,8213
2279,17084
2279,19796
2282,4472
2282,13309
2282,16683
2286,6978
2286,8655
2286,10378
2289,7172
2289,17708
2289,18613
2291,4513
2291,20219
2291,21391
2293,1972
2293,9253
2293,9387
2295,3192
2295,4268
2295,14605
2295,16782
2297,16683
2297,18083
2297,21710
2297,24235
2299,2181
2299,11762
2299,21813
2300,17300
2300,23744
2301,17415
2303,23408
2305,11435
2305,20905
2305,21811
2309,5227
2309,23177
2309,23302
2310,3192
2310,15965
2310,16463
2311,2256
2311,7289
2311,12023
2311,14620
2311,18104
2311,20387
2314,7771
2314,17480
2314,20122
2316,11762
2317,1991
2317,10988
2317,11668
2319,4370
2319,9002
2319,9757
2319,11187
2319,16691
2320,11556
2320,13207
2320,15864
2321,3543
2321,7459
2321,12432
2321,14698
2323,5277
2323,5361
2323,14619
2326,5826
2326,8091
2326,11866
2328,14660
2328,15278
2328,22288
2330,385
2330,9788
2330,19393
2331,4658
2331,18588
2331,19488
2331,23967
2332,13527
2332,15562
2333,2880
2333,8779
2333,15495
2334,1781
2334,14996
2334,22915
2335,2181
2335,15034
2335,16846
2337,5043
2337,10373
2337,16729
2338,2846
2338,21669
2338,21764
2339,3520
2339,5378
2339,12443
2339,22386
2340,6368
2340,7656
2340,21235
2340,22284
2343,13807
2343,24415
2343,24480
2344,6270
2344,7008
2344,11692
2346,13259
2346,13824
2346,16644
2347,10453
2347,11194
2347,12198
2348,8400
2351,585
2351,7129
2352,7750
2352,23456
2352,24769
2353,2847
2353,12526
2354,654
2354,3668
2354,9468
2355,3292
2356,144
2356,3668
2356,11025
2357,10787
2357,17541
2357,20603
2358,8655
2358,10443
2358,19568
2358,20475
2359,11248
2359,11871
2359,21354
2361,9602
2361,16006
2361,17737
2361,21325
2363,15274
2363,17997
2364,6708
2364,20135
2365,8263
2365,15857
2365,23682
2366,1113
2366,23208
2367,7616
2367,20429
2368,9172
2368,13709
2368,13802
2370,2668
2370,10340
2371,12310
2371,12977
2371,19138
2374,17115
2374,22009
2374,22303
2376,7321
2376,8868
2376,17542
2377,3272
2377,4699
2377,19488
2379,3958
2379,18891
2379,22287
2381,7656
2381,20040
2383,6978
2383,16878
2383,19080
2384,9239
2384,16174
2385,4885
2385,17440
2385,19313
2386,10483
2386,13671
2386,24192
2387,3869
2387,13604
2387,21545
2391,5531
2391,19499
2391,19568
2394,2605
2394,3962
2394,6781
2395,15538
2396,582
2396,1094
2396,10686
2396,12987
2397,13249
2397,21602
2399,11011
2399,17415
2399,20235
2401,8550
2401,20390
2401,20790
2401,23758
2402,4157
2402,4724
2402,6932
2408,14062
2408,21720
2408,23368
2409,7546
2409,17046
2409,20987
2414,7222
2414,9289
2414,11866
2415,10578
2415,12491
2415,14616
2416,3085
2416,6932
2416,7544
2418,2941
2418,4259
2418,20005
2420,1407
2420,3479
2420,6635
2420,9030
2420,16211
2421,6459
2421,15841
2421,19782
2422,10576
2422,18051
2424,1801
2424,8916
2424,9468
2424,10223
2427,18483
2427,18886
2427,19085
2428,14839
2428,23971
2429,322
2429,2811
2429,11992
2429,16426
2430,6689
2430,15585
2430,23938
2431,11871
2432,918
2432,2857
2432,4410
2432,10443
2432,16644
2435,11498
2435,19138
2435,21312
2438,2461
2439,3091
2439,16426
2439,17972
2442,3958
2442,19208
2444,2153
2444,11187
2444,18910
2444,21252
2446,22175
2448,4102
2448,9328
2449,4306
2449,8583
2449,17775
2450,6919
2450,22215
2451,12514
2451,14044
2451,24360
2456,9289
2456,19137
2456,19568
2457,6203
2457,16352
2457,23354
2459,5918
2459,8404
2459,18715
2460,3637
2460,23423
2463,3083
2463,9639
2463,18255
2464,434
2464,16252
2464,19845
2465,1631
2465,11721
2465,20737
2467,11702
2467,17001
2467,24175
2468,24838
2468,13198
2468,17034
2469,13631
2469,18535
2469,22497
2470,3770
2470,14342
2470,24416
2472,9446
2472,14651
2472,20297
2473,4181
2473,7944
2473,11091
2474,13700
2474,17239
2474,20244
2475,15277
2475,21391
2475,23367
2477,916
2477,4898
2477,13404
2479,16918
2479,21734
2481,6622
2481,12908
2481,20502
2482,5227
2482,13824
2482,18347
2485,8802
2485,12522
2485,15362
2486,16985
2486,20181
2486,23746
2488,15460
2489,4721
2489,10681
2489,22313
2490,7656
2490,17649
2490,20703
2495,2072
2495,5816
2496,839
2496,12761
2497,3477
2497,16599
2497,23715
2498,2787
2498,6494
2498,7292
2498,8043
2499,1873
2499,3976
2500,9468
2500,16683
2500,17945
2500,18051
2501,3537
2501,14619
2505,8267
2505,11441
2505,24662
2509,10223
2509,10453
2509,14921
2510,3668
2510,18715
2510,19138
2512,1
2512,12310
2514,7885
2514,12572
2514,16347
2514,19960
2516,4844
2516,10977
2516,23969
2518,17649
2520,3199
2520,6473
2520,13198
2520,16249
2521,21139
2522,5973
2522,11935
2522,12195
2522,13744
2522,23177
2528,5443
2528,7276
2528,20628
2532,11479
2532,19782
2534,4235
2534,7288
2534,23729
2535,1194
2535,1631
2535,20737
2536,20508
2536,22806
2536,24327
2537,1050
2537,8404
2537,16174
2538,2880
2538,4956
2538,11692
2539,11778
2539,11866
2540,6143
2540,19845
2545,9073
2545,18001
2545,21594
2545,21606
2545,22914
2547,7363
2547,11545
2547,23277
2548,7769
2548,13481
2549,4181
2549,7944
2549,22038
2550,1801
2551,9239
2551,10223
2551,17001
2556,2999
2556,4617
2556,12376
2557,1664
2557,8455
2557,21902
2557,23129
2557,24303
2559,298
2559,10000
2559,17649
2562,1701
2562,8655
2562,18783
2563,4721
2563,6180
2563,21113
2564,16230
2564,17783
2564,23715
2565,2476
2565,6627
2565,10560
2565,12582
2565,23403
2566,3063
2566,9387
2566,22313
2567,11329
2567,23695
2568,17737
2568,19568
2568,23811
2569,5372
2569,12572
2570,5386
2570,7338
2570,15681
2572,8779
2572,9468
2572,19259
2573,3272
2573,11871
2573,13022
2574,9239
2574,21775
2575,10977
2575,13419
2575,15841
2575,21710
2576,4645
2576,4897
2576,19405
2577,3913
2577,13396
2577,17789
2579,7200
2579,12007
2579,16241
2579,21235
2580,3998
2580,6479
2581,2605
2581,13729
2581,16233
2581,16800
2581,16993
2583,939
2583,14570
2583,21709
2584,6174
2584,7662
2584,10729
2588,15590
2588,23584
2591,6167
2591,12198
2593,14730
2593,19413
2595,10340
2595,20612
2595,22019
2600,4034
2600,10026
2600,14843
2601,9079
2601,9337
2601,23703
2603,503
2603,11673
2606,2848
2606,12955
2606,21295
2608,6494
2608,10340
2608,12075
2609,7204
2609,15965
2609,17904
2610,6011
2612,14288
2612,16241
2612,19313
2615,1519
2615,4898
2615,7273
2617,11085
2617,22288
2620,8688
2620,21003
2620,21813
2621,4037
2621,10961
2621,13108
2625,3654
2626,9281
2626,21235
2626,23368
2628,6581
2628,7546
2628,24235
2629,16025
2629,20724
2630,9130
2630,24025
2631,4370
2631,10686
2631,11194
2632,7301
2632,17853
2632,18993
2633,17016
2633,19572
2634,10788
2634,13448
2634,22313
2635,20028
2635,21367
2638,147
2638,1006
2638,6708
2638,8085
2638,10989
2639,3439
2639,10628
2639,18910
2640,6742
2640,12514
2640,20987
2641,13689
2641,15756
2641,24075
2642,7674
2642,12443
2643,16897
2644,6689
2644,24235
2644,24798
2646,3228
2646,15145
2646,14889
2646,15899
2648,5456
2648,11928
2648,12376
2651,2941
2651,15128
2651,23670
2652,3632
2652,4235
2652,18910
2654,9885
2654,17454
2654,19362
2655,6538
2659,3448
2659,5860
2659,17446
2660,7267
2660,11454
2660,21070
2661,5642
2661,14161
2661,17446
2663,2693
2663,6268
2663,8855
2664,3632
2664,17165
2667,4897
2667,20859
2669,1354
2669,8891
2669,9317
2670,13064
2670,16252
2670,21113
2670,22926
2671,8826
2671,16782
2671,20181
2673,2181
2673,4887
2673,6653
2674,5299
2674,7149
2674,13041
2674,16655
2674,22857
2675,13754
2675,23138
2679,20916
2679,23178
2680,590
2680,8619
2680,15002
2681,19080
2681,23961
2683,1035
2683,4073
2683,14074
2685,24
2685,3632
2685,15585
2687,9518
2687,17707
2687,20627
2688,6473
2688,7917
2688,14570
2688,15495
2688,23447
2689,4844
2689,6148
2689,11498
2690,6660
2690,12694
2691,14004
2692,3898
2692,14697
2692,16039
2694,8038
2694,11907
2694,20931
2698,2926
2698,16226
2700,7619
2700,22611
2701,4390
2701,5068
2701,15350
2701,18664
2702,170
2702,214
2702,17080
2703,5859
2703,5925
2703,21577
2704,7149
2704,12141
2704,15034
2704,16426
2704,19996
2705,6103
2705,11762
2705,19690
2708,11730
2708,15742
2708,20170
2709,6978
2709,16864
2709,17775
2710,2839
2710,5421
2710,15163
2712,3988
2717,3958
2717,7944
2717,10977
2717,11441
2718,2605
2718,3448
2718,12190
2718,14989
2718,17415
2719,2881
2719,3199
2719,19128
2720,13320
2720,17299
2722,803
2722,1873
2722,20108
2722,24476
2723,5913
2723,11912
2723,20135
2725,14351
2725,16793
2725,21702
2728,7081
2728,18786
2730,4306
2730,11569
2730,21160
2731,3539
2731,4506
2731,15407
2734,24741
2736,1631
2736,19796
2737,8818
2737,14497
2739,6710
2739,10297
2739,13520
2740,6143
2740,9504
2740,15394
2742,14151
2742,19513
2742,21312
2743,64
2743,15116
2743,20929
2744,48
2744,1155
2744,11894
2747,7581
2747,13520
2747,13547
2747,16721
2750,1505
2750,13224
2750,14130
2751,6314
2751,14672
2751,16371
2754,4268
2754,13753
2754,20296
2756,10867
2756,17265
2756,23807
2757,1471
2757,9754
2759,5667
2759,14716
2760,11641
2760,14673
2760,21374
2761,6473
2761,19479
2761,21890
2762,11778
2762,16347
2762,22019
2763,5860
2763,6798
2763,7616
2764,3354
2764,14749
2764,15076
2765,16985
2765,23302
2765,24005
2766,5151
2766,16644
2766,22463
2767,8905
2767,19693
2768,2242
2768,5160
2768,13260
2768,20387
2769,8301
2769,18613
2769,23251
2770,20606
2771,585
2771,13810
2772,4415
2772,14605
2773,5627
2773,8267
2773,11086
2774,7299
2774,13824
2774,19952
2776,8022
2777,7222
2777,17229
2777,17945
2780,3448
2780,8268
2781,8660
2782,2242
2782,10788
2782,23322
2783,8220
2783,14058
2783,24292
2784,1678
2784,4975
2784,11091
2784,11158
2784,24785
2785,429
2787,15209
2787,18075
2787,19613
2787,20259
2787,22830
2789,7710
2789,8992
2789,9505
2789,9602
2789,18779
2791,5157
2791,5693
2793,1194
2793,17997
2793,21282
2794,10977
2794,11905
2794,23967
2798,6479
2798,12610
2799,12462
2799,14473
2799,21305
2801,8266
2801,11668
2801,14546
2801,16599
2801,24360
2802,9351
2802,13113
2802,15996
2802,17434
2802,23354
2804,3063
2804,18588
2804,18876
2806,2859
2806,5597
2808,3192
2808,11012
2810,3668
2810,6415
2810,13874
2811,847
2811,15142
2811,24106
2812,1222
2812,10000
2814,14921
2814,24688
2815,13177
2815,21010
2816,5427
2816,6309
2816,16586
2817,11928
2817,13285
2817,24252
2818,14326
2818,20613
2819,199
2819,4658
2819,12955
2822,16104
2822,22656
2823,7724
2823,20096
2825,13974
2825,16426
2825,23682
2826,7989
2826,12014
2826,17175
2828,1190
2829,3162
2829,12958
2829,13476
2831,15986
2831,16493
2833,268
2833,1701
2833,16599
2834,13177
2834,20181
2834,24337
2838,8612
2838,16177
2838,18999
2839,11866
2839,13198
2839,18535
2841,11545
2841,24289
2843,13392
2843,15896
2843,21612
2844,525
2844,3876
2844,18136
2845,3386
2845,6781
2845,16248
2846,5523
2846,18664
2846,18891
2848,12977
2848,16177
2848,18588
2849,2339
2851,3308
2851,10665
2851,10866
2851,13474
2851,20508
2853,3492
2853,18842
2854,17273
2854,20900
2854,22069
2855,1631
2855,15076
2855,23715
2858,8779
2858,22287
2858,23423
2859,8396
2860,47
2861,11934
2861,11973
2861,16684
2861,17271
2862,9166
2862,15073
2864,1995
2864,2106
2864,11176
2864,22009
2865,4897
2865,10453
2865,14427
2866,21235
2867,12457
2867,18051
2867,18842
2868,5043
2868,5529
2868,13441
2868,20882
2869,3203
2869,6628
2869,12130
2872,7206
2872,11162
2873,11668
2873,24235
2875,665
2875,17500
2875,17698
2875,18272
2875,21200
2875,21596
2876,20296
2876,20475
2876,23423
2878,15585
2878,16845
2878,18051
2879,24
2879,9289
2880,20703
2880,21555
2882,10048
2882,12840
2882,16206
2882,16793
2883,4537
2883,13730
2883,20019
2884,4073
2884,10961
2886,4272
2886,5043
2886,23138
2887,3109
2887,8623
2887,10378
2888,2956
2888,11938
2888,12656
2889,14497
2889,15742
2889,16177
2891,1584
2891,9231
2891,9387
2894,12512
2894,17789
2894,20987
2895,6798
2895,11194
2895,18842
2896,2885
2896,5750
2896,12514
2896,15278
2897,5592
2897,8752
2897,9139
2897,10714
2897,11647
2897,14224
2897,20162
2897,21660
2897,22895
2897,24219
2899,3677
2899,16627
2900,7422
2900,10718
2900,13438
2900,18899
2900,22311
2901,169
2901,8994
2901,15040
2902,2807
2902,22915
2903,6978
2903,8779
2903,15857
2904,3801
2904,15741
2904,23862
2907,3654
2907,6742
2907,6963
2910,1194
2910,3778
2910,10686
2911,1810
2911,24157
2911,24201
2912,5973
2912,15076
2912,16394
2913,11776
2913,19130
2913,20950
2916,13307
2916,13533
2916,21694
2917,7052
2917,14251
2917,18051
2918,13579
2918,13614
2918,16220
2921,298
2921,2570
2921,2999
2921,6270
2928,15278
2928,20739
2928,20871
2929,21366
2929,22362
2929,22822
2929,23248
2930,17780
2930,23452
2930,24407
2933,6473
2933,12238
2933,12577
2934,11218
2934,15955
2935,3275
2935,10248
2935,24211
2936,6622
2936,24417
2937,322
2937,2855
2937,18535
2937,24783
2938,13759
2938,15284
2938,18780
2938,20562
2939,24
2939,9389
2939,12190
2939,21235
2940,9363
2940,20153
2940,21327
2941,9990
2941,19461
2941,24662
2942,11763
2945,12374
2945,13000
2945,21343
2947,9597
2948,11272
2949,2411
2949,12366
2949,13722
2949,17805
2950,10340
2950,10788
2951,4416
2951,11871
2951,22338
2952,17107
2953,3962
2953,5386
2953,12005
2955,4196
2955,8220
2955,17206
2957,7917
2957,8562
2957,10382
2958,20181
2958,21681
2961,2175
2961,6041
2961,15965
2962,2880
2962,9990
2962,11912
2963,2175
2963,13419
2965,9284
2965,10318
2966,8436
2967,167
2967,5878
2967,10900
2967,14599
2967,17027
2967,18832
2967,19148
2967,19326
2967,19629
2967,22003
2972,5356
2972,5973
2972,11248
2974,10073
2974,10988
2974,13000
2974,18786
2976,10047
2976,14332
2976,16174
2977,6350
2977,12075
2977,16229
2977,19438
2977,22815
2979,662
2979,17034
2979,22038
2980,23043
2981,12552
2981,14062
2981,20628
2982,5386
2982,21010
2982,23250
2983,14062
2983,14405
2983,20296
2986,1091
2986,1995
2986,6746
2987,11676
2987,13244
2987,20228
2989,10867
2989,11025
2989,11492
2994,132
2994,2476
2994,11156
2994,20731
2995,916
2995,15585
2995,23170
2997,10681
2997,13631
2997,20073
2999,525
2999,1730
2999,3272
2999,8916
2999,12133
3000,3309
3000,3497
3000,16525
3001,4472
3001,9505
3001,21235
3004,3107
3004,3938
3005,3062
3005,6167
3005,23177
3009,2544
3009,9307
3010,1549
3010,21615
3010,23246
3011,7208
3011,15937
3011,17702
3015,13288
3015,20793
3018,9505
3018,9602
3018,13000
3020,15987
3020,23138
3022,3801
3022,14763
3022,19009
3024,506
3024,15731
3024,20643
3027,2143
3027,10911
3027,23144
3028,6268
3028,6689
3028,16241
3029,2884
3029,6582
3030,18083
3030,20181
3031,4472
3031,7581
3033,15278
3033,24235
3035,20916
3035,21127
3038,1801
3039,64
3039,8390
3039,9239
3040,5386
3040,7576
3040,10928
3040,12376
3041,3937
3041,8779
3042,3965
3042,4617
3042,9162
3043,3386
3043,6932
3043,9505
3043,20296
3044,4280
3044,5973
3044,24223
3045,6384
3045,15423
3045,19906
3047,4842
3047,7938
3047,19963
3049,5523
3049,13753
3049,16230
3050,6148
3050,10313
3050,18935
3052,10000
3052,13846
3053,9505
3053,19499
3053,21341
3056,11938
3056,17415
3056,18974
3057,21602
3060,16001
3060,21361
3060,23710
3061,13199
3061,18559
3061,21720
3062,12182
3062,16532
3062,18459
3063,2580
3063,12515
3063,20852
3064,5440
3064,12779
3064,14102
3065,20510
3065,20963
3065,21000
3067,5240
3067,20610
3068,6368
3068,10988
3068,14332
3069,2082
3069,5415
3069,12567
3071,17997
3071,23195
3071,23566
3073,3637
3073,10000
3073,12374
3073,13000
3074,6656
3074,8503
3074,19429
3074,23666
3076,12374
3076,20297
3077,5227
3077,12457
3077,18524
3078,2790
3078,6714
3078,10453
3079,6368
3079,6701
3079,11075
3079,11778
3079,21774
3080,1
3080,11194
3080,20987
3082,3938
3082,8404
3083,10173
3083,22972
3083,24253
3086,13309
3088,1899
3088,17172
3088,22580
3089,6798
3089,14473
3089,17649
3090,10719
3090,14427
3090,24601
3091,11501
3091,14374
3091,19130
3092,2638
3092,3734
3092,20040
3093,1536
3093,16174
3093,20180
3094,1810
3094,16238
3094,16252
3095,13896
3095,16025
3095,16999
3096,4306
3096,4844
3096,12514
3096,16683
3097,1428
3097,3938
3097,12376
3098,8091
3098,16616
3099,8905
3099,9212
3099,21775
3100,7222
3100,7656
3100,19860
3101,1973
3101,9919
3101,21433
3102,2645
3103,23423
3104,3272
3104,12031
3104,14050
3106,24830
3106,14343
3106,15024
3107,4006
3107,14989
3107,18097
3108,8055
3108,9835
3108,18739
3109,9389
3109,9692
3109,18749
3110,21127
3111,12682
3111,15448
3113,7140
3113,12672
3115,6413
3115,18537
3116,4941
3116,16426
3116,17818
3117,4218
3117,22139
3117,22467
3118,1218
3118,4902
3120,21312
3120,22009
3120,24682
3121,13682
3121,15754
3121,18148
3123,11728
3123,19130
3123,19937
3124,322
3124,9502
3124,18473
3125,10995
3125,13474
3125,23201
3127,8085
3127,10989
3127,12779
3129,1584
3129,14449
3129,19259
3130,11086
3130,19682
3130,20737
3131,9486
3131,18686
3131,19570
3132,6267
3132,8174
3132,15394
3134,2887
3134,8213
3134,24783
3139,6643
3139,13744
3139,19000
3142,8311
3142,14427
3142,19893
3143,6714
3143,22972
3144,9347
3144,14453
3144,14878
3146,8213
3146,9639
3146,23509
3147,6581
3147,9504
3149,505
3149,5160
3149,23785
3150,4359
3150,6135
3150,20731
3151,1689
3151,12195
3151,20228
3151,24798
3152,17548
3152,21929
3153,18051
3155,506
3155,9757
3155,16745
3156,2926
3156,5703
3156,10305
3157,3349
3157,9248
3157,23295
3158,13381
3158,20163
3158,23062
3159,10382
3159,19733
3160,1258
3160,12838
3160,23750
3161,2880
3161,3436
3161,24025
3164,15354
3164,18785
3165,4540
3165,12672
3165,20987
3166,12981
3166,20733
3166,22912
3168,11843
3168,15965
3168,23138
3169,10223
3169,15841
3169,20181
3171,5944
3171,8476
3171,14288
3172,9502
3172,11746
3174,8947
3174,9380
3174,12817
3175,9788
3175,12779
3175,22621
3176,98
3176,6585
3176,10346
3177,15254
3177,23712
3179,1512
3179,17769
3179,24735
3180,1094
3180,6494
3180,20716
3181,4420
3181,8583
3181,13392
3182,10682
3182,10729
3182,13810
3183,1094
3183,12490
3183,21010
3184,4699
3184,14440
3184,18614
3188,8905
3188,19313
3188,24282
3190,2346
3190,21619
3190,21809
3191,2734
3191,13573
3191,22915
3192,199
3192,6441
3192,10161
3193,15857
3193,16845
3193,19885
3194,4370
3194,15338
3194,18779
3195,5486
3195,10131
3195,16655
3196,11598
3196,19554
3196,23195
3201,15254
3201,20384
3201,21772
3202,1182
3202,11912
3202,24223
3202,24235
3203,1507
3203,4101
3203,6078
3203,6528
3203,7542
3203,9329
3203,10013
3203,13147
3203,21926
3203,23238
3204,5414
3204,24202
3208,10872
3208,12141
3208,16241
3209,9628
3209,11667
3209,17904
3210,3706
3210,21361
3210,23026
3211,3195
3211,3439
3211,12195
3212,1689
3212,5859
3212,9389
3213,5546
3213,20525
3215,804
3215,19960
3216,5750
3216,9757
3216,21781
3218,3876
3218,5860
3218,21681
3221,3702
3221,5350
3221,5657
3224,10576
3224,11843
3224,20859
3225,4740
3225,12908
3226,3448
3226,8623
3226,8992
3227,1450
3227,4779
3227,9831
3227,13931
3227,14065
3227,19264
3227,20783
3229,6708
3229,17557
3229,17789
3230,11890
3230,14730
3230,19682
3231,11668
3231,17354
3231,19138
3234,1801
3234,5918
3234,20703
3235,17985
3235,21840
3236,139
3236,13744
3236,16447
3238,1091
3238,23129
3238,23195
3239,872
3239,5372
3239,8219
3240,12955
3240,15076
3243,13299
3243,16301
3243,18891
3245,8161
3245,11745
3245,14062
3245,21847
3245,22137
3246,10457
3246,15610
3248,11194
3248,12514
3248,18051
3249,475
3249,3876
3249,21781
3251,17780
3251,22275
3251,24010
3252,12634
3252,15495
3252,15555
3254,2174
3254,7172
3255,11095
3255,13378
3255,17775
3256,8699
3256,12523
3257,13489
3257,19108
3257,20001
3259,6581
3259,7338
3259,20183
3261,10340
3261,13631
3261,23052
3261,23239
3261,23478
3262,4367
3262,7710
3262,9589
3264,15027
3265,11091
3265,20170
3265,20518
3267,2829
3267,6363
3267,14004
3269,7769
3269,10511
3269,14605
3272,1050
3272,4115
3272,24662
3273,3448
3273,4333
3273,20649
3274,5615
3274,24059
3275,8649
3275,15873
3277,7917
3277,13547
3277,17972
3278,10879
3278,14436
3278,18664
3284,5524
3284,14059
3284,23171
3285,3637
3285,6714
3285,17105
3286,1094
3286,3210
3286,16782
3287,7586
3287,15076
3287,21469
3288,8120
3288,11043
3288,19095
3290,10285
3290,20049
3291,2143
3291,9143
3291,16874
3292,4196
3292,24000
3293,13123
3293,16474
3293,23486
3294,11866
3294,13198
3294,18535
3296,3524
3296,14593
3297,13689
3297,15756
3297,24075
3298,1427
3298,3791
3298,6950
3300,13022
3300,18891
3300,21456
3301,6091
3301,13419
3301,24292
3305,2811
3305,9255
3305,14106
3306,15731
3306,22590
3307,3107
3307,8404
3307,16174
3308,11912
3308,21681
3308,24798
3313,6213
3313,10201
3313,21092
3314,5074
3314,10935
3314,14792
3315,4370
3315,9757
3315,11187
3315,16691
3316,2884
3316,3876
3316,13397
3318,7267
3318,16359
3318,22788
3322,11692
3322,16046
3322,20987
3323,1536
3323,1947
3323,5308
3324,17786
3324,18406
3324,22722
3325,8357
3325,16566
3325,18664
3326,14107
3326,17415
3326,22287
3329,2605
3329,23695
3332,3448
3332,12656
3332,23201
3334,4721
3334,23423
3334,23811
3335,3102
3335,14837
3335,18797
3336,16821
3337,3455
3337,7685
3337,22884
3338,11757
3338,15394
3338,20296
3339,12182
3339,16457
3339,21681
3340,3199
3340,7238
3340,13496
3341,4472
3342,10118
3342,20914
3342,23842
3343,6247
3343,7811
3343,17245
3344,5443
3345,5407
3345,6963
3345,19387
3346,21775
3346,22284
3347,5372
3347,5558
3347,12533
3348,4306
3348,6441
3352,7145
3352,21313
3353,10704
3353,17707
3353,22148
3354,11843
3354,18130
3354,19413
3355,199
3355,11194
3355,13441
3356,4370
3356,4699
3356,20518
3357,19413
3360,7681
3360,14065
3360,20387
3362,24
3362,98
3362,3976
3364,5300
3364,9029
3364,9162
3364,12537
3364,17610
3364,24485
3365,11424
3365,22222
3365,23076
3366,2807
3366,10917
3367,1701
3367,10382
3367,12552
3368,10533
3368,21919
3369,15442
3370,1487
3370,9604
3370,9874
3373,24838
3373,11435
3373,16174
3374,18891
3374,24337
3375,1155
3375,10659
3375,19080
3376,5125
3377,848
3377,14851
3377,20387
3378,164
3378,12526
3381,20508
3382,1644
3382,19773
3383,4436
3383,10070
3384,6919
3384,10626
3384,19885
3385,4149
3385,4721
3385,21775
3388,7658
3388,16249
3388,19080
3391,4641
3391,11938
3391,16688
3392,14332
3393,5386
3393,11085
3393,18083
3394,2898
3394,22333
3395,390
3395,2605
3395,4898
3398,2885
3398,15394
3398,23368
3399,6461
3399,23129
3400,5367
3400,20019
3401,20562
3401,24262
3402,12190
3402,20987
3403,16046
3403,20474
3404,11931
3404,22699
3404,23549
3405,3937
3406,14062
3406,21235
3407,10686
3407,11272
3407,17571
3408,4658
3408,5306
3408,8416
3410,11730
3410,13259
3410,13404
3411,1833
3411,7982
3411,17979
3413,15353
3413,21302
3413,23669
3414,7814
3414,12534
3414,17051
3415,6275
3415,17401
3416,9468
3416,16541
3416,20737
3417,10878
3418,2595
3418,4472
3418,20643
3419,1861
3419,6270
3419,6473
3420,6155
3420,11585
3420,12812
3423,10345
3423,13000
3423,22497
3424,4844
3424,17375
3424,18842
3425,10963
3425,24223
3425,24236
3426,5482
3426,18357
3426,24564
3427,11160
3427,19960
3427,22915
3428,7616
3428,11359
3429,5443
3429,22904
3430,1033
3430,10626
3430,20191
3431,2030
3431,17649
3431,23938
3433,4181
3433,12013
3433,23403
3434,4399
3434,11028
3436,2880
3436,21354
3436,22497
3438,13198
3438,16846
3439,11498
3439,17804
3439,22915
3442,5306
3442,5356
3443,3958
3443,7140
3443,23967
3444,833
3444,17165
3444,18347
3445,1035
3446,3107
3446,3898
3446,20916
3447,1159
3447,9502
3447,13063
3448,4954
3448,10373
3448,20433
3449,681
3449,17415
3449,19513
3450,11440
3450,23456
3450,24168
3451,2188
3451,2351
3451,12189
3452,6622
3452,13874
3452,15248
3453,4359
3453,10453
3453,10995
3454,18876
3455,13448
3455,18945
3456,298
3456,10681
3456,18588
3457,13815
3458,18232
3459,8511
3459,16564
3459,18506
3460,20357
3460,22455
3462,8404
3462,23129
3462,23368
3463,14067
3463,15829
3463,15876
3465,8916
3465,15955
3465,19009
3466,2638
3466,15370
3466,16985
3467,712
3467,4611
3467,9604
3468,5076
3468,20911
3468,20950
3471,3938
3471,4844
3471,8390
3474,7200
3474,18896
3474,20703
3475,12374
3475,16683
3476,10159
3476,13658
3477,19353
3477,21310
3478,7586
3478,11479
3478,15857
3479,10542
3479,21572
3479,23670
3480,11419
3480,15613
3480,21229
3481,12190
3481,16532
3482,3898
3482,6689
3482,17415
3485,10223
3485,19782
3486,10988
3486,11479
3486,15841
3487,5828
3487,20237
3488,916
3488,2662
3488,8992
3489,18755
3489,21626
3489,23366
3490,506
3490,7525
3490,19208
3491,6775
3491,15404
3491,22721
3492,5356
3492,12572
3492,22287
3493,11376
3493,20500
3496,20429
3497,13404
3497,15495
3497,17157
3498,12657
3498,21287
3498,23246
3500,6148
3500,20643
3501,11134
3501,19860
3502,6441
3505,1050
3505,3022
3505,11692
3506,18913
3506,20136
3508,6978
3508,18842
3508,23967
3510,16599
3510,20235
3510,23302
3511,10704
3511,12173
3511,23403
3512,19490
3512,24196
3517,1536
3517,5093
3517,19693
3518,2668
3518,8619
3518,10704
3519,7885
3519,11002
3519,18083
3520,6615
3520,10622
3520,17707
3521,9949
3521,18742
3521,20115
3522,139
3522,1631
3522,11757
3524,8091
3524,12007
3524,13378
3525,1155
3525,10378
3525,22497
3526,6566
3526,18387
3526,23201
3527,3938
3527,4472
3527,9239
3529,23055
3530,4941
3530,19797
3534,3781
3534,5937
3534,7827
3534,12100
3534,15415
3534,15427
3534,16087
3534,15926
3534,18605
3534,23871
3535,14062
3535,19194
3535,19208
3536,9212
3536,11187
3536,22915
3540,7291
3540,15681
3540,16139
3542,7081
3542,10995
3542,16688
3544,3199
3544,10382
3544,13198
3546,11692
3548,10686
3548,19682
3549,5225
3549,5386
3549,18083
3550,13759
3550,14099
3550,24360
3552,8213
3552,17440
3553,10659
3555,847
3555,24253
3557,338
3557,13493
3558,736
3558,3455
3558,23178
3559,48
3559,24798
3560,12457
3560,19208
3560,23322
3561,6268
3561,12627
3561,18051
3562,8476
3562,9143
3562,9389
3564,475
3564,9289
3564,11866
3565,11668
3566,19811
3566,22357
3567,3952
3567,4289
3567,8357
3568,10047
3568,17415
3569,6148
3569,7917
3569,13573
3570,618
3571,5390
3573,2568
3573,7813
3573,20364
3574,11942
3575,6781
3575,21545
3578,9628
3578,13126
3578,23524
3579,10686
3579,19682
3579,20433
3580,17106
3580,19190
3580,23160
3581,10378
3581,13022
3582,4897
3582,7656
3582,9220
3583,11226
3583,14726
3583,17115
3584,6267
3584,13095
3584,19413
3588,11152
3589,1253
3589,24067
3592,3225
3592,23543
3593,13475
3593,21332
3594,12521
3594,22580
3595,1471
3595,3210
3595,7917
3595,13404
3595,21127
3596,4902
3596,6270
3596,12133
3597,8632
3597,11466
3597,17569
3598,17162
3599,7581
3599,13921
3599,18891
3601,939
3601,12656
3601,22336
3602,585
3602,11187
3602,18664
3604,12977
3604,16252
3605,3211
3605,4897
3607,20455
3607,20843
3607,21203
3608,4561
3608,11585
3608,18657
3609,14848
3609,15965
3610,341
3610,3239
3610,11672
3612,20737
3613,9212
3613,10443
3613,20987
3614,3327
3614,3925
3614,20204
3615,5918
3615,8091
3615,21089
3616,12229
3616,16986
3616,21611
3617,5479
3617,8483
3617,16935
3618,5529
3618,10000
3618,17446
3619,1861
3619,9468
3619,20181
3622,1494
3622,12673
3622,21290
3623,6143
3623,7917
3623,16238
3625,11222
3625,11435
3625,13064
3626,10928
3626,17997
3626,20576
3627,5591
3627,6561
3627,11989
3628,4540
3628,10382
3629,24235
3629,24360
3630,7338
3630,17707
3630,21235
3633,3654
3633,15506
3633,22362
3634,13651
3634,22209
3635,15965
3635,19664
3638,4359
3638,18715
3638,19488
3639,1155
3639,4691
3639,7944
3640,5428
3640,8152
3640,22827
3641,12955
3641,16644
3641,20914
3642,10686
3642,20813
3644,4927
3644,6495
3644,13936
3644,14859
3644,19683
3644,24573
3645,19885
3646,16846
3646,17649
3646,23178
3648,11329
3648,22287
3649,6368
3649,21321
3650,1689
3650,4181
3650,18007
3651,262
3651,7558
3651,12965
3653,18588
3655,4850
3655,14851
3655,14999
3656,1505
3656,22708
3656,23670
3659,10369
3659,12238
3659,19454
3661,148
3661,9251
3661,18569
3664,11359
3664,12958
3664,13476
3667,6091
3667,16683
3669,2242
3669,8219
3669,15674
3669,23850
3670,9029
3670,21840
3670,22972
3671,64
3671,12141
3671,20731
3672,6576
3672,14372
3672,21070
3675,8404
3675,11757
3677,24
3677,11187
3677,14749
3678,12374
3678,17707
3678,18273
3679,98
3679,8476
3679,11498
3681,13218
3681,17020
3682,10948
3682,12013
3682,21602
3688,7200
3688,20737
3688,22402
3690,3392
3691,6143
3691,23052
3692,7917
3692,9506
3692,13177
3694,5355
3694,8939
3694,19970
3695,434
3695,887
3695,2614
3698,10684
3698,13730
3698,18891
3699,1017
3699,13195
3699,17172
3701,10070
3701,11272
3701,16644
3702,7570
3702,7616
3702,23715
3703,17426
3705,1182
3705,21781
3705,23213
3706,3240
3706,3525
3706,15609
3707,7656
3707,9505
3708,11682
3708,12779
3708,17852
3709,6432
3709,7714
3711,2769
3711,4898
3711,9281
3715,8916
3715,20181
3715,22915
3716,16985
3716,18749
3717,6102
3717,6304
3717,20950
3718,4306
3718,7200
3719,2844
3728,7140
3731,3985
3731,14238
3732,7081
3732,24759
3734,2175
3734,3637
3735,7064
3735,7757
3735,7988
3735,14051
3735,14336
3735,16002
3735,20271
3735,20336
3735,23413
3735,24125
3736,1280
3736,7486
3736,23951
3737,2023
3737,11270
3738,2571
3738,8455
3738,21902
3741,3938
3741,9130
3741,21681
3742,5646
3742,23847
3743,12007
3743,19513
3743,24601
3744,9387
3744,11692
3744,15742
3745,4341
3745,15770
3745,17071
3746,6720
3746,12514
3746,22215
3747,5151
3747,13550
3747,21113
3749,2573
3749,5540
3750,8353
3750,14697
3750,21295
3753,1536
3753,9604
3753,10000
3754,1022
3754,13503
3754,22624
3757,21354
3758,199
3758,7288
3758,11846
3762,1606
3762,5572
3763,18007
3763,23842
3764,11762
3764,15857
3764,24798
3765,6798
3765,14697
3765,23178
3766,4650
3766,21205
3766,22741
3768,455
3768,1701
3768,22287
3769,98
3769,11441
3769,22108
3771,11187
3771,17105
3771,20402
3774,11137
3774,16659
3774,23679
3778,2577
3778,6964
3778,10878
3779,1536
3779,10382
3779,17415
3780,3392
3780,16230
3780,16301
3781,4181
3781,10622
3781,24253
3783,2605
3783,12208
3783,18455
3784,454
3784,16230
3784,24025
3786,14660
3786,21291
3786,22910
3789,200
3789,12190
3789,17650
3791,3976
3791,8905
3791,23206
3792,7421
3792,23107
3792,24003
3794,6544
3794,20433
3794,21391
3795,3210
3795,12195
3796,6714
3796,6978
3803,1059
3803,16599
3803,19259
3804,1487
3804,10872
3804,22108
3806,24
3806,4472
3806,9239
3807,2605
3807,7200
3807,24360
3808,1390
3808,19128
3808,21588
3809,9043
3809,10250
3809,16460
3810,8808
3810,20552
3810,22337
3811,9220
3811,16241
3811,18768
3814,19225
3815,11668
3815,24235
3817,2884
3817,5750
3817,8562
3819,4162
3819,16538
3819,17268
3820,21072
3820,21239
3822,13270
3822,13419
3822,18935
3823,3210
3823,11272
3823,15585
3823,17005
3824,475
3824,2857
3824,4415
3826,8286
3826,10340
3826,21456
3827,778
3827,1091
3827,1105
3829,2605
3829,18715
3829,19009
3830,6136
3830,13981
3830,16800
3834,2638
3834,10000
3834,20181
3836,5776
3836,19193
3836,23560
3837,8416
3837,15076
3839,1194
3839,13520
3839,18935
3840,16190
3840,18119
3840,23332
3841,2699
3841,8055
3841,14999
3842,10704
3842,19733
3842,21235
3843,12187
3843,19554
3844,10686
3844,11435
3844,23682
3845,3958
3845,6950
3845,22288
3848,1631
3849,9628
3849,13224
3851,6441
3851,8905
3852,17539
3852,17005
3852,23961
3853,1380
3853,6576
3853,13420
3854,3797
3854,18085
3854,23808
3855,9904
3855,12443
3855,18374
3856,9377
3856,13885
3856,19418
3861,4180
3861,18051
3861,21484
3862,4026
3862,10733
3862,11752
3866,3107
3866,7944
3866,8404
3866,11778
3866,23129
3869,434
3869,3734
3869,20180
3870,803
3870,13064
3870,21003
3871,1730
3871,7586
3871,16447
3872,24
3872,19114
3872,22447
3875,6689
3875,23938
3878,8779
3878,20040
3879,5227
3879,5860
3879,19312
3880,11692
3880,17354
3880,22284
3881,13392
3881,18786
3881,20987
3882,5356
3882,10628
3882,12977
3883,6402
3883,13198
3883,19568
3885,1584
3886,16985
3886,20508
3886,21681
3887,8286
3887,19005
3887,21321
3888,7698
3888,11098
3888,19058
3889,6167
3889,14188
3889,16729
3890,4638
3890,6270
3890,19960
3893,16845
3893,19488
3893,23177
3894,11400
3894,16926
3894,22780
3896,13270
3896,13464
3899,8779
3899,14107
3900,16457
3900,21840
3901,12937
3901,16688
3902,1701
3902,20533
3903,2842
3904,8476
3904,9639
3904,23368
3905,14332
3905,15853
3905,20643
3907,2847
3907,23250
3908,3362
3908,14364
3908,15274
3910,793
3910,20854
3911,4941
3911,10984
3911,22298
3912,4740
3912,6143
3912,20108
3915,2527
3915,15857
3915,17138
3916,4343
3916,4426
3916,12995
3917,1040
3917,4760
3917,12219
3918,5227
3918,11001
3918,19413
3919,12173
3920,2256
3920,8857
3920,18080
3922,1536
3922,4932
3923,2159
3923,23805
3923,24658
3924,7110
3924,13759
3924,21421
3926,13881
3926,14558
3926,19018
3927,1701
3927,5860
3927,18786
3928,4897
3928,6798
3928,18213
3929,5039
3929,21287
3929,23246
3930,17001
3930,19208
3930,20950
3932,2986
3932,5684
3932,6571
3932,6573
3932,6574
3932,6677
3932,11896
3932,13034
3932,13821
3932,24674
3934,3432
3935,11319
3935,18958
3935,21626
3936,4033
3936,8976
3937,1910
3937,11176
3937,21066
3938,6978
3938,21456
3939,10802
3940,2638
3940,4420
3940,5897
3942,688
3942,1799
3942,18898
3943,6978
3943,18891
3943,21354
3944,2734
3944,20987
3945,2099
3945,5925
3946,6200
3946,8106
3947,3952
3947,10825
3947,16139
3952,5386
3952,16139
3952,18387
3956,11843
3956,17162
3956,22524
3958,16853
3960,2883
3960,13744
3960,20229
3961,16055
3961,19782
3961,23967
3962,7140
3962,12173
3962,21343
3963,10686
3963,17719
3963,20214
3964,298
3964,2790
3964,4941
3964,10928
3964,17446
3965,8018
3965,13404
3965,16876
3967,475
3967,3477
3967,21607
3968,6418
3968,12521
3968,19692
3969,15050
3969,19896
3969,23423
3970,3455
3970,13000
3970,19568
3971,17001
3972,10879
3972,24262
3975,1693
3975,8092
3975,23746
3976,1155
3976,16599
3976,19208
3977,2548
3977,4830
3978,6041
3978,8095
3978,11762
3979,10988
3979,13064
3979,13177
3980,3676
3980,12924
3981,3287
3981,7525
3981,15841
3982,12955
3982,16177
3982,23842
3984,7616
3984,15742
3984,17034
3986,20508
3986,24253
3986,24360
3987,8056
3988,6615
3988,7276
3988,16230
3989,11329
3989,24798
3992,199
3992,5043
3992,13378
3993,6615
3993,7273
3993,13063
3994,10977
3994,18588
3995,3938
3996,8174
3996,20987
3996,21235
3997,2848
3997,3706
3997,23302
3998,1962
3998,20415
3998,20465
3999,13000
3999,14332
4000,5386
4000,10443
4000,14473
4003,1701
4003,3678
4003,12977
4005,17440
4005,22770
4006,3627
4006,8296
4006,18352
4007,426
4007,4282
4007,6058
4008,2337
4008,7093
4008,9079
4008,16371
4009,7267
4009,10248
4009,14660
4010,10198
4010,11046
4010,13380
4011,6167
4011,10280
4012,13195
4012,13441
4014,10205
4014,17920
4014,21754
4015,1488
4015,3210
4015,6965
4016,10313
4016,20433
4016,22019
4018,2848
4018,16876
4018,19885
4020,9143
4020,19860
4022,7710
4022,14449
4022,15277
4023,1995
4023,6978
4023,7175
4024,9502
4024,9874
4024,13782
4025,5227
4025,11743
4025,22911
4026,5306
4026,10715
4026,13730
4028,3654
4028,4370
4028,5227
4029,2030
4029,4844
4029,17649
4029,23712
4030,7200
4030,10788
4030,22313
4031,1055
4031,6170
4031,10578
4032,8514
4032,20863
4032,23428
4033,8916
4033,11479
4033,24003
4034,11329
4036,10737
4037,7349
4037,17938
4037,21135
4038,6167
4038,13395
4038,23670
4042,2143
4042,9130
4043,11538
4043,13444
4043,17988
4044,13757
4044,16694
4044,17822
4045,1390
4045,4439
4045,5859
4045,10338
4045,14659
4045,18613
4046,1934
4046,21428
4046,21432
4050,7044
4050,7769
4050,18715
4053,3734
4053,10073
4053,18786
4054,9798
4054,10240
4055,19639
4055,23565
4055,24664
4056,1689
4056,3734
4056,6622
4057,455
4057,1155
4057,7172
4059,13198
4060,8261
4060,17383
4060,23447
4061,13880
4061,22941
4061,24646
4063,4844
4063,12457
4063,23368
4064,18891
4064,19647
4065,4059
4065,18051
4065,20518
4066,18945
4068,4902
4068,11778
4068,23322
4069,2153
4069,11676
4071,19766
4071,22058
4073,19554
4073,19782
4073,22210
4074,12533
4074,16695
4074,24030
4076,7570
4076,10678
4076,11160
4077,6919
4077,15952
4077,24025
4079,11160
4079,13744
4080,7378
4080,10972
4080,20228
4082,16993
4082,18910
4082,23961
4084,11730
4084,18830
4084,24798
4085,4853
4085,8928
4085,12729
4086,814
4087,3272
4087,5259
4087,12138
4090,20140
4090,22271
4090,23233
4091,10379
4091,12634
4091,24601
4092,2902
4092,7201
4092,17162
4093,1631
4093,19682
4093,21456
4094,11907
4094,19138
4094,21775
4095,14371
4095,16262
4095,24658
4096,803
4096,18069
4096,24248
4097,1194
4097,4829
4097,10686
4099,2844
4099,16683
4101,10131
4101,14342
4101,15012
4102,2570
4102,19488
4102,20643
4103,18779
4105,4073
4105,15016
4105,22915
4107,833
4107,2790
4107,9639
4108,2880
4108,13547
4109,3958
4109,10453
4109,20181
4111,17114
4113,7269
4113,10995
4113,16252
4115,9799
4118,9505
4118,14473
4118,20737
4119,4415
4119,21840
4119,24685
4122,10705
4122,16253
4122,20229
4123,6463
4123,17084
4123,17446
4124,2462
4125,6304
4125,8220
4126,2350
4126,7656
4126,23322
4129,10977
4129,22336
4129,24360
4131,298
4131,15841
4131,19499
4133,1861
4133,4472
4133,20929
4135,2571
4135,11194
4135,13759
4136,1155
4136,2638
4136,18588
4137,2381
4137,7487
4137,8500
4138,20572
4139,4423
4139,21188
4141,16094
4141,20753
4141,23623
4142,916
4142,12656
4142,20667
4144,6778
4144,11816
4144,12062
4148,961
4148,11757
4148,16394
4151,1634
4151,5540
4151,24235
4152,17908
4152,19468
4152,19952
4155,3119
4155,12627
4155,24665
4156,519
4156,15652
4156,23978
4157,7384
4157,16848
4158,6714
4158,23052
4159,20914
4161,6148
4161,11843
4164,4195
4164,11041
4164,11053
4166,20737
4166,21010
4168,7616
4168,13986
4169,10000
4169,16688
4169,18459
4170,12182
4170,16457
4170,21681
4172,13064
4172,16991
4172,20626
4173,98
4173,525
4173,3637
4175,12453
4175,18998
4176,1810
4176,3285
4176,11091
4177,10313
4177,17468
4177,21720
4178,6103
4178,11762
4179,4472
4179,11866
4181,11686
4181,12366
4181,17908
4183,964
4183,8520
4184,20793
4185,1001
4185,12240
4185,15789
4186,9213
4186,18892
4188,6447
4188,10305
4188,17474
4190,5443
4190,7276
4190,20628
4192,12141
4192,24798
4195,19009
4195,24223
4195,24665
4196,10345
4196,19068
4196,23329
4197,9833
4197,19138
4197,23842
4198,13224
4198,13476
4198,15859
4199,10872
4199,14107
4199,14839
4200,8476
4200,13022
4201,9502
4201,19094
4201,20518
4203,2159
4203,3887
4203,20204
4205,199
4205,14371
4205,21456
4208,1340
4208,12216
4208,12345
4209,19989
4210,12817
4210,18361
4211,17165
4211,22336
4211,23201
4214,6334
4214,7222
4214,18842
4215,4073
4215,6143
4215,15896
4216,6411
4216,13988
4216,20433
4217,1155
4217,4399
4217,16599
4218,4214
4218,16688
4219,1007
4219,8221
4219,23805
4220,10637
4220,21562
4222,10064
4222,11389
4222,22981
4224,1702
4224,2175
4224,15555
4226,5828
4226,11086
4226,24005
4227,7338
4227,19488
4227,20429
4230,5328
4230,8971
4230,16060
4231,12581
4231,16397
4231,18726
4233,1253
4233,10398
4233,14449
4234,3107
4234,6268
4234,6913
4235,13404
4235,14749
4235,15835
4235,19860
4237,778
4237,3809
4237,16782
4238,10418
4238,11373
4238,12937
4240,11632
4240,16001
4240,17434
4240,17577
4243,20038
4243,21594
4243,23538
4244,6087
4247,15353
4247,21302
4247,23669
4249,8347
4249,20625
4249,22692
4250,1388
4250,13722
4250,18016
4251,1672
4256,3119
4256,21010
4256,23052
4258,2048
4258,16775
4258,23396
4259,2570
4259,10622
4259,13745
4260,8476
4260,14996
4260,16682
4261,5093
4261,6932
4261,10988
4265,198
4265,22770
4265,23670
4266,4891
4266,16961
4268,3327
4268,20618
4271,8174
4271,12955
4271,23356
4273,64
4273,2645
4273,18896
4275,1631
4275,2834
4275,3432
4278,139
4278,1059
4278,16457
4279,24
4279,10977
4282,16174
4283,16821
4287,12515
4288,585
4288,2242
4288,2700
4289,2535
4289,13270
4289,16463
4290,8384
4290,11156
4290,16172
4291,2595
4291,3627
4291,6143
4292,13089
4292,16632
4293,3448
4293,19513
4293,24005
4298,16886
4298,19973
4298,21170
4301,6595
4301,14218
4301,20405
4302,20040
4303,6581
4303,7081
4303,13745
4304,7269
4304,11160
4304,24360
4308,804
4308,3703
4308,19138
4309,23323
4310,11905
4310,15370
4310,23967
4311,16385
4314,2668
4314,16985
4314,17775
4317,8476
4317,10453
4317,14362
4318,3119
4318,17707
4318,21681
4321,6654
4321,19005
4321,21382
4322,3965
4322,7917
4322,16351
4324,7656
4324,9389
4324,19960
4325,4196
4325,24262
4326,8091
4326,13730
4326,18051
4327,4396
4327,11668
4327,20859
4328,1792
4328,17202
4328,23715
4329,23452
4330,5039
4330,15838
4330,23246
4332,16774
4333,10935
4333,16644
4336,2884
4336,18292
4336,21340
4337,11485
4337,16062
4337,23344
4338,4898
4338,8296
4338,11329
4340,8155
4340,17299
4340,18935
4343,3637
4343,8018
4343,10378
4344,6919
4344,17165
4344,24248
4345,7656
4345,8404
4345,13476
4346,4306
4346,11692
4346,22972
4347,2155
4347,7299
4347,24666
4348,2847
4348,8404
4348,16599
4350,2848
4350,17985
4350,19208
4352,2595
4352,20950
4352,24360
4355,292
4355,3734
4355,4954
4356,7792
4356,22668
4356,23456
4357,2963
4357,14733
4357,19009
4359,8220
4359,15686
4359,17001
4360,6622
4360,11194
4360,21354
4361,7586
4361,18051
4362,19432
4362,21010
4362,23170
4365,13744
4365,20229
4365,22823
4366,4505
4366,4721
4366,24658
4367,17650
4367,19546
4367,20034
4368,11843
4368,20296
4368,21453
4369,1564
4369,13209
4369,18524
4370,4181
4370,13669
4370,23938
4372,455
4372,17072
4372,20297
4373,4941
4373,14130
4373,16177
4376,10223
4376,17707
4376,23239
4377,12955
4377,20180
4377,20914
4379,13730
4379,16447
4379,23195
4380,4645
4380,9284
4380,10382
4382,10323
4382,18743
4382,23444
4384,1644
4384,8404
4384,23842
4385,4898
4385,12514
4385,16241
4386,16174
4386,17415
4388,15857
4388,19499
4388,21058
4389,10718
4391,10867
4391,15278
4393,16993
4393,20929
4393,21781
4394,6947
4394,9504
4394,20882
4394,21113
4395,5390
4395,15731
4395,19009
4396,7172
4396,18812
4396,20626
4397,10659
4397,24683
4399,525
4399,16599
4399,22313
4400,12374
4400,19488
4400,20181
4402,4645
4402,9239
4402,14526
4404,3492
4404,4370
4405,4491
4405,7470
4405,14341
4407,10850
4407,21781
4407,23138
4408,7525
4408,20905
4408,24262
4409,200
4409,1155
4409,16241
4411,16230
4411,16781
4411,21003
4412,16688
4412,19349
4412,19682
4414,13096
4414,13532
4415,6148
4415,17138
4415,19692
4416,1094
4416,2902
4416,10070
4417,10988
4417,18812
4418,3210
4418,9130
4418,13378
4419,4127
4419,6143
4419,18812
4421,3952
4421,24841
4421,16929
4422,6067
4422,12253
4422,19621
4423,2143
4423,6622
4423,12518
4424,5531
4424,16493
4424,19693
4425,2693
4425,7907
4425,11632
4426,20402
4426,21139
4426,22284
4427,12182
4427,13730
4429,1059
4429,4073
4429,19970
4430,5157
4430,5693
4432,11843
4432,12007
4433,7234
4433,13481
4433,21602
4435,12773
4435,21485
4437,13455
4437,14749
4437,22288
4438,1801
4438,2662
4438,7172
4439,1701
4439,10453
4443,6091
4443,7051
4443,18664
4443,20073
4445,7200
4445,14332
4445,15841
4446,7656
4446,18460
4446,19259
4447,778
4447,3477
4447,21289
4448,22633
4449,3448
4449,23524
4454,5504
4454,19513
4454,23201
4455,13744
4455,15585
4455,24292
4457,11866
4457,16624
4458,6441
4458,7525
4458,19960
4459,3211
4459,7611
4459,17021
4461,16174
4462,2907
4462,9544
4463,1105
4463,3768
4463,7917
4464,7149
4464,20229
4466,856
4466,10715
4470,1471
4470,12512
4470,22362
4471,19447
4471,20169
4471,24678
4472,2638
4472,8808
4473,12713
4473,14332
4473,21260
4475,847
4475,7917
4475,12374
4476,8476
4476,10977
4477,7655
4477,16828
4477,18259
4478,5227
4478,13744
4478,16874
4481,1059
4481,12514
4481,14449
4484,5078
4484,11692
4484,20113
4485,4641
4485,8476
4485,10715
4487,362
4487,4691
4487,9619
4488,11760
4488,16730
4488,20572
4489,14444
4489,17162
4491,14449
4491,19568
4491,20929
4493,6950
4493,16538
4493,23052
4494,6798
4497,1479
4497,11272
4497,22668
4498,10542
4498,11317
4498,23670
4499,4540
4499,12656
4499,14449
4500,15857
4500,22287
4500,23213
4504,10916
4504,20303
4504,22740
4507,4738
4507,5885
4507,11569
4511,4420
4511,15965
4512,2416
4512,22060
4512,23018
4514,31
4517,1801
4517,4196
4517,18496
4518,1079
4518,5750
4518,6091
4519,4238
4519,4829
4519,17331
4520,18604
4520,19906
4520,21963
4522,19259
4526,660
4526,11011
4527,3537
4527,12817
4527,24354
4528,9639
4528,10909
4528,24783
4530,2134
4530,2167
4530,6313
4531,10073
4531,13845
4531,20471
4532,3210
4532,3421
4533,5704
4533,7200
4533,16683
4535,3958
4535,18415
4535,19733
4537,2504
4537,9201
4537,15572
4538,9994
4538,23305
4538,24270
4540,8916
4540,17034
4540,20181
4541,1730
4541,13392
4541,17649
4550,4942
4550,18935
4550,19413
4551,1059
4551,8220
4551,23811
4554,3938
4554,16249
4554,20643
4558,5515
4558,11160
4558,12627
4559,1698
4559,5378
4559,22284
4559,23713
4561,13745
4561,23746
4561,24236
4564,3637
4564,6714
4564,17105
4565,11160
4565,16721
4565,22497
4567,13550
4567,13754
4567,21113
4572,1450
4572,5558
4572,18058
4574,2605
4574,8347
4574,10223
4575,482
4575,13038
4575,13349
4578,10457
4578,14251
4578,16233
4579,11938
4579,20641
4580,2175
4580,13022
4582,12400
4582,14238
4582,18588
4583,888
4583,4897
4585,298
4585,6080
4585,21133
4587,1657
4587,15254
4587,24495
4589,11448
4589,13068
4589,16547
4591,3119
4591,14449
4591,21562
4592,10070
4592,10173
4592,22770
4594,8261
4594,11010
4594,11735
4597,11668
4597,11938
4597,15742
4598,6758
4598,7878
4598,23129
4599,11778
4599,12173
4599,16457
4602,3898
4602,11187
4602,12977
4603,23138
4603,23322
4605,3637
4605,19138
4605,23302
4607,199
4607,13441
4607,20859
4610,1450
4610,20783
4611,9284
4611,11551
4611,21442
4613,13744
4613,20229
4613,22823
4614,10096
4614,18041
4614,18224
4615,2726
4615,3943
4615,5844
4616,10684
4616,20641
4616,22287
4617,298
4617,14130
4617,23478
4618,16828
4618,18259
4619,1730
4619,12514
4619,15841
4620,2637
4620,10054
4621,12001
4621,15427
4621,24851
4622,804
4622,10715
4622,17375
4622,18051
4624,7081
4624,12141
4624,13309
4624,14332
4626,715
4626,15160
4626,15254
4630,961
4630,975
4630,21708
4632,3349
4632,11608
4632,21386
4633,1536
4635,2769
4635,4407
4635,10040
4636,4175
4636,13547
4636,24658
4637,18891
4637,22189
4637,22287
4638,2847
4638,20183
4638,21890
4642,564
4642,6371
4642,17537
4643,1105
4643,20728
4643,24324
4644,13095
4644,13448
4644,18830
4649,3603
4649,15228
4651,8174
4651,8623
4651,15076
4654,158
4654,20022
4654,21563
4655,6712
4655,8347
4655,15948
4656,15857
4656,24235
4658,4033
4658,7267
4658,20475
4659,8905
4659,10341
4659,11569
4660,2885
4660,10704
4660,12457
4660,24013
4663,7731
4663,18510
4663,19539
4663,21491
4665,13525
4665,16025
4665,16688
4666,23192
4666,24262
4667,10686
4667,11272
4667,22580
4669,694
4669,20768
4670,6293
4670,10959
4670,13294
4670,16190
4671,3091
4671,3170
4671,17802
4672,3439
4672,4278
4672,13856
4673,7273
4673,15278
4673,19568
4674,6950
4674,11130
4674,19952
4677,10622
4677,10879
4677,10977
4677,18786
4678,18695
4679,6418
4679,16736
4679,18387
4681,5160
4681,8926
4681,23969
4682,4344
4682,9212
4682,9639
4682,16177
4682,18910
4683,2127
4683,9781
4683,18752
4686,8404
4686,18650
4686,24016
4687,5208
4687,17903
4687,24396
4688,6581
4688,12656
4688,20429
4689,4071
4689,22468
4689,24444
4690,5546
4690,16993
4690,20180
4692,14999
4692,16139
4692,23969
4695,7267
4695,20113
4695,20914
4696,11501
4696,13347
4696,19638
4700,12532
4700,20387
4700,23810
4702,11479
4703,5529
4703,6218
4703,11676
4703,18715
4705,833
4705,17165
4705,24190
4706,1661
4706,12182
4706,13095
4707,13780
4707,16162
4707,24696
4710,1390
4710,3703
4710,13198
4711,4540
4711,9213
4711,12656
4712,17889
4713,3051
4713,3837
4713,4399
4714,1035
4714,7269
4714,19005
4715,1188
4715,11801
4715,19208
4717,2570
4717,11911
4717,19733
4718,1801
4718,12173
4718,17649
4719,20737
4720,5158
4720,17795
4720,18480
4720,18973
4722,5944
4722,9518
4722,11359
4724,3703
4724,12173
4724,16721
4724,21681
4725,13730
4725,18352
4725,21781
4726,9604
4726,11492
4726,19860
4729,5497
4729,12812
4729,23468
4730,6495
4730,12718
4730,21850
4730,21895
4731,13759
4731,21433
4731,24622
4732,4320
4732,13669
4732,19970
4734,1390
4734,11160
4734,12672
4735,17088
4735,18165
4735,20789
4737,16174
4738,7267
4738,13194
4738,24665
4741,12182
4741,13022
4743,6149
4743,7198
4743,11777
4743,16359
4744,31
4744,1721
4744,13759
4745,6270
4745,10318
4745,21268
4746,6798
4746,17165
4746,20180
4747,6402
4747,8347
4747,15048
4750,9389
4750,16538
4750,20914
4751,12431
4751,20202
4751,20284
4753,3492
4753,5160
4753,16174
4754,2413
4754,11871
4754,22338
4755,3448
4755,9284
4755,17415
4758,6180
4758,6268
4758,20505
4758,20916
4760,13089
4760,16632
4760,17342
4767,21239
4767,24206
4768,2767
4768,5039
4768,23246
4770,14285
4770,16828
4770,18259
4772,23940
4773,5814
4773,10345
4773,13744
4773,16538
4774,2848
4774,7172
4774,20628
4776,1091
4776,10340
4776,12981
4777,6939
4778,16985
4778,20181
4778,24665
4779,17649
4779,21343
4780,1564
4780,10542
4780,24211
4781,229
4781,20096
4784,3107
4784,11938
4784,24235
4785,20716
4785,22282
4785,23404
4786,6267
4786,9130
4786,19488
4789,6463
4789,7337
4789,21298
4790,14284
4791,4415
4791,6148
4791,20508
4793,5443
4793,7276
4793,20628
4795,1338
4795,2999
4795,20854
4796,6978
4796,14449
4796,20643
4798,4630
4798,9799
4798,9835
4799,461
4799,4260
4799,4526
4800,2880
4800,6622
4800,15277
4801,1701
4801,10223
4801,12400
4802,15394
4802,24683
4805,4898
4805,8390
4805,9289
4807,13631
4807,20703
4809,17138
4809,17707
4809,23969
4809,24337
4810,8992
4810,19244
4810,22148
4811,7656
4811,11329
4811,14371
4818,2571
4818,8455
4818,21902
4818,24249
4819,4472
4819,15857
4819,16538
4820,6368
4820,7770
4820,9284
4820,20641
4821,1536
4821,11866
4821,18812
4824,2476
4824,11921
4824,13476
4825,18588
4825,18891
4825,19782
4826,24
4826,6280
4826,18083
4827,8263
4827,10867
4827,18459
4828,1631
4828,5293
4828,12672
4829,8263
4829,8916
4829,14262
4830,2638
4830,20180
4830,22912
4832,7044
4832,22217
4833,8954
4833,10867
4833,16174
4835,7172
4835,10000
4835,10684
4836,6291
4836,6750
4836,8122
4836,10800
4837,11328
4837,14357
4837,20671
4838,10704
4839,11704
4839,17001
4839,20703
4844,4725
4844,18051
4844,20433
4849,13441
4849,23967
4849,24337
4850,4577
4850,10719
4850,21456
4855,2175
4855,17707
4856,2570
4856,4359
4856,23403
4858,4897
4858,6689
4860,688
4860,3654
4864,2595
4864,6473
4864,10686
4865,1801
4865,4691
4865,4911
4870,960
4870,4590
4870,19896
4872,3627
4872,14262
4872,17200
4876,1702
4876,6690
4876,11668
4879,7172
4879,10382
4879,15284
4880,199
4880,3423
4880,10977
4881,12629
4885,4073
4885,6473
4885,10443
4888,3170
4888,15965
4889,662
4889,6277
4889,23201
4895,6268
4895,10560
4895,14449
4896,9212
4896,11762
4896,22972
4898,1079
4898,18051
4898,24282
4899,4527
4899,10687
4899,18588
4903,662
4903,16064
4903,23805
4904,12209
4904,15370
4904,24776
4906,9874
4906,11866
4906,23201
4907,1631
4907,5306
4907,23478
4908,7172
4908,16174
4912,24
4912,3349
4912,16993
4913,3706
4913,6720
4913,13570
4913,21312
4918,10443
4918,16624
4918,16736
4919,4658
4919,19692
4919,23971
4921,5306
4921,11441
4921,21453
4923,1059
4923,8296
4923,15034
4925,1672
4925,2825
4929,64
4929,1634
4929,3119
4931,17985
4931,21456
4931,21840
4932,16252
4934,1188
4934,10921
4934,18842
4937,6214
4937,20169
4937,24678
4940,8106
4940,9372
4940,24262
4943,64
4943,7175
4943,23805
4948,7008
4948,10378
4948,20641
4950,18786
4950,20518
4950,23652
4953,10223
4953,16985
4953,23842
4954,7081
4954,14697
4954,19554
4960,9284
4960,10995
4960,20641
4961,2918
4961,5566
4961,17415
4963,3938
4963,7338
4963,21058
4967,1689
4967,6143
4967,9281
4970,5540
4970,10340
4970,24798
4973,8754
4973,22833
4977,1701
4977,8416
4977,11160
4978,5043
4978,5679
4978,17890
4988,3091
4988,14805
4988,23670
4993,4577
4993,19782
4993,20229
5000,6622
5000,18910
5000,23961
5001,8655
5001,9213
5001,18783
5003,382
5003,4551
5003,17929
5013,7586
5013,13198
5013,20929
5014,2847
5014,16457
5014,17034
5015,4896
5015,8592
5015,12977
5016,1861
5016,11498
5016,16493
5019,1801
5019,4382
5019,17707
5019,23326
5021,13745
5021,16394
5021,20518
5024,6206
5024,12141
5024,17707
5029,3627
5029,15281
5029,18812
5038,9604
5038,11866
5038,19009
5041,1536
5041,10000
5041,10070
5042,3119
5042,6690
5042,24665
5043,2082
5043,8168
5043,16084
5044,3107
5044,11199
5044,21343
5050,4645
5050,7656
5050,17537
5056,10382
5056,11010
5056,13404
5056,16736
5063,1049
5063,7044
5063,13844
5070,2956
5070,15853
5070,19138
5070,20737
5072,1519
5072,3734
5072,11329
5074,7267
5074,8091
5074,16644
5075,10340
5075,16874
5075,22089
5078,6094
5078,12285
5080,3637
5080,7390
5080,14992
5083,8898
5083,17376
5089,12182
5089,20541
5089,21681
5089,23682
5090,6036
5091,12457
5091,23322
5093,13081
5093,14262
5093,21386
5095,10132
5095,11668
5096,4801
5096,5804
5096,17797
5101,4151
5101,10622
5101,10687
5102,3272
5102,10647
5102,18842
5107,1079
5107,5504
5107,15382
5108,13441
5110,5443
5110,7276
5110,16745
5110,20628
5113,8779
5113,15742
5113,19259
5114,2911
5114,8520
5114,24055
5117,1375
5117,13820
5117,15819
5118,5072
5118,11333
5120,3370
5120,24299
5121,4370
5121,9518
5122,12672
5122,17138
5122,18715
5126,2446
5126,12900
5126,13659
5126,16108
5128,616
5128,11501
5128,11659
5129,5386
5129,9130
5129,18459
5130,12514
5130,20703
5130,22287
5140,9029
5140,12020
5140,13133
5146,1488
5146,8106
5146,10340
5147,10622
5147,18459
5147,20737
5149,17375
5149,19499
5149,23811
5150,7269
5150,18344
5150,24013
5152,5540
5152,11160
5152,18009
5153,2010
5153,7234
5153,17938
5156,2363
5160,10667
5160,20433
5160,20525
5162,1861
5162,4897
5162,5924
5163,15261
5163,15917
5163,20716
5165,1701
5165,11359
5165,18715
5167,11086
5167,11187
5167,11582
5173,3609
5173,16894
5173,24783
5174,2398
5174,8905
5174,13095
5182,9284
5182,20929
5182,23368
5192,1011
5192,6617
5192,21070
5195,4540
5195,6446
5195,18009
5197,12374
5197,13000
5197,16174
5204,11569
5204,17997
5204,23323
5209,3472
5209,3703
5209,20703
5214,9335
5214,16624
5214,20752
5217,723
5217,10378
5217,12958
5219,804
5219,14527
5219,22823
5220,2143
5220,9143
5220,17415
5224,3107
5224,11938
5224,20297
5231,1644
5231,12141
5231,21456
5235,640
5235,13282
5235,13424
5236,5386
5236,17649
5236,19499
5241,11199
5241,16874
5241,21626
5242,481
5242,13120
5242,23668
5243,1631
5243,4417
5250,7624
5250,9505
5260,6143
5260,12513
5260,13358
5275,6418
5275,20502
5275,20562
5282,4312
5282,4643
5282,11253
5282,13089
5286,14749
5286,16249
5286,19692
5290,5925
5290,19893
5290,23811
5291,1059
5291,4699
5291,12672
5295,1873
5295,20859
5295,24665
5302,2571
5302,13782
5302,20243
5307,2638
5307,3898
5307,6714
5313,9323
5313,11746
5313,17034
5315,199
5315,434
5315,13095
5316,4897
5316,5925
5316,13198
5316,19693
5327,6932
5327,18594
5327,20296
5332,5227
5332,13744
5332,20229
5332,22823
5335,2848
5335,10382
5335,11328
5350,7175
5355,2175
5355,11194
5355,21113
5357,4131
5357,19156
5357,24627
5364,4577
5364,11498
5364,13000
5367,12374
5367,19488
5367,20181
5368,5386
5368,20297
5368,20471
5368,22148
5370,1488
5370,10443
5371,4472
5371,17902
5371,24409
5377,7140
5377,16347
5377,18455
5380,14264
5380,19170
5380,21166
5395,6380
5395,13224
5395,19413
5400,19217
5403,7656
5403,8571
5403,16736
5405,4070
5405,8938
5405,10777
5405,21461
5405,21999
5413,10443
5413,20929
5414,5455
5414,10670
5414,13022
5415,6180
5415,8011
5415,14449
5417,6581
5417,11757
5418,668
5418,5357
5418,16651
5418,16783
5422,13256
5422,18690
5422,21070
5423,4691
5423,5443
5427,6622
5427,12195
5427,16683
5430,6148
5430,20228
5430,20737
5431,7426
5431,12691
5431,17057
5432,4073
5432,19488
5432,20905
5434,4556
5434,5881
5434,16744
5434,23728
5434,23901
5436,3084
5436,10933
5436,17131
5436,17145
5436,17210
5437,4691
5437,9639
5437,18051
5438,8025
5438,12260
5440,1182
5440,3353
5440,24223
5441,455
5441,2885
5441,8779
5441,14202
5442,4415
5442,19782
5442,23323
5443,674
5443,17884
5443,20532
5444,1059
5444,10984
5444,24196
5445,8213
5445,22972
5445,23670
5447,3461
5447,6423
5447,7860
5447,19223
5449,10977
5449,15370
5449,18891
5450,5232
5450,12514
5450,14497
5450,18455
5450,18830
5450,20180
5452,4263
5452,9235
5452,10409
5452,17306
5452,20046
5452,22642
5453,2782
5453,5523
5453,6690
5453,20134
5453,22835
5453,24658
5456,785
5456,5970
5456,11977
5456,13613
5456,18402
5456,23063
5457,801
5457,6952
5457,8523
5457,23759
5457,23763
5458,5416
5458,14880
5458,14932
5460,7393
5460,11668
5460,23158
5460,24235
5460,24665
5461,6714
5463,2014
5463,10807
5464,929
5464,14630
5464,21716
5466,11414
5466,22434
5467,15120
5467,22822
5467,24262
5468,1148
5468,7172
5468,7656
5468,13759
5470,209
5470,7006
5470,7387
5470,12465
5472,8363
5472,13903
5475,4073
5475,9628
5475,11938
5476,6304
5476,6817
5476,8220
5476,8923
5476,17998
5476,24235
5478,298
5478,4532
5478,14989
5478,15495
5480,6690
5480,10684
5480,12400
5483,8905
5483,10560
5483,18051
5484,2054
5484,3579
5484,10691
5484,14246
5485,5160
5485,6821
5485,7688
5485,12694
5485,18470
5485,23042
5486,17734
5486,18849
5486,21549
5486,24262
5488,4682
5488,9975
5488,22217
5488,23283
5490,6668
5490,10202
5490,14208
5490,19379
5491,10607
5491,10631
5491,11827
5491,19476
5492,19499
5492,23326
5493,11010
5493,12195
5493,14444
5494,6482
5494,9659
5494,11560
5494,19276
5494,19691
5494,22870
5494,23844
5494,24477
5495,3354
5495,14989
5495,16682
5495,19089
5496,17319
5499,918
5499,7546
5499,10715
5499,14473
5499,21354
5500,3706
5500,4844
5500,5378
5500,7032
5500,9950
5500,19293
5502,2027
5502,12457
5502,14527
5503,2514
5503,9297
5503,9316
5503,15366
5505,14449
5505,20502
5505,20929
5506,856
5506,3285
5506,12208
5507,1006
5507,10628
5507,21354
5508,6913
5508,13474
5508,21456
5508,22100
5509,139
5509,1251
5509,3873
5509,8808
5509,16448
5510,3418
5510,9824
5510,10672
5510,23702
5511,8841
5511,17535
5511,19214
5511,23973
5512,9988
5512,17430
5512,20905
5512,24262
5513,11140
5513,16936
5513,17633
5513,19837
5514,15727
5514,16775
5514,20850
5518,5356
5518,12195
5518,21528
5518,22069
5523,8905
5523,15277
5523,19149
5524,5505
5524,24842
5524,17315
5524,22037
5525,1640
5525,3129
5525,4382
5525,7931
5525,11184
5525,13732
5525,19970
5526,2655
5526,5925
5526,12006
5526,12021
5526,17005
5526,22508
5527,4363
5527,10520
5527,11001
5527,13986
5527,21326
5527,21957
5527,24251
5530,6267
5530,6280
5530,6947
5530,13448
5530,15789
5530,19970
5530,20916
5532,14761
5532,21368
5533,10685
5533,16876
5533,20955
5533,23423
5534,3002
5534,11379
5534,14239
5534,24761
5538,2977
5538,22833
5538,24658
5539,14526
5539,21089
5539,21104
5540,4344
5540,8213
5540,13436
5541,16599
5545,3392
5545,7619
5545,12659
5545,21573
5546,10000
5546,16252
5546,21710
5548,12133
5548,13260
5548,13426
5548,21295
5549,1272
5549,11464
5549,12572
5549,14873
5550,425
5550,12547
5550,13878
5550,18143
5550,22592
5552,3946
5552,4424
5552,10686
5553,3370
5553,4608
5553,18090
5554,4417
5554,7172
5554,10684
5555,4399
5555,10963
5555,15370
5555,23478
5557,856
5557,11692
5557,15048
5558,12599
5558,16100
5558,20791
5559,8220
5559,12977
5559,13064
5559,19080
5561,7439
5561,10726
5561,19099
5562,3327
5562,10198
5562,19723
5562,21602
5563,4370
5563,11091
5563,20181
5563,21235
5564,2848
5564,12376
5564,15284
5564,23368
5565,7181
5565,10678
5565,13044
5565,19942
5566,4059
5566,10244
5566,10678
5566,19733
5568,2558
5568,4320
5568,7576
5568,9289
5568,10073
5568,11866
5568,16991
5569,4698
5569,7586
5569,16256
5569,18708
5570,11587
5570,15180
5570,16525
5570,22760
5571,2956
5571,4320
5571,6720
5571,20475
5572,13676
5572,18359
5578,2453
5578,3804
5578,19878
5578,23236
5579,15073
5579,17685
5581,4768
5581,14423
5581,17569
5581,24635
5582,1631
5582,2605
5582,11668
5582,20793
5583,1525
5583,3209
5583,16173
5583,17232
5584,723
5584,3423
5584,14449
5584,20053
5584,22624
5585,7569
5585,16863
5587,569
5587,1438
5587,17554
5587,24494
5589,7770
5589,9502
5589,12005
5589,15278
5589,20625
5591,733
5591,7829
5591,8817
5591,11872
5592,10622
5592,17426
5592,24223
5592,24665
5593,11617
5593,12888
5593,15707
5593,18053
5597,1177
5597,6689
5597,9131
5597,10988
5598,1644
5598,3423
5598,3637
5598,4033
5598,4420
5598,6143
5598,6978
5598,11011
5598,16257
5598,20336
5598,23062
5601,12173
5601,23403
5601,24253
5603,2847
5603,3448
5603,6798
5603,7944
5603,9180
5603,10571
5603,10681
5603,12827
5603,23129
5604,3508
5605,1280
5605,9092
5605,9742
5606,1706
5606,8059
5606,18501
5609,4625
5609,15128
5609,15902
5609,16489
5611,1471
5611,3937
5611,18559
5611,21046
5612,2350
5612,10318
5612,11930
5612,12198
5613,298
5613,4902
5613,16168
5613,21334
5615,5504
5615,5790
5616,4181
5616,4382
5616,13744
5619,4540
5619,13759
5619,20229
5619,23715
5621,4658
5621,12055
5621,16616
5621,21391
5622,8808
5622,9002
5622,11578
5622,24778
5623,2638
5623,4420
5623,5897
5623,10161
5624,18918
5625,3958
5625,7006
5625,10511
5625,17672
5626,4181
5626,14750
5626,16736
5626,18259
5627,2232
5627,10232
5627,10954
5627,12834
5627,15789
5628,15703
5632,525
5632,3472
5632,6296
5632,12513
5632,23302
5633,4667
5633,6572
5633,21932
5634,199
5634,1487
5634,10307
5634,14262
5637,7525
5637,13759
5638,7172
5638,15789
5638,17073
5638,20533
5640,2688
5640,6402
5640,20612
5641,2884
5641,5072
5641,7273
5641,12552
5641,13253
5641,13455
5641,20143
5642,23942
5643,139
5643,13198
5643,16511
5643,16521
5643,18797
5643,22287
5645,8074
5645,9347
5645,11168
5645,12789
5646,7081
5646,11160
5646,19009
5646,24356
5647,6626
5647,8579
5647,12305
5647,14401
5647,14896
5647,17934
5647,18636
5647,19435
5650,6120
5650,7546
5650,23277
5650,23670
5651,662
5651,4073
5651,16252
5651,18451
5651,24176
5652,17853
5653,4415
5653,6978
5653,16991
5653,18459
5654,20337
5655,11
5655,17001
5655,21139
5655,21456
5656,15857
5656,17138
5656,21454
5658,1390
5658,7269
5658,9788
5658,15986
5658,19893
5658,20852
5659,13133
5660,17467
5660,24603
5661,5860
5661,15952
5661,16527
5661,18460
5662,10216
5662,15034
5662,15232
5662,22734
5663,31
5663,2662
5663,2956
5663,6094
5663,11843
5663,22822
5664,11008
5664,12551
5664,15811
5664,22337
5665,7250
5665,15228
5665,17415
5665,24025
5666,322
5666,3584
5666,3908
5666,15850
5667,6575
5667,11578
5667,14655
5667,15310
5667,16149
5669,318
5669,1985
5669,2002
5669,11883
5669,22112
5670,10778
5670,11762
5670,17043
5672,4868
5672,10628
5672,11585
5672,14096
5673,6103
5673,11762
5674,4699
5674,7006
5674,20180
5674,21781
5675,191
5676,8106
5676,20096
5677,17214
5677,22721
5678,4669
5678,10392
5681,1701
5681,4472
5681,8296
5681,12141
5681,15731
5681,16683
5681,17415
5681,23323
5682,5908
5682,10083
5683,2202
5683,5372
5683,10829
5683,18053
5683,20783
5686,1730
5686,1873
5686,18830
5686,24776
5687,350
5688,7140
5688,8575
5688,12618
5688,16252
5688,23052
5689,3905
5689,8016
5689,15528
5689,16621
5691,2910
5691,24401
5691,24414
5691,24558
5692,13057
5692,20704
5693,2638
5693,2885
5693,11938
5693,23967
5694,1801
5694,2595
5694,12374
5694,19499
5696,1487
5696,6932
5696,7267
5696,19647
5697,6214
5697,20169
5697,24678
5699,7789
5699,23837
5701,13438
5701,18451
5701,18896
5701,24355
5702,3051
5702,3472
5702,4897
5703,6474
5703,16742
5704,16599
5704,22287
5704,23403
5705,8788
5705,11088
5705,23407
5705,23538
5706,504
5706,572
5706,4420
5706,12526
5709,12414
5709,23057
5711,6798
5711,11091
5711,19499
5712,10687
5712,24235
5712,24665
5714,3629
5714,10995
5714,11569
5715,3952
5715,4289
5715,14999
5715,18896
5716,6760
5716,8690
5716,15593
5716,16139
5717,1592
5717,2821
5717,6579
5717,18690
5718,12572
5718,16139
5718,20229
5718,21104
5719,12618
5719,12958
5719,13143
5719,13845
5719,14371
5720,1644
5720,4641
5720,13669
5721,8018
5721,14697
5721,19138
5721,22497
5723,3796
5723,6167
5723,12081
5723,17084
5723,24209
5724,6418
5724,9692
5724,11832
5724,14977
5724,19733
5725,2040
5725,3448
5725,4670
5725,6388
5725,10686
5725,10802
5725,11272
5725,14444
5725,19617
5725,22580
5725,22929
5727,9870
5727,11160
5727,16538
5727,23524
5728,2527
5728,3119
5728,5828
5728,5973
5728,13730
5728,13753
5728,23277
5730,2699
5730,8059
5730,8558
5730,10783
5730,15731
5732,12141
5732,16874
5734,14096
5734,17073
5737,2140
5737,21366
5737,23310
5738,5673
5739,8905
5739,21681
5739,23323
5741,3893
5741,4235
5741,4634
5741,4848
5741,10201
5741,23421
5742,8391
5742,8480
5742,12884
5742,23072
5743,1963
5743,12656
5743,14120
5746,11272
5746,13807
5746,24415
5747,16845
5747,18535
5747,20061
5747,20130
5747,22770
5748,10909
5748,13874
5748,17726
5749,11194
5749,11492
5749,22240
5749,24265
5750,10948
5750,11912
5750,15555
5750,18830
5751,9874
5751,10378
5751,13631
5751,14726
5752,17182
5752,24166
5754,2125
5754,19462
5755,2977
5755,4585
5755,11822
5755,16511
5756,12515
5756,22058
5756,23086
5756,24676
5757,3448
5757,9323
5757,21781
5759,2954
5759,10306
5759,11561
5759,21815
5760,3119
5760,6143
5760,18459
5760,24783
5761,3893
5761,7917
5761,11441
5761,15489
5761,24053
5762,6307
5762,14382
5763,4073
5763,4417
5763,10961
5764,3370
5764,19960
5764,22497
5764,23178
5766,7006
5766,7010
5766,12209
5766,24658
5767,16993
5767,17165
5767,21774
5769,1155
5769,11181
5769,11479
5769,19208
5770,7509
5770,12574
5770,14879
5770,20566
5771,2141
5771,6200
5771,9248
5771,10340
5771,14497
5772,8663
5772,10427
5772,15540
5772,21124
5773,6259
5774,12908
5774,14288
5774,18455
5775,1105
5775,1644
5775,10223
5775,16845
5778,6950
5778,8542
5778,11010
5778,16359
5779,3005
5779,9783
5779,13997
5779,19147
5782,1415
5782,1995
5782,16902
5782,20728
5783,7276
5783,7668
5783,14749
5783,18891
5786,1155
5786,4830
5786,11730
5786,12672
5786,16248
5787,2857
5787,15492
5787,17165
5787,22068
5789,199
5789,1487
5789,13441
5790,3448
5790,7172
5790,8261
5790,10872
5790,12141
5790,18228
5790,18830
5790,19313
5791,1621
5791,1644
5791,3392
5791,19762
5792,10404
5792,16360
5795,4396
5795,8976
5795,17776
5795,22912
5797,2093
5797,11951
5797,20065
5797,21177
5799,9446
5799,15278
5799,24013
5801,2140
5801,9505
5801,10995
5801,18459
5801,23645
5801,24456
5802,6056
5802,8705
5804,2822
5804,10132
5804,16207
5805,3965
5805,15987
5805,24337
5809,7710
5809,14449
5809,15277
5811,961
5811,3958
5811,9506
5811,14262
5812,11692
5812,16252
5812,18083
5812,24658
5813,211
5813,3624
5813,9053
5813,13957
5814,10358
5814,21531
5814,21968
5815,4157
5815,4405
5815,4408
5815,14726
5815,20433
5817,7480
5817,10625
5817,18752
5817,20949
5820,9348
5820,13441
5820,20859
5825,5872
5825,6809
5825,7128
5825,14824
5827,4658
5827,4897
5827,20914
5827,23366
5827,24360
5829,7525
5829,10407
5829,12564
5831,1398
5831,3573
5831,16513
5831,21507
5834,8928
5834,8855
5834,9679
5834,10792
5834,12729
5834,13905
5837,6781
5837,10788
5837,16238
5837,19490
5837,23670
5845,842
5845,1702
5845,15493
5846,3389
5846,6648
5846,10341
5846,23924
5847,9281
5847,11735
5847,24289
5848,6950
5848,8476
5848,12036
5849,8992
5849,9504
5849,9518
5849,23322
5850,1224
5850,4250
5850,11871
5850,23924
5852,335
5852,3408
5852,19946
5852,24770
5853,232
5853,3876
5853,13642
5853,19513
5853,21312
5856,2805
5856,8220
5856,9027
5858,1203
5858,1311
5858,13902
5858,23432
5859,3958
5859,4658
5859,15807
5859,19208
5864,3439
5864,6148
5864,17571
5866,12618
5866,13871
5866,20061
5869,6978
5869,14062
5869,19682
5869,23239
5870,5129
5870,14989
5870,20643
5870,22987
5871,7631
5871,7944
5871,12370
5871,13387
5871,21343
5872,883
5872,13782
5873,10040
5873,10520
5873,11668
5873,21139
5877,1192
5877,1495
5877,10255
5877,10317
5877,24366
5878,3998
5878,6479
5878,24769
5881,5390
5882,11871
5882,16301
5882,18706
5882,18797
5882,20134
5883,5386
5883,9283
5883,10704
5883,12376
5883,17650
5883,19568
5884,2746
5884,6580
5885,10392
5885,23158
5888,31
5888,12374
5888,13198
5888,16249
5894,3119
5894,4436
5894,10068
5894,11010
5894,12462
5894,20180
5895,13744
5895,20229
5895,22823
5896,246
5896,2366
5896,8926
5896,9788
5896,22470
5896,22621
5896,23239
5897,4382
5897,9804
5897,12195
5898,525
5898,4415
5898,5228
5898,9505
5898,9874
5898,12374
5900,1801
5900,5531
5900,9284
5900,21235
5900,23423
5901,15731
5901,16286
5902,1903
5902,13471
5902,19702
5902,24613
5903,7350
5903,8586
5903,22377
5905,3
5905,776
5905,5538
5905,13045
5905,20170
5906,6495
5906,22668
5907,2616
5907,3107
5907,10345
5907,19682
5907,19970
5907,20916
5907,21239
5911,4637
5911,7249
5911,12216
5911,19607
5912,6388
5912,10802
5912,21242
5914,7003
5914,7770
5914,10399
5914,15073
5915,4157
5915,7338
5915,13714
5915,18459
5915,21890
5916,900
5916,1541
5916,20336
5917,2847
5917,14062
5917,18429
5917,18460
5917,20997
5918,8213
5918,10948
5918,11834
5918,24666
5919,3448
5919,3976
5919,19733
5919,23967
5921,6143
5921,8476
5921,11194
5928,461
5928,7940
5928,8261
5928,9795
5930,4667
5930,21665
5931,912
5931,8385
5931,14726
5931,15859
5931,15990
5932,434
5932,455
5932,4658
5934,1488
5934,8746
5934,9602
5934,13306
5934,15955
5934,19923
5936,7290
5936,9835
5936,10809
5937,200
5937,2456
5937,13070
5937,21456
5938,4417
5938,24838
5938,10635
5938,10993
5938,11199
5938,11569
5938,15853
5941,5243
5941,7403
5941,9654
5941,11683
5941,15093
5941,22012
5942,19970
5942,20502
5942,23302
5942,24193
5943,2558
5943,3102
5943,3139
5943,4637
5943,10030
5943,10345
5943,11777
5943,14661
5943,24229
5944,1155
5944,8263
5944,13744
5944,20911
5944,23938
5945,7656
5945,17649
5945,18334
5945,23328
5946,503
5946,9780
5946,10684
5946,11767
5946,14371
5946,16299
5946,16457
5946,16541
5946,18891
5947,4577
5947,6446
5947,10453
5947,13392
5947,14332
5947,20987
5948,1059
5948,1701
5948,6720
5948,9289
5948,9505
5948,20643
5948,20793
5949,2398
5949,2769
5949,2886
5949,12248
5949,13849
5949,15742
5949,23309
5950,10621
5953,7944
5953,8969
5953,11757
5953,16174
5954,2884
5954,15284
5954,16745
5954,23301
5958,7488
5958,15896
5960,4399
5960,19917
5960,21131
5960,23346
5961,1810
5961,7269
5961,8623
5961,12173
5961,16845
5961,17997
5961,20228
5961,20703
5961,21343
5964,4356
5964,4532
5964,6180
5964,19762
5965,2880
5965,4801
5965,7581
5965,23071
5968,2476
5968,3976
5968,10928
5968,13844
5968,15857
5968,20643
5971,735
5971,5747
5972,4942
5972,5529
5972,6135
5972,16852
5973,9838
5973,11199
5973,16452
5973,18143
5975,2040
5975,6772
5975,7917
5975,11806
5975,11871
5977,8347
5977,11091
5977,19149
5978,24193
5979,4224
5979,4740
5979,18842
5979,20126
5980,3876
5980,10448
5980,12522
5980,20001
5980,20124
5981,4320
5981,6978
5981,7269
5981,8476
5981,9505
5981,13000
5981,17649
5981,19960
5981,23715
5982,4829
5982,10686
5982,11011
5982,16691
5982,17997
5985,1123
5985,14630
5985,16487
5985,18357
5985,18369
5985,18540
5985,18589
5985,19537
5985,21715
5985,21717
5986,17018
5986,23350
5986,23552
5987,4513
5987,10667
5987,22580
5989,6791
5991,1108
5991,2318
5991,2326
5991,3803
5991,24421
5991,24618
5992,11778
5992,17945
5992,22904
5994,2847
5994,4173
5994,10681
5994,13032
5996,1050
5996,10622
5996,11682
5996,16541
5997,1454
5997,9094
5997,12755
5997,17059
5997,17857
5997,21202
5997,23725
6000,3976
6000,4073
6000,12374
6000,20471
6003,3392
6003,4156
6003,7323
6003,10906
6003,11736
6003,11976
6003,12606
6003,13991
6003,14751
6003,21188
6004,3448
6004,10189
6005,855
6005,7273
6005,24013
6006,5845
6006,9773
6006,12182
6006,12513
6006,17180
6006,18220
6006,20289
6007,3210
6007,10345
6007,11187
6007,21113
6008,20066
6008,20752
6008,22625
6009,807
6009,1869
6009,8220
6009,10203
6009,15014
6009,15496
6009,17544
6009,18678
6015,2664
6015,3928
6015,6385
6015,11481
6015,12122
6015,15006
6015,15051
6015,15417
6015,17237
6015,19816
6016,1755
6016,5228
6016,9970
6016,10252
6016,12189
6016,12730
6016,13378
6016,13892
6016,17515
6016,19915
6018,722
6018,3064
6018,7694
6018,11188
6018,12238
6018,15742
6018,18347
6018,20774
6021,6622
6021,11899
6021,19538
6021,22497
6022,11994
6022,12635
6022,17161
6022,21156
6023,10867
6023,13287
6023,15631
6023,19558
6023,23299
6024,4955
6024,5537
6024,8647
6024,9139
6024,14327
6024,19800
6024,22983
6025,2848
6025,7656
6025,9604
6025,17945
6025,22108
6029,5205
6029,5750
6029,6689
6029,10625
6029,10650
6029,11861
6029,12469
6029,13949
6029,21340
6029,24282
6030,6180
6030,16241
6030,16624
6030,18083
6032,842
6032,1059
6032,2232
6032,9890
6032,10678
6032,11485
6032,15859
6032,16644
6032,16688
6032,21545
6033,2127
6038,5036
6038,5104
6038,5351
6038,23778
6039,2019
6039,4897
6039,6402
6039,9835
6039,18259
6039,22915
6040,2035
6040,6052
6040,11969
6040,17823
6040,20553
6042,4909
6042,7436
6042,9861
6042,16106
6042,16107
6042,16238
6042,21745
6042,22663
6042,23403
6042,23497
6045,10340
6045,17001
6045,17138
6045,19499
6047,9733
6047,9934
6047,13875
6047,14976
6049,3520
6049,4790
6049,12411
6049,12921
6049,13118
6049,18421
6049,20341
6049,21356
6049,23712
6049,24362
6052,8562
6052,21089
6053,585
6053,855
6053,1730
6053,4532
6053,7044
6053,18415
6053,23206
6056,1562
6056,4783
6056,8643
6056,14787
6056,17627
6056,17863
6056,18316
6056,18649
6056,19534
6056,20507
6057,5262
6057,6572
6058,2128
6058,10340
6058,19483
6058,21386
6058,23805
6059,98
6059,5871
6059,7650
6059,8992
6059,12291
6059,12676
6059,16731
6059,16768
6059,17440
6059,20386
6060,455
6060,10345
6060,10740
6060,11329
6060,15074
6060,16111
6060,16759
6060,18459
6060,22284
6060,22287
6061,11359
6061,13631
6061,23206
6063,8673
6063,17672
6063,18891
6063,23213
6064,6679
6064,24003
6067,12246
6067,22784
6067,23647
6067,24810
6068,146
6068,533
6068,1495
6068,5491
6068,5608
6068,8418
6068,11497
6068,13159
6068,13570
6068,13750
6068,17202
6068,23352
6069,4532
6069,7200
6069,10489
6069,13167
6069,13193
6069,13267
6069,17037
6069,17963
6069,21683
6069,22659
6070,382
6070,2289
6070,4395
6070,6084
6070,14118
6070,14444
6070,16319
6070,22904
6070,24370
6072,1133
6072,1831
6072,2038
6072,2158
6072,2360
6072,6866
6072,7695
6072,10337
6072,14385
6072,21229
6073,2409
6073,4404
6073,5175
6073,8121
6073,12941
6073,18593
6073,20919
6073,21213
6073,21807
6073,21980
6074,24
6074,1505
6074,2143
6074,8476
6074,17415
6074,20191
6075,12539
6075,18760
6076,3958
6076,7269
6076,18051
6076,20737
6077,4408
6077,6034
6077,11230
6077,17231
6077,21557
6078,1338
6078,5433
6078,5859
6078,10382
6078,11870
6078,15853
6078,19128
6079,24835
6079,5408
6079,7158
6079,9749
6079,12121
6079,15166
6079,15652
6079,19020
6079,19597
6079,21937
6083,292
6083,2041
6083,3448
6083,3537
6083,4073
6083,5184
6083,6622
6083,7099
6083,15041
6083,19688
6083,19692
6084,1808
6084,2759
6084,4243
6084,14473
6084,14545
6084,15376
6084,19732
6084,23423
6086,2817
6086,8387
6086,10750
6086,11716
6086,12424
6087,6268
6087,10210
6087,16336
6087,21058
6087,24292
6088,3119
6088,7586
6088,20703
6089,3174
6089,7394
6089,12622
6089,13578
6089,13948
6089,23815
6092,781
6092,1955
6092,7370
6092,10052
6092,15319
6092,15780
6092,19786
6092,22312
6092,23263
6092,24282
6094,7937
6094,10910
6094,12007
6094,12514
6097,446
6097,6652
6097,8458
6097,18820
6097,22240
6097,23086
6098,6982
6098,10519
6098,11226
6098,14839
6098,21685
6099,1509
6099,6841
6101,3130
6101,4981
6101,14488
6101,16148
6101,16922
6101,21966
6102,778
6102,842
6102,2895
6102,3031
6102,12618
6102,16644
6102,22319
6103,1644
6103,3211
6103,3370
6103,4359
6103,10074
6103,12523
6103,17997
6103,19970
6103,20235
6103,20882
6103,21681
6103,22108
6103,22497
6103,22915
6104,10382
6104,20508
6104,23969
6105,1191
6105,1361
6105,1426
6105,2176
6105,8021
6105,13066
6105,16588
6105,17510
6105,21505
6105,23013
6106,481
6106,1300
6106,4045
6106,4638
6106,9002
6106,9130
6106,14921
6106,18069
6106,20724
6106,22616
6107,3593
6107,6562
6107,11552
6107,14636
6107,15353
6107,17876
6107,17932
6107,21104
6107,21639
6107,24181
6108,723
6108,1338
6108,4899
6108,8011
6108,8984
6108,9468
6108,10622
6108,11935
6108,16359
6108,16828
6108,18935
6109,1105
6109,2944
6109,5735
6109,7456
6109,10880
6109,11159
6109,12462
6109,13408
6109,14025
6109,19463
6111,2159
6111,4173
6111,13126
6111,14605
6111,21841
6112,8295
6112,10602
6112,11741
6112,18819
6112,20343
6112,21883
6112,24307
6114,2570
6114,10704
6114,18387
6114,19488
6118,3185
6118,4457
6118,6792
6118,7159
6118,8581
6118,10974
6118,14832
6118,18244
6120,2497
6120,3951
6120,6104
6120,7291
6120,7471
6120,7681
6120,10803
6120,13759
6120,23994
6120,24533
6121,1338
6121,16538
6121,17415
6121,18143
6121,18387
6121,23302
6121,24807
6122,3435
6122,6050
6122,10908
6122,12398
6122,13290
6122,15591
6122,16443
6122,18728
6122,21669
6122,23485
6125,1702
6125,4898
6125,5675
6125,7172
6125,13758
6125,22267
6126,4740
6126,6143
6126,9248
6126,13554
6126,24658
6127,2039
6127,6292
6127,7024
6127,14321
6127,15686
6127,16575
6127,18720
6128,323
6128,1277
6128,8891
6128,10260
6128,18346
6128,19399
6128,23245
6130,10122
6130,16252
6130,16874
6130,19782
6130,20916
6130,21131
6130,23654
6131,6622
6131,15857
6134,1059
6134,6267
6134,13022
6134,20180
6134,23478
6136,12977
6136,13520
6136,14473
6136,18484
6136,20096
6139,12492
6139,17541
6139,18113
6139,18405
6139,19955
6139,21090
6139,22516
6141,232
6141,3049
6141,5455
6141,13177
6142,2625
6142,7994
6142,9695
6142,18275
6142,19005
6142,24308
6143,6441
6143,8905
6143,8916
6143,20181
6145,4520
6145,13548
6145,17036
6145,17337
6145,18654
6145,19259
6145,21360
6145,23580
6146,2149
6146,3678
6146,16064
6146,19503
6147,1458
6147,3818
6147,4712
6147,7777
6147,9514
6147,9713
6147,13890
6147,14761
6147,15966
6147,16138
6148,4370
6148,5897
6148,10340
6148,16874
6148,19682
6148,22217
6148,24337
6149,723
6149,11470
6149,12514
6149,18514
6149,22288
6150,13721
6150,19575
6150,20031
6151,1336
6151,1992
6151,6913
6151,14795
6151,17742
6151,18034
6151,21386
6153,2000
6153,8045
6153,13227
6153,17034
6153,17082
6153,17104
6153,17993
6153,20609
6153,23225
6153,23844
6154,232
6154,1106
6154,2530
6154,6169
6154,8289
6154,8421
6154,14074
6154,14245
6154,14614
6154,15048
6155,5078
6155,5668
6155,13392
6155,20771
6156,866
6156,6828
6156,11955
6156,13342
6156,17377
6156,19982
6156,22317
6156,23472
6157,9152
6157,11664
6157,22528
6158,3703
6158,10635
6158,11569
6158,14332
6158,23239
6163,2652
6163,4415
6163,24685
6163,24783
6165,1498
6165,4289
6165,8838
6165,14685
6165,18474
6165,20566
6165,21959
6165,22026
6165,22404
6165,23984
6166,1774
6166,3721
6166,10742
6166,12958
6166,13078
6166,13921
6166,24227
6167,24
6167,704
6167,5690
6167,7361
6167,8265
6167,14453
6167,17850
6167,17965
6167,18387
6167,24467
6168,154
6168,8808
6168,16912
6168,17035
6168,18759
6170,7864
6170,8779
6170,12514
6170,14527
6170,16644
6170,17783
6170,18130
6172,3119
6172,6690
6172,24665
6173,1985
6173,2210
6173,7525
6173,12526
6173,21305
6173,24129
6173,24393
6174,1059
6174,2790
6174,4897
6174,12195
6175,6622
6175,16993
6175,18910
6175,23961
6176,4232
6176,8941
6176,9384
6176,9638
6176,9784
6176,19709
6176,19831
6176,24425
6176,24509
6177,270
6177,12471
6178,2331
6178,2444
6178,10545
6178,12443
6178,13661
6178,16716
6178,17960
6178,23711
6178,23935
6179,4374
6179,5745
6179,6303
6179,8663
6179,9833
6179,10173
6179,13771
6179,20796
6179,22038
6179,24253
6179,24809
6180,1877
6180,4800
6180,5843
6180,11710
6180,13013
6180,17874
6180,18930
6180,23595
6180,23642
6182,4942
6182,5647
6182,9874
6182,11160
6182,15841
6182,17537
6182,16683
6182,16783
6182,17415
6182,24360
6184,1338
6184,3342
6184,4844
6185,520
6185,723
6185,3370
6185,5501
6185,7081
6185,9396
6185,10678
6185,12453
6185,18715
6185,21685
6185,23251
6186,1931
6186,6049
6186,10734
6186,12519
6186,18155
6186,18514
6187,912
6187,7450
6187,7543
6187,8159
6187,16044
6187,16463
6187,17331
6187,17998
6187,18004
6189,11093
6191,780
6191,1154
6191,4761
6191,7931
6191,11322
6191,17775
6193,57
6193,18588
6193,20518
6193,23967
6197,778
6197,5546
6197,10345
6197,21058
6198,1901
6198,7773
6198,11569
6198,22904
6200,17444
6203,5078
6203,5540
6203,7276
6203,10340
6203,10715
6203,11938
6203,16688
6203,17193
6203,18891
6203,21456
6204,5595
6204,12384
6204,14650
6204,16597
6206,1886
6206,4287
6206,5035
6206,7552
6206,8851
6206,12942
6206,20865
6206,22513
6206,23250
6211,1155
6211,1836
6211,4638
6211,6270
6211,9155
6211,9323
6211,16874
6211,20001
6211,20643
6213,3769
6213,4728
6213,7276
6213,8326
6213,8450
6213,9883
6213,13082
6213,14371
6213,22645
6217,1106
6217,6932
6217,10478
6217,16455
6217,18265
6218,2886
6218,11730
6218,22284
6221,4611
6221,8347
6221,22899
6221,23811
6222,3107
6222,5488
6222,5860
6222,7120
6222,7712
6222,10294
6222,14997
6222,16238
6222,17233
6223,1
6223,5910
6223,7223
6223,8105
6223,22497
6223,24360
6225,3027
6225,5514
6225,5783
6226,3593
6226,8347
6226,20911
6226,21058
6226,23086
6229,1873
6229,3754
6229,3800
6229,4002
6229,10707
6229,14763
6229,18974
6229,19009
6229,19010
6229,19711
6230,3941
6230,7284
6230,15264
6230,16566
6230,17372
6230,17756
6230,22031
6230,22473
6230,22535
6230,24625
6232,10686
6233,139
6233,7222
6233,11015
6233,13730
6233,17541
6233,24776
6234,5294
6234,6094
6234,10510
6234,15896
6234,16541
6234,16805
6234,16853
6234,21010
6234,22079
6234,22771
6236,4073
6236,8253
6236,10434
6236,10453
6236,10635
6236,15278
6236,19970
6238,434
6238,13745
6238,22287
6239,13436
6240,2027
6240,2476
6240,3486
6240,9289
6240,10294
6240,11866
6240,20673
6240,23368
6240,24282
6241,2391
6241,4047
6241,8690
6241,11164
6241,20510
6241,21226
6241,21775
6241,23156
6243,13465
6243,21594
6244,1634
6244,4336
6244,9695
6244,10371
6244,14438
6244,16196
6244,16227
6244,21815
6244,22288
6244,22724
6245,961
6245,1050
6245,1689
6245,14446
6245,16394
6245,20113
6245,20914
6245,22287
6245,23423
6247,334
6247,8217
6247,12105
6247,12331
6247,16688
6248,3004
6248,8575
6248,10436
6248,10774
6248,10878
6248,13381
6248,17908
6248,19973
6248,22272
6249,347
6249,1981
6249,4042
6249,13426
6249,16564
6249,16651
6249,18344
6250,199
6250,4420
6250,5913
6250,13441
6251,7005
6251,11843
6251,17172
6251,20180
6252,4151
6252,4157
6252,9639
6252,20070
6253,3210
6253,6932
6253,15034
6253,16177
6253,18292
6253,18910
6253,23055
6253,23971
6254,2434
6254,3668
6254,8371
6254,8426
6254,10318
6254,12004
6254,12549
6254,20030
6254,20451
6254,24675
6255,11541
6255,15863
6255,16357
6255,17302
6255,18547
6255,19698
6256,3421
6256,3671
6256,5624
6256,7383
6256,24025
6256,24140
6257,743
6257,1709
6257,1759
6257,14011
6257,14020
6257,15254
6257,18375
6257,22526
6257,23033
6258,211
6258,7691
6258,9039
6258,9057
6258,13272
6258,14173
6258,20944
6259,330
6259,593
6259,6941
6259,7493
6259,8195
6259,12422
6259,12450
6259,14069
6259,15431
6259,20408
6262,16394
6262,18842
6262,20737
6262,20987
6263,5643
6263,5989
6263,20935
6263,23131
6266,1730
6266,5603
6266,13745
6266,16177
6270,13759
6270,20703
6270,24040
6271,10867
6271,13404
6271,16065
6271,20737
6272,1801
6272,3448
6272,3976
6272,9284
6272,11778
6272,16065
6273,1913
6274,14497
6274,18786
6274,20429
6274,23842
6276,525
6276,3021
6276,3938
6276,14848
6276,16886
6276,19138
6276,20854
6277,322
6277,5660
6277,11838
6277,12978
6277,15232
6277,20869
6277,21529
6277,21602
6278,9460
6278,14859
6278,17004
6278,24499
6282,347
6282,5002
6282,8018
6282,8574
6282,21131
6282,24196
6283,842
6283,2232
6283,2834
6283,11880
6284,9505
6284,22751
6284,24257
6287,9029
6287,10759
6287,13133
6287,17852
6289,2855
6289,6148
6289,6792
6289,8083
6289,15857
6289,18935
6291,27
6291,14359
6291,17512
6291,20304
6291,20929
6291,22279
6291,24390
6292,1253
6292,4479
6292,5306
6292,5466
6292,7129
6292,9870
6292,12920
6292,16828
6292,21562
6296,10324
6296,14605
6296,18251
6298,1304
6298,3004
6298,3354
6298,11002
6298,13844
6298,16025
6298,17161
6298,21487
6300,729
6300,3170
6300,14749
6300,17775
6301,6690
6301,7267
6301,10687
6301,10977
6303,847
6303,11498
6303,16174
6303,21562
6304,649
6304,10506
6304,10647
6304,17202
6304,18114
6304,19533
6304,20518
6304,22241
6304,22897
6305,733
6305,6087
6305,8078
6305,8343
6305,10878
6305,13299
6305,13921
6305,16917
6305,17998
6305,20113
6307,139
6307,1059
6307,4405
6307,9029
6307,10340
6307,12618
6307,19138
6307,20228
6307,21577
6307,24196
6308,1385
6308,12069
6308,12623
6308,16059
6308,16833
6308,18827
6308,18940
6308,20200
6309,3752
6310,7140
6310,18891
6315,2595
6315,3898
6315,13206
6315,17751
6315,20471
6316,3241
6316,8448
6316,10309
6316,10528
6316,10989
6316,11419
6316,13378
6316,20045
6317,18279
6317,23730
6319,2175
6319,6180
6319,9970
6319,10434
6319,12187
6319,14351
6319,15034
6319,16256
6319,20423
6320,31
6320,4320
6320,4641
6320,11329
6321,475
6321,5125
6321,5872
6321,7917
6321,11692
6321,14302
6321,14473
6321,16538
6321,18524
6321,20296
6321,22915
6321,23811
6322,8296
6322,9130
6322,14444
6326,10447
6326,10938
6326,13481
6326,14527
6326,20243
6328,1644
6328,10232
6328,10687
6328,18459
6328,20429
6328,23094
6331,4523
6331,5306
6331,12182
6331,17215
6332,604
6332,3354
6332,8047
6332,11722
6332,12770
6332,13439
6332,13922
6332,15099
6332,19582
6332,22163
6334,2703
6334,4255
6334,5129
6334,9548
6334,11406
6334,19410
6334,23456
6334,24769
6336,15955
6336,17985
6336,20502
6336,21840
6339,397
6339,1191
6339,2428
6339,11559
6339,17955
6339,21563
6340,4691
6340,7338
6340,11328
6340,19733
6345,7525
6345,11931
6345,18841
6345,21386
6346,359
6346,605
6346,1484
6346,6658
6346,8227
6346,13681
6346,15190
6346,16743
6346,21753
6346,22067
6347,9165
6347,14451
6347,14871
6347,17910
6347,24727
6349,12922
6349,18259
6349,18805
6349,19488
6349,19548
6350,1177
6350,11718
6350,12235
6350,13730
6350,15382
6350,15990
6357,8087
6357,8412
6357,11763
6357,18867
6357,20069
6363,3541
6363,6660
6363,6728
6363,8141
6363,8124
6363,17535
6363,17206
6363,18046
6363,20387
6363,21584
6365,3051
6365,12079
6365,12908
6365,13001
6365,23961
6366,6798
6366,11692
6366,12369
6366,15986
6366,19208
6367,829
6367,14740
6367,19089
6368,7081
6368,12207
6368,20533
6368,21239
6370,3709
6370,6478
6370,12904
6370,23312
6373,9855
6373,11610
6373,22890
6373,23144
6377,3148
6377,21259
6378,1367
6378,1551
6378,2436
6378,14261
6378,14553
6378,18786
6378,20518
6378,22291
6378,23652
6379,2880
6379,11746
6379,13404
6379,19692
6379,20183
6379,20228
6379,21615
6379,23226
6382,6277
6382,11694
6382,16991
6382,20180
6382,23403
6383,24102
6384,3958
6384,10345
6384,12448
6384,23423
6386,10654
6386,10928
6386,11504
6386,13260
6386,16538
6386,18523
6386,20914
6386,22857
6386,24289
6389,3903
6389,5002
6389,5232
6389,5995
6389,6106
6389,11987
6389,23599
6394,9505
6394,10223
6394,16538
6394,24013
6395,4382
6395,5378
6395,18459
6396,7198
6396,8916
6396,11598
6396,12187
6396,15841
6396,18594
6396,19301
6396,23177
6401,139
6401,4537
6401,6167
6401,6368
6401,11317
6401,18935
6401,22806
6401,23096
6401,23571
6402,1631
6402,2834
6402,17852
6402,24236
6403,3354
6403,8666
6403,9900
6403,11081
6403,12141
6403,12514
6403,14609
6403,20108
6403,21235
6403,23442
6404,20236
6407,1957
6407,8787
6407,20020
6407,20360
6411,1096
6411,2861
6411,12436
6411,17981
6411,24370
6416,200
6416,1182
6416,3965
6416,4760
6416,10520
6416,11187
6416,16025
6416,19970
6417,195
6417,1175
6417,18842
6417,18891
6417,20854
6417,22799
6419,8564
6419,13299
6419,16039
6419,18783
6419,19149
6419,22250
6420,475
6420,11868
6420,12627
6420,15370
6420,19949
6421,2631
6421,7196
6421,10532
6421,11860
6421,12530
6421,15283
6421,20295
6423,8404
6423,21010
6425,11079
6427,2880
6427,18842
6427,23367
6427,24658
6428,10196
6428,14074
6428,18490
6428,22388
6428,23277
6429,1810
6429,2570
6429,8347
6429,12672
6433,1079
6433,1776
6433,16901
6433,24206
6436,2457
6436,2458
6436,3958
6436,23322
6437,1176
6437,2322
6437,13226
6437,13402
6437,14878
6437,14919
6437,14967
6437,19469
6437,20632
6437,21137
6438,1727
6438,5508
6438,6899
6438,10009
6438,13006
6438,20569
6442,688
6442,1873
6442,4173
6442,5125
6442,5546
6442,6094
6442,11187
6442,16493
6442,16993
6442,21957
6443,6551
6443,8954
6444,6689
6444,6772
6444,10560
6444,10654
6444,22250
6445,240
6445,1810
6445,7522
6445,10928
6445,11001
6445,12081
6445,21913
6449,2595
6449,5357
6449,5443
6449,5735
6449,7006
6449,11002
6449,16682
6450,803
6450,2652
6450,3107
6450,4306
6450,8261
6450,16736
6450,16781
6450,18830
6450,18842
6450,21131
6452,20235
6457,4320
6457,12514
6459,1
6459,1188
6459,2040
6459,22580
6459,23971
6464,885
6464,2652
6464,3706
6464,5327
6464,5378
6464,17434
6464,19068
6468,4289
6468,12520
6468,14761
6468,16939
6468,23984
6470,120
6470,978
6470,1708
6470,2270
6470,2686
6470,2696
6470,3968
6470,11063
6470,15146
6470,17368
6470,20847
6470,21007
6471,5171
6471,8161
6471,8219
6471,14702
6471,17674
6473,10095
6473,11871
6474,8753
6475,3107
6475,3637
6475,5992
6475,8694
6475,10704
6475,11762
6475,16736
6475,17692
6475,19009
6475,20542
6478,2848
6478,6395
6478,19488
6481,1792
6481,10811
6481,12198
6481,12958
6481,19513
6482,8826
6482,10576
6482,10995
6482,16252
6482,22336
6483,17649
6483,17804
6484,98
6484,2099
6484,8954
6484,9130
6485,5306
6485,18588
6485,24360
6487,13448
6487,16721
6487,17415
6487,20180
6489,6268
6489,10576
6489,12618
6489,14620
6489,17732
6489,19893
6489,21133
6489,23254
6492,11620
6492,17859
6492,23831
6501,6792
6501,14651
6501,24534
6503,1623
6503,5542
6503,8418
6503,9110
6503,21058
6503,23328
6506,8681
6506,17226
6506,23523
6507,13944
6508,2629
6508,7222
6508,8390
6508,9391
6508,18028
6508,22037
6512,240
6512,1801
6512,4382
6512,4611
6512,9639
6512,12937
6512,17707
6512,19692
6512,22148
6512,23326
6515,7616
6515,15254
6515,20628
6515,21681
6515,23127
6516,887
6516,4268
6516,19058
6516,21998
6516,23934
6517,2708
6517,10863
6517,21453
6517,22153
6519,1835
6519,1850
6519,7905
6519,8391
6519,9037
6519,9880
6519,11640
6519,21788
6520,3004
6520,3436
6520,12606
6520,22094
6520,24236
6525,4417
6525,4868
6525,10055
6525,23967
6527,16933
6527,18232
6529,12376
6529,22288
6531,11010
6531,12195
6531,14444
6531,19208
6533,1505
6533,7917
6533,10119
6533,11001
6533,16035
6533,17657
6533,20560
6533,24086
6536,9636
6536,12187
6536,13730
6537,4740
6537,8011
6537,10340
6537,10686
6537,12958
6537,19505
6537,24337
6538,7006
6538,12173
6538,20987
6538,21562
6539,8269
6539,8760
6539,9639
6539,15791
6539,17650
6539,20203
6539,22939
6539,22999
6540,3866
6540,11446
6540,13036
6540,13558
6542,3898
6542,4472
6542,7917
6542,20916
6542,24262
6542,24360
6542,24783
6544,3703
6544,8263
6544,11730
6544,12672
6544,18559
6549,5845
6549,7238
6549,10635
6549,20571
6549,23536
6549,23963
6550,6919
6550,8692
6550,11870
6550,14473
6550,18460
6550,20410
6550,23303
6550,24614
6551,19006
6551,23165
6555,585
6555,1155
6555,3119
6555,4472
6555,11010
6555,11091
6555,14848
6555,20180
6556,472
6556,5682
6556,7984
6556,14035
6556,17015
6557,8923
6557,18910
6558,7273
6558,23322
6560,5993
6560,6932
6560,8746
6560,9602
6560,10398
6560,13306
6560,15955
6560,19923
6560,22228
6560,24295
6562,4042
6562,13070
6562,14004
6562,23125
6562,23670
6563,4527
6563,18891
6563,22287
6563,24235
6564,1155
6564,4417
6564,11479
6564,18459
6564,20471
6564,20950
6564,21235
6567,835
6567,3541
6567,7119
6567,18949
6567,22633
6568,4952
6568,9575
6568,14823
6568,21322
6568,21591
6571,9424
6571,11401
6571,13177
6571,13883
6571,20070
6571,22624
6572,98
6572,2652
6572,4359
6572,6180
6572,7656
6572,12457
6572,12515
6572,12577
6572,16599
6572,20916
6573,455
6573,11899
6573,13436
6573,13547
6573,20180
6573,22580
6574,12629
6574,20701
6574,21240
6574,23729
6575,7770
6575,13759
6575,19568
6575,23329
6576,200
6576,597
6576,2638
6576,8728
6576,11968
6576,13053
6576,13745
6576,18797
6576,18840
6576,22894
6577,5099
6577,7529
6577,10783
6577,11899
6577,11905
6577,11938
6577,13844
6577,14332
6577,15567
6577,16252
6577,20133
6577,22075
6578,4761
6578,8316
6578,12173
6578,13000
6579,712
6579,839
6579,2595
6579,7140
6579,7338
6579,12171
6579,15857
6579,22822
6579,24567
6580,6473
6580,8390
6580,11359
6580,22584
6581,20752
6581,22669
6581,23412
6581,23497
6582,3110
6582,3219
6582,4510
6582,10340
6582,23747
6583,1397
6583,5120
6583,8214
6583,8674
6583,17342
6583,19939
6589,1237
6589,5633
6589,14480
6589,15318
6589,15628
6589,24823
6594,8230
6594,13227
6594,20568
6594,21242
6595,860
6595,3517
6595,14888
6595,21893
6595,22452
6595,22530
6599,6568
6599,14630
6599,20559
6599,23693
6600,964
6600,24666
6601,1313
6601,16773
6601,17357
6601,18851
6601,21193
6601,24411
6602,4415
6602,13198
6602,13335
6602,13419
6604,14531
6604,15170
6604,16092
6604,24530
6606,9628
6606,11762
6606,13436
6606,23125
6607,3210
6607,8170
6607,10875
6607,13022
6607,14449
6607,16394
6607,21104
6607,22235
6607,24223
6610,3210
6610,10332
6610,20508
6610,23805
6611,542
6611,6301
6611,7679
6611,14501
6611,15095
6611,18947
6611,21440
6612,24
6612,2848
6612,17226
6612,24029
6613,6796
6613,16379
6613,24236
6615,10895
6615,20137
6618,1471
6618,17929
6618,22070
6618,22645
6618,23356
6618,23842
6619,5094
6619,6193
6619,6810
6619,20940
6622,16651
6622,17161
6622,24658
6626,4751
6626,18841
6626,21840
6627,12473
6627,16880
6627,19086
6627,19772
6627,19961
6627,20734
6634,912
6634,1044
6634,1789
6634,4151
6634,4417
6634,5064
6634,5709
6634,6978
6634,14449
6634,17415
6634,17998
6634,24223
6634,24235
6635,2847
6635,2987
6635,3938
6635,6327
6635,8404
6635,9501
6635,10783
6635,11730
6635,16174
6637,8039
6637,10232
6637,11673
6637,20429
6637,21476
6637,22267
6637,24776
6638,3645
6638,5511
6638,6416
6638,8161
6638,14982
6638,18387
6638,20964
6638,21111
6638,24787
6640,64
6640,6565
6640,8296
6640,10073
6640,10715
6640,10993
6640,11578
6640,16781
6640,16782
6640,20987
6641,198
6641,3471
6641,4637
6641,11542
6641,12310
6641,13436
6641,16729
6641,18935
6641,19796
6642,4848
6642,7267
6642,7615
6642,11692
6643,5230
6643,8286
6643,9527
6643,17929
6643,17998
6645,662
6645,3439
6645,8204
6645,20228
6647,2662
6647,8578
6647,12133
6647,13999
6647,16139
6650,4897
6650,11196
6650,20643
6650,24253
6650,24292
6652,1079
6652,4956
6652,8954
6652,13419
6653,7616
6653,9970
6653,12960
6653,21295
6653,23547
6655,525
6655,6860
6655,10345
6655,23213
6656,7006
6656,11222
6656,15182
6656,16196
6656,18559
6656,21708
6656,23310
6657,128
6657,9939
6657,14252
6657,20962
6658,240
6658,3876
6658,7175
6658,10572
6658,11226
6658,13520
6658,13642
6662,1776
6662,5002
6662,12514
6662,14449
6662,15089
6662,16964
6662,17751
6662,21239
6664,1087
6664,6347
6665,565
6665,1439
6665,6372
6665,15757
6665,18379
6665,19396
6665,21431
6665,23060
6665,24447
6666,5093
6666,6413
6666,11692
6666,19722
6666,20180
6666,22379
6667,9788
6667,14507
6667,18160
6667,18301
6669,1431
6669,3604
6669,5944
6669,7576
6669,9091
6669,10049
6669,14288
6669,20336
6669,22439
6669,24510
6671,676
6671,944
6671,6050
6671,6451
6671,6932
6671,11325
6671,11692
6671,13384
6671,22724
6672,9131
6672,10068
6672,14453
6675,2912
6675,2982
6675,19408
6675,21692
6675,21727
6675,21790
6675,24573
6675,24742
6676,961
6676,14371
6676,16326
6676,16491
6676,22210
6676,22257
6676,23645
6678,298
6678,2847
6678,6798
6678,7671
6678,9180
6678,10879
6678,12374
6678,15146
6678,16139
6678,19568
6678,21058
6678,24262
6680,961
6680,10622
6680,13053
6680,20372
6684,9824
6684,10223
6684,17537
6684,21104
6686,10879
6686,11328
6686,14601
6687,40
6687,4295
6687,5230
6687,6402
6687,9131
6687,9695
6687,13518
6687,16782
6687,19582
6687,19598
6691,4363
6691,10656
6691,10715
6691,13032
6691,13349
6691,13824
6691,16177
6691,22899
6692,1194
6692,4870
6692,17904
6692,23670
6692,24176
6692,24820
6694,7312
6694,10640
6694,13730
6697,2885
6697,4844
6697,10307
6697,14497
6697,15731
6697,16286
6697,17138
6697,18213
6697,24783
6698,1045
6698,5828
6698,7524
6698,18690
6698,21070
6699,10189
6699,13000
6699,21487
6699,22998
6701,545
6701,3410
6701,4371
6701,6208
6701,6590
6701,8937
6701,16938
6701,18063
6701,20004
6704,4691
6704,5033
6704,5860
6704,17115
6705,7368
6705,20040
6705,22332
6705,23213
6705,23645
6706,4196
6706,4513
6706,10443
6706,16618
6706,21681
6706,22095
6706,22148
6706,23715
6706,24262
6707,354
6707,1471
6707,3526
6707,8029
6707,8826
6707,16846
6707,16862
6707,18162
6707,19690
6711,1188
6711,7770
6711,8905
6711,15184
6711,16232
6712,1105
6712,8175
6712,11778
6712,16845
6712,20508
6713,11779
6713,24052
6715,22
6715,3473
6715,3493
6715,16163
6715,21262
6715,23284
6716,1801
6716,7276
6716,10988
6716,14749
6716,17997
6716,20643
6717,2040
6717,18460
6717,20929
6717,22915
6718,1998
6718,9659
6718,18362
6718,23225
6718,24477
6719,6094
6719,7143
6719,12374
6719,19955
6721,6471
6721,7474
6722,4934
6722,12906
6722,22288
6722,23168
6724,1810
6724,4370
6724,4868
6724,7220
6724,8011
6724,9220
6724,16375
6724,20235
6724,20987
6724,21235
6724,21366
6728,18733
6729,4196
6729,4956
6729,10443
6729,21681
6729,22148
6729,23715
6729,24262
6732,21235
6735,4408
6735,9604
6735,17985
6735,18429
6735,19647
6736,19272
6736,24636
6737,4045
6737,6103
6737,8018
6737,10995
6737,13419
6737,20882
6738,1416
6738,15303
6739,8905
6739,8954
6739,13745
6739,17997
6740,18051
6740,23654
6742,3236
6742,12849
6742,13001
6743,1861
6743,10928
6743,11746
6743,16624
6743,23129
6743,23326
6745,1471
6745,10935
6745,11160
6746,4898
6746,9424
6746,11076
6746,18083
6746,22148
6748,4699
6748,11866
6748,17415
6748,19733
6750,4006
6750,7488
6750,8170
6750,10201
6750,15896
6754,11846
6754,21577
6754,21957
6754,24356
6755,2985
6755,6163
6755,24201
6755,24257
6759,1430
6759,4780
6759,7867
6759,10480
6759,23869
6761,19398
6761,21786
6761,23343
6763,1172
6763,6211
6763,13449
6763,15192
6764,5693
6764,18910
6764,22987
6766,9533
6766,11866
6766,19573
6766,22932
6768,23323
6770,462
6770,24830
6770,6308
6770,8867
6770,12347
6770,17682
6773,3637
6773,12996
6773,14371
6773,18143
6774,7453
6774,10572
6774,18430
6774,20873
6775,2605
6775,9074
6775,11941
6775,21826
6775,21831
6776,4204
6776,7717
6776,8124
6776,8924
6776,11621
6776,15718
6780,7222
6780,8848
6780,16241
6780,17229
6780,23368
6787,312
6787,313
6787,5963
6787,11141
6789,1390
6789,6103
6789,7269
6789,10453
6789,15986
6789,18842
6789,20852
6790,23452
6791,2820
6791,6978
6791,7529
6791,8564
6791,10378
6791,13461
6791,18409
6791,21156
6791,23118
6791,24319
6792,3021
6792,6615
6792,11762
6792,11905
6792,20181
6792,21235
6792,21957
6793,4898
6793,19782
6794,16950
6795,3593
6795,4532
6795,11846
6795,19208
6795,19970
6796,2711
6796,5293
6796,10297
6796,13270
6796,14200
6797,63
6797,18723
6797,21100
6797,21310
6797,23507
6798,14660
6798,20518
6798,21456
6798,24658
6799,7267
6799,10035
6799,10340
6799,17672
6799,24777
6801,11160
6801,16624
6801,18230
6801,24120
6801,24462
6806,350
6806,1348
6807,2242
6807,5160
6807,13260
6807,20387
6807,21026
6809,31
6809,3472
6809,7006
6809,12572
6809,13309
6809,20854
6810,1564
6810,4306
6810,22972
6811,57
6811,455
6811,2855
6811,11911
6811,13921
6811,15237
6811,19323
6811,22470
6813,5205
6813,11091
6813,11479
6813,15731
6815,199
6815,6581
6815,11582
6815,13461
6815,22929
6815,24176
6816,6446
6816,16682
6816,20916
6816,24003
6818,1343
6818,2374
6818,11267
6818,22881
6819,16538
6819,17138
6819,19080
6819,20296
6823,1159
6823,3435
6823,4844
6823,12572
6824,8992
6824,9505
6824,9602
6824,10382
6824,11010
6824,16736
6824,18779
6824,19080
6826,1059
6826,4181
6826,14449
6826,17852
6826,21139
6826,21454
6832,1536
6832,3236
6832,7044
6832,9692
6832,9709
6832,12618
6832,13338
6832,14357
6832,17229
6832,19068
6832,20911
6832,21562
6833,5227
6833,11160
6833,19138
6834,1638
6834,3211
6834,8699
6834,14456
6834,19887
6834,22822
6835,11622
6835,14695
6835,17209
6835,17211
6837,3272
6837,15853
6837,22645
6838,673
6838,8942
6838,10475
6838,11113
6838,23307
6842,2855
6842,7172
6842,23302
6843,4702
6843,5735
6843,8150
6843,8217
6843,10229
6843,11042
6843,18822
6843,19333
6843,19973
6844,1190
6844,11734
6844,12366
6844,14202
6844,15484
6844,22497
6846,850
6846,16721
6846,21664
6846,22580
6849,1223
6849,1773
6849,14044
6849,14827
6849,17672
6849,19618
6849,20924
6849,21487
6849,24262
6851,397
6851,1191
6851,8361
6851,11559
6851,13369
6852,961
6852,1050
6852,4761
6852,7769
6852,17354
6852,18103
6852,20914
6852,24289
6855,4073
6855,9628
6855,11938
6855,17998
6855,19149
6859,40
6859,6068
6859,12032
6859,12218
6859,12577
6860,1105
6860,3938
6860,4641
6860,5072
6860,8476
6860,10715
6860,11938
6860,13745
6867,5762
6867,8905
6867,20229
6867,21239
6868,2530
6868,3236
6868,14130
6868,14553
6868,18430
6874,4658
6874,7407
6874,11770
6874,16795
6874,23991
6875,10788
6875,12557
6875,16633
6875,16925
6875,19636
6877,1531
6877,1944
6877,15320
6877,17154
6877,21765
6877,21965
6878,2930
6878,11147
6878,19024
6878,23707
6879,139
6879,8213
6879,8297
6879,11125
6879,13436
6879,13893
6879,16426
6879,16729
6879,19796
6879,20402
6879,22770
6879,22916
6879,24176
6880,298
6880,10340
6880,13547
6880,14449
6880,15585
6880,17138
6880,18459
6881,7291
6881,16139
6883,4199
6883,4200
6883,8858
6883,14078
6883,19281
6885,181
6885,8954
6885,13198
6885,15841
6890,4370
6890,6689
6890,10443
6890,23129
6891,49
6892,1182
6892,2834
6892,4638
6892,4868
6892,18891
6893,10055
6893,13270
6893,15857
6893,18041
6893,19074
6893,22108
6898,4361
6898,6511
6898,24838
6898,7338
6898,11582
6898,15081
6898,17093
6898,18451
6898,21325
6899,812
6899,2205
6899,3927
6899,7036
6899,10650
6899,13390
6899,19779
6899,19780
6899,21996
6899,21997
6899,22885
6901,961
6901,5293
6901,8286
6901,13064
6901,15789
6901,16541
6901,17671
6901,22497
6901,23423
6903,4234
6903,7474
6903,8362
6903,15983
6903,20355
6903,24193
6910,3061
6910,6930
6910,7041
6910,7525
6910,14463
6910,14789
6910,15510
6910,18708
6910,22343
6911,1488
6911,8296
6911,10635
6911,12400
6911,13378
6911,13669
6916,4345
6916,10667
6916,14637
6916,16856
6916,20207
6916,23209
6927,5356
6928,3637
6928,10684
6928,20113
6929,3796
6929,8011
6929,10007
6929,11648
6929,12676
6929,13521
6929,18244
6929,24666
6929,24772
6929,24812
6931,6463
6931,11608
6931,12977
6931,15395
6931,19261
6931,24662
6934,5378
6934,19208
6938,6622
6938,9604
6938,11746
6938,12138
6938,20612
6939,1148
6939,1251
6939,10490
6939,11624
6939,12494
6939,17187
6939,17415
6939,18060
6939,19296
6939,21235
6940,3962
6940,4898
6940,9002
6940,21835
6950,4045
6950,5078
6950,5293
6950,8078
6950,11317
6950,14296
6950,17867
6950,18344
6950,24013
6951,3119
6951,4417
6951,5636
6951,14238
6951,23961
6951,24783
6960,10310
6962,16224
6962,16328
6962,17782
6962,19923
6962,21150
6963,158
6963,3327
6963,4649
6963,5906
6963,15575
6963,17259
6963,20704
6963,22202
6963,22254
6964,5548
6964,11074
6964,16457
6964,18242
6964,24211
6964,24223
6964,24282
6966,1136
6966,1971
6966,4199
6966,4200
6966,6319
6966,7732
6966,9284
6966,15397
6966,16929
6966,18484
6968,154
6968,5443
6968,10937
6968,14968
6968,15184
6968,16464
6968,19533
6968,23388
6968,24776
6969,5290
6969,10226
6969,10232
6969,10320
6969,18166
6969,20134
6974,6395
6974,15278
6974,16736
6978,1873
6978,2040
6978,6388
6978,9130
6978,10686
6978,11272
6978,16493
6978,22580
6978,24203
6979,723
6979,3236
6979,3645
6979,10867
6979,13095
6979,16599
6979,18353
6979,22835
6980,4729
6980,15918
6980,20110
6980,20540
6980,22288
6984,1182
6984,18588
6984,24665
6986,4327
6986,4320
6986,10444
6986,12240
6986,17233
6988,804
6988,4175
6988,5605
6988,11767
6988,15742
6992,4844
6992,11187
6992,12141
6992,12173
6992,16800
6992,17034
6992,20508
6993,6947
6993,15789
6993,22853
6995,1
6995,3448
6995,8503
6995,10672
6995,11225
6995,11692
6995,19546
6996,3113
6996,8432
6996,24128
6996,24309
6997,712
6997,4740
6997,10313
6997,11331
6997,11546
6997,14044
6997,16232
6997,16691
6997,21409
6997,21411
6997,22152
6998,2616
6998,10049
6998,20626
6998,20918
6999,1114
6999,2864
6999,15041
6999,18387
6999,19259
7001,2594
7001,6807
7001,8058
7001,15732
7001,19019
7004,776
7004,4402
7004,6218
7004,10759
7004,12133
7004,12388
7004,18715
7004,20676
7004,24676
7005,9874
7005,10977
7005,11735
7005,15775
7005,17446
7005,23177
7005,24236
7007,4622
7007,6473
7007,7052
7007,8542
7007,22497
7007,23478
7008,5531
7008,9180
7008,11911
7008,13669
7008,20297
7010,1448
7010,8919
7010,15140
7010,19320
7010,23709
7010,23712
7013,1177
7013,6689
7013,7580
7013,7581
7013,16845
7014,7175
7014,9062
7014,18480
7015,8749
7015,13260
7015,14626
7015,14702
7015,19026
7015,21145
7015,21173
7015,22029
7015,22177
7016,12036
7016,12577
7021,2143
7021,2958
7021,3285
7021,11550
7021,19682
7021,21453
7022,2885
7022,10622
7022,18459
7024,3736
7024,4576
7024,15880
7024,16591
7026,13448
7026,13759
7026,15284
7028,13774
7028,14075
7028,20130
7029,1272
7029,12178
7029,19513
7029,20510
7030,2143
7030,5061
7030,9143
7030,17415
7030,17776
7031,9166
7031,20522
7033,9639
7033,22770
7036,2834
7036,4691
7036,9835
7036,10382
7036,11199
7036,24013
7036,24292
7037,10345
7037,18259
7037,23323
7038,17447
7039,2834
7039,13745
7039,15076
7040,2061
7040,2971
7040,5580
7040,6675
7040,13871
7040,17977
7040,19693
7040,22523
7040,24149
7041,5327
7041,11585
7041,14274
7041,15317
7041,21638
7042,2205
7042,3094
7042,5327
7042,5787
7042,14449
7045,20502
7045,21840
7046,4763
7046,9354
7046,12651
7046,19424
7049,607
7049,3329
7049,10068
7049,10503
7049,11692
7049,14715
7049,15016
7049,19505
7049,20731
7049,23857
7051,1698
7051,3412
7051,6614
7051,14759
7051,18431
7052,6648
7052,13145
7052,18715
7052,23034
7052,23071
7052,24249
7054,4577
7054,5925
7054,14927
7054,17539
7055,154
7055,4954
7055,5002
7055,10511
7055,10622
7055,13053
7055,20518
7055,23201
7055,23213
7056,154
7056,16624
7057,8923
7057,8980
7057,12656
7057,16838
7060,10340
7060,12977
7060,18501
7060,23368
7062,1449
7062,9220
7062,9695
7063,1406
7063,2645
7063,18994
7063,19061
7064,796
7064,6701
7064,7266
7064,8746
7064,16568
7064,16668
7064,21358
7064,23060
7064,24249
7065,2848
7065,6418
7065,9692
7065,18613
7066,2605
7066,6047
7066,10572
7066,17985
7066,18119
7066,18689
7066,19926
7066,22283
7066,23524
7067,2857
7067,4327
7067,4320
7067,5787
7067,6148
7067,8976
7067,16006
7067,16538
7068,13631
7068,18559
7068,23938
7069,1251
7069,11252
7069,17161
7069,21284
7070,199
7070,1773
7070,5992
7070,10995
7070,12400
7070,12770
7070,20533
7071,17657
7073,803
7073,1680
7073,24144
7076,2570
7076,17852
7076,20502
7076,23670
7080,3919
7080,4042
7080,14202
7080,18051
7082,2976
7082,14145
7082,15144
7082,16139
7082,17367
7082,18857
7082,21419
7082,22415
7082,24093
7083,2038
7083,5002
7083,7282
7083,8461
7083,13812
7083,19782
7084,4540
7084,5072
7084,11197
7084,18588
7084,20542
7084,21310
7084,24157
7085,24838
7086,3083
7086,11793
7086,21572
7086,23690
7087,2563
7087,6646
7087,6696
7087,6962
7087,10995
7087,13383
7087,21770
7087,22287
7087,24789
7088,1483
7088,1873
7088,2914
7088,5888
7088,6643
7088,16503
7088,20191
7088,23171
7089,9738
7089,11487
7089,15990
7089,22381
7089,23832
7089,24855
7090,6402
7090,15048
7090,20932
7090,21104
7091,17474
7094,744
7094,4934
7094,10316
7094,12552
7094,15182
7095,2847
7095,10181
7095,16541
7095,17649
7098,2411
7098,2880
7098,14262
7098,20181
7098,20183
7098,23842
7098,23971
7099,10746
7101,9970
7101,16528
7101,17161
7101,18886
7104,1188
7104,1338
7104,6798
7104,7269
7104,16782
7104,17649
7104,24665
7105,11673
7105,13744
7105,13956
7105,19170
7105,22757
7107,10189
7107,11569
7107,23368
7108,3107
7108,3114
7108,10654
7108,11899
7108,14749
7108,16845
7108,21681
7110,6947
7110,10681
7110,12005
7110,12295
7110,13782
7111,1861
7111,2885
7111,7769
7111,10448
7111,21386
7112,10378
7112,16985
7113,4073
7113,6304
7113,24783
7114,4327
7114,10307
7114,10378
7114,16055
7116,7044
7116,13669
7116,16874
7116,17945
7119,687
7119,2544
7119,3140
7119,6631
7119,13568
7119,15802
7119,16319
7119,22235
7119,23190
7120,6805
7120,8657
7121,4409
7121,6124
7121,15242
7121,20356
7121,20979
7122,4747
7122,11637
7122,13771
7122,14664
7122,23998
7124,292
7124,796
7124,3349
7124,5996
7124,9604
7124,13177
7124,16828
7124,24262
7125,4327
7125,13198
7125,15859
7125,20914
7127,7044
7127,8655
7127,11735
7127,19080
7128,1219
7128,2796
7128,5575
7128,6562
7128,18430
7129,3722
7129,7555
7129,9163
7129,11403
7129,12635
7129,13480
7129,14330
7129,19682
7129,21737
7131,1505
7131,4638
7131,5232
7131,7576
7131,8155
7131,21487
7131,21685
7131,23055
7132,4493
7132,8934
7132,11206
7132,12798
7132,19943
7132,24805
7136,1721
7136,4898
7136,15853
7136,18083
7138,5443
7138,5860
7138,9248
7138,10408
7138,11504
7138,12618
7138,13041
7138,13234
7138,16347
7139,2855
7139,10223
7139,19845
7143,1701
7143,2838
7143,7052
7143,11199
7143,15185
7143,16252
7143,16683
7149,481
7149,5290
7149,8923
7149,10318
7149,10448
7149,16394
7149,20735
7149,21243
7149,22614
7151,1090
7151,1222
7151,4369
7151,5675
7151,11595
7151,13975
7151,15859
7151,21141
7153,6932
7153,17849
7153,21188
7155,3186
7155,3370
7155,6268
7155,10635
7155,24196
7156,6720
7156,7770
7160,11064
7160,11910
7160,14746
7160,15184
7160,15830
7160,24277
7161,5529
7161,8848
7161,15171
7161,17202
7161,17751
7163,10872
7163,11329
7163,14151
7163,19489
7163,20134
7164,1811
7164,4073
7164,15841
7164,21775
7164,22287
7164,23811
7165,3351
7165,5604
7165,13624
7168,24089
7169,6327
7169,8220
7169,8998
7169,13548
7169,21720
7171,5744
7171,8720
7171,9389
7171,10418
7171,11767
7171,17226
7171,21988
7171,23144
7171,23403
7179,1577
7179,3378
7179,8093
7179,8542
7179,11177
7179,16513
7184,6473
7184,6978
7184,11010
7184,12195
7184,12514
7184,14444
7184,19208
7184,24360
7185,3130
7185,4585
7185,8633
7185,22169
7187,4151
7187,4415
7187,4577
7187,10453
7187,10622
7187,10687
7187,10977
7187,13476
7188,2652
7188,4400
7188,4627
7188,4980
7188,23341
7189,1819
7190,7299
7190,7738
7190,18914
7190,20001
7190,20433
7190,21603
7192,2448
7192,5416
7192,7490
7192,9225
7192,18231
7193,944
7193,2652
7193,13198
7193,16241
7196,8217
7196,14044
7196,17009
7196,19782
7197,5342
7197,9300
7197,16607
7197,17858
7197,21523
7197,22700
7197,24540
7198,7299
7198,12656
7201,139
7201,8155
7201,8564
7201,14262
7207,525
7207,9532
7207,12514
7207,12958
7207,13744
7207,21452
7207,21513
7209,1124
7209,2141
7209,4463
7209,6106
7209,10306
7212,2605
7212,2616
7212,4472
7212,11569
7212,21781
7213,14557
7213,14766
7213,17389
7213,24667
7214,2662
7214,10948
7214,11479
7214,12173
7214,13031
7214,15987
7214,16394
7214,18588
7214,19782
7218,46
7218,773
7218,3439
7218,13426
7218,17233
7218,19173
7218,20508
7218,20737
7218,21295
7219,3432
7219,9335
7219,10340
7219,11199
7219,17138
7219,24662
7221,4420
7221,8213
7221,13436
7221,20508
7223,1190
7223,1621
7223,9248
7223,16511
7223,18896
7225,2652
7225,3938
7225,4631
7225,7624
7225,9518
7225,9602
7225,15955
7225,18535
7225,19923
7226,3637
7226,10453
7226,19435
7227,1164
7227,6521
7227,12903
7227,14357
7227,15729
7227,18855
7227,20671
7227,21029
7227,23206
7228,2638
7228,5327
7228,6288
7228,18588
7228,20040
7228,20296
7231,445
7231,2500
7231,3968
7231,7688
7231,13970
7231,15731
7231,19295
7231,21820
7232,3119
7232,21775
7233,1155
7233,4577
7234,1644
7234,4415
7234,7172
7234,7938
7234,10316
7234,11866
7234,14506
7234,14992
7234,16599
7235,570
7235,20398
7235,24078
7235,24494
7236,1300
7236,3796
7236,4942
7236,5872
7236,8623
7236,14824
7236,23178
7236,23368
7236,24175
7237,3354
7237,11222
7237,11730
7237,15857
7237,16781
7237,20001
7238,6243
7238,10340
7238,14726
7238,19610
7238,21456
7239,6395
7239,7851
7239,8263
7239,10049
7239,10189
7239,15073
7239,17286
7241,503
7241,585
7241,3937
7241,4585
7241,5872
7241,7120
7241,11199
7241,18559
7241,19097
7245,9283
7245,11076
7245,14215
7245,18334
7245,19237
7246,4789
7246,7909
7246,9056
7246,9314
7246,15329
7246,16907
7246,20446
7249,58
7249,697
7249,9312
7249,11114
7249,11483
7249,14471
7249,15938
7249,24331
7249,24381
7250,7525
7250,8111
7250,15223
7250,18230
7250,21141
7253,7710
7253,7917
7253,14449
7253,15277
7257,3734
7257,16248
7257,18779
7259,4382
7259,14247
7259,24013
7259,24168
7264,9501
7264,11328
7264,12552
7264,18083
7264,20854
7265,687
7265,3771
7265,8416
7265,10458
7265,15742
7267,12187
7267,12790
7267,13436
7268,1096
7268,3448
7268,3477
7268,4198
7268,11861
7268,23055
7270,2616
7270,5927
7270,12374
7270,21239
7271,286
7271,1644
7271,3389
7271,4399
7271,7769
7271,10977
7271,14992
7271,15382
7271,17268
7271,20929
7271,24289
7273,756
7273,1700
7273,1848
7273,18760
7273,22535
7274,7656
7274,8916
7274,11866
7274,18451
7277,1701
7277,11867
7278,6928
7278,7616
7278,13753
7278,16394
7279,11011
7279,11686
7279,13753
7279,20704
7280,17384
7280,21772
7283,92
7283,9620
7283,14183
7283,16479
7283,23501
7287,1810
7287,8564
7287,13419
7287,18344
7288,2196
7288,6238
7288,12871
7288,14603
7288,15685
7290,1175
7290,8593
7290,12036
7290,21939
7290,24023
7292,7390
7292,9804
7292,10378
7292,12908
7292,16286
7292,24190
7293,6420
7293,9468
7293,10616
7293,10686
7293,16325
7293,16644
7293,17172
7293,21957
7293,22108
7295,12660
7295,23130
7297,4073
7297,6720
7297,17138
7301,9212
7301,18051
7302,885
7302,2571
7302,10867
7302,12514
7303,1873
7303,2830
7303,4740
7303,20321
7303,23334
7304,243
7304,1644
7304,8347
7304,10068
7304,20737
7306,5230
7306,10452
7309,4898
7309,16683
7309,20987
7309,22779
7310,7011
7310,14272
7310,20054
7310,23663
7311,1644
7311,11077
7313,5004
7313,10935
7313,11966
7313,22642
7321,200
7321,4760
7321,5078
7321,20113
7322,13419
7322,15585
7323,961
7323,2563
7323,15259
7323,20142
7326,4164
7326,10049
7326,18805
7326,18882
7326,20888
7326,20909
7326,21325
7332,15567
7332,20336
7332,24253
7334,11692
7334,12514
7334,16624
7334,20229
7335,14691
7335,18063
7335,20703
7338,7615
7338,15789
7338,18459
7338,21089
7339,691
7339,6555
7339,7346
7339,7576
7339,10909
7339,12005
7339,15254
7339,16856
7339,17061
7344,1771
7344,6200
7344,9505
7344,12111
7344,18179
7344,21562
7344,21781
7347,17645
7347,20915
7349,148
7349,5668
7349,6265
7349,9488
7349,10740
7351,2848
7351,4014
7351,5918
7351,6200
7351,12376
7351,15284
7351,19003
7351,19960
7351,20442
7353,5647
7353,10378
7353,17985
7353,23368
7353,23967
7356,14537
7360,2405
7360,5469
7360,10253
7360,13194
7360,14496
7360,14568
7360,15317
7360,18449
7360,20594
7361,3441
7361,4942
7361,6689
7361,8923
7361,9450
7361,11578
7361,14449
7361,23971
7370,1489
7370,22377
7370,22385
7371,434
7371,1730
7371,3021
7371,4645
7371,10995
7377,14839
7377,17559
7378,1773
7378,13000
7378,21487
7378,22998
7379,9639
7379,10612
7379,10704
7379,15843
7379,19693
7379,21343
7383,9531
7383,11373
7383,14414
7385,1269
7385,5342
7385,6760
7385,6816
7385,13377
7385,14630
7385,18356
7385,21172
7385,24423
7386,912
7386,1981
7386,13436
7386,22611
7386,24235
7387,11011
7387,11352
7387,16188
7387,20053
7387,22313
7388,2340
7388,13166
7388,19013
7388,24473
7390,3119
7390,11010
7392,6551
7392,9440
7392,11196
7392,16336
7392,20873
7392,23329
7395,154
7395,1059
7395,2638
7395,17649
7396,14492
7396,22596
7396,24816
7398,4106
7398,5378
7398,7003
7398,9284
7398,12005
7398,13095
7398,16336
7398,20737
7398,22792
7399,1861
7399,3542
7399,13931
7399,18455
7402,5227
7402,7273
7402,8786
7402,23357
7403,6622
7403,10686
7403,18910
7403,23682
7403,23961
7404,4431
7404,13643
7404,19047
7404,20353
7405,425
7405,4844
7405,17415
7405,21720
7412,4327
7412,12572
7412,13744
7415,885
7415,6395
7415,18559
7415,21993
7416,847
7416,15057
7416,21840
7416,22439
7416,22904
7417,4532
7417,7586
7417,9567
7417,16218
7417,21058
7419,454
7419,3389
7419,21264
7421,4399
7421,6167
7421,6446
7421,16025
7422,11076
7422,15975
7422,16721
7423,11578
7423,18259
7423,23323
7426,11524
7426,11870
7426,20897
7426,21940
7427,5486
7427,5792
7427,5979
7427,6775
7427,13441
7427,14782
7427,17822
7427,17956
7427,19552
7428,7096
7428,8607
7428,14277
7428,17261
7428,19556
7429,10409
7429,14172
7429,19656
7429,22844
7429,24386
7431,7770
7431,10340
7431,11938
7432,5054
7432,9260
7432,10132
7432,16228
7432,17033
7432,17449
7432,19852
7432,21654
7432,24304
7435,3021
7435,3572
7435,3588
7435,11582
7435,17991
7435,20518
7438,2580
7438,3894
7438,5792
7438,6775
7438,7222
7438,10261
7438,13441
7438,16853
7438,23368
7439,1189
7439,12369
7439,24211
7440,2956
7440,7052
7440,9130
7440,13063
7440,17009
7443,9804
7443,10189
7443,18387
7443,20643
7447,4370
7447,4382
7447,10418
7447,11091
7447,15841
7447,20181
7447,20987
7447,21235
7448,1956
7448,3756
7448,10708
7448,12272
7448,13749
7448,15728
7448,21978
7448,22881
7448,23764
7449,1847
7449,6366
7449,9200
7449,10806
7449,18055
7449,19767
7449,23938
7449,23987
7449,24451
7450,3703
7450,12618
7450,16286
7450,16876
7450,23357
7452,6942
7452,8697
7452,17500
7452,17849
7452,18539
7452,19086
7452,19951
7452,22222
7452,23461
7455,3236
7455,5954
7455,9281
7455,15076
7455,20214
7456,10378
7456,13745
7456,14570
7456,23177
7456,24196
7457,3855
7457,6042
7457,8023
7457,11341
7458,16722
7460,5151
7460,6267
7460,17415
7462,19782
7462,21957
7464,98
7464,2040
7464,11598
7464,14037
7465,3207
7465,5861
7465,6065
7465,8667
7465,13600
7465,15806
7465,17901
7465,20668
7465,21107
7467,1132
7467,2359
7467,8311
7467,12694
7467,15146
7467,14851
7468,4019
7468,6388
7468,16775
7468,19158
7468,20433
7468,23452
7469,466
7469,2799
7469,5901
7469,5946
7469,9937
7469,11044
7469,16623
7469,20199
7469,22550
7474,7525
7474,10560
7474,24809
7475,2977
7475,12606
7475,15370
7475,15990
7475,16039
7475,19808
7475,19874
7475,20882
7476,4181
7476,11745
7476,17780
7476,17945
7476,20061
7476,23323
7476,24809
7477,1644
7477,3392
7477,8954
7477,19762
7477,21914
7480,5746
7480,13774
7482,4699
7482,10988
7482,17537
7484,13330
7484,13843
7484,20533
7484,20914
7484,21224
7485,3715
7486,929
7486,9394
7486,9661
7486,14391
7486,19537
7486,24545
7486,24734
7488,3389
7488,8404
7488,9506
7488,19536
7489,12935
7489,17606
7489,21075
7489,22527
7489,23492
7490,525
7490,2847
7490,3119
7490,7269
7490,11757
7490,19488
7492,7681
7492,8347
7492,9830
7492,10647
7492,18105
7493,1994
7493,3593
7495,1811
7495,3423
7495,4868
7495,8623
7495,8905
7495,13418
7496,729
7496,3734
7496,4939
7496,6622
7496,9757
7496,13871
7496,18842
7502,9436
7502,11945
7502,14828
7502,18157
7502,18370
7502,23945
7503,268
7503,11086
7503,11125
7503,13417
7503,13422
7509,154
7509,499
7510,1551
7510,6180
7510,14261
7510,14553
7510,22124
7510,22787
7511,6978
7511,11692
7511,18830
7511,18842
7512,10686
7512,12374
7512,16541
7512,20518
7513,885
7513,4908
7513,6418
7513,7222
7513,13642
7513,22779
7520,2379
7520,2506
7520,3492
7520,4417
7520,9788
7520,12400
7520,18501
7520,23652
7520,23971
7523,18430
7523,20098
7523,23063
7524,4024
7524,6932
7524,13260
7524,21708
7524,22349
7528,702
7528,8832
7528,20483
7528,24436
7532,1820
7532,13530
7532,13573
7532,21495
7533,7670
7533,9514
7533,18951
7533,23985
7534,5715
7534,6064
7534,15119
7534,20475
7536,2126
7536,9696
7536,15841
7536,24783
7537,1182
7537,2834
7537,14405
7537,17193
7537,19248
7538,434
7538,4399
7538,9114
7538,9446
7542,200
7542,10681
7542,12381
7542,22833
7546,475
7546,9283
7546,13000
7546,16286
7546,22108
7551,1225
7551,2662
7551,3130
7551,3756
7551,4793
7551,12195
7552,1169
7552,13369
7555,12218
7555,14107
7555,15060
7555,20142
7555,23052
7557,1059
7557,11191
7557,15857
7557,21454
7560,198
7560,4073
7560,11544
7560,13460
7560,16166
7561,501
7561,6109
7561,9921
7561,10633
7561,18970
7561,19412
7561,20939
7561,22024
7561,22051
7562,2040
7562,3537
7562,5045
7562,5977
7562,7143
7562,9970
7562,10189
7562,10635
7562,16218
7563,1203
7563,15839
7563,17272
7563,17446
7563,19043
7568,374
7568,2481
7568,7981
7568,15967
7568,17119
7568,21514
7568,21861
7568,22052
7568,22143
7574,3004
7574,13063
7574,20264
7574,20296
7575,5325
7575,5899
7575,5926
7575,8432
7575,15538
7575,23157
7576,630
7576,11026
7576,14622
7576,20626
7576,22399
7577,961
7577,4419
7577,8390
7577,11911
7577,16782
7577,19269
7577,21010
7577,22287
7578,2605
7578,6167
7578,16241
7578,17703
7578,20737
7578,23883
7581,932
7581,2046
7581,9581
7581,10407
7581,12925
7581,13536
7581,15030
7581,16640
7581,17499
7582,3921
7582,5793
7582,16530
7582,19177
7582,19370
7582,19781
7582,20738
7582,22996
7582,23530
7587,5002
7587,7624
7587,9220
7587,16721
7587,16845
7587,18891
7589,7269
7589,11479
7589,18664
7591,9203
7591,9424
7591,9602
7591,14062
7594,2885
7594,7668
7594,16644
7594,18455
7594,23654
7595,1189
7595,2834
7595,3354
7595,4913
7602,2271
7602,3691
7602,3692
7602,8996
7602,9040
7602,10770
7602,12256
7602,12625
7602,17672
7603,7784
7603,9694
7603,16801
7603,18168
7603,18169
7603,20446
7603,23614
7603,23736
7604,199
7604,3272
7604,12187
7604,13441
7604,16985
7604,19080
7605,4196
7605,9859
7605,9951
7605,18501
7605,22633
7606,1
7606,7917
7606,10223
7606,18519
7606,19488
7609,6368
7609,6566
7609,16845
7609,18436
7609,19051
7610,1282
7610,4868
7610,7003
7610,8231
7611,15889
7614,6283
7614,8700
7614,18232
7614,24281
7618,525
7618,11091
7618,19727
7618,21840
7618,23302
7618,24005
7620,5284
7621,1625
7621,10684
7621,11160
7621,11441
7621,15382
7621,17035
7621,20429
7625,11836
7625,12643
7625,12974
7625,18508
7625,20009
7627,4963
7627,20959
7628,3671
7628,9233
7628,10342
7628,13404
7628,21626
7629,4181
7629,4327
7629,4532
7629,17945
7630,10443
7630,12981
7630,16651
7630,17161
7630,23251
7631,14449
7631,19435
7631,20859
7632,13448
7632,15382
7632,16599
7632,20032
7632,21366
7633,723
7633,2552
7633,4638
7633,13745
7633,15222
7633,15555
7635,10622
7635,11569
7635,19733
7639,1005
7639,3343
7639,4753
7639,17840
7639,19791
7641,8808
7641,14766
7643,10935
7643,11257
7643,19796
7643,22159
7647,520
7647,4999
7647,10666
7647,17839
7647,18330
7648,2099
7648,7140
7648,7200
7648,7525
7648,8954
7650,885
7650,2027
7650,4475
7650,6988
7650,9323
7650,9504
7650,10572
7650,14911
7650,22579
7655,4954
7655,11160
7655,11762
7655,13744
7657,3354
7657,10232
7657,18535
7657,20533
7658,7009
7658,12400
7658,12436
7658,14163
7658,14546
7658,15495
7658,17672
7660,20626
7661,2605
7661,8720
7661,18715
7661,20934
7662,9695
7662,18588
7663,5619
7663,10171
7663,10407
7663,11648
7663,14195
7663,14928
7663,20179
7663,21545
7663,22789
7668,4229
7668,12811
7668,13921
7668,18262
7668,18588
7668,19259
7668,20819
7668,22729
7668,22969
7669,6947
7669,13031
7669,13216
7669,13369
7669,18755
7672,9286
7672,19794
7673,2753
7673,12839
7673,19378
7673,22609
7674,669
7674,875
7674,7205
7674,11899
7674,12036
7674,21685
7674,24196
7674,24216
7674,24658
7675,10260
7675,14010
7675,15256
7675,21985
7675,21988
7675,22382
7676,4306
7676,4415
7676,15567
7678,7273
7678,13742
7678,16055
7678,17997
7678,17998
7678,20235
7681,856
7681,4370
7690,1270
7690,6700
7690,8205
7690,14295
7690,14736
7690,19516
7690,19692
7690,22793
7691,2396
7691,4678
7691,5560
7691,9521
7691,11288
7691,14427
7691,17903
7691,18995
7691,22750
7693,2643
7693,10948
7693,19960
7695,3016
7695,3945
7695,5727
7695,6995
7695,9212
7695,9499
7695,12958
7700,912
7700,10687
7701,16729
7701,17440
7701,21003
7702,5999
7702,6696
7702,13053
7702,18435
7702,19122
7703,1587
7703,21551
7703,21605
7703,24511
7704,14473
7704,14543
7704,16886
7704,19138
7704,23239
7707,2652
7707,5230
7707,11569
7707,11866
7708,5872
7708,12981
7708,14342
7708,16781
7708,17183
7712,358
7712,6648
7712,8511
7712,13145
7712,23034
7715,2662
7715,7172
7715,10911
7715,11899
7715,12173
7715,23883
7718,1390
7718,4740
7718,14044
7718,16874
7718,18220
7719,14723
7720,7267
7720,17034
7720,17672
7720,21139
7723,11855
7723,21543
7724,199
7724,1487
7724,13441
7724,21386
7724,22284
7726,2616
7726,20737
7729,3593
7729,5737
7729,11076
7729,11608
7729,12030
7729,16171
7729,20433
7729,24069
7731,17
7731,1992
7731,13613
7731,14795
7733,3370
7733,8954
7733,13862
7733,17478
7733,20929
7735,704
7735,1459
7735,8117
7735,11636
7737,4200
7737,12141
7740,7081
7740,12514
7740,16874
7740,22287
7741,15345
7741,24758
7744,7896
7744,11067
7744,23969
7745,5860
7745,8031
7745,9501
7745,10909
7745,11692
7745,13309
7745,14427
7745,24575
7745,24601
7747,10872
7747,11199
7747,12981
7747,13745
7747,16174
7751,1808
7751,2143
7751,10517
7751,10962
7751,11651
7751,18786
7751,24211
7754,8263
7754,9505
7754,11395
7754,14399
7754,20471
7755,10872
7755,13000
7755,16736
7755,21456
7756,152
7756,712
7756,842
7756,15370
7756,18166
7756,22645
7756,23064
7757,6770
7757,8186
7757,15986
7757,20037
7757,20471
7757,24106
7758,3518
7758,8048
7758,8097
7758,13911
7758,16345
7761,20637
7763,454
7763,1188
7763,15843
7763,23322
7764,4157
7764,11199
7764,16624
7764,23326
7766,6646
7766,10000
7766,18353
7766,20717
7768,3354
7768,10130
7769,22618
7772,3439
7772,3938
7772,6143
7772,6947
7772,20235
7772,23478
7775,16593
7775,23234
7777,12178
7777,21139
7778,2231
7778,2263
7778,9223
7778,12577
7778,17353
7778,20704
7778,22124
7779,842
7779,13745
7779,19784
7779,21371
7779,23634
7781,2847
7781,14252
7781,24798
7782,1721
7782,2645
7782,3703
7782,9289
7783,6932
7783,9799
7783,12140
7783,12529
7783,16683
7783,24849
7783,19827
7783,20522
7783,23961
7786,3119
7786,5378
7786,18501
7786,19913
7786,21775
7788,1923
7788,8307
7788,12361
7788,12899
7788,13656
7788,23986
7790,2880
7790,21010
7791,4848
7791,5828
7791,8996
7791,9405
7791,11612
7791,14751
7791,18122
7791,21102
7791,23654
7793,499
7793,15579
7793,20784
7793,20901
7794,11328
7794,12552
7794,21058
7797,6402
7797,6581
7797,18613
7797,23423
7801,1425
7801,2645
7801,4577
7801,5386
7801,5636
7801,15146
7801,17375
7801,17650
7801,19568
7803,11834
7803,14473
7803,15841
7803,16782
7803,19488
7803,22108
7805,2843
7805,7949
7805,8943
7805,18227
7806,9192
7806,9538
7806,9993
7806,10020
7807,3472
7807,6270
7807,9284
7807,14848
7807,16886
7808,9476
7808,18138
7808,19226
7809,1536
7809,3107
7809,17537
7809,16566
7809,18104
7810,1191
7810,11668
7810,14827
7810,16688
7810,17844
7810,23654
7812,9731
7812,20273
7813,4585
7813,5151
7813,5715
7813,15334
7813,20429
7813,21284
7816,24
7816,7851
7816,20294
7816,21089
7819,1873
7819,10131
7819,10304
7819,12357
7819,12572
7819,14832
7819,15721
7819,18561
7819,20336
7821,2411
7821,2974
7821,3348
7821,4328
7821,7229
7821,8983
7821,17191
7821,20804
7821,23195
7822,3938
7822,5032
7822,10229
7822,11777
7822,13844
7822,20471
7822,21131
7825,7175
7825,22779
7825,23323
7826,493
7826,13704
7828,4306
7828,12457
7828,18083
7829,6473
7829,6978
7829,11010
7829,12195
7829,12514
7829,14444
7829,19208
7829,20873
7829,24321
7829,24360
7830,11320
7830,12141
7830,14726
7830,21456
7833,16651
7833,19244
7833,22580
7833,22950
7834,7944
7834,10002
7834,10043
7834,10928
7834,15355
7834,15525
7834,19145
7834,19700
7834,20744
7835,1425
7835,5443
7835,10382
7835,11196
7835,15797
7836,3930
7838,885
7838,1079
7838,2645
7838,6720
7839,5763
7839,16139
7839,19058
7839,24195
7841,1675
7841,2552
7841,7222
7841,10022
7841,10037
7841,15800
7841,20625
7841,21104
7841,23176
7844,1505
7844,5182
7844,5875
7844,11001
7844,11692
7844,17972
7844,20987
7844,22960
7844,24203
7846,200
7846,967
7846,4947
7846,5828
7846,7227
7846,13728
7846,22120
7846,23423
7847,5357
7847,20229
7848,10993
7848,13642
7848,19087
7849,15731
7849,16736
7852,634
7852,15284
7853,12565
7853,13711
7853,15294
7853,16360
7853,19380
7853,20656
7853,23133
7853,23939
7853,24046
7855,9180
7855,15812
7855,16683
7855,18830
7855,19499
7859,14900
7859,15501
7859,24008
7860,1188
7860,5540
7860,10935
7860,20914
7860,24236
7861,2645
7861,3211
7861,4382
7861,4699
7862,3107
7862,4472
7862,9002
7862,11777
7862,16538
7862,19533
7862,20703
7862,22287
7867,10659
7867,11145
7867,12188
7867,23450
7870,1182
7870,9656
7870,16394
7870,23213
7871,8930
7871,14393
7871,23262
7871,23724
7872,154
7872,3869
7872,5221
7872,6395
7872,9130
7872,11659
7872,15801
7872,18559
7873,4204
7873,23301
7874,16821
7875,503
7875,525
7875,5860
7875,18886
7875,24253
7876,14570
7876,15857
7876,24235
7877,3119
7877,5629
7877,6269
7877,24838
7877,9824
7877,11010
7877,20180
7877,22489
7877,24025
7878,4816
7878,24838
7878,15041
7878,16149
7878,19693
7878,22904
7879,3436
7879,4073
7879,6094
7879,11002
7879,13824
7879,16800
7879,20987
7879,23178
7879,24139
7880,6395
7880,7920
7880,14332
7880,23323
7880,24249
7881,5925
7881,11002
7881,23344
7882,527
7882,3618
7882,7640
7882,10340
7883,5002
7883,8655
7883,8818
7883,13744
7883,20927
7883,23144
7888,7328
7888,17692
7888,18552
7888,22190
7889,279
7889,5017
7889,23371
7891,770
7891,5732
7891,5745
7891,10294
7891,11757
7891,16344
7891,18606
7891,23255
7892,2662
7892,6871
7892,7761
7892,17539
7892,18387
7892,21433
7892,23177
7893,189
7893,5395
7893,7349
7893,9082
7893,13845
7893,16242
7893,16528
7893,22235
7896,20243
7896,20433
7896,20628
7896,22206
7897,2848
7897,4934
7897,9248
7897,13294
7897,20135
7898,2668
7898,3441
7898,9628
7898,13294
7898,13436
7898,18451
7898,23125
7899,5227
7899,19960
7899,22998
7901,765
7901,17055
7901,22889
7901,23371
7902,2232
7902,6180
7902,10663
7902,10904
7902,12513
7902,20180
7902,24658
7902,24787
7903,6495
7903,11406
7903,12720
7903,12754
7903,12865
7903,13360
7903,15122
7903,17114
7903,18781
7906,8263
7906,18559
7907,2397
7907,3074
7907,6857
7907,24117
7907,24365
7909,397
7909,3338
7909,4040
7909,16769
7909,21290
7910,2399
7910,4327
7910,8192
7910,15283
7910,16279
7910,18004
7910,20429
7911,2624
7911,6249
7911,10410
7911,11349
7911,14102
7911,20624
7914,306
7914,1369
7914,7891
7914,8085
7914,10528
7914,12791
7914,15896
7914,17084
7915,650
7915,3094
7915,7656
7915,11569
7915,17707
7915,18213
7915,20336
7915,23267
7916,1536
7916,3472
7916,5735
7916,6615
7916,9970
7916,10000
7916,10070
7916,14989
7916,21456
7918,2595
7918,3898
7918,4415
7918,7338
7922,7094
7922,14670
7922,15004
7922,16397
7922,22136
7923,519
7923,4073
7923,7944
7923,8404
7923,11938
7923,12173
7923,19568
7923,21235
7923,23129
7924,2736
7924,10076
7924,10086
7924,11537
7924,13024
7924,15891
7924,16774
7924,22350
7924,22536
7924,23773
7926,2558
7926,6551
7926,10030
7926,14537
7926,20911
7927,5232
7927,5925
7927,7276
7927,7525
7929,729
7929,2688
7929,15277
7929,22904
7929,23367
7931,2977
7931,6277
7931,8826
7931,10687
7931,11544
7931,19733
7935,6700
7935,17407
7935,20737
7935,22614
7937,912
7937,5230
7937,14371
7937,19762
7941,650
7941,3427
7941,4560
7941,5406
7941,6787
7941,8826
7941,13095
7941,15059
7941,18740
7942,2638
7942,13745
7942,18588
7942,19009
7942,24235
7943,1874
7943,3368
7943,10475
7943,15003
7943,18098
7943,18151
7943,24474
7946,3706
7946,6909
7946,10687
7946,21525
7946,22152
7947,1882
7947,4824
7947,12138
7947,15007
7947,16079
7947,19087
7947,19925
7947,22378
7947,23310
7951,1915
7951,9182
7951,12495
7951,12966
7951,19569
7955,9505
7955,22779
7956,3236
7956,4045
7956,8390
7956,8476
7956,18143
7960,7541
7961,40
7961,1810
7961,3898
7961,4306
7961,4829
7961,8240
7961,13000
7961,18292
7961,24360
7966,21089
7967,1873
7967,3275
7967,3938
7967,4472
7967,8106
7967,9804
7967,17707
7967,22904
7967,24196
7968,24
7968,1505
7968,8476
7969,11095
7969,14743
7969,21150
7969,21951
7972,804
7972,2880
7972,4585
7972,12178
7972,15567
7972,15955
7972,23213
7974,11722
7974,11730
7974,16025
7977,776
7977,2674
7977,5309
7977,18271
7978,40
7978,475
7978,2457
7978,9284
7978,9568
7978,11085
7978,13556
7978,19237
7979,7010
7979,13801
7979,16331
7979,17734
7979,20852
7979,23678
7979,24176
7981,1842
7981,5558
7981,12526
7981,12888
7981,23983
7982,1458
7982,3954
7982,4464
7982,16932
7984,15853
7984,20793
7985,3174
7985,3925
7985,6463
7985,12791
7985,14116
7985,18935
7985,22916
7986,165
7986,21067
7986,21312
7986,23997
7988,3359
7988,5050
7988,10995
7988,13872
7988,15957
7990,13720
7992,5161
7992,6337
7992,14838
7992,16139
7992,19417
7996,4004
7996,8286
7996,8981
7996,16546
7996,21366
7996,23064
7999,10872
7999,21487
7999,22998
8000,2595
8000,4408
8000,8855
8000,11181
8000,14238
8004,1155
8004,2570
8004,9323
8004,10667
8004,11160
8005,3611
8005,3796
8005,7525
8008,3129
8008,7006
8008,15203
8008,23326
8010,1334
8010,11686
8010,13917
8010,16697
8010,17908
8011,3360
8011,5670
8011,6326
8011,13715
8011,16615
8013,2955
8013,20704
8013,23662
8013,24787
8016,5663
8016,9227
8016,11176
8016,16535
8016,19694
8016,20282
8017,5077
8017,8448
8017,10316
8017,11354
8017,17945
8018,6441
8018,7128
8018,7656
8018,16886
8021,2699
8021,3952
8021,20317
8021,21065
8022,2480
8022,4824
8022,10395
8022,10409
8022,13629
8022,17244
8023,4787
8023,12779
8026,4359
8026,9252
8026,10223
8026,12368
8026,17649
8027,5511
8027,8976
8027,21562
8027,23178
8029,6207
8029,8161
8029,9835
8029,11160
8030,1644
8030,10407
8030,20914
8030,22987
8030,23178
8034,7128
8034,14750
8034,17009
8034,22721
8036,1781
8036,4006
8036,7626
8036,9628
8036,18020
8036,19796
8037,5378
8037,7276
8037,16828
8037,20010
8038,856
8038,8240
8038,8296
8038,13419
8038,20737
8038,23403
8039,842
8039,1861
8039,9695
8039,18779
8042,358
8042,2579
8042,7795
8042,10055
8042,13266
8042,14975
8042,15596
8045,2605
8045,2847
8045,8511
8045,9639
8045,15089
8045,17833
8045,21235
8047,2198
8047,17406
8047,20570
8048,696
8048,2645
8048,21173
8048,23322
8049,13476
8049,16874
8054,499
8054,3464
8054,7182
8054,7883
8054,9675
8054,14009
8054,14902
8055,11668
8055,20859
8055,21708
8055,23250
8055,23969
8056,4181
8056,4382
8056,7172
8056,11199
8057,4004
8057,9970
8057,10678
8057,11120
8057,14992
8057,16811
8057,20518
8057,22497
8061,12065
8061,13184
8062,6392
8062,8613
8062,12572
8062,14831
8063,10687
8063,10977
8063,12457
8063,12977
8065,283
8065,8623
8065,11598
8065,17200
8066,5823
8066,10292
8066,11364
8066,11730
8066,22580
8068,4658
8068,10622
8068,13053
8068,16070
8068,18083
8069,6200
8069,11075
8071,9558
8071,12096
8071,15005
8071,19834
8072,5230
8072,16286
8072,19568
8072,23129
8073,3893
8073,4942
8073,6214
8073,17423
8073,18004
8075,1810
8075,4045
8075,4370
8075,6441
8075,11091
8075,18812
8075,20181
8075,21235
8075,21366
8081,11075
8081,15048
8081,21775
8081,23326
8083,2350
8083,4691
8083,7656
8083,23654
8084,4328
8084,7253
8084,12955
8084,24390
8085,6418
8085,8404
8085,10049
8085,12457
8087,4934
8087,6296
8087,20336
8087,21457
8087,23971
8090,5851
8090,13404
8090,14982
8090,19513
8091,4897
8091,11189
8091,18429
8091,19499
8096,2834
8096,7525
8096,8808
8096,12514
8096,16394
8096,23531
8098,4327
8098,20518
8098,21456
8098,24658
8100,5540
8100,10687
8100,12187
8100,16394
8101,1546
8101,16166
8101,20643
8101,20703
8104,2185
8104,15024
8104,19009
8104,22886
8106,1701
8106,9289
8106,11866
8106,16624
8107,6818
8107,8527
8107,8617
8107,13699
8107,18150
8107,18644
8107,20834
8107,23816
8107,24514
8108,5723
8108,19236
8108,24286
8113,4858
8113,5859
8113,14030
8113,22206
8114,7615
8114,10382
8114,11010
8114,12191
8114,16736
8114,17945
8114,18559
8114,20518
8114,22047
8118,3207
8118,4106
8118,7143
8118,10545
8118,20873
8119,1487
8120,14062
8120,16457
8120,23670
8120,24223
8122,20580
8124,11051
8124,12595
8125,24288
8127,807
8127,2245
8127,3940
8127,8824
8127,9914
8127,11105
8127,12085
8127,12094
8127,15023
8130,4851
8130,9366
8130,15146
8130,23984
8131,4898
8131,6418
8131,8905
8131,12374
8131,14062
8131,18083
8132,4166
8132,4502
8132,5034
8132,5401
8132,7443
8135,5443
8135,5647
8135,10719
8135,11160
8135,14726
8135,15841
8135,16683
8135,17415
8135,24360
8137,18786
8137,23842
8141,2595
8141,2629
8141,4740
8141,5466
8141,6402
8141,18935
8141,20213
8141,23251
8141,23531
8143,1188
8143,5502
8143,6622
8143,13436
8146,503
8146,7053
8151,10768
8153,5757
8153,6650
8155,524
8155,10566
8155,15346
8156,8030
8157,8848
8157,15299
8157,16252
8158,12476
8158,19478
8158,20064
8158,20905
8159,2857
8159,10879
8159,14444
8159,15317
8160,316
8160,7089
8160,7853
8160,8060
8162,5443
8162,18830
8164,5077
8164,18891
8164,21386
8165,4532
8165,7044
8165,13177
8169,8808
8179,1685
8179,4174
8179,8018
8179,8418
8179,13053
8179,17942
8179,20945
8179,21728
8179,23577
8179,23938
8180,9833
8180,11692
8180,20987
8184,152
8184,1644
8184,2232
8184,24658
8185,18290
8186,9174
8186,12741
8186,16099
8186,22545
8187,7069
8187,7390
8187,13436
8187,13921
8187,14848
8188,5892
8188,7124
8188,7348
8188,14450
8190,1188
8190,2668
8190,3472
8190,6268
8190,11762
8190,12140
8190,12562
8190,20604
8190,21869
8192,11160
8192,22287
8193,13744
8193,17945
8194,4382
8194,12983
8194,13745
8194,14367
8194,16541
8199,10515
8199,11023
8199,11465
8199,12460
8200,4375
8200,8564
8200,12984
8200,13184
8200,17073
8200,22713
8203,6103
8203,11762
8204,700
8204,2883
8204,8160
8204,15585
8204,22904
8205,1861
8205,4415
8205,9639
8205,11682
8205,12908
8205,21840
8205,21940
8205,24685
8205,24783
8211,5647
8211,7198
8211,7267
8211,13589
8211,15171
8211,15458
8211,17157
8212,1747
8212,4527
8212,10161
8212,13053
8212,13730
8212,17138
8212,18519
8213,1005
8213,1637
8213,5065
8213,10404
8213,15540
8213,17748
8213,21124
8214,22295
8215,14749
8215,21104
8216,3611
8216,7081
8216,7616
8216,16347
8216,16731
8217,885
8217,12462
8217,16174
8217,20096
8217,23403
8217,23969
8221,2121
8221,4589
8221,7669
8221,12092
8221,15171
8221,16567
8221,17331
8221,17562
8221,19538
8221,20208
8222,5872
8222,6280
8222,20542
8222,22960
8223,7014
8223,10217
8223,10314
8223,11016
8224,8779
8224,10993
8224,16657
8224,18947
8224,22679
8224,23002
8226,4268
8226,4658
8226,10995
8226,13476
8226,15371
8226,15784
8226,20142
8226,22687
8226,22864
8228,10576
8228,15567
8228,24013
8228,24253
8242,14449
8243,29
8243,3492
8243,9870
8243,12908
8243,15520
8243,18333
8243,18519
8243,20235
8243,24196
8244,11938
8244,13745
8244,21456
8247,17707
8248,2350
8248,10030
8248,11624
8248,16016
8248,17415
8248,17812
8248,20336
8248,21939
8248,23251
8249,5443
8249,20924
8249,23423
8249,23521
8251,40
8251,1051
8251,14288
8251,17851
8251,21312
8252,2056
8252,3203
8252,3894
8252,4181
8252,8432
8252,16252
8252,19568
8252,20471
8253,7104
8253,13457
8253,14171
8253,14950
8254,3736
8254,5078
8254,14400
8254,15866
8254,18758
8257,11938
8257,17161
8260,5469
8260,6646
8260,7236
8260,7991
8260,10519
8260,22235
8262,24838
8262,20180
8262,23729
8264,3455
8264,10260
8265,10686
8265,11187
8265,17005
8265,23403
8267,18665
8267,23125
8268,1644
8268,4151
8268,19970
8268,21562
8270,13309
8270,16252
8270,17649
8273,449
8273,5636
8273,8571
8273,10802
8274,3905
8274,8016
8274,16621
8274,21859
8275,4715
8275,11127
8275,13384
8275,13467
8276,1915
8276,3094
8276,4432
8276,12981
8276,16910
8276,17005
8276,20522
8276,23250
8276,24004
8279,40
8279,369
8279,10452
8279,21104
8280,885
8280,7890
8280,16736
8280,19499
8281,275
8281,3264
8281,12627
8281,17423
8282,9112
8282,11866
8282,14549
8296,24
8296,14062
8296,23322
8310,12141
8310,16538
8310,21487
8310,24685
8320,2629
8320,5401
8320,8885
8320,17988
8326,9518
8326,12396
8326,13000
8326,14444
8329,3537
8329,4417
8329,6148
8329,7525
8329,8976
8329,15417
8329,15984
8329,19138
8329,23971
8336,3105
8336,5848
8336,6557
8336,8581
8336,10330
8336,11516
8336,11778
8336,13824
8336,15857
8341,961
8341,2099
8341,4408
8341,7032
8341,7576
8341,12376
8341,20625
8341,20987
8341,22899
8345,240
8345,4299
8345,5149
8345,8081
8345,9604
8345,10119
8345,11903
8345,16756
8345,17024
8345,23054
8346,15789
8346,21131
8352,2027
8352,2255
8352,4936
8352,10073
8352,15775
8352,17751
8352,19000
8353,961
8353,5609
8353,24838
8353,7172
8353,8976
8353,12670
8353,14073
8353,15048
8353,19727
8354,6987
8354,16883
8354,21909
8363,10373
8363,13744
8363,14044
8363,17001
8366,985
8366,5842
8366,6298
8366,8220
8366,10909
8366,15511
8366,18558
8368,6441
8368,8992
8368,13436
8371,1717
8371,24617
8374,1644
8374,2570
8374,9970
8374,11899
8376,10509
8376,10908
8376,12398
8376,14179
8376,14403
8376,15353
8376,19933
8376,21669
8377,5227
8377,7656
8377,10988
8377,19136
8377,20624
8377,23739
8379,1299
8379,3918
8379,6241
8379,13510
8379,14422
8379,14717
8379,18705
8379,23670
8379,24565
8383,520
8383,4868
8383,20214
8383,23302
8384,8240
8384,9874
8384,11911
8384,24665
8386,664
8386,2177
8386,6598
8386,9357
8386,10172
8386,10536
8386,15299
8386,17650
8386,21560
8387,1685
8387,7010
8387,9347
8387,14553
8387,15081
8388,8948
8388,11407
8388,12611
8388,17185
8388,21935
8388,22628
8390,9421
8390,18696
8390,22427
8390,23491
8390,24551
8395,2595
8395,7770
8395,9788
8395,23322
8399,389
8399,5221
8401,2652
8401,2655
8401,2668
8401,4306
8401,15254
8401,16886
8401,19488
8401,21242
8401,23129
8403,1390
8403,15041
8403,20929
8403,22904
8404,11569
8404,20668
8406,19081
8409,1644
8409,4641
8409,12672
8409,24798
8410,5529
8410,8213
8410,10774
8410,11264
8410,13573
8410,17299
8410,18066
8410,18491
8410,20402
8411,1155
8411,7917
8411,11091
8411,16886
8412,11503
8414,1698
8414,4098
8414,9835
8414,14141
8416,4154
8416,10130
8416,17649
8416,18415
8417,8509
8417,10924
8417,14083
8417,20953
8422,1799
8422,3009
8422,11472
8422,15073
8422,20655
8424,24
8424,4691
8424,13010
8424,17161
8426,921
8426,3796
8426,4897
8426,5306
8426,6720
8426,7668
8426,13031
8428,6221
8428,8542
8428,11843
8428,12521
8428,12958
8430,3898
8430,13844
8430,14927
8430,17001
8431,50
8431,1155
8431,9874
8431,10223
8431,16874
8432,2955
8432,8954
8432,8981
8432,13874
8432,24360
8435,3107
8435,15731
8436,2880
8436,3252
8436,4532
8436,13064
8436,23440
8438,14527
8442,18083
8444,8848
8444,11199
8444,11767
8444,15853
8444,16886
8453,6411
8453,10971
8453,13793
8456,13534
8456,18425
8456,18875
8456,24229
8458,5978
8458,11225
8458,11504
8458,14553
8463,9140
8465,7269
8465,9970
8465,20533
8465,20703
8466,11565
8466,14033
8466,14857
8466,17132
8466,20380
8466,24786
8467,10622
8467,10977
8467,12983
8467,18451
8467,22614
8470,8976
8470,11194
8470,18786
8470,23982
8472,1592
8472,6798
8472,9284
8472,10119
8472,13000
8472,13198
8472,16845
8472,17650
8472,24253
8473,6148
8473,24013
8474,8220
8474,15014
8475,481
8475,2616
8475,6304
8475,6495
8475,7770
8475,7917
8475,15254
8475,20096
8475,24173
8476,64
8476,1801
8476,4897
8476,10909
8480,3211
8480,4204
8480,11075
8480,15731
8480,16736
8480,16784
8481,290
8481,5409
8481,5628
8481,7270
8481,9749
8481,16975
8481,17761
8481,19291
8481,22521
8482,1471
8482,4417
8482,11010
8482,14130
8482,16876
8483,9970
8483,11730
8483,15857
8483,16985
8484,11001
8484,11023
8484,11668
8484,16252
8484,19782
8484,21235
8484,21454
8484,22779
8484,23482
8486,7770
8486,14407
8486,14449
8486,21781
8486,23251
8487,3330
8487,5649
8487,6644
8487,9230
8487,21574
8488,154
8488,1390
8488,4691
8488,9893
8488,14449
8488,21697
8488,22624
8488,24546
8490,10536
8490,13419
8490,18344
8490,22770
8491,2570
8491,3211
8491,4359
8491,4399
8491,7044
8491,21775
8491,24783
8492,19143
8492,21014
8493,914
8493,1730
8493,2885
8493,7044
8493,8808
8493,14928
8493,22990
8493,24038
8494,154
8494,8690
8496,9423
8496,10070
8496,10752
8496,12752
8496,24768
8497,7361
8497,10475
8497,11113
8497,13442
8497,19155
8497,19507
8497,20901
8497,23831
8497,24058
8498,3122
8498,4106
8498,4817
8498,10334
8498,12955
8498,13971
8498,19051
8498,22998
8498,23243
8503,1188
8503,2476
8503,5529
8503,8029
8503,9450
8503,10519
8503,14934
8503,20124
8503,23062
8505,6180
8505,8213
8505,10453
8505,16985
8505,21239
8506,5090
8506,6544
8506,6562
8506,7747
8506,14961
8506,16892
8512,2552
8512,7302
8512,22242
8512,23654
8514,1915
8514,2773
8514,8981
8514,10382
8514,11250
8516,4476
8516,5270
8516,9712
8516,19635
8517,2380
8517,11673
8517,12664
8517,13097
8517,14044
8517,14570
8517,16782
8517,17998
8517,18786
8522,328
8522,563
8522,889
8522,1444
8522,1446
8522,5557
8522,5963
8522,10591
8522,15265
8522,24790
8525,3492
8525,5002
8525,24838
8525,16252
8538,2886
8538,4115
8538,4848
8538,5523
8538,6742
8538,9180
8538,14371
8538,18792
8538,20180
8539,2099
8539,3389
8539,3734
8539,8296
8551,5357
8551,9926
8551,10654
8551,16618
8553,4151
8553,4532
8553,9628
8553,11320
8553,13801
8553,23524
8555,347
8555,1251
8555,10033
8555,10340
8555,17672
8555,20916
8555,21270
8555,21386
8555,23971
8556,10948
8556,20061
8557,1479
8557,6716
8557,9012
8557,9097
8557,13354
8557,16174
8557,18985
8557,23097
8557,24262
8560,1063
8560,4154
8560,11829
8560,18583
8560,21254
8561,2476
8561,16336
8561,20932
8561,22899
8562,1801
8562,2605
8562,7770
8562,17945
8563,969
8563,3129
8563,3958
8563,5422
8567,6710
8567,9970
8567,13316
8567,14405
8567,15076
8567,15259
8571,5153
8571,8996
8571,16429
8571,24787
8572,1702
8572,21017
8573,11183
8573,13775
8575,20956
8575,22711
8577,3094
8577,5199
8577,7012
8577,9505
8577,18779
8577,19955
8577,22241
8578,80
8578,7511
8578,8709
8578,10106
8578,10293
8578,12675
8578,17373
8578,21678
8578,22441
8578,23061
8579,1644
8579,1820
8579,5078
8579,12606
8579,14660
8579,22241
8582,1059
8582,1764
8582,8341
8582,11587
8582,19192
8582,21710
8582,23070
8582,23309
8582,24629
8584,1207
8584,8227
8584,16452
8584,18344
8584,19513
8584,20929
8584,23170
8586,3734
8586,16874
8586,22819
8586,24730
8590,3354
8590,4999
8590,11668
8590,11730
8590,11801
8590,20987
8590,23097
8590,23251
8590,23326
8591,14870
8603,5327
8603,7276
8603,8478
8603,9203
8603,9216
8603,12187
8603,13448
8603,15048
8603,19678
8608,7656
8608,7658
8608,12031
8608,20170
8617,9424
8617,10223
8617,19727
8617,20737
8619,2545
8619,2834
8619,3472
8619,5195
8619,6978
8619,14998
8619,17646
8619,20098
8629,4298
8629,5556
8629,11624
8629,12572
8629,14016
8629,16846
8629,21235
8629,22669
8629,24616
8633,525
8633,11386
8633,14660
8633,22284
8666,4181
8666,6622
8666,10686
8666,13824
8666,14996
8666,16993
8666,17759
8666,23682
8666,23961
8667,4157
8667,20229
8667,21775
8667,23328
8671,2027
8671,3354
8671,4699
8671,21562
8673,2530
8673,8651
8673,9323
8673,14750
8673,17839
8673,17945
8673,20918
8676,4200
8676,4472
8676,18559
8680,8384
8680,13022
8680,20508
8682,1342
8682,5470
8682,6955
8682,7430
8682,16399
8682,16509
8682,17700
8682,21363
8682,23388
8691,7276
8691,11659
8691,23322
8694,7044
8694,17649
8694,22497
8694,22788
8699,3119
8699,4417
8699,5636
8699,12849
8699,16864
8699,19337
8699,22580
8699,23961
8699,24783
8705,358
8705,6044
8705,11250
8705,16565
8705,23521
8705,23675
8706,3719
8706,3938
8706,6670
8706,7425
8706,9080
8706,15657
8706,15711
8706,18575
8706,19564
8706,20592
8707,2309
8707,10699
8707,12178
8707,12462
8707,13562
8707,14308
8707,17093
8707,17614
8707,20174
8707,23516
8708,6710
8708,7265
8708,11465
8708,12955
8708,15648
8708,16441
8708,20134
8708,20161
8708,21041
8708,21840
8709,638
8709,3628
8709,5735
8709,9069
8709,9258
8709,16511
8709,16589
8709,16767
8709,21085
8709,24370
8710,635
8710,6474
8710,9164
8710,10521
8710,10923
8710,16189
8710,18863
8710,20365
8710,23627
8710,24155
8711,2120
8711,5257
8711,7238
8711,7880
8711,9131
8711,9447
8711,16823
8711,22213
8711,22328
8711,22525
8713,1820
8713,3481
8713,6094
8713,7580
8713,8163
8713,16528
8713,17397
8713,18244
8713,23000
8713,24632
8714,1338
8714,5895
8714,7490
8714,9126
8714,11189
8714,12473
8714,17939
8714,20650
8714,21818
8714,22288
8715,525
8715,2033
8715,5167
8715,6270
8715,6961
8715,24839
8715,14577
8716,1189
8716,5375
8716,8689
8716,9656
8716,13084
8716,13549
8716,15011
8716,15020
8716,19610
8716,19661
8717,2444
8717,4213
8717,5102
8717,9178
8717,9916
8717,12118
8717,14295
8717,16280
8717,17592
8717,23696
8718,10343
8719,50
8719,11676
8719,13919
8720,1146
8720,5198
8720,9784
8720,12010
8720,12887
8720,18207
8720,18348
8720,18589
8720,20466
8720,23701
8721,769
8721,1468
8721,4221
8721,4342
8721,13767
8721,18010
8721,19468
8721,19730
8721,19820
8721,21196
8722,3847
8722,9585
8722,9821
8722,10045
8722,14385
8722,16270
8722,20638
8722,21590
8722,21708
8722,22349
8722,23120
8723,6710
8723,7070
8723,7788
8723,8790
8723,10317
8723,13434
8723,16825
8723,17639
8723,21313
8723,23174
8724,5840
8724,6448
8724,11296
8724,12640
8724,14578
8724,15540
8724,17838
8724,19334
8724,20394
8724,23095
8725,555
8725,562
8725,3045
8725,3407
8725,9766
8725,13791
8725,15752
8725,18946
8725,22594
8725,24791
8726,1191
8726,2885
8726,3606
8726,3796
8726,5540
8726,6094
8726,12624
8726,13031
8726,16736
8726,17796
8727,883
8727,4179
8727,4360
8727,6655
8727,10653
8727,12237
8727,17213
8727,18581
8727,23309
8727,24371
8728,1063
8728,1222
8728,1564
8728,5322
8728,5555
8728,7861
8728,18004
8728,20217
8728,20816
8728,22818
8729,1243
8729,2083
8729,6354
8729,6396
8729,7839
8729,8864
8729,14721
8729,15090
8729,15581
8729,22826
8730,804
8730,842
8730,1679
8730,7206
8730,10545
8730,11820
8730,13288
8730,17618
8730,18748
8730,19896
8731,7722
8731,9298
8731,12516
8731,14011
8731,14684
8731,15255
8731,15292
8731,15934
8731,18375
8731,23580
8731,23712
8732,1428
8732,2481
8732,6559
8732,9540
8732,13529
8732,15970
8732,16618
8732,16832
8732,18482
8732,20722
8733,4217
8733,11769
8733,12776
8733,13963
8733,15258
8733,15760
8733,16398
8733,16715
8733,18256
8733,21493
8734,2788
8734,3472
8734,7062
8734,9570
8734,9795
8734,10670
8734,10995
8734,17381
8734,19314
8734,23912
8735,24189
8736,729
8736,6622
8736,9082
8736,9668
8736,11898
8736,13262
8736,19383
8736,20120
8736,24428
8736,24658
8737,4575
8737,7095
8737,7231
8737,14954
8737,15369
8737,16282
8737,16352
8737,17666
8737,22904
8737,23090
8738,91
8738,734
8738,1873
8738,8601
8738,12007
8738,13102
8738,17762
8738,17922
8738,19313
8738,19611
8738,23992
8739,8844
8739,9622
8739,15413
8739,18503
8740,330
8740,6614
8740,8195
8740,12592
8740,13216
8740,14069
8740,16090
8740,16148
8740,18608
8740,20408
8741,12220
8742,2840
8742,6488
8742,11126
8742,11807
8742,13210
8742,17030
8742,19188
8742,20208
8742,20876
8742,23300
8743,3236
8743,5944
8743,8390
8743,8690
8743,10704
8743,11866
8743,13145
8743,13456
8743,18535
8743,22222
8744,478
8744,1798
8744,1811
8744,2360
8744,3107
8744,5376
8744,7302
8744,11777
8744,20098
8744,23478
8745,193
8745,1539
8745,3423
8745,8073
8745,9069
8745,15331
8745,19668
8745,19863
8745,22524
8745,24778
8746,3309
8746,5912
8746,6051
8746,6690
8746,12065
8746,13436
8746,13742
8746,16497
8746,17991
8746,23064
8747,3272
8747,5547
8747,7032
8747,8394
8747,10404
8747,11834
8747,11955
8747,12501
8747,17229
8747,19953
8748,2187
8748,6786
8748,8935
8748,11143
8748,12956
8748,13048
8748,22341
8749,127
8749,1097
8749,1140
8749,1394
8749,1791
8749,11460
8749,16760
8749,16966
8749,21821
8749,23296
8750,6519
8750,8546
8750,11047
8750,12314
8750,12948
8750,17476
8750,17858
8750,18542
8750,19532
8750,23278
8751,1279
8751,1350
8751,2512
8751,7142
8751,9032
8751,12591
8751,12944
8751,14292
8751,15328
8751,15367
8751,16614
8751,18478
8751,24520
8752,1854
8752,2227
8752,2587
8752,4645
8752,10189
8752,10545
8752,12883
8752,14537
8752,14899
8752,22405
8753,2530
8753,7140
8753,7302
8753,10666
8753,10881
8753,11602
8753,13553
8753,21284
8753,24809
8753,24787
8754,4415
8754,4956
8754,5531
8754,5925
8754,7539
8754,7658
8754,8240
8754,14979
8754,20297
8754,21229
8755,1175
8755,4328
8755,4954
8755,5943
8755,7316
8755,10723
8755,11707
8755,11767
8755,20859
8755,21338
8755,21962
8756,1426
8756,3950
8756,4224
8756,4608
8756,5359
8756,5814
8756,8817
8756,11078
8756,17574
8756,18228
8757,2845
8757,2851
8757,4334
8757,13069
8757,16749
8757,20898
8758,3796
8758,4219
8758,4585
8758,5877
8758,8831
8758,11569
8758,13274
8758,17022
8758,17120
8758,20061
8759,3129
8759,4942
8759,5291
8759,6742
8759,8471
8759,11991
8759,12981
8759,17047
8759,19598
8759,23310
8759,24248
8760,570
8760,1266
8760,7645
8760,15137
8760,17125
8760,18376
8760,20652
8760,22706
8760,23949
8760,24612
8761,691
8761,1394
8761,1401
8761,3034
8761,9440
8761,9568
8761,13030
8761,19263
8761,19346
8761,19499
8761,20873
8761,21843
8761,23140
8761,23596
8761,23873
8762,8776
8762,16539
8762,21741
8764,6540
8764,8004
8764,10077
8764,13016
8764,13782
8764,14073
8764,16330
8764,17998
8764,18787
8764,20882
8765,1680
8765,5045
8765,10232
8765,10291
8765,16016
8765,20643
8765,21812
8765,21940
8765,22256
8765,23302
8766,5725
8766,6273
8766,7289
8766,10826
8766,15734
8766,17756
8766,18466
8766,18942
8766,20833
8766,20988
8767,2330
8767,4384
8767,4726
8767,15394
8767,16256
8767,16402
8767,21050
8767,24445
8768,1742
8768,5028
8768,5355
8768,6089
8768,6407
8768,9393
8768,10280
8768,13007
8768,13219
8768,14102
8769,2027
8769,3063
8769,4359
8769,5095
8769,14004
8769,14196
8769,17775
8769,18588
8769,19684
8769,23465
8770,12810
8770,12820
8770,15690
8770,17364
8770,22624
8770,22641
8770,22653
8771,2487
8771,3542
8771,4081
8771,5327
8771,6437
8771,8541
8771,12932
8771,17098
8771,17110
8771,23655
8772,5169
8772,4194
8772,5874
8772,6423
8772,7290
8772,7297
8772,7860
8772,8123
8772,8856
8772,19284
8773,2894
8773,5759
8773,7525
8773,8211
8773,8782
8773,12867
8773,14166
8773,15935
8773,20854
8773,24675
8774,3448
8774,7207
8774,7710
8774,10667
8774,11210
8774,11730
8774,12788
8774,16308
8774,17509
8774,23064
8775,6091
8775,7319
8775,9662
8775,11320
8775,12983
8775,18908
8775,20693
8775,21235
8775,23645
8775,24809
8776,755
8776,5525
8776,9093
8776,9485
8776,10310
8776,11851
8776,12614
8776,19424
8776,19619
8776,23552
8777,3031
8777,5992
8777,8470
8777,10130
8777,10181
8777,14238
8777,15206
8777,17649
8777,21139
8777,23475
8778,2481
8778,3962
8778,4934
8778,8001
8778,8091
8778,9571
8778,9601
8778,11746
8778,13778
8778,15815
8778,23206
8778,23255
8779,1801
8779,9810
8779,11120
8779,12182
8779,14056
8779,14443
8779,15857
8779,15971
8779,21046
8779,22108
8782,1458
8782,2745
8782,4769
8782,6706
8782,8443
8782,10151
8782,10821
8782,15473
8782,16931
8782,19626
8782,23017
8783,6474
8783,9522
8783,17983
8784,112
8784,9088
8784,17472
8784,18278
8785,2349
8785,6304
8785,6669
8785,8623
8785,10667
8785,10753
8785,11329
8785,13177
8785,14844
8785,22433
8785,24534
8786,224
8786,1546
8786,4897
8786,7044
8786,7255
8786,13631
8786,16221
8786,18083
8786,18519
8786,24164
8787,229
8787,372
8787,1910
8787,2980
8787,9446
8787,13801
8787,13814
8787,19690
8787,24738
8787,24776
8788,750
8788,1453
8788,4053
8788,7884
8788,9014
8788,9840
8788,12322
8788,12509
8788,18845
8788,24391
8789,1773
8789,3548
8789,6844
8789,10453
8789,11899
8789,11911
8789,13476
8789,14537
8789,16630
8789,17411
8789,17441
8790,4933
8790,8511
8790,10223
8790,12108
8790,13056
8790,16818
8790,21401
8790,21630
8790,23129
8791,3055
8791,19008
8791,22973
8792,3520
8792,4491
8792,5016
8792,5956
8792,7781
8792,11626
8792,13012
8792,15969
8792,20767
8792,21832
8793,5340
8793,11042
8793,12518
8793,13745
8793,17217
8793,17888
8793,19269
8793,22287
8793,22288
8793,23570
8794,1839
8794,2062
8794,7141
8794,8311
8794,15146
8794,15731
8794,17756
8794,21195
8794,23969
8794,24269
8795,2094
8795,5132
8795,6676
8795,11652
8795,11773
8795,12348
8795,16019
8795,16721
8795,22744
8795,24174
8796,7108
8797,967
8797,1182
8797,4539
8797,10663
8797,11260
8797,17991
8797,20120
8797,20481
8797,20739
8797,24235
8798,912
8798,2232
8798,5647
8798,8073
8798,10936
8798,11668
8798,12984
8798,14126
8798,17354
8798,17998
8799,8398
8799,17126
8799,17612
8799,20443
8800,3121
8800,7211
8800,9815
8800,9868
8800,15545
8800,15959
8800,16854
8800,18877
8800,20209
8801,2460
8801,3898
8801,5203
8801,8836
8801,13332
8801,14710
8801,16414
8801,19976
8801,20471
8801,21976
8802,111
8802,9004
8802,9189
8802,9537
8802,17308
8802,17595
8803,6002
8803,6716
8803,11893
8803,21894
8803,22106
8803,22750
8803,23457
8803,24118
8803,24415
8803,24750
8804,6464
8804,8916
8804,10107
8804,11905
8804,14057
8804,15742
8804,16782
8804,20181
8804,23328
8804,24736
8805,855
8805,7023
8805,7603
8805,8422
8805,10409
8805,10450
8805,10646
8805,13389
8805,13524
8805,16989
8805,17221
8805,20803
8805,21256
8805,23186
8806,4204
8806,4691
8806,11531
8806,12862
8806,12903
8806,16235
8806,17722
8806,20612
8806,20660
8806,21871
8807,525
8807,6091
8807,6525
8807,6643
8807,6733
8807,8020
8807,9983
8807,10383
8807,11665
8807,12850
8807,19523
8807,19859
8807,21905
8807,24043
8808,1365
8808,11453
8808,12658
8808,15418
8808,15790
8808,17819
8808,18579
8808,19187
8808,19297
8808,20663
8809,219
8809,545
8809,817
8809,2495
8809,3410
8809,3860
8809,11060
8809,12425
8809,14214
8809,18635
8810,2722
8810,3515
8810,8082
8810,8444
8810,9835
8810,10831
8810,14851
8810,15411
8810,22577
8810,24625
8811,4865
8811,7097
8811,8066
8811,12550
8811,14089
8811,14898
8811,18312
8811,18466
8811,18951
8811,24072
8812,1856
8812,4613
8812,4823
8812,5038
8812,7881
8812,7899
8812,8687
8812,17638
8812,18848
8812,19745
8813,1425
8813,6981
8813,7788
8813,9148
8813,11218
8813,11741
8813,13253
8813,18533
8813,19533
8813,19934
8814,3874
8814,5343
8814,6453
8814,9016
8814,11468
8814,14453
8814,14527
8814,19759
8814,23771
8814,24757
8815,1112
8815,1488
8815,8163
8815,12882
8815,16639
8815,22336
8815,22938
8815,23251
8815,23648
8815,24360
8816,717
8816,5470
8816,6949
8816,11608
8816,12167
8816,13505
8816,17277
8816,20731
8816,21540
8816,22569
8817,3774
8817,12307
8817,12586
8817,15409
8817,15563
8817,15993
8818,3455
8818,5010
8818,7571
8818,8134
8818,7801
8818,7903
8818,14732
8818,15668
8818,15936
8818,16352
8819,1495
8819,2471
8819,5270
8819,7866
8819,9165
8819,10039
8819,10301
8819,14223
8819,15843
8819,23317
8819,23323
8820,3448
8820,6005
8820,8496
8820,9212
8820,15288
8820,16461
8820,21625
8820,23651
8820,23665
8820,24275
8821,6024
8821,10161
8821,12997
8821,13673
8821,13966
8821,13974
8821,17078
8821,19413
8821,19796
8821,23113
8822,27
8822,43
8822,387
8822,9121
8822,9605
8822,12481
8822,16395
8822,17283
8822,22228
8822,22758
8822,23102
8823,1954
8823,3533
8823,5765
8823,8403
8823,9082
8823,19367
8823,19787
8823,21504
8823,23158
8823,24690
8824,69
8824,818
8824,6742
8824,7851
8824,9713
8824,10723
8824,11042
8824,11846
8824,12050
8824,15904
8825,894
8825,1609
8825,6819
8825,6869
8825,9309
8825,9981
8825,12039
8825,12724
8825,12751
8825,13618
8825,14258
8825,14277
8825,14477
8825,15582
8825,17533
8825,18860
8825,19318
8825,23726
8826,1272
8826,6935
8826,8069
8826,12693
8826,18464
8826,19222
8826,20794
8827,2237
8827,3952
8827,3954
8827,10849
8827,15663
8827,17507
8827,18470
8827,18951
8827,18954
8827,19417
8828,1337
8828,2725
8828,6737
8828,7815
8828,11269
8828,13352
8828,18557
8828,20670
8828,21858
8829,441
8829,3692
8829,4844
8829,5357
8829,7525
8829,9354
8829,13718
8829,20053
8829,20656
8829,20918
8830,9005
8831,3512
8831,4135
8831,5767
8831,8403
8831,11366
8831,11844
8831,15983
8831,17150
8831,19391
8831,19424
8831,19616
8831,21921
8831,22363
8831,22649
8831,22816
8832,804
8832,912
8832,1910
8832,5141
8832,6617
8832,8476
8832,8818
8832,12429
8832,13038
8832,17181
8832,22200
8832,24262
8833,429
8833,1521
8833,2419
8833,6474
8833,8436
8833,9386
8833,11756
8833,15507
8833,23353
8833,24076
8834,2863
8834,4181
8834,6712
8834,10334
8834,10382
8834,11730
8834,20380
8834,20886
8834,21940
8834,23250
8835,683
8835,4651
8835,8779
8835,10504
8835,12092
8835,13858
8835,15801
8835,16224
8835,16917
8835,20739
8836,813
8836,1810
8836,2620
8836,9062
8836,10055
8836,10119
8836,10666
8836,11659
8836,12770
8836,24249
8837,24830
8837,986
8837,1497
8837,3363
8837,5437
8837,11300
8837,14851
8837,15731
8837,23879
8837,23894
8838,16572
8838,16606
8838,20585
8838,24525
8838,24526
8839,62
8839,2625
8839,2649
8839,8427
8839,9870
8839,16688
8839,16917
8839,18449
8839,19192
8839,22800
8840,3867
8840,5066
8840,9446
8840,13552
8840,13553
8840,14981
8840,19622
8840,22855
8840,23639
8840,24115
8841,1631
8841,4526
8841,10316
8841,10989
8841,16394
8841,18779
8841,19453
8841,21957
8841,22368
8841,22614
8842,4408
8842,7376
8842,7622
8842,11257
8842,13922
8842,18309
8842,18729
8842,22689
8842,24254
8842,24655
8843,120
8843,4181
8843,6117
8843,9470
8843,10572
8843,10704
8843,10788
8843,18556
8843,21372
8843,24818
8844,2070
8844,2744
8844,6530
8844,7676
8844,10797
8844,13906
8844,14502
8844,15677
8844,17763
8844,18675
8845,1621
8845,5294
8845,7424
8845,7608
8845,8724
8845,9245
8845,16497
8845,18220
8845,19697
8845,20893
8845,21013
8845,23450
8846,988
8846,3571
8846,7437
8846,8981
8846,11336
8846,11682
8846,16967
8846,18664
8846,20475
8846,24374
8847,3346
8847,3588
8847,3595
8847,4990
8847,13078
8847,17354
8847,18587
8847,19345
8847,20120
8847,23423
8848,3474
8848,8833
8848,18124
8849,4897
8849,20662
8849,21827
8850,2045
8850,3340
8850,3794
8850,4397
8850,4592
8850,8992
8850,10696
8850,13829
8850,14403
8850,20817
8851,2970
8851,5005
8851,18926
8851,22808
8852,60
8852,2596
8852,6135
8852,7931
8852,9639
8852,10073
8852,13032
8852,16252
8852,17942
8852,22000
8852,23360
8853,1925
8853,7006
8853,7373
8853,8543
8853,8745
8853,11091
8853,12444
8853,13269
8853,22742
8853,22883
8854,1987
8854,3541
8854,3968
8854,5166
8854,7965
8854,10169
8854,15556
8854,15936
8854,19220
8854,23103
8856,5419
8856,8914
8856,9547
8856,9553
8856,12602
8856,12817
8856,23060
8857,130
8857,884
8857,1808
8857,3103
8857,8719
8857,12129
8857,13390
8857,15081
8857,15776
8857,17226
8857,19213
8857,20957
8857,22185
8857,22687
8858,2457
8858,2627
8858,3509
8858,8645
8858,11002
8858,15047
8858,15295
8858,15514
8858,17824
8858,19157
8858,20229
8858,20416
8858,20520
8858,20824
8858,22058
8858,22682
8859,2433
8859,4565
8859,5215
8859,13608
8859,14071
8859,16404
8859,16473
8859,17203
8859,17608
8859,17800
8859,18254
8859,21684
8859,22877
8859,23264
8859,24553
8860,1533
8860,2232
8860,2895
8860,7006
8860,9064
8860,12131
8860,15364
8860,16589
8860,18330
8860,19337
8860,23996
8860,24370
8861,7853
8861,9009
8861,9671
8861,10468
8861,14092
8861,15390
8861,15977
8861,19441
8861,20283
8861,23993
8862,415
8862,6491
8862,9508
8862,11776
8862,11899
8862,18149
8862,19923
8862,20766
8862,22109
8862,23328
8863,1132
8863,3664
8863,5271
8863,5694
8863,7283
8863,11139
8863,14549
8863,14851
8863,17707
8863,19285
8864,3865
8864,4133
8864,6806
8864,7927
8864,8007
8864,11674
8864,14002
8864,14171
8864,18005
8864,23194
8865,3354
8865,4062
8865,4174
8865,7019
8865,9565
8865,12177
8865,16331
8865,17649
8865,21141
8865,24360
8866,345
8866,7722
8866,8461
8866,9028
8866,9376
8866,13488
8866,15576
8866,17312
8866,17320
8866,17582
8866,21927
8866,22634
8866,22775
8866,24466
8867,3021
8867,3031
8867,8170
8867,9810
8867,10070
8867,10875
8867,12869
8867,13022
8867,16394
8867,19149
8867,21362
8867,24223
8868,1556
8868,3613
8868,5151
8868,6019
8868,10867
8868,12955
8868,13530
8868,19259
8868,22788
8868,24120
8869,4729
8869,12642
8869,13391
8869,13862
8869,15562
8869,15918
8869,19739
8869,20110
8869,22288
8869,23198
8869,23298
8870,791
8870,2494
8870,3380
8870,5945
8870,13158
8870,22869
8870,23489
8871,3056
8871,8248
8871,8973
8871,9725
8871,17598
8871,18200
8871,21759
8871,21887
8871,23024
8872,64
8872,1393
8872,2360
8872,2642
8872,4900
8872,7303
8872,10443
8872,10580
8872,11741
8872,13603
8872,15853
8872,15985
8872,17928
8872,20452
8872,22844
8872,23174
8873,1824
8873,5852
8873,9352
8873,11083
8873,11782
8873,13280
8873,15958
8873,19991
8873,20916
8873,21801
8873,23322
8874,291
8874,2821
8874,3321
8874,3762
8874,8338
8874,10425
8874,12207
8874,13922
8874,15049
8874,15911
8874,17328
8874,17706
8874,17881
8874,18202
8874,20418
8874,24594
8874,24667
8875,143
8875,8000
8875,10426
8875,11738
8875,12804
8875,13635
8875,16440
8875,18013
8875,20026
8875,21273
8875,21286
8875,22159
8875,23200
8876,4386
8876,5135
8876,5911
8876,6394
8876,9643
8876,12635
8876,13630
8876,21035
8876,21857
8876,22849
8877,3250
8877,8564
8877,9729
8877,10878
8877,12400
8877,13154
8877,16463
8877,16688
8877,20288
8877,21702
8878,154
8878,3039
8878,4073
8878,5386
8878,5745
8878,7730
8878,9389
8878,11350
8878,13031
8878,13095
8878,19740
8878,20061
8878,21366
8878,21454
8878,22531
8879,2375
8879,2869
8879,8343
8879,9015
8879,9055
8879,11911
8879,14370
8879,14757
8879,22160
8879,23177
8880,3346
8880,3982
8880,5501
8880,6632
8880,15186
8880,15385
8880,16412
8880,18737
8880,21766
8880,24147
8881,2668
8881,7302
8881,7607
8881,9450
8881,10911
8881,11266
8881,11899
8881,12357
8881,13921
8881,16331
8881,16789
8881,18143
8881,18505
8882,7099
8882,8296
8882,17560
8882,19955
8882,20316
8882,20573
8882,20737
8882,23624
8882,23751
8882,24607
8883,352
8883,1213
8883,1894
8883,3754
8883,3893
8883,4302
8883,4845
8883,10707
8883,12098
8883,12334
8883,14770
8883,15395
8883,17886
8883,19009
8883,21050
8884,239
8884,3640
8884,3922
8884,4512
8884,4743
8884,8655
8884,11053
8884,13636
8884,13965
8884,16016
8884,18259
8884,19399
8884,20252
8884,24262
8885,3014
8885,3018
8885,4711
8885,5885
8885,11823
8885,11864
8885,17114
8885,20301
8885,21420
8885,24209
8886,2467
8886,3691
8886,4330
8886,5824
8886,6040
8886,6801
8886,8792
8886,9909
8886,11185
8886,11686
8886,11793
8886,17511
8886,17872
8886,18761
8886,22372
8887,1858
8887,5809
8887,6553
8887,8012
8887,9127
8887,9136
8887,12976
8887,15230
8887,17820
8887,18078
8888,2895
8888,4535
8888,5606
8888,8953
8888,11412
8888,13595
8888,17712
8888,19206
8888,20063
8888,20436
8888,21852
8888,22359
8888,22903
8888,22928
8888,23812
8888,24142
8888,24572
8888,24581
8889,319
8889,602
8889,1532
8889,2081
8889,3392
8889,4508
8889,5636
8889,10730
8889,10887
8889,11062
8889,14312
8889,16204
8889,17517
8889,18767
8889,19422
8889,23266
8890,74
8890,343
8890,2207
8890,6852
8890,9026
8890,9477
8890,15307
8890,17864
8890,22773
8890,24111
8891,4598
8891,10015
8891,10661
8891,13922
8891,15544
8891,16109
8891,16246
8891,16873
8891,17672
8891,17704
8891,18868
8891,18874
8891,21626
8891,24262
8892,179
8892,7854
8892,8741
8892,10039
8892,11196
8892,11496
8892,13030
8892,14152
8892,19121
8892,21861
8893,3790
8893,5357
8893,6863
8893,7044
8893,11554
8893,12538
8893,15206
8893,21723
8893,22717
8893,22918
8894,564
8894,1263
8894,11061
8894,12572
8894,13794
8894,17040
8894,18105
8894,18530
8894,21439
8894,23860
8895,7563
8895,8938
8895,18361
8895,21402
8895,22459
8895,24481
8896,5124
8896,24845
8896,9701
8896,15956
8896,18414
8896,19054
8896,19979
8896,22697
8896,24824
8896,24825
8897,1509
8897,6386
8897,8675
8897,9397
8898,918
8898,3611
8898,5873
8898,6963
8898,10715
8898,11974
8898,13552
8898,14473
8898,15471
8898,21354
8898,22614
8898,24370
8899,1079
8899,4033
8899,4230
8899,6381
8899,6690
8899,13921
8899,16055
8899,18886
8899,19521
8899,24367
8900,542
8900,4987
8900,7494
8900,8314
8900,18099
8900,21369
8901,6502
8901,8171
8901,12708
8901,14015
8901,14793
8901,15636
8901,16132
8901,20083
8901,23753
8901,23870
8902,729
8902,995
8902,3856
8902,3872
8902,7304
8902,10986
8902,11548
8902,11602
8902,11675
8902,12779
8902,12996
8902,16021
8902,16159
8902,16188
8902,16664
8902,17354
8902,20105
8902,20113
8902,24289
8903,885
8903,3692
8903,4577
8903,5357
8903,6556
8903,9440
8903,10049
8903,11469
8903,12376
8903,13455
8903,16257
8903,23329
8903,24665
8904,233
8904,426
8904,2360
8904,3270
8904,11778
8904,14236
8904,15339
8904,16251
8904,16721
8904,18259
8904,18535
8904,19196
8904,23423
8904,23499
8905,5791
8905,8562
8905,9501
8905,9523
8905,14547
8905,15397
8905,16745
8905,17927
8905,18484
8905,20263
8905,21159
8905,21818
8905,21849
8905,22897
8906,1217
8906,3042
8906,3935
8906,5337
8906,12393
8906,15700
8906,17177
8906,20383
8906,22054
8906,22790
8907,989
8907,1316
8907,2084
8907,4288
8907,5485
8907,6119
8907,8518
8907,8529
8907,17587
8908,1151
8908,2104
8908,5974
8908,6055
8908,6191
8908,8251
8908,19354
8908,19443
8908,21079
8908,22442
8909,3440
8909,5559
8909,6102
8909,6567
8909,9880
8909,10359
8909,13907
8909,14882
8909,18462
8909,21866
8910,3678
8910,4570
8910,6381
8910,6734
8910,11927
8910,12215
8910,13921
8910,14764
8910,16876
8910,17672
8910,18596
8910,18620
8910,19255
8910,19782
8910,19808
8910,20139
8911,2863
8911,4331
8911,7852
8911,10025
8911,10181
8911,10246
8911,10706
8911,11089
8911,16452
8911,17942
8911,18585
8911,22016
8911,22367
8911,24369
8912,1186
8912,1417
8912,3273
8912,3577
8912,7344
8912,7605
8912,9468
8912,10426
8912,13476
8912,14975
8912,17593
8912,17945
8912,21131
8912,23883
8912,24787
8913,1395
8913,1861
8913,3870
8913,4905
8913,7637
8913,8739
8913,9338
8913,12077
8913,12453
8913,15952
8913,16178
8913,19080
8916,141
8916,1099
8916,2848
8916,5279
8916,5383
8916,5433
8916,5688
8916,6551
8916,6712
8916,9333
8916,14875
8916,16089
8916,16776
8916,17429
8916,18430
8916,18751
8916,18888
8916,19151
8916,20867
8917,234
8917,2598
8917,4467
8917,12694
8917,14886
8917,17580
8917,18463
8917,18470
8917,19286
8917,24626
8919,1200
8919,1265
8919,1440
8919,4014
8919,10513
8919,12840
8919,16699
8919,17390
8919,20771
8919,24454
8919,24673
8920,4225
8920,6205
8920,6501
8920,13695
8920,13897
8920,15901
8920,21599
8922,3529
8922,4211
8922,4445
8922,4595
8922,5920
8922,6648
8922,8932
8922,12802
8922,13523
8922,16782
8922,17976
8922,21003
8922,21242
8922,21482
8922,21712
8922,22575
8922,22822
8923,2271
8923,2638
8923,10935
8923,10963
8923,15025
8923,15076
8923,16876
8923,17117
8923,21624
8923,24385
8924,9310
8924,9473
8924,13501
8924,17477
8924,18578
8924,19241
8924,20620
8924,21168
8924,21176
8924,22553
8924,22976
8925,1510
8925,1868
8925,1890
8925,8223
8925,8515
8925,15509
8925,15638
8925,16123
8925,19016
8925,23424
8926,413
8926,7577
8926,8242
8926,9811
8926,15406
8926,20021
8926,20093
8927,5303
8927,22994
8928,2429
8928,2430
8928,5706
8928,6686
8928,9183
8928,13459
8928,14105
8928,24283
8928,24284
8928,24285
8928,24438
8929,1037
8929,3286
8929,6395
8929,6689
8929,7352
8929,10704
8929,11010
8929,12303
8929,13745
8929,16991
8929,18730
8929,22119
8929,22240
8930,853
8930,1584
8930,4579
8930,4580
8930,4584
8930,5270
8930,7509
8930,8069
8930,9842
8930,10157
8930,14091
8930,14600
8930,14759
8930,21162
8930,24806
8931,324
8931,461
8931,1338
8931,2857
8931,4412
8931,6950
8931,7269
8931,7349
8931,8073
8931,11232
8931,15932
8931,17705
8931,21139
8931,22287
8932,3013
8932,14044
8932,18358
8932,18526
8933,1000
8933,3371
8933,3417
8933,4966
8933,14241
8933,14472
8933,21334
8933,21580
8933,22481
8933,24303
8934,1326
8934,2425
8934,2972
8934,3019
8934,5147
8934,6478
8934,7901
8934,8398
8934,11532
8934,13902
8934,15839
8934,15884
8934,21008
8934,21547
8934,23432
8935,3622
8935,4073
8935,4898
8935,6790
8935,8696
8935,8992
8935,9032
8935,10867
8935,12514
8935,15853
8935,18985
8935,19344
8935,22028
8935,22779
8935,23076
8935,23240
8936,363
8936,4408
8936,6551
8936,6881
8936,9283
8936,9444
8936,11115
8936,11831
8936,12174
8936,20198
8936,20285
8936,21058
8937,117
8937,2692
8937,3364
8937,3778
8937,4740
8937,5541
8937,8039
8937,9972
8937,10223
8937,11811
8937,12971
8937,14299
8937,15273
8937,16995
8937,17229
8937,17752
8937,18582
8937,18798
8937,19980
8938,12340
8939,1277
8939,2067
8939,7416
8939,11147
8939,12510
8939,12905
8939,13012
8939,13398
8939,22548
8939,23640
8940,62
8940,639
8940,5647
8940,5709
8940,8073
8940,10070
8940,12670
8940,12722
8940,13801
8940,16845
8940,18451
8940,24672
8941,1254
8941,5544
8941,9763
8941,11912
8941,12845
8941,13467
8941,16812
8941,18672
8941,20097
8941,20906
8942,3904
8942,4916
8942,10981
8942,11221
8942,12994
8942,14248
8942,18502
8942,18826
8942,20602
8942,20976
8943,229
8943,826
8943,6710
8943,7788
8943,12376
8943,12501
8943,16745
8943,18460
8943,18846
8943,21818
8943,23174
8944,5260
8944,9343
8944,10035
8944,11520
8944,11581
8944,11624
8944,12164
8944,13631
8944,14789
8944,16844
8944,22151
8944,22504
8945,6629
8945,17630
8946,1188
8946,7978
8946,16330
8946,22291
8946,22934
8947,541
8947,1928
8947,2664
8947,3593
8947,4970
8947,6395
8947,6665
8947,10759
8947,11181
8947,13450
8947,13966
8947,14766
8947,20443
8947,21156
8947,23302
8947,24300
8948,1612
8948,2531
8948,4202
8948,5470
8948,6304
8948,7074
8948,7081
8948,10129
8948,10399
8948,13520
8948,13530
8948,15241
8948,17044
8948,18166
8948,22285
8948,23664
8949,123
8949,2622
8949,3439
8949,3496
8949,3700
8949,3734
8949,4286
8949,4665
8949,8913
8949,9347
8949,10335
8949,11895
8949,12993
8949,13571
8949,17709
8949,22392
8949,23315
8949,23920
8950,3357
8950,4202
8950,4214
8950,4868
8950,5336
8950,8588
8950,11682
8950,12656
8950,13742
8950,14202
8950,15016
8950,19094
8950,20706
8950,23836
8951,2479
8951,2750
8951,5844
8951,6684
8951,9144
8951,9512
8951,10322
8951,20429
8951,23356
8951,24634
8952,3273
8952,6270
8952,6712
8952,9656
8952,12198
8952,12491
8952,12997
8952,14449
8952,15317
8952,16006
8952,16682
8952,23447
8952,24176
8953,1834
8953,2243
8953,3436
8953,9207
8953,9565
8953,10511
8953,12400
8953,13876
8953,14212
8953,16286
8953,16796
8953,19249
8953,20235
8954,625
8954,2481
8954,3463
8954,4200
8954,5418
8954,8683
8954,12585
8954,18518
8954,19525
8954,23331
8955,227
8955,1172
8955,4175
8955,6984
8955,7520
8955,12665
8955,16358
8955,18583
8955,19199
8955,21221
8956,5614
8956,8209
8956,13918
8956,17973
8957,3075
8957,3360
8957,4705
8957,6456
8957,8543
8957,8745
8957,10973
8957,15179
8957,15746
8957,19405
8958,6889
8958,7554
8958,12106
8958,14052
8958,14500
8958,15633
8958,17045
8958,18701
8958,18980
8958,22733
8959,967
8959,1540
8959,6127
8959,11484
8959,13993
8959,15006
8959,17394
8959,21621
8959,22041
8959,22737
8960,320
8960,3942
8960,4027
8960,9370
8960,10195
8960,11365
8960,15481
8960,18522
8960,18838
8960,20484
8961,551
8961,739
8961,2525
8961,3206
8961,5195
8961,6696
8961,8447
8961,14399
8961,17007
8961,18435
8961,18783
8961,22758
8961,23573
8961,24025
8962,1221
8962,2457
8962,5636
8962,5740
8962,6792
8962,6866
8962,9130
8962,10576
8962,14296
8962,15184
8962,15765
8962,20297
8962,20703
8962,22584
8962,23696
8962,23959
8962,24355
8963,4762
8963,5292
8963,6446
8963,8078
8963,8378
8963,10984
8963,15448
8963,17491
8963,19339
8963,20129
8963,23321
8963,23702
8963,23967
8964,6332
8964,21275
8965,329
8965,1072
8965,4771
8965,4772
8965,9973
8965,10810
8965,10820
8965,10854
8965,12327
8965,14142
8965,15662
8965,23979
8965,24624
8966,133
8966,1332
8966,2118
8966,3276
8966,3376
8966,7172
8966,13753
8966,14473
8966,16845
8966,16963
8966,21751
8966,22766
8966,22806
8966,23739
8966,24783
8967,4480
8967,8415
8967,9775
8967,10257
8967,10782
8967,19109
8967,19218
8967,19588
8967,23039
8967,23947
8967,24597
8968,6707
8968,7936
8968,10156
8968,11375
8968,15910
8968,16180
8968,16654
8968,19866
8968,22588
8968,23916
8969,370
8969,3262
8969,3424
8969,3593
8969,4647
8969,6800
8969,10599
8969,10629
8969,12263
8969,12925
8969,15192
8969,18796
8969,21032
8969,23762
8969,24262
8970,1364
8970,2527
8970,3723
8970,5366
8970,6180
8970,9639
8970,13000
8970,14234
8970,14596
8970,14941
8970,15491
8970,17725
8970,23224
8970,23977
8970,24112
8971,2616
8971,5904
8971,8288
8971,15175
8971,15214
8971,19947
8971,20096
8971,20471
8971,20601
8971,22756
8972,658
8972,2857
8972,7420
8972,12218
8972,13311
8972,14535
8972,16166
8972,21280
8973,457
8973,1168
8973,5525
8973,6192
8973,6975
8973,8033
8973,8866
8973,10458
8973,12378
8973,12394
8973,12628
8973,14361
8973,14965
8973,15503
8973,15942
8973,18987
8973,19015
8973,19038
8974,1136
8974,1302
8974,1390
8974,2611
8974,3656
8974,4725
8974,5710
8974,5997
8974,6255
8974,6701
8974,9452
8974,9501
8974,10432
8974,17228
8974,20345
8974,22238
8974,23329
8975,5224
8976,645
8976,6395
8976,8474
8976,9452
8976,13253
8976,15567
8976,17452
8976,18030
8976,19240
8976,19985
8976,21586
8976,21849
8976,22105
8976,22206
8976,23873
8976,24255
8977,3132
8977,4090
8977,6487
8977,8538
8977,9883
8977,10623
8977,11246
8977,14040
8977,19181
8977,19487
8977,19594
8977,20127
8977,20597
8977,22876
8978,339
8978,1118
8978,1125
8978,2194
8978,3078
8978,7125
8978,7692
8978,7835
8978,9022
8978,9373
8978,9882
8978,15699
8978,15740
8978,16384
8978,17475
8978,18102
8978,19060
8979,347
8979,2463
8979,4045
8979,5327
8979,6184
8979,10318
8979,10910
8979,12187
8979,12624
8979,12977
8979,13190
8979,20359
8979,22009
8979,22268
8980,117
8980,685
8980,952
8980,955
8980,2558
8980,4358
8980,4644
8980,4954
8980,11419
8980,15048
8980,15273
8980,17378
8980,18415
8980,18634
8980,19733
8980,21604
8981,502
8981,1102
8981,7330
8981,11603
8981,13369
8981,15779
8981,17038
8981,22280
8981,22591
8981,22737
8983,36
8983,3687
8983,4164
8983,6486
8983,10070
8983,11690
8983,13098
8983,15854
8983,16806
8983,17912
8983,18532
8983,19259
8983,19314
8983,19678
8983,20476
8983,20611
8983,21831
8983,23089
8984,151
8984,199
8984,5401
8984,6615
8984,7001
8984,7273
8984,8730
8984,9061
8984,12370
8984,20440
8985,265
8985,363
8985,3283
8985,4159
8985,7338
8985,10055
8985,18500
8985,18952
8985,20471
8985,22490
8985,22998
8985,23364
8985,23811
8986,10260
8986,10479
8986,10487
8986,11211
8986,11390
8986,12866
8986,14147
8986,14259
8986,18997
8986,21458
8986,23607
8986,24191
8986,24857
8987,3076
8987,10548
8987,15031
8987,16057
8987,16129
8987,17141
8987,19371
8987,20376
8987,23379
8987,23382
8988,1650
8988,2994
8988,3273
8988,3431
8988,5498
8988,6651
8988,7371
8988,8740
8988,12768
8988,17352
8988,17822
8988,18142
8988,18763
8988,20103
8988,22064
8988,22746
8988,23055
8989,1921
8989,13359
8989,16403
8989,16473
8989,17289
8989,20797
8989,21060
8989,23498
8989,24586
8989,24648
8990,234
8990,986
8990,1846
8990,1990
8990,2032
8990,3972
8990,8139
8990,17534
8990,17592
8990,20775
8990,21817
8990,21829
8991,2024
8991,10643
8991,11327
8991,11443
8991,11705
8991,11881
8991,14809
8991,16346
8991,20007
8991,21819
8992,64
8992,238
8992,736
8992,1148
8992,1471
8992,5466
8992,6689
8992,7558
8992,8476
8992,11089
8992,11359
8992,15530
8992,20001
8992,20243
8992,22687
8992,24730
8993,10512
8994,668
8994,1543
8994,5443
8994,9988
8994,11576
8994,11619
8994,11653
8994,14545
8994,14937
8994,15017
8994,17736
8994,18660
8994,23060
8994,24461
8995,55
8995,614
8995,967
8995,1130
8995,2040
8995,3031
8995,4868
8995,6983
8995,9069
8995,11579
8995,19107
8995,20700
8995,21281
8995,22276
8995,22771
8995,22804
8996,3081
8996,4586
8996,6330
8996,7847
8996,10301
8996,11228
8996,12487
8996,14497
8996,18064
8996,20874
8996,20921
8996,21863
8996,22217
8996,23804
8997,1238
8997,6194
8997,8694
8997,8768
8997,10582
8997,17233
8997,18162
8997,20916
8997,20965
8997,23991
8998,1964
8998,4072
8998,7535
8998,15096
8999,668
8999,1292
8999,2600
8999,8384
8999,10239
8999,10294
8999,10867
8999,10988
8999,12173
8999,14212
8999,14785
8999,15080
8999,17161
8999,17696
8999,21270
8999,22822
8999,22964
9000,1599
9000,5347
9000,5467
9000,6368
9000,8473
9000,8779
9000,11931
9000,13966
9000,17505
9000,18445
9000,19176
9000,19860
9000,22174
9000,23045
9000,23417
9002,883
9002,1569
9002,2471
9002,2821
9002,4897
9002,6110
9002,6507
9002,11131
9002,12166
9002,14198
9002,16453
9002,17196
9002,18083
9002,19451
9002,19536
9002,22465
9002,24274
9002,24221
9003,4196
9003,4328
9003,5744
9003,9970
9003,10320
9003,10449
9003,11948
9003,16736
9003,16911
9003,19727
9003,20452
9003,21803
9003,23250
9003,23746
9004,3263
9004,4086
9004,4332
9004,5590
9004,13535
9004,23833
9005,746
9005,2271
9005,3337
9005,5078
9005,6959
9005,10053
9005,12195
9005,13426
9005,18024
9005,20496
9005,23209
9005,23490
9006,1299
9006,3401
9006,3918
9006,4064
9006,6241
9006,7190
9006,9704
9006,10775
9006,14422
9006,17113
9006,18705
9006,22650
9006,23229
9006,23670
9006,24565
9007,1814
9007,5032
9007,5266
9007,10426
9007,12514
9007,14122
9007,17001
9007,17166
9007,18333
9007,18772
9008,530
9008,8351
9008,9156
9008,9585
9008,11785
9008,12205
9008,14452
9008,16507
9008,17307
9008,17803
9008,18789
9008,22115
9009,347
9009,2956
9009,3069
9009,5531
9009,5817
9009,10635
9009,11631
9009,12766
9009,17207
9009,20819
9009,22084
9009,24198
9009,24382
9009,24638
9010,1593
9010,2849
9010,7557
9010,7975
9010,9244
9010,10431
9010,11508
9010,13292
9010,16727
9010,17841
9012,5168
9012,6351
9012,6868
9012,7797
9012,8064
9012,8222
9012,17570
9012,18653
9012,19373
9012,24092
9013,3067
9013,3378
9013,3611
9013,4857
9013,6803
9013,9052
9013,12255
9013,14081
9013,15393
9013,16208
9013,16671
9013,18820
9013,21979
9013,23214
9013,23246
9014,1184
9014,3956
9014,5788
9014,6284
9014,8826
9014,9130
9014,9400
9014,11335
9014,11442
9014,11732
9014,19247
9014,19430
9014,21657
9014,23289
9014,23446
9015,709
9015,3468
9015,4438
9015,6683
9015,12054
9015,14290
9015,17781
9015,20505
9015,20719
9015,21448
9016,1301
9016,2025
9016,3375
9016,5489
9016,6537
9016,11304
9016,14489
9016,18013
9016,18309
9016,18843
9016,21436
9016,22371
9017,4454
9017,6106
9017,6277
9017,6936
9017,12515
9017,14453
9017,15203
9017,15544
9017,16538
9017,17423
9018,2538
9018,6264
9018,7184
9018,8277
9018,8328
9018,8656
9018,9467
9018,9706
9018,10007
9018,10348
9018,12514
9018,12876
9018,13953
9018,15438
9018,16174
9018,16456
9018,16708
9018,18217
9018,18559
9018,21933
9019,1189
9019,2783
9019,3098
9019,3996
9019,7442
9019,8976
9019,9525
9019,10769
9019,11520
9019,12979
9019,13199
9019,13386
9019,16796
9019,17161
9019,18492
9019,21270
9020,2770
9020,7850
9020,15668
9020,15924
9020,16373
9020,18238
9020,19091
9020,19464
9020,21763
9020,23008
9021,4635
9021,4714
9021,5412
9021,6418
9021,6933
9021,6947
9021,14563
9021,15713
9021,15992
9021,21955
9021,22938
9022,24832
9022,2648
9022,6664
9022,7517
9022,9898
9022,9932
9022,9933
9022,12700
9022,15479
9022,19401
9022,22728
9023,4268
9023,4545
9023,5941
9023,10729
9023,12646
9023,13053
9023,13730
9023,17138
9023,18519
9023,19094
9023,22497
9024,3696
9024,3950
9024,4473
9024,4702
9024,4979
9024,5083
9024,9259
9024,11227
9024,16884
9024,18388
9024,22163
9024,22485
9025,68
9026,201
9026,4413
9026,5517
9026,16114
9026,21350
9027,7824
9027,19992
9028,4285
9028,7434
9028,9020
9028,9210
9028,13166
9028,13295
9028,21690
9028,22602
9028,22674
9028,24643
9029,2820
9029,5635
9029,8549
9029,11339
9029,12308
9029,12399
9029,14405
9029,19930
9029,22524
9029,24211
9030,202
9030,1527
9030,6580
9030,12103
9030,13369
9030,15555
9030,16986
9030,18271
9030,20240
9030,22788
9031,2857
9031,3546
9031,6545
9031,8289
9031,10911
9031,11002
9031,11516
9031,12372
9031,13546
9031,16822
9031,16884
9031,19917
9031,19970
9031,23541
9031,24119
9031,24360
9032,1468
9032,2510
9032,5501
9032,10234
9032,12070
9032,13058
9032,13731
9032,14063
9032,14154
9032,14757
9032,14927
9032,18353
9032,21058
9032,22226
9032,23211
9032,23521
9033,3325
9033,3472
9033,3476
9033,4366
9033,4693
9033,6001
9033,6500
9033,8751
9033,9959
9033,10891
9033,12968
9033,14130
9033,14231
9033,15792
9033,19993
9033,20979
9033,22286
9034,1111
9034,1211
9034,1658
9034,3688
9034,5841
9034,13988
9034,17236
9034,17738
9034,17955
9034,21077
9035,176
9035,677
9035,1702
9035,3133
9035,3643
9035,5250
9035,6500
9035,9132
9035,14539
9035,16868
9035,17160
9035,20549
9035,23405
9035,23982
9035,24677
9036,507
9036,1058
9036,5049
9036,5531
9036,5900
9036,7107
9036,7574
9036,7654
9036,11217
9036,13911
9036,15039
9036,16242
9036,17945
9036,19337
9036,19840
9037,4080
9037,10428
9037,11119
9037,11207
9037,11263
9037,15360
9037,16264
9037,19755
9037,20581
9037,23675
9038,1801
9038,2652
9038,3938
9038,4382
9038,4740
9038,9639
9038,10206
9038,10879
9038,12908
9038,15841
9038,20905
9038,22642
9038,22950
9038,23326
9039,468
9039,5311
9039,5983
9039,6718
9039,10094
9039,14087
9039,19030
9039,19119
9039,20523
9039,23149
9040,2184
9040,3359
9040,3824
9040,7356
9040,10198
9040,10200
9040,10664
9040,10678
9040,13599
9040,14478
9040,15640
9040,19821
9040,20071
9040,21961
9041,576
9041,1262
9041,4972
9041,6290
9041,11676
9041,11767
9041,14209
9041,14570
9041,15857
9041,16493
9041,18587
9041,21233
9041,24235
9042,4031
9042,6694
9042,7996
9042,15909
9042,17039
9042,19799
9042,20393
9042,22104
9042,23885
9043,1451
9043,3834
9043,4722
9043,5250
9043,13389
9043,15794
9043,18140
9043,20958
9043,22342
9043,22369
9044,2101
9044,5221
9044,5676
9044,7080
9044,11866
9044,12187
9044,12376
9044,13335
9044,14975
9044,16016
9044,16867
9044,16991
9044,18429
9044,18598
9044,19009
9044,24262
9044,24469
9046,1284
9046,3655
9046,6834
9046,7054
9046,8820
9046,9319
9046,9737
9046,9740
9046,9802
9046,14007
9046,15000
9046,15925
9046,18363
9046,19082
9046,21789
9046,22113
9047,64
9047,538
9047,3593
9047,4765
9047,5600
9047,7944
9047,10675
9047,11735
9047,13058
9047,13387
9047,14927
9047,19080
9047,20094
9047,20914
9047,20958
9047,24360
9047,24861
9048,446
9048,4249
9048,4935
9048,5273
9048,5889
9048,7325
9048,8834
9048,10583
9048,12988
9048,14293
9048,14669
9048,15168
9048,15486
9048,16829
9048,18975
9048,19404
9049,542
9049,899
9049,1147
9049,1869
9049,5481
9049,7990
9049,15014
9049,18327
9049,18100
9049,23581
9050,3844
9050,6016
9050,17439
9050,19798
9050,21986
9050,22422
9051,1470
9051,2048
9051,3811
9051,5523
9051,6535
9051,7112
9051,8428
9051,9507
9051,11329
9051,12370
9051,17174
9051,18842
9051,19059
9051,19608
9051,20431
9051,23442
9052,1079
9052,1155
9052,2570
9052,2885
9052,4956
9052,6270
9052,7668
9052,8240
9052,9323
9052,10667
9052,11075
9052,19679
9052,20297
9053,3703
9053,5814
9053,6630
9053,6977
9053,8263
9053,8473
9053,10635
9053,10666
9053,11957
9053,13274
9053,13386
9053,14981
9053,16035
9053,20129
9054,8946
9054,10178
9054,10179
9054,12897
9054,13685
9054,17185
9054,21404
9054,21405
9054,22453
9054,24563
9055,1861
9055,2233
9055,6245
9055,7911
9055,8069
9055,14959
9055,18957
9055,20084
9056,1048
9056,1070
9056,3384
9056,3796
9056,4897
9056,6148
9056,6181
9056,9512
9056,10401
9056,12136
9056,13265
9056,15112
9056,17816
9056,18154
9056,18996
9056,20884
9056,21654
9057,3639
9057,4585
9057,5573
9057,8285
9057,9695
9057,10568
9057,11899
9057,12013
9057,12146
9057,18351
9057,20533
9057,23011
9057,23909
9058,821
9058,831
9058,12813
9058,12823
9058,13137
9058,13895
9058,18260
9058,20777
9058,21488
9058,21969
9059,372
9059,1781
9059,4645
9059,8170
9059,8581
9059,13184
9059,13245
9059,13714
9059,13753
9059,18524
9059,18723
9059,22369
9059,23670
9059,24005
9059,24683
9060,834
9060,3495
9060,5118
9060,5506
9060,5658
9060,7274
9060,9943
9060,10130
9060,11013
9060,12457
9060,15395
9060,15788
9060,17578
9060,18217
9060,18588
9060,20617
9060,22600
9060,22276
9061,489
9061,799
9061,1796
9061,2668
9061,4238
9061,6792
9061,8170
9061,8220
9061,9353
9061,10196
9061,11816
9061,14776
9061,17676
9061,19853
9061,21387
9061,21956
9062,280
9062,1618
9062,2519
9062,2616
9062,4134
9062,5895
9062,8296
9062,9071
9062,9401
9062,12073
9062,13759
9062,14537
9062,17946
9062,19205
9062,19310
9062,19982
9062,20441
9063,1729
9063,2854
9063,4645
9063,5035
9063,5327
9063,6472
9063,9603
9063,12005
9063,17158
9063,17238
9063,17408
9063,21818
9063,23756
9064,2816
9064,4092
9064,5509
9064,10842
9064,14640
9064,15428
9064,16491
9064,18181
9064,19058
9064,24180
9065,1132
9065,1895
9065,2027
9065,6890
9065,7509
9065,15513
9065,16886
9065,23211
9065,23791
9065,23879
9066,566
9066,569
9066,1267
9066,1442
9066,1636
9066,2087
9066,5578
9066,7644
9066,15714
9066,15715
9066,16068
9066,16296
9066,16367
9066,17718
9066,19331
9066,21425
9066,23821
9067,2738
9067,6328
9067,8605
9067,8606
9067,8708
9067,9562
9067,14480
9067,15628
9067,16578
9067,23620
9068,2127
9068,3882
9068,10360
9068,10439
9068,10908
9068,11072
9068,12185
9068,13988
9068,15810
9068,16202
9068,17227
9068,20548
9069,1052
9069,4163
9069,6104
9069,8060
9069,8311
9069,14549
9069,14873
9069,17539
9069,21959
9069,22726
9070,200
9070,912
9070,1963
9070,3250
9070,3472
9070,5647
9070,6646
9070,6968
9070,9966
9070,10068
9070,10340
9070,10663
9070,12195
9070,12604
9070,12996
9070,13730
9070,14726
9070,16463
9070,16502
9071,1129
9071,4876
9071,12471
9072,4767
9072,6389
9072,9083
9072,12704
9072,12688
9072,13072
9072,15604
9072,16292
9072,17246
9072,18190
9072,20828
9072,21675
9072,22731
9072,23188
9072,23384
9072,23385
9072,23957
9073,5141
9073,5794
9073,6544
9073,11752
9073,14115
9073,16874
9073,16886
9073,17417
9073,18006
9073,18109
9073,18344
9073,19970
9073,20854
9073,22376
9074,658
9074,883
9074,3340
9074,4874
9074,6949
9074,8694
9074,10995
9074,11597
9074,12653
9074,15317
9074,17171
9074,17701
9074,18229
9074,22370
9074,23036
9075,6776
9075,6804
9075,8331
9075,8465
9075,21647
9076,3393
9076,5833
9076,6019
9076,8364
9076,10023
9076,10297
9076,12618
9076,12672
9076,13000
9076,16250
9076,16325
9076,20168
9076,22324
9076,23406
9076,23467
9077,298
9077,730
9077,1873
9077,4847
9077,5107
9077,6229
9077,10645
9077,11778
9077,12185
9077,13208
9077,18529
9077,18584
9077,20475
9077,23835
9078,2098
9078,6069
9078,8346
9078,14630
9078,19580
9078,19599
9078,21080
9078,21582
9078,21699
9078,24486
9078,24536
9079,961
9079,3021
9079,3049
9079,3568
9079,3953
9079,7604
9079,10420
9079,11618
9079,12242
9079,12515
9079,15327
9079,15567
9079,16416
9079,18911
9079,20280
9079,21366
9080,981
9080,6976
9080,8437
9080,8666
9080,8743
9080,10528
9080,11550
9080,11873
9080,11888
9080,12938
9080,13741
9080,16496
9080,17415
9080,18000
9080,19466
9080,19845
9080,21565
9080,21676
9081,1713
9081,4001
9081,6025
9081,8098
9081,12903
9081,15399
9081,21872
9081,23250
9082,244
9082,4571
9082,4646
9082,5691
9082,9847
9082,10299
9082,18073
9082,18597
9082,19369
9082,24314
9083,365
9083,434
9083,2457
9083,4994
9083,5616
9083,6787
9083,7615
9083,13511
9083,15622
9083,16503
9083,17317
9083,19198
9083,20203
9083,20648
9084,977
9084,5112
9084,5145
9084,5500
9084,7507
9084,10036
9084,10363
9084,20175
9084,23314
9084,23390
9085,1879
9085,2776
9085,3049
9085,3604
9085,4335
9085,8011
9085,9659
9085,10005
9085,10131
9085,12036
9085,13462
9085,14613
9085,18639
9085,23433
9085,23755
9085,24477
9086,1307
9086,7588
9086,8135
9086,9658
9086,11909
9086,12088
9086,12268
9086,12269
9086,15651
9086,18317
9087,636
9087,3199
9087,9142
9087,11328
9087,12603
9087,15073
9087,18630
9087,19159
9087,20343
9087,21824
9087,24026
9088,1781
9088,3021
9088,3083
9088,3775
9088,4901
9088,5471
9088,5658
9088,5924
9088,7914
9088,8170
9088,8581
9088,10023
9088,11095
9088,11120
9088,11271
9088,11676
9088,12983
9088,13132
9089,154
9089,1488
9089,1789
9089,2662
9089,2876
9089,3869
9089,5221
9089,6395
9089,8912
9089,11659
9089,12141
9089,14044
9089,15089
9089,15801
9089,18559
9089,23323
9090,2857
9090,3289
9090,6316
9090,7193
9090,11504
9090,12145
9090,13063
9090,14415
9090,16881
9090,19089
9090,23399
9091,6864
9091,8952
9091,13394
9091,14429
9091,16625
9091,18640
9091,23099
9091,24398
9091,24412
9091,24434
9091,24440
9091,24576
9092,677
9092,3021
9092,6622
9092,10000
9092,12849
9092,13436
9092,15245
9092,15452
9092,15653
9092,17263
9092,17988
9092,19892
9092,21411
9092,22586
9092,23169
9093,2293
9093,3647
9093,6239
9093,8101
9093,8333
9093,9505
9093,10142
9093,13176
9093,17001
9093,17733
9093,18900
9093,19727
9093,20892
9093,24428
9093,24658
9093,24736
9094,653
9094,3114
9094,5966
9094,24838
9094,9100
9094,9656
9094,10729
9094,11569
9094,14982
9094,18259
9094,22974
9094,24253
9095,1030
9095,4505
9095,4532
9095,8562
9095,8655
9095,9465
9095,11737
9095,12497
9095,16336
9095,19365
9095,20345
9095,22122
9095,22899
9096,3358
9096,4577
9096,9453
9096,9730
9096,10427
9096,10687
9096,10763
9096,11478
9096,13745
9096,14044
9096,15560
9096,15653
9096,16174
9096,17852
9096,18103
9096,20384
9096,22604
9097,1601
9097,2838
9097,4658
9097,6690
9097,8655
9097,9162
9097,9970
9097,11210
9097,12606
9097,13078
9097,16032
9097,18588
9097,19863
9097,20211
9097,20689
9097,22926
9097,24005
9097,24679
9098,434
9098,3392
9098,4240
9098,11109
9098,11504
9098,12417
9098,12908
9098,16203
9098,16835
9098,18350
9098,21138
9098,22291
9098,24057
9099,2267
9099,7718
9099,8048
9099,9188
9099,9398
9099,9835
9099,10809
9099,14082
9099,16141
9099,23250
9100,2300
9100,2595
9100,4472
9100,5854
9100,8762
9100,11181
9100,11651
9100,11999
9100,18805
9100,19128
9100,19405
9100,20474
9100,20502
9100,21294
9100,21296
9100,22138
9100,22235
9100,23136
9101,785
9101,1621
9101,1644
9101,3392
9101,4457
9101,6978
9101,7503
9101,8954
9101,9017
9101,11767
9101,13230
9101,16190
9101,19762
9101,20599
9101,21655
9102,912
9102,3004
9102,3129
9102,3439
9102,3867
9102,5735
9102,11181
9102,16266
9102,16599
9102,16886
9102,21131
9102,23322
9102,23521
9102,24672
9103,127
9103,1378
9103,4166
9103,4174
9103,4186
9103,4645
9103,7953
9103,8640
9103,9674
9103,15508
9103,15857
9103,17001
9103,18441
9103,20387
9103,22095
9103,22902
9103,23189
9104,1513
9104,2821
9104,2983
9104,3273
9104,4408
9104,8745
9104,9639
9104,9964
9104,11098
9104,11199
9104,11539
9104,11898
9104,13419
9104,15246
9104,16688
9104,17700
9104,19495
9104,20945
9105,2710
9105,3656
9105,4007
9105,5390
9105,5655
9105,6336
9105,7063
9105,9123
9105,9745
9105,10022
9105,10527
9105,10676
9105,11438
9105,12527
9105,13264
9105,14357
9105,16072
9105,19309
9106,4025
9106,6105
9106,6268
9106,9034
9106,11636
9106,18314
9106,20966
9106,21791
9106,23708
9106,23713
9106,24455
9106,24561
9107,1730
9107,7935
9107,8869
9107,9821
9107,10301
9107,10443
9107,12552
9107,13338
9107,14215
9107,19152
9107,22222
9107,23288
9107,23811
9109,4399
9109,8364
9109,15069
9109,15493
9109,17556
9109,18583
9109,19429
9109,21125
9109,22788
9109,22946
9109,23576
9110,2507
9110,2906
9110,5160
9110,8176
9110,11875
9110,18770
9110,19631
9110,19767
9110,23974
9110,24383
9111,820
9111,2113
9111,6916
9111,9320
9111,15308
9111,17235
9111,17458
9111,18192
9111,21001
9111,21475
9112,575
9112,1551
9112,2304
9112,3435
9112,3573
9112,9016
9112,10706
9112,12216
9112,13622
9112,14261
9112,14553
9112,15520
9112,22069
9112,22947
9113,2289
9113,4956
9113,6164
9113,6402
9113,8349
9113,10220
9113,14236
9113,14724
9113,23060
9113,23310
9113,23662
9113,24510
9114,662
9114,941
9114,4702
9114,7162
9114,8361
9114,10342
9114,15702
9114,18583
9114,23242
9114,24226
9115,98
9115,645
9115,1689
9115,2769
9115,4018
9115,4610
9115,6516
9115,6722
9115,9606
9115,14163
9115,16837
9115,17035
9115,24258
9116,1749
9116,7084
9116,9741
9116,10935
9116,11615
9116,14193
9116,15595
9116,19379
9116,20535
9116,24318
9117,7347
9117,7509
9117,8137
9117,12677
9117,14877
9117,15670
9117,16930
9117,18048
9117,18905
9117,19632
9118,2546
9118,2675
9118,2939
9118,8260
9118,8714
9118,11821
9118,12249
9118,14284
9118,18664
9118,20174
9118,23401
9119,2618
9119,2645
9119,3211
9119,5453
9119,9293
9119,9501
9119,9504
9119,9692
9119,11218
9119,11328
9119,12552
9119,15218
9119,15678
9119,16745
9119,18230
9119,19068
9119,19926
9119,20853
9120,258
9120,679
9120,2882
9120,5529
9120,5721
9120,7418
9120,10185
9120,12110
9120,14209
9120,15537
9120,15719
9120,17822
9120,18582
9120,19511
9120,20125
9120,22770
9120,24379
9121,7622
9121,9720
9121,10758
9121,12278
9121,15033
9121,15565
9121,15904
9121,17293
9121,19160
9121,19801
9121,22211
9122,1483
9122,4741
9122,5291
9122,5997
9122,7003
9122,7899
9122,11957
9122,13544
9122,14385
9122,14449
9122,18786
9122,20380
9122,20905
9122,21623
9122,23842
9123,231
9123,3666
9123,3757
9123,4548
9123,6240
9123,12446
9123,12799
9123,20050
9123,20080
9123,22677
9124,10000
9124,10068
9124,10681
9124,10774
9124,11042
9124,12364
9124,13073
9124,16040
9124,20169
9124,20222
9124,23798
9124,24319
9125,293
9125,7690
9125,9846
9125,10187
9125,12506
9125,14903
9125,20265
9125,21012
9125,23502
9125,24007
9126,1492
9126,3853
9126,8049
9126,11638
9126,11639
9126,12127
9126,13662
9126,19876
9127,557
9127,571
9127,6373
9127,9651
9127,9764
9127,13690
9127,15341
9127,15588
9127,24036
9127,24492
9128,2278
9128,2289
9128,2620
9128,4382
9128,7109
9128,8384
9128,10034
9128,13919
9128,16845
9128,16874
9128,17808
9128,20134
9128,22834
9128,22964
9128,23554
9128,24282
9128,24463
9129,1
9129,3322
9129,4988
9129,5966
9129,7345
9129,7607
9129,8476
9129,11109
9129,12047
9129,12772
9129,14410
9129,16308
9129,16425
9129,17294
9129,18330
9129,18378
9129,18606
9129,21994
9129,23136
9130,70
9130,667
9130,8568
9130,10406
9130,11246
9130,11651
9130,14110
9130,17409
9130,19066
9130,23674
9131,7334
9131,8128
9131,9020
9131,9383
9131,11328
9131,11416
9131,13000
9131,13313
9131,14846
9131,20589
9131,20759
9131,21695
9131,24647
9132,1545
9132,1718
9132,2919
9132,8411
9132,12135
9132,13949
9132,14794
9132,15693
9132,16453
9132,18051
9132,18432
9132,19489
9132,20247
9132,20948
9132,21391
9132,24698
9133,1781
9133,4829
9133,5455
9133,6443
9133,10370
9133,11087
9133,11735
9133,16894
9133,18344
9133,20191
9134,2419
9134,2623
9134,11756
9134,20952
9136,5267
9136,7966
9136,9760
9136,13704
9136,18651
9136,18788
9136,19303
9136,20308
9136,22511
9137,1731
9137,2592
9137,3662
9137,5939
9137,6395
9137,7299
9137,7851
9137,8010
9137,9151
9137,11542
9137,11916
9137,15973
9137,17416
9137,17734
9137,18895
9137,21453
9137,23062
9137,24236
9138,1088
9138,3429
9138,5764
9138,6989
9138,7272
9138,9437
9138,11553
9138,12483
9138,13720
9138,17224
9139,3685
9139,5189
9139,7790
9139,8962
9139,9457
9139,9463
9139,11292
9139,12745
9139,24399
9139,24408
9139,24441
9139,24501
9139,24571
9139,24755
9140,225
9140,1211
9140,8406
9140,9606
9140,11072
9140,11797
9140,13988
9140,18095
9140,19909
9140,22401
9141,358
9141,2476
9141,6227
9141,6648
9141,8511
9141,10122
9141,13028
9141,13145
9141,13505
9141,17759
9141,18715
9141,20491
9141,23034
9141,24139
9141,24249
9142,856
9142,5227
9142,11246
9142,15875
9142,16169
9142,16231
9142,16884
9142,20092
9142,22159
9142,23423
9143,181
9143,480
9143,1059
9143,3203
9143,4117
9143,6690
9143,10407
9143,14210
9143,18596
9143,20118
9143,20359
9143,20647
9143,23524
9144,1144
9144,1967
9144,2824
9144,8535
9144,24515
9147,2215
9147,9410
9147,13169
9147,13301
9147,13880
9147,15304
9147,16093
9147,16099
9147,20754
9147,21690
9147,22660
9148,3209
9148,8071
9148,8261
9148,10350
9148,10667
9148,11319
9148,20840
9148,21194
9148,22235
9148,22846
9148,24701
9149,7166
9149,8161
9149,8578
9149,9106
9149,9180
9149,10494
9149,15762
9149,17939
9149,19771
9149,21762
9150,726
9150,7476
9150,24846
9150,8929
9150,9899
9150,12707
9150,20762
9150,22727
9150,24797
9150,24815
9151,3605
9151,4805
9151,6071
9151,11514
9151,13609
9151,16611
9151,18280
9151,23849
9152,485
9152,849
9152,1551
9152,3445
9152,5962
9152,6671
9152,7228
9152,7849
9152,9284
9152,9451
9152,10635
9152,10888
9152,10925
9152,11771
9152,14032
9152,16685
9152,19744
9152,21141
9152,23080
9153,425
9153,4408
9153,4852
9153,5378
9153,5872
9153,6988
9153,8848
9153,11801
9153,20354
9153,24769
9154,3354
9154,3513
9154,5242
9154,6473
9154,13925
9154,20776
9154,21250
9154,22429
9154,23678
9154,23732
9155,3556
9155,5306
9155,9223
9155,9498
9155,9817
9155,14287
9155,17379
9155,17695
9155,21179
9155,24123
9156,2922
9156,6243
9156,7371
9156,8740
9156,10949
9156,11152
9156,11633
9156,15697
9156,18084
9156,19603
9156,21595
9156,23064
9157,1995
9157,3181
9157,3611
9157,5230
9157,6647
9157,7101
9157,7369
9157,7744
9157,10452
9157,10993
9157,13547
9157,15054
9157,15495
9157,16344
9157,16971
9157,20082
9157,23662
9157,23895
9158,170
9158,1251
9158,4328
9158,5067
9158,7175
9158,10237
9158,10648
9158,10652
9158,10681
9158,13216
9158,14543
9158,16065
9159,2329
9159,3346
9159,5327
9159,5819
9159,8053
9159,8575
9159,10687
9159,16974
9159,19713
9159,19733
9160,2728
9160,4907
9160,5221
9160,6038
9160,6395
9160,6988
9160,7259
9160,7751
9160,10316
9160,11306
9160,15567
9160,16196
9160,20518
9160,20905
9160,21751
9160,22900
9160,23319
9160,23828
9161,548
9161,1825
9161,3495
9161,3996
9161,8304
9161,9559
9161,9772
9161,10265
9161,10963
9161,12400
9161,14513
9161,16225
9161,16714
9161,18596
9161,19677
9161,21876
9161,22072
9161,22192
9162,202
9162,1502
9162,2510
9162,2621
9162,4004
9162,6153
9162,10378
9162,10528
9162,14992
9162,21957
9162,23251
9162,24207
9162,24251
9162,24411
9163,2049
9163,7954
9163,9388
9163,10117
9163,13382
9163,15597
9163,16259
9163,18885
9163,19112
9163,19533
9163,20121
9163,20925
9164,1838
9164,6433
9164,7716
9164,10137
9164,10834
9164,10824
9164,12694
9164,13200
9164,15718
9164,17521
9165,237
9165,353
9165,903
9165,7723
9165,10603
9165,17443
9165,20583
9165,21180
9165,21791
9165,24702
9166,1488
9166,1505
9166,4045
9166,5355
9166,5422
9166,7917
9166,14385
9166,15089
9166,15955
9166,16651
9166,22100
9166,22268
9166,24341
9167,6720
9167,8584
9167,11882
9167,13161
9167,13454
9167,15323
9167,15860
9167,17238
9167,17999
9167,19926
9167,20110
9167,21388
9167,21828
9167,23206
9167,23326
9168,4658
9168,4726
9168,8333
9168,8656
9168,8848
9168,10068
9168,11260
9168,12983
9168,17009
9168,22288
9168,22707
9168,23205
9168,24663
9169,2470
9169,2818
9169,7469
9169,10135
9169,10657
9169,12933
9169,13591
9169,15448
9169,18051
9169,20294
9169,21792
9170,1091
9170,1685
9170,2097
9170,2750
9170,3436
9170,3958
9170,4314
9170,7052
9170,9512
9170,10373
9170,11461
9170,11911
9170,14612
9170,17998
9170,18797
9170,21691
9170,23112
9171,2015
9171,5951
9171,6035
9171,6064
9171,6251
9171,10898
9171,16268
9171,21134
9171,23001
9171,24803
9172,3455
9172,4265
9172,4699
9172,7200
9172,13759
9172,18715
9172,23206
9173,902
9173,11045
9173,13405
9173,16486
9173,17361
9173,19813
9173,20193
9173,22593
9173,23838
9173,23864
9174,2655
9174,5038
9174,5782
9174,6797
9174,8581
9174,9452
9174,11002
9174,11828
9174,17707
9174,18559
9174,21993
9174,22950
9174,23640
9175,1031
9175,1546
9175,4899
9175,6017
9175,9569
9175,10107
9175,10246
9175,10953
9175,12625
9175,13085
9175,14928
9175,15585
9175,16698
9175,18585
9175,20479
9175,21329
9176,2895
9176,3659
9176,4252
9176,5531
9176,10420
9176,10622
9176,11181
9176,12242
9176,12725
9176,13844
9176,13867
9176,13935
9176,16682
9176,17728
9176,19488
9176,21570
9177,600
9177,1518
9177,4315
9177,4362
9177,4378
9177,5689
9177,9248
9177,10660
9177,11165
9177,15038
9177,16648
9177,17354
9177,18350
9177,18722
9177,21020
9177,21944
9177,22163
9177,23062
9178,1460
9178,4204
9178,7741
9178,8310
9178,10816
9178,11208
9178,12561
9178,14910
9178,21816
9178,22416
9179,723
9179,3849
9179,5399
9179,7537
9179,7893
9179,8551
9179,10567
9179,12670
9179,14042
9179,14395
9179,14699
9179,18135
9179,18240
9179,18891
9179,20243
9179,20544
9179,21470
9180,2092
9180,6313
9180,9274
9180,9982
9180,11275
9180,12702
9180,12943
9180,16435
9180,19715
9180,22617
9181,1165
9181,4245
9181,6232
9181,7081
9181,8001
9181,9390
9181,12397
9181,14352
9181,17679
9181,18773
9181,18932
9181,19067
9181,20897
9181,21116
9181,22397
9181,23235
9181,23364
9182,1813
9182,2844
9182,3214
9182,4211
9182,5704
9182,6065
9182,6926
9182,7277
9182,7293
9182,7548
9182,10050
9182,17304
9182,20765
9183,721
9183,2246
9183,9071
9183,9095
9183,9905
9183,16676
9183,18470
9183,19055
9183,22118
9183,23878
9185,1392
9185,2793
9185,13855
9186,2530
9186,3448
9186,3650
9186,5992
9186,6950
9186,10034
9186,13573
9186,13613
9186,14280
9186,17084
9186,20459
9186,23971
9187,43
9187,668
9187,5781
9187,5944
9187,10068
9187,16327
9187,16981
9187,18994
9187,22321
9187,23404
9188,731
9188,1422
9188,5914
9188,6645
9188,12145
9188,12716
9188,16205
9188,19022
9188,24144
9188,24268
9189,6671
9189,7664
9189,9578
9189,10027
9189,11913
9189,12663
9189,12819
9189,18228
9189,20221
9189,21668
9190,12190
9190,12742
9190,13888
9190,14704
9190,16463
9190,17288
9190,17986
9190,19811
9190,21694
9190,21698
9191,2821
9191,4204
9191,4691
9191,6556
9191,11010
9191,11075
9191,11568
9191,11569
9191,11598
9191,16065
9191,16286
9191,21429
9191,22991
9192,1696
9192,2667
9192,4549
9192,7715
9192,9835
9192,12325
9192,11621
9192,13882
9192,17485
9192,23037
9193,225
9193,911
9193,2160
9193,4881
9193,5878
9193,9346
9193,10531
9193,12341
9193,13874
9193,16157
9193,20090
9193,22108
9194,1986
9194,2955
9194,7044
9194,10553
9194,13844
9194,14749
9194,15544
9194,16724
9194,16985
9194,17783
9194,23144
9194,24428
9195,19736
9195,24294
9196,775
9196,1300
9196,2566
9196,4415
9196,5430
9196,6178
9196,8848
9196,14399
9196,16845
9196,17193
9196,18524
9196,19782
9196,20563
9196,22390
9196,24665
9197,9835
9197,11408
9197,15831
9197,16608
9197,17185
9197,21483
9197,22630
9197,24143
9197,24542
9198,478
9198,1059
9198,2489
9198,4181
9198,5872
9198,6298
9198,8661
9198,9166
9198,11569
9198,13336
9198,15500
9198,16564
9198,16644
9198,18658
9198,20329
9198,21562
9198,22972
9199,9901
9200,1474
9200,9445
9201,2867
9201,3362
9201,4147
9201,4281
9201,9108
9201,9403
9201,10070
9201,13835
9201,15274
9201,24583
9202,276
9202,1338
9202,10654
9202,10921
9202,11955
9202,12642
9202,16834
9202,18387
9202,18613
9202,18884
9202,19933
9202,20345
9202,20626
9202,21843
9202,22284
9202,22581
9203,5710
9203,6015
9203,7338
9203,7917
9203,10881
9203,16799
9203,17437
9203,18554
9203,20116
9203,22937
9203,22971
9203,24151
9204,2586
9204,4484
9204,6685
9204,10437
9204,11396
9204,15277
9204,16529
9204,19569
9204,20716
9204,23251
9205,344
9205,3716
9205,3996
9205,4240
9205,4505
9205,5341
9205,5909
9205,6286
9205,6473
9205,6929
9205,8199
9205,9277
9205,9284
9205,10532
9205,12237
9205,12242
9205,13638
9205,14213
9206,7140
9206,10576
9206,13607
9206,13675
9206,16095
9206,17184
9206,17455
9206,17635
9206,18303
9206,19686
9206,20474
9206,21698
9206,22603
9206,22624
9206,24610
9207,2398
9207,4532
9207,5261
9207,7235
9207,8156
9207,14197
9207,14211
9207,14409
9207,15957
9207,19366
9207,22462
9208,1861
9208,1915
9208,4231
9208,7969
9208,12758
9208,14113
9208,14209
9208,16353
9208,18354
9208,18430
9208,18900
9208,22162
9208,22557
9208,23041
9209,1318
9209,1500
9209,2629
9209,3410
9209,5378
9209,6104
9209,6712
9209,12357
9209,12802
9209,14630
9209,15807
9209,18257
9209,19151
9209,20406
9209,20502
9210,6106
9210,7616
9210,11518
9210,12012
9210,12459
9210,13964
9210,16366
9210,17966
9210,22905
9210,24387
9210,24457
9211,1551
9211,3135
9211,4337
9211,5569
9211,8160
9211,8752
9211,10429
9211,11112
9211,11340
9211,11895
9211,13521
9211,13626
9211,13899
9211,24250
9212,284
9212,7869
9212,9059
9212,10088
9212,10628
9212,12083
9212,13095
9212,16683
9212,18353
9212,21453
9213,200
9213,5254
9213,6637
9213,6678
9213,6769
9213,7356
9213,11575
9213,11612
9213,13053
9213,16389
9213,16998
9213,17809
9213,20411
9213,20872
9213,23158
9213,24787
9214,701
9214,3403
9214,4848
9214,4886
9214,5865
9214,6143
9214,7412
9214,8521
9214,8573
9214,9957
9214,9976
9214,10631
9214,12309
9214,14778
9214,15228
9214,15795
9214,18329
9214,19377
9215,495
9215,2099
9215,10218
9215,17158
9215,17923
9215,18405
9215,18812
9215,20195
9215,20873
9215,22222
9215,22995
9215,23250
9215,23357
9216,615
9216,3159
9216,4528
9216,7622
9216,10982
9216,11256
9216,11860
9216,20942
9216,21974
9216,23104
9216,23389
9217,746
9217,4939
9217,5574
9217,10995
9217,12092
9217,12182
9217,12242
9217,13027
9217,13223
9217,14751
9217,15189
9217,17157
9217,18004
9217,22687
9217,23450
9218,13124
9218,13803
9218,18553
9218,21746
9218,23359
9218,24649
9219,264
9219,761
9219,885
9219,1872
9219,2519
9219,2728
9219,4974
9219,5466
9219,6164
9219,6418
9219,7177
9219,8598
9219,9058
9219,9293
9219,10352
9219,13189
9219,13341
9219,13710
9220,1431
9220,3858
9220,5396
9220,5425
9220,10057
9220,14064
9220,14850
9220,18915
9220,22027
9220,23141
9221,2501
9221,2715
9221,5172
9221,4481
9221,6510
9221,7110
9221,7139
9221,9670
9221,13400
9221,18739
9222,1225
9222,7347
9222,7898
9222,8058
9222,10812
9222,10813
9222,16089
9222,19304
9222,22957
9222,24432
9223,1565
9223,4237
9223,8497
9223,15627
9223,17313
9223,17463
9223,17832
9223,18258
9224,2027
9224,2223
9224,2549
9224,4858
9224,6379
9224,8390
9224,10334
9224,13391
9224,16012
9224,19227
9224,22590
9224,23465
9225,152
9225,1282
9225,1369
9225,2336
9225,2945
9225,4012
9225,4310
9225,4848
9225,5451
9225,7176
9225,8378
9225,10451
9225,11056
9225,14433
9225,14738
9225,15164
9225,17822
9225,20910
9225,22303
9225,22424
9226,366
9226,938
9226,1060
9226,2056
9226,4688
9226,6458
9226,9695
9226,10993
9226,15250
9226,16393
9226,18240
9226,20477
9226,22574
9226,24783
9227,422
9227,2847
9227,2987
9227,3472
9227,5045
9227,6798
9227,7671
9227,7871
9227,7944
9227,8808
9227,9180
9227,10879
9227,12827
9227,13708
9227,13809
9227,14473
9227,21235
9227,23093
9228,499
9228,3964
9228,4196
9228,9404
9228,10157
9228,15141
9228,14851
9228,15731
9228,16139
9228,20967
9229,2282
9229,2563
9229,10957
9229,13308
9229,17935
9229,18283
9229,18778
9229,18868
9229,19429
9229,20134
9229,22436
9229,23106
9230,261
9230,3523
9230,3561
9230,4151
9230,5400
9230,6612
9230,9924
9230,11406
9230,11659
9230,12831
9230,14398
9230,18011
9230,19540
9230,20070
9230,21264
9230,21742
9230,23097
9231,588
9231,749
9231,1296
9231,1863
9231,8616
9231,8744
9231,9535
9231,10313
9231,10334
9231,11477
9231,11507
9231,11776
9231,13637
9231,15416
9231,18216
9231,18473
9231,21126
9232,170
9232,4077
9232,4702
9232,5134
9232,7116
9232,8484
9232,11106
9232,13466
9232,13755
9232,15134
9232,15299
9232,17076
9232,17274
9232,17904
9232,18107
9232,21345
9232,21662
9232,22606
9233,4306
9233,7172
9233,8252
9233,8281
9233,10382
9233,10451
9233,11866
9233,12580
9233,13241
9233,15284
9233,16035
9233,16683
9233,18592
9233,20495
9233,22241
9234,4138
9234,7904
9234,9892
9234,12560
9234,15377
9234,15707
9234,16289
9234,17540
9234,18477
9234,24145
9235,381
9235,1173
9235,4725
9235,4917
9235,7455
9235,8530
9235,10743
9235,12240
9235,12618
9235,14076
9235,15113
9235,15459
9235,16198
9235,16817
9235,17517
9235,19335
9235,19649
9235,21144
9235,21960
9236,2616
9236,9058
9236,11580
9236,12452
9236,12737
9236,13061
9236,14291
9236,14385
9236,15843
9236,16416
9236,18430
9236,19210
9236,19569
9236,21840
9236,22490
9236,22614
9236,23654
9236,23961
9236,24333
9237,3572
9237,7052
9237,7397
9237,7710
9237,8559
9237,9168
9237,10649
9237,14342
9237,14718
9237,15436
9237,21384
9237,21577
9237,23447
9238,4014
9238,5791
9238,9692
9238,9717
9238,10148
9238,11465
9238,11831
9238,12262
9238,15648
9238,19238
9238,19969
9238,21757
9238,23206
9238,23936
9239,945
9239,4936
9239,6841
9239,7115
9239,10575
9239,10837
9239,11280
9239,11382
9239,12801
9239,13138
9239,13562
9239,17473
9239,23539
9239,24428
9240,8809
9240,10407
9240,11240
9240,11682
9240,14766
9240,16967
9240,17871
9240,19783
9240,20036
9240,24809
9241,1707
9241,2466
9241,2682
9241,3507
9241,3575
9241,4711
9241,5663
9241,5848
9241,8792
9241,11024
9241,11686
9241,12375
9241,15845
9241,17074
9241,18131
9241,20937
9241,21499
9242,1292
9242,1371
9242,4408
9242,7951
9242,10287
9242,15881
9242,18859
9242,20411
9242,20691
9242,21449
9243,16
9243,1001
9243,2630
9243,6742
9243,7178
9243,10723
9243,12770
9243,14856
9243,20825
9243,22223
9244,3878
9244,5302
9244,16276
9244,18692
9245,438
9245,1993
9245,3525
9245,4272
9245,4760
9245,7042
9245,12684
9245,13039
9245,15193
9245,17359
9245,18130
9245,21656
9245,23269
9246,405
9246,3237
9246,3298
9246,5122
9246,5502
9246,10692
9246,10732
9246,10772
9246,13080
9246,13323
9246,15136
9246,17870
9246,19388
9246,19510
9246,22770
9246,22891
9246,23124
9247,62
9247,4192
9247,5601
9247,5647
9247,5961
9247,7202
9247,9270
9247,10516
9247,10945
9247,12046
9247,15227
9247,16388
9247,19689
9247,23169
9248,3555
9248,6516
9248,7172
9248,7623
9248,7663
9248,11757
9248,14323
9248,17166
9248,18217
9248,19883
9249,8847
9249,11297
9249,11418
9249,14475
9249,21521
9249,21732
9249,23187
9249,24404
9249,24577
9249,24752
9250,4938
9250,8286
9250,8475
9250,8533
9250,8575
9250,8749
9250,9082
9250,9656
9250,10239
9250,11372
9250,11676
9250,12604
9250,13058
9250,14371
9250,17160
9250,19590
9250,19882
9250,21165
9251,1440
9251,3436
9251,4740
9251,6690
9251,8566
9251,10635
9251,10669
9251,11339
9251,11719
9251,12981
9251,13094
9251,14420
9251,18455
9251,21103
9251,22484
9251,22828
9251,23059
9252,3291
9252,4552
9252,5760
9252,7318
9252,7366
9252,9081
9252,9418
9252,10296
9252,19600
9252,21323
9253,914
9253,1191
9253,2344
9253,4166
9253,4328
9253,4957
9253,10624
9253,12663
9253,13816
9253,14409
9253,19452
9253,22284
9253,22336
9253,23063
9253,23273
9253,23531
9254,4803
9254,10856
9254,11924
9254,12113
9254,15780
9254,18019
9254,18423
9254,19904
9254,21045
9254,21618
9255,746
9255,1746
9255,3751
9255,4761
9255,6972
9255,8112
9255,8905
9255,10457
9255,17202
9255,18226
9255,18353
9255,19259
9255,20101
9255,21314
9255,22267
9256,1733
9256,3470
9256,7659
9256,8531
9256,9000
9256,13898
9256,16175
9256,17744
9256,20905
9256,23548
9256,23555
9257,37
9257,3606
9257,5724
9257,7199
9257,10364
9257,12628
9257,13610
9257,14403
9257,19070
9257,19901
9257,21502
9257,22789
9257,24012
9258,2302
9258,2404
9258,3521
9258,5510
9258,7450
9258,9281
9258,10650
9258,11321
9258,13976
9258,14511
9258,17710
9258,17880
9258,19756
9258,21335
9258,23106
9258,24292
9259,3128
9259,4013
9259,6990
9259,8147
9259,12089
9259,13520
9259,15158
9259,16991
9259,20912
9259,22541
9260,585
9260,650
9260,5554
9260,6794
9260,6849
9260,8024
9260,10620
9260,11479
9260,11704
9260,12389
9260,13984
9260,15240
9260,17877
9260,20718
9260,24006
9261,983
9261,5992
9261,6556
9261,11911
9261,11976
9261,12972
9261,13999
9261,14425
9261,15830
9261,20502
9261,21626
9262,259
9262,8889
9262,9084
9262,9275
9262,9358
9262,9683
9262,12117
9262,14294
9262,15645
9262,23702
9262,24723
9263,5235
9263,9992
9263,11042
9263,11911
9263,15702
9263,19098
9263,21642
9263,22252
9263,23475
9263,24685
9264,2605
9264,3046
9264,3048
9264,6755
9264,9350
9264,17173
9264,19142
9264,20164
9264,21923
9264,24071
9265,2263
9265,3136
9265,8274
9265,9214
9265,13954
9265,14985
9265,17419
9265,18251
9265,20900
9265,22022
9265,23297
9265,23672
9265,24021
9266,2930
9266,5688
9266,9572
9266,10091
9266,10527
9266,10555
9266,14306
9266,15524
9266,20184
9266,20461
9266,21248
9266,21681
9266,22148
9266,22554
9266,23640
9267,1270
9267,1836
9267,9089
9267,10852
9267,11431
9267,15807
9267,17434
9267,19397
9267,23181
9267,24091
9268,956
9268,1412
9268,3996
9268,4306
9268,4948
9268,5529
9268,8477
9268,10684
9268,12346
9268,13594
9268,13922
9268,15986
9268,19900
9268,21385
9268,22090
9268,23417
9268,23511
9269,8722
9269,10823
9269,21928
9270,898
9270,1275
9270,6956
9270,8495
9270,10851
9270,14686
9270,14963
9270,18057
9270,20760
9270,23925
9271,7769
9271,8756
9271,10119
9271,13064
9271,18004
9271,20018
9271,20508
9271,22611
9271,24282
9271,24289
9272,3190
9272,6088
9272,6622
9272,10053
9272,10229
9272,10420
9272,10661
9272,10909
9272,11544
9272,11618
9272,15370
9272,15887
9272,16184
9272,17650
9272,18596
9272,24257
9273,2241
9273,3271
9273,4581
9273,4918
9273,5699
9273,8926
9273,8861
9273,9289
9273,10644
9273,11353
9273,12042
9273,14749
9273,17951
9273,19287
9274,216
9274,722
9274,885
9274,1328
9274,4024
9274,4862
9274,8682
9274,9178
9274,10382
9274,10559
9274,11150
9274,12558
9274,14898
9274,17317
9274,19767
9276,3131
9276,3929
9276,6187
9276,8769
9276,10308
9276,13958
9276,14515
9276,22739
9276,22920
9276,23163
9277,2552
9277,2792
9277,3101
9277,3278
9277,4210
9277,4931
9277,8005
9277,10373
9277,12458
9277,13251
9277,14697
9277,17086
9277,18767
9277,23606
9278,3758
9278,5408
9278,5462
9278,12097
9278,12353
9278,14763
9278,15635
9278,16133
9278,17591
9278,19531
9279,1450
9279,1710
9279,3957
9279,4208
9279,4919
9279,4997
9279,24841
9279,8859
9279,16130
9279,18750
9280,7428
9280,7572
9280,14493
9280,14595
9280,19824
9280,19849
9281,645
9281,1166
9281,1483
9281,5417
9281,6182
9281,11309
9281,13668
9281,14354
9281,14876
9281,15955
9281,17931
9281,18912
9281,18916
9281,20730
9282,2076
9282,3541
9282,8137
9282,8842
9282,10832
9282,14851
9282,15455
9282,16634
9282,20388
9282,22095
9283,275
9283,372
9283,893
9283,1189
9283,1265
9283,2069
9283,2706
9283,3530
9283,3836
9283,3851
9283,4317
9283,7205
9283,10142
9283,13152
9283,13445
9283,14112
9283,14209
9283,17000
9284,433
9284,1034
9284,2508
9284,3439
9284,6135
9284,6689
9284,7006
9284,8496
9284,9524
9284,10687
9284,20136
9284,21363
9284,24073
9284,24181
9285,23
9285,1932
9285,3611
9285,3958
9285,4894
9285,8285
9285,8506
9285,10850
9285,17219
9285,20123
9285,20617
9285,21595
9286,2951
9286,11922
9286,12493
9286,20705
9287,3272
9287,4829
9287,5290
9287,7288
9287,7422
9287,8080
9287,9218
9287,10718
9287,11339
9287,13438
9287,15111
9287,15273
9287,15738
9287,18899
9287,18911
9287,20124
9287,21353
9288,8196
9288,20160
9288,24287
9289,4770
9289,5966
9289,14188
9289,14657
9289,14816
9289,15052
9289,17263
9289,18491
9289,18935
9289,20532
9289,21246
9289,21407
9289,22087
9289,24282
9289,24313
9290,412
9290,4307
9290,9429
9290,13365
9290,13804
9290,15573
9290,22666
9290,22953
9290,24549
9290,24644
9291,2390
9291,9479
9291,14268
9291,15311
9291,17366
9291,18670
9291,21081
9291,21620
9291,23742
9292,1505
9292,2652
9292,2662
9292,3119
9292,3867
9292,4045
9292,4370
9292,4382
9292,4417
9292,4868
9292,5355
9292,5636
9292,6441
9292,7006
9292,8916
9292,12173
9292,12849
9292,14383
9293,356
9293,2567
9293,2605
9293,3302
9293,5476
9293,10137
9293,19500
9293,20556
9293,21596
9293,22998
9294,180
9294,585
9294,793
9294,933
9294,1854
9294,2728
9294,2732
9294,3695
9294,5766
9294,6397
9294,14017
9294,15851
9294,17960
9294,19488
9294,19499
9294,22008
9294,22293
9294,23506
9295,842
9295,3910
9295,6022
9295,9453
9295,10723
9295,11038
9295,12956
9295,13801
9295,13901
9295,13911
9295,14600
9295,15259
9295,15461
9295,15789
9296,838
9296,2491
9296,2493
9296,9024
9296,9215
9296,9875
9296,13493
9296,13914
9296,15630
9296,17316
9297,367
9297,3602
9297,3992
9297,5386
9297,6563
9297,8306
9297,8992
9297,9891
9297,12721
9297,13409
9297,13623
9297,13930
9297,19115
9297,19477
9297,19769
9297,20029
9297,21418
9298,613
9298,3458
9298,12261
9298,12572
9298,14140
9298,18053
9298,18814
9298,19221
9298,21025
9298,24383
9299,222
9299,1554
9299,2556
9299,8862
9299,9835
9299,12283
9299,18709
9299,19280
9299,20387
9299,20565
9300,677
9300,2099
9300,5832
9300,6008
9300,7052
9300,7300
9300,8073
9300,8993
9300,16299
9300,17998
9301,7508
9301,9944
9301,19467
9302,199
9302,966
9302,4316
9302,4420
9302,6073
9302,8484
9302,10230
9302,11326
9302,11572
9302,13092
9302,15124
9302,16316
9302,16512
9302,18710
9302,19468
9302,20129
9302,20379
9303,2414
9303,11411
9303,13174
9303,14194
9303,16485
9303,16576
9303,23875
9303,24171
9303,24410
9303,24584
9304,308
9304,1059
9304,4844
9304,4932
9304,7530
9304,9635
9304,10423
9304,10919
9304,11552
9304,12004
9304,15828
9304,17410
9304,19493
9304,21363
9304,21998
9304,23505
9305,2279
9305,3144
9305,3742
9305,5348
9305,5924
9305,6079
9305,7195
9305,9045
9305,10138
9305,10677
9305,13387
9305,14638
9305,19105
9305,20131
9305,20243
9305,23445
9305,23513
9306,1530
9306,9097
9306,9423
9306,11286
9306,12595
9306,16092
9306,17607
9306,17651
9306,22265
9306,22671
9306,22751
9306,24470
9307,1019
9307,1631
9307,4003
9307,4012
9307,5150
9307,7176
9307,7558
9307,7580
9307,8285
9307,9063
9307,11734
9307,12213
9307,16497
9307,18972
9307,22262
9307,22563
9307,23247
9308,1870
9308,2824
9308,8675
9308,10508
9308,14517
9308,15949
9308,18176
9308,18544
9308,20634
9308,20657
9308,21579
9308,22985
9309,120
9309,4997
9309,7354
9309,7675
9309,8334
9309,8878
9309,9653
9309,10796
9309,13376
9309,16286
9309,17550
9309,17765
9309,20901
9309,22114
9309,23037
9310,724
9310,5405
9310,6840
9310,7355
9310,9556
9310,12007
9310,15257
9310,15656
9310,23051
9310,23832
9311,4799
9311,18947
9312,5156
9312,8547
9312,9782
9312,14078
9312,15682
9312,16147
9312,17756
9312,18055
9312,18474
9312,24388
9313,2111
9313,3682
9313,4181
9313,4925
9313,5117
9313,6861
9313,6906
9313,7187
9313,8247
9313,13093
9313,14432
9313,15184
9313,15202
9313,15478
9313,15789
9313,16841
9313,19436
9314,461
9314,1584
9314,1784
9314,8404
9314,8763
9314,10879
9314,11911
9314,17353
9314,17640
9314,18167
9314,20089
9314,20107
9314,21943
9314,23403
9314,24195
9314,24356
9315,3414
9315,4782
9315,10651
9315,11673
9315,15565
9315,16166
9315,16301
9315,16468
9315,16669
9315,22738
9316,4134
9316,4733
9316,7215
9316,8471
9316,9202
9316,11259
9316,11867
9316,18411
9316,18482
9316,21542
9316,23184
9316,23613
9317,777
9317,3750
9317,4888
9317,7672
9317,10396
9317,11003
9317,11345
9317,16063
9317,16763
9317,18717
9318,405
9318,2883
9318,4462
9318,5275
9318,8213
9318,10696
9318,14398
9318,15795
9318,19939
9318,21450
9319,3269
9319,5536
9319,12499
9319,14324
9319,15669
9319,16256
9319,19438
9319,20729
9319,22148
9319,23148
9320,261
9320,2593
9320,4351
9320,4412
9320,4526
9320,6017
9320,8564
9320,9265
9320,10068
9320,11260
9320,11388
9320,12522
9320,15040
9320,16224
9320,16394
9320,16541
9320,16709
9320,17345
9320,20772
9321,420
9321,3150
9321,4685
9321,4565
9321,5210
9321,12822
9321,17192
9321,18236
9321,21688
9321,21747
9321,22599
9321,21970
9321,24615
9322,2530
9322,2950
9322,5506
9322,6473
9322,12400
9322,14420
9322,14453
9322,15040
9322,15076
9322,20897
9323,24262
9324,2310
9324,8854
9324,13442
9324,16150
9324,23970
9325,1009
9325,2154
9325,3356
9325,7641
9325,9688
9325,10297
9325,13172
9325,15119
9325,15702
9325,16412
9325,23321
9325,24153
9325,24730
9326,6228
9326,12300
9326,12945
9326,14349
9326,15567
9326,16247
9326,16336
9326,17105
9326,17995
9326,21840
9326,23076
9327,8946
9327,13506
9327,17185
9327,20808
9327,24605
9328,6402
9328,7935
9328,8347
9328,10267
9328,14047
9328,15936
9328,17400
9329,1730
9329,2891
9329,3275
9329,5002
9329,6947
9329,8656
9329,11930
9329,15530
9329,16912
9329,21058
9330,883
9330,1471
9330,3678
9330,5081
9330,6267
9330,6446
9330,6684
9330,10511
9330,16055
9330,19952
9330,24120
9331,1798
9331,3443
9331,3701
9331,5781
9331,11599
9331,13716
9331,15955
9331,17741
9331,21862
9331,22525
9332,312
9332,1663
9332,4196
9332,11329
9332,12437
9332,13072
9332,16006
9332,19306
9332,20255
9332,24067
9332,24732
9333,2863
9333,3107
9333,3337
9333,6712
9333,9228
9333,10034
9333,12173
9333,12476
9333,12834
9333,14376
9333,14410
9333,16174
9333,17407
9333,20114
9333,20737
9333,21698
9333,22117
9333,22614
9333,22929
9333,24729
9334,1059
9334,2837
9334,4006
9334,6865
9334,7525
9334,8026
9334,8292
9334,13760
9334,13783
9334,15296
9334,16748
9334,16816
9334,19198
9334,20440
9334,21204
9334,23787
9334,23921
9335,281
9335,1721
9335,1854
9335,2534
9335,2728
9335,2891
9335,3409
9335,4596
9335,5869
9335,7222
9335,12029
9335,19204
9335,19651
9335,20997
9335,21058
9335,21838
9336,1521
9336,2419
9336,3746
9336,5483
9336,6474
9336,7653
9336,9645
9336,11511
9336,11756
9336,16498
9336,18893
9336,19342
9336,19764
9336,21687
9336,22225
9336,24076
9336,24332
9337,461
9337,1282
9337,1466
9337,2710
9337,4814
9337,5103
9337,6076
9337,8170
9337,12081
9337,14996
9337,17734
9337,18490
9337,20457
9337,20623
9337,21553
9337,22108
9337,24223
9338,1492
9338,6747
9338,6748
9338,14240
9338,18873
9338,19053
9338,24312
9339,670
9339,871
9339,6866
9339,7044
9339,7102
9339,11469
9339,11601
9339,14986
9339,16196
9339,18083
9339,20673
9339,22206
9339,23290
9340,1582
9340,1831
9340,2252
9340,3047
9340,7702
9340,8136
9340,8564
9340,8909
9340,12079
9340,16917
9340,16988
9340,19239
9340,19984
9340,22768
9340,22845
9340,23798
9341,1075
9341,2710
9341,5396
9341,6700
9341,7205
9341,10317
9341,10475
9341,11598
9341,13545
9341,14416
9341,17692
9341,17849
9341,18380
9342,2552
9342,2600
9342,4687
9342,6551
9342,7044
9342,9508
9342,11472
9342,15323
9342,22215
9342,23357
9343,519
9343,4831
9343,6464
9343,7143
9343,7449
9343,11905
9343,12040
9343,14580
9343,16784
9343,18812
9343,19240
9343,19950
9343,22972
9343,24152
9343,24360
9344,2739
9344,3449
9344,5935
9344,7534
9344,7801
9344,9805
9344,13910
9344,17398
9344,18924
9344,18937
9345,1457
9345,1672
9345,2774
9345,4703
9345,6256
9345,6263
9345,6357
9345,7932
9345,12904
9345,15406
9345,15457
9345,17640
9345,19777
9345,21308
9345,23312
9345,24211
9345,24240
9345,24633
9346,3689
9346,8819
9346,13279
9346,13647
9346,14555
9346,18447
9346,22518
9346,23126
9346,23880
9346,24044
9347,3651
9347,3788
9347,4662
9347,6667
9347,7267
9347,9278
9347,10628
9347,11152
9347,11391
9347,12515
9347,13021
9347,13087
9347,14202
9347,17526
9347,18343
9347,19673
9347,24685
9348,4242
9348,4942
9348,6988
9348,7052
9348,7937
9348,9812
9348,9838
9348,10678
9348,11736
9348,14026
9348,14044
9349,57
9349,1175
9349,1592
9349,4702
9349,4721
9349,11352
9349,12465
9349,13246
9349,14222
9349,14311
9349,18344
9349,19383
9349,21598
9350,365
9350,3358
9350,3657
9350,4416
9350,4953
9350,5294
9350,5349
9350,6882
9350,7377
9350,11562
9350,11871
9350,11878
9350,12237
9350,14316
9350,16215
9350,16735
9350,21879
9351,6993
9351,8726
9351,10922
9351,12739
9351,14257
9351,15084
9351,17836
9351,20873
9351,21487
9351,21752
9351,22712
9351,24657
9352,1592
9352,2471
9352,2955
9352,5060
9352,6594
9352,7615
9352,8277
9352,10522
9352,10568
9352,10632
9352,13450
9352,13966
9352,23702
9352,24159
9352,24208
9353,2636
9353,3400
9353,6988
9353,9988
9353,16465
9353,17218
9353,19444
9353,19997
9353,20974
9353,21813
9355,757
9355,1280
9355,2075
9355,2722
9355,9951
9355,14145
9355,14884
9355,18465
9355,22598
9355,23984
9356,66
9356,2653
9356,2776
9356,4626
9356,4806
9356,9131
9356,13355
9356,14571
9356,14750
9356,15400
9356,16517
9356,16798
9356,19829
9356,19922
9356,19941
9356,20511
9357,1036
9357,5028
9357,6621
9357,15768
9357,16660
9357,16852
9357,18051
9357,18529
9357,22044
9357,24204
9358,1750
9358,1887
9358,2347
9358,2921
9358,3118
9358,3204
9358,4469
9358,5393
9358,5468
9358,9812
9358,11455
9358,12222
9358,12744
9358,13051
9358,13572
9358,15230
9358,16638
9358,18116
9359,2566
9359,5828
9359,6847
9359,11355
9359,13187
9359,14120
9359,15259
9359,17625
9359,19973
9359,21184
9359,21645
9360,94
9360,544
9360,802
9360,5109
9360,6766
9360,7812
9360,8379
9360,8552
9360,8553
9360,19907
9361,666
9361,1335
9361,2977
9361,13530
9361,16637
9361,17998
9361,19423
9361,21190
9361,22853
9361,23423
9362,677
9362,1592
9362,2286
9362,3333
9362,4664
9362,8161
9362,8177
9362,9134
9362,10215
9362,10597
9362,11720
9362,15375
9362,15694
9362,15773
9362,17169
9362,17420
9362,19504
9362,23422
9363,3321
9363,4151
9363,5636
9363,7607
9363,10879
9363,11042
9363,11498
9363,13336
9363,21940
9363,22268
9363,24685
9364,1338
9364,1592
9364,9960
9364,10438
9364,11762
9364,14797
9364,15716
9364,18479
9364,18583
9364,20973
9364,22284
9365,1701
9365,2327
9365,3296
9365,3938
9365,5227
9365,5490
9365,6063
9365,8350
9365,8826
9365,8955
9365,9289
9365,10198
9365,13023
9365,13095
9365,13870
9365,16174
9365,17193
9365,18422
9366,444
9368,24066
9369,429
9369,2771
9369,2824
9369,4461
9369,5698
9369,5864
9369,8067
9369,8079
9369,9397
9369,10876
9369,11476
9369,11547
9369,11799
9369,11865
9369,12759
9369,12760
9369,13677
9369,16413
9370,301
9370,945
9370,1333
9370,2211
9370,2806
9370,2807
9370,5752
9370,5968
9370,7480
9370,10666
9370,11015
9370,12721
9370,14412
9370,16784
9370,18490
9370,22891
9370,23556
9371,787
9371,2697
9371,5164
9371,10804
9371,16365
9371,20445
9372,17707
9373,596
9373,3825
9373,12323
9373,11729
9373,14329
9373,15063
9373,15426
9373,19648
9373,19888
9374,2136
9374,2137
9374,3325
9374,4392
9374,4402
9374,6110
9374,7022
9374,11843
9374,12072
9374,13259
9374,14313
9374,15009
9374,15101
9374,16461
9374,16908
9374,18735
9374,19386
9375,3004
9375,3099
9375,3958
9375,5081
9375,6908
9375,9446
9375,9497
9375,9824
9375,11816
9375,11957
9375,16667
9375,20987
9375,21149
9375,22009
9376,7614
9376,8651
9376,10142
9376,10242
9376,11449
9376,11927
9376,14989
9376,16589
9376,18225
9376,19042
9376,21742
9376,22806
9376,23232
9376,24787
9377,1680
9377,3183
9377,3275
9377,6690
9377,9082
9377,9874
9377,10232
9377,11091
9377,11911
9377,14362
9377,14521
9377,18266
9377,19647
9377,22281
9378,2309
9378,3170
9378,3645
9378,5188
9378,11156
9378,14202
9378,14522
9378,15235
9378,16529
9378,17929
9378,24670
9378,24787
9379,519
9379,2356
9379,3875
9379,10030
9379,10672
9379,10977
9379,14245
9379,18432
9379,19859
9379,19882
9379,20232
9379,23423
9379,23654
9380,2003
9380,8680
9380,17488
9380,19830
9380,19833
9381,3021
9381,4634
9381,4645
9381,6243
9381,6381
9381,6983
9381,8366
9381,8654
9381,13742
9381,14407
9381,14639
9381,19089
9381,20371
9381,21568
9381,23842
9381,24428
9382,5949
9382,5955
9382,8146
9382,8282
9382,12128
9382,16624
9382,17420
9382,17792
9382,19681
9382,20191
9382,20229
9382,20300
9383,668
9383,842
9383,1749
9383,3170
9383,3867
9383,8980
9383,13852
9383,13922
9383,14120
9383,15184
9383,16524
9383,20120
9383,20739
9383,21106
9384,2506
9384,3492
9384,4417
9384,5453
9384,5489
9384,8469
9384,10318
9384,10879
9384,12625
9384,12802
9384,19533
9384,22857
9384,23250
9385,5982
9385,6822
9385,9211
9385,15913
9385,24527
9386,2785
9386,4296
9386,7371
9386,9513
9386,10568
9386,14820
9386,16029
9386,17932
9386,21708
9386,23092
9387,4956
9387,8512
9387,8905
9387,9559
9387,9424
9387,10872
9387,15853
9387,18842
9387,18891
9387,21626
9387,21775
9387,23368
9388,525
9388,4667
9388,7135
9388,7226
9388,7301
9388,7525
9388,10312
9388,13938
9388,15275
9388,16030
9388,18719
9388,19517
9388,20506
9388,23434
9389,3640
9389,8394
9389,9609
9389,10039
9389,11515
9389,12959
9389,13649
9389,15970
9389,23009
9389,23441
9390,4995
9390,6104
9390,7151
9390,7892
9390,15144
9390,16142
9390,16143
9390,20775
9390,22040
9390,23048
9391,371
9391,5984
9391,7483
9391,11940
9391,15849
9391,20673
9391,21312
9391,21500
9391,22294
9391,23717
9392,918
9392,3916
9392,7395
9392,7596
9392,7942
9392,10023
9392,10234
9392,11034
9392,11173
9392,12997
9392,14785
9392,17388
9392,18891
9392,21128
9392,22097
9392,22288
9393,1014
9393,2344
9393,2595
9393,5232
9393,5348
9393,6166
9393,7419
9393,9854
9393,10885
9393,10903
9393,13864
9393,13959
9393,16723
9393,19105
9393,19144
9393,20710
9393,23079
9394,3994
9394,5685
9394,5798
9394,9001
9394,9796
9394,14363
9394,15406
9394,18023
9394,19083
9394,19219
9394,19680
9394,20625
9394,22512
9395,2662
9395,3450
9395,3958
9395,4622
9395,6917
9395,9482
9395,9573
9395,9810
9395,10239
9395,10911
9395,12173
9395,15417
9395,16256
9395,16796
9395,19466
9395,21626
9396,5830
9396,6923
9396,8241
9396,9940
9396,20575
9396,20818
9396,21021
9396,21080
9396,22186
9396,22631
9396,22715
9396,23166
9396,24792
9398,272
9398,1410
9398,5825
9398,5919
9398,6727
9398,7609
9398,19498
9398,20242
9398,20425
9398,21285
9398,21300
9398,21802
9399,2180
9399,4444
9399,5116
9399,6927
9399,7397
9399,7438
9399,10284
9399,10774
9399,12192
9399,13877
9399,14521
9399,14662
9399,15326
9399,16526
9399,17753
9399,17991
9399,19790
9399,21553
9399,22893
9400,1283
9400,4633
9400,7083
9400,10558
9400,14010
9400,14158
9400,16678
9400,19133
9400,21845
9400,23913
9401,2821
9401,3073
9401,4226
9401,4691
9401,5854
9401,10108
9401,11199
9401,13593
9401,14874
9401,14935
9401,16755
9401,16827
9401,19466
9401,20318
9401,20914
9401,21565
9402,12807
9402,15384
9402,16097
9402,17010
9402,17281
9402,21693
9402,21696
9402,22545
9402,22654
9402,22656
9402,23498
9402,24589
9403,52
9403,4511
9403,4683
9403,4854
9403,5705
9403,8383
9403,11111
9403,11193
9403,11804
9403,11886
9403,13743
9403,14125
9403,14412
9403,15616
9403,15742
9403,16564
9403,17294
9403,17473
9403,18504
9404,70
9404,3021
9404,5740
9404,7624
9404,9058
9404,12242
9404,12400
9404,14130
9404,15480
9404,16721
9404,16845
9404,16991
9404,18891
9404,19023
9404,19610
9404,22611
9404,23812
9404,24097
9405,3092
9405,3205
9405,3604
9405,5274
9405,6250
9405,6886
9405,7075
9405,7406
9405,8565
9405,9844
9405,10070
9405,10703
9405,12769
9405,13559
9405,16810
9405,17604
9405,18389
9405,21727
9405,22875
9406,20755
9407,2027
9407,5529
9407,5735
9407,11107
9407,12956
9407,13922
9407,15480
9407,16909
9407,18505
9407,18797
9407,22369
9407,22929
9407,22950
9408,3867
9408,5060
9408,5540
9408,9442
9408,12173
9408,13433
9408,17396
9408,20481
9408,21239
9408,23191
9408,23392
9408,24105
9409,6663
9409,6704
9409,15139
9409,21390
9409,21784
9409,21787
9409,22135
9409,24857
9410,470
9410,1893
9410,1957
9410,3014
9410,3018
9410,4711
9410,4839
9410,6048
9410,6349
9410,8284
9410,8290
9410,13333
9410,13419
9410,15130
9410,16015
9410,16037
9410,16598
9410,17868
9411,5165
9411,15363
9411,15444
9411,18854
9411,19025
9411,19389
9411,20984
9411,21230
9411,23633
9411,23969
9412,2309
9412,4081
9412,7931
9412,9002
9412,14543
9412,16613
9412,18973
9412,19449
9412,21214
9412,22857
9414,2748
9414,3866
9414,7159
9414,10000
9414,11479
9414,11938
9414,13558
9414,15859
9414,18442
9414,20458
9414,20471
9414,23448
9414,23702
9415,3966
9415,5468
9415,6039
9415,7111
9415,7207
9415,8005
9415,8077
9415,8468
9415,8773
9415,9689
9415,10243
9415,12189
9415,15068
9415,15571
9415,17266
9415,17691
9415,18268
9416,199
9416,1487
9416,4412
9416,5913
9416,7929
9416,8377
9416,11339
9416,13053
9416,13184
9416,13441
9416,16491
9416,17354
9416,21386
9416,22284
9416,22766
9417,17163
9418,18864
9418,20997
9418,23329
9419,2066
9419,2886
9419,3038
9419,5838
9419,5915
9419,6582
9419,6867
9419,7367
9419,8400
9419,11329
9419,11650
9419,12962
9419,14405
9419,18628
9419,20156
9419,20296
9419,20530
9419,22274
9419,22313
9419,23431
9420,435
9420,10378
9420,11194
9420,12961
9420,15072
9420,15561
9420,17165
9420,20001
9420,20133
9420,22171
9420,22291
9420,22898
9420,22913
9420,23403
9420,24360
9421,552
9421,1245
9421,2156
9421,3079
9421,5613
9421,6374
9421,7079
9421,7547
9421,10288
9421,13177
9421,17124
9421,17353
9421,18679
9421,18681
9421,23856
9421,24077
9422,269
9422,2517
9422,3535
9422,3536
9422,4298
9422,6622
9422,6906
9422,9065
9422,10695
9422,11274
9422,13148
9422,13470
9422,16207
9422,16417
9422,17890
9422,18210
9422,18230
9422,18606
9422,18866
9423,1280
9423,5822
9423,6102
9423,8690
9423,10833
9423,15147
9423,14561
9423,17619
9423,21782
9423,23903
9424,246
9424,819
9424,6850
9424,9858
9424,13926
9424,15587
9424,15611
9424,18250
9424,20374
9424,21628
9425,2320
9425,3897
9425,5658
9425,7524
9425,10553
9425,10606
9425,11901
9425,13319
9425,13409
9425,18321
9425,19524
9425,20382
9425,23228
9425,23732
9425,24161
9425,24689
9425,24760
9426,410
9426,2569
9426,11746
9426,12007
9426,12711
9426,17808
9426,17885
9426,18455
9426,21393
9426,21522
9426,23616
9426,24346
9426,24510
9427,896
9427,9077
9427,9272
9427,9665
9427,10586
9427,12299
9427,16292
9427,19290
9427,19583
9427,21054
9428,1156
9428,1429
9428,9141
9428,9995
9428,10658
9429,3036
9429,3238
9429,4381
9429,6362
9429,7906
9429,8436
9429,10565
9429,12977
9429,14108
9429,14551
9429,16721
9429,18656
9429,20246
9429,23115
9430,682
9430,1059
9430,1471
9430,4014
9430,4260
9430,4545
9430,4898
9430,6402
9430,11076
9430,11220
9430,12183
9430,12552
9430,14537
9430,16599
9430,19259
9430,22148
9431,348
9431,9409
9431,15389
9431,17255
9431,17289
9431,17292
9431,20068
9431,24641
9431,24553
9431,24589
9432,714
9432,1457
9432,2713
9432,4170
9432,5352
9432,6199
9432,8291
9432,8722
9432,9814
9432,10544
9432,11499
9432,12125
9432,12318
9432,13129
9432,15267
9432,17640
9433,2266
9433,2757
9433,11469
9433,11741
9433,14297
9433,14542
9433,14817
9433,20795
9433,21201
9433,22023
9434,103
9434,684
9434,893
9434,1748
9434,2177
9434,2857
9434,3836
9434,6148
9434,6460
9434,8262
9434,9266
9434,10730
9434,12011
9434,12153
9434,13152
9434,13172
9434,14209
9434,14419
9435,406
9435,8964
9435,9631
9435,9860
9435,9947
9435,13888
9435,13889
9435,16092
9435,17065
9435,21690
9435,22545
9435,24591
9436,686
9436,1405
9436,2178
9436,2776
9436,3466
9436,4242
9436,4917
9436,4959
9436,6564
9436,13513
9436,19750
9436,20138
9436,21217
9436,22182
9437,134
9437,1344
9437,1826
9437,2009
9437,4526
9437,6498
9437,7656
9437,9282
9437,12076
9437,15146
9437,16242
9437,17226
9437,19647
9437,19935
9437,21120
9437,22181
9437,22961
9438,1461
9438,4696
9438,6768
9438,7775
9438,8554
9438,9845
9438,15759
9438,17048
9438,17887
9438,18171
9439,667
9439,3827
9439,3953
9439,7302
9439,10034
9439,10844
9439,14434
9439,15315
9439,15317
9439,19770
9439,23055
9439,23211
9439,24282
9440,525
9440,925
9440,1505
9440,9323
9440,16985
9440,19727
9440,21325
9440,21840
9440,23302
9440,23806
9440,24005
9440,24196
9441,101
9441,2271
9441,2469
9441,3505
9441,4929
9441,5452
9441,5534
9441,5745
9441,9280
9441,9788
9441,13253
9441,14693
9441,14810
9441,15392
9441,17526
9441,21357
9442,764
9442,765
9442,1357
9442,3041
9442,3931
9442,5264
9442,5345
9442,5353
9442,8184
9442,9922
9442,14945
9442,15750
9442,21175
9442,21414
9442,21949
9443,19052
9443,20205
9443,21299
9443,22221
9443,24298
9444,7339
9444,8772
9444,8774
9444,8995
9444,9550
9444,10316
9444,11386
9444,12780
9444,13498
9444,13730
9444,14483
9444,16672
9444,18051
9444,18797
9444,21283
9444,22100
9444,22766
9444,24223
9445,1542
9445,20087
9445,20166
9445,22258
9446,704
9446,2731
9446,7559
9446,8097
9446,9308
9446,16334
9446,17143
9446,20981
9446,24110
9446,24351
9447,1253
9447,3622
9447,7961
9447,8094
9447,11731
9447,12889
9447,16209
9447,21007
9447,23075
9447,23580
9448,904
9448,1120
9448,9264
9448,17806
9448,20811
9448,24710
9450,281
9450,3102
9450,3409
9450,4408
9450,7656
9450,9220
9450,11333
9450,11697
9450,13128
9450,13302
9450,15797
9450,17994
9450,18407
9450,18825
9450,19068
9450,20345
9450,20456
9451,7309
9451,9809
9451,12289
9451,12390
9451,12796
9451,19014
9451,19905
9451,23872
9451,24578
9452,1523
9452,6010
9452,6340
9452,10388
9452,12837
9452,15534
9452,18963
9452,20003
9452,23915
9453,1098
9453,1352
9453,1735
9453,2192
9453,6751
9453,6836
9453,7491
9453,8999
9453,9302
9453,9702
9453,11432
9453,12267
9453,12885
9453,13565
9453,15665
9453,15758
9454,661
9454,1080
9454,3250
9454,3304
9454,3390
9454,5496
9454,6846
9454,6948
9454,10946
9454,11907
9454,13270
9454,13589
9454,13730
9454,14300
9454,18452
9454,18908
9454,19565
9454,21455
9455,2004
9455,2124
9455,2208
9455,3650
9455,4354
9455,4599
9455,5069
9455,11564
9455,13858
9455,14710
9455,15315
9455,16332
9456,5140
9456,6009
9456,6428
9456,12301
9456,12563
9456,14128
9456,14167
9456,14892
9456,17668
9456,21204
9456,22797
9457,956
9457,1063
9457,3129
9457,3880
9457,3953
9457,4965
9457,6592
9457,8688
9457,8912
9457,9127
9457,15333
9457,15394
9457,15828
9457,17284
9457,18757
9457,19176
9457,21913
9457,24104
9458,4327
9458,4610
9458,5235
9458,5253
9458,7213
9458,7920
9458,10993
9458,11722
9458,13385
9458,15702
9458,16411
9458,18583
9458,19429
9458,21190
9458,22348
9459,2225
9459,2967
9459,5808
9459,6613
9459,8078
9459,8562
9459,9185
9459,9924
9459,12670
9459,12681
9459,12983
9459,13400
9459,14775
9459,17138
9459,24849
9459,20890
9459,23958
9460,193
9460,3901
9460,7580
9460,7852
9460,10606
9460,11224
9460,11249
9460,11725
9460,11898
9460,14114
9460,16686
9460,18166
9460,20113
9460,20417
9460,20706
9460,23062
9460,23118
9460,23272
9461,2899
9461,4052
9461,11520
9461,13684
9461,18061
9461,18645
9461,19348
9461,20829
9461,21972
9461,22469
9461,24040
9462,154
9462,525
9462,2071
9462,2164
9462,3316
9462,4999
9462,9139
9462,9870
9462,10701
9462,11699
9462,13291
9462,14057
9462,16681
9462,18911
9462,20210
9462,20696
9463,603
9463,1699
9463,2007
9463,2502
9463,3172
9463,4680
9463,12104
9463,13963
9463,14396
9463,15435
9463,17584
9463,17801
9463,18256
9463,20043
9463,21629
9463,21991
9463,23889
9464,60
9464,3734
9464,4691
9464,6631
9464,16227
9465,2946
9465,5134
9465,5339
9465,7774
9465,9294
9465,9911
9465,12412
9465,14677
9465,17223
9465,17352
9465,17517
9465,18366
9465,19871
9465,22046
9465,22461
9466,1952
9466,3222
9466,5596
9466,7012
9466,7279
9466,10173
9466,11805
9466,12367
9466,12419
9466,12726
9466,13666
9466,18027
9466,19506
9466,20994
9466,22784
9466,22814
9466,22965
9466,23275
9467,620
9467,1516
9467,1685
9467,10706
9467,10770
9467,11195
9467,11608
9467,12438
9467,12792
9467,13152
9467,13413
9467,16858
9467,18563
9467,22831
9468,3591
9468,5027
9468,8750
9468,9133
9468,9954
9468,10650
9468,12368
9468,15777
9468,19917
9468,21595
9468,23106
9468,24297
9469,2732
9469,3405
9469,4842
9469,8651
9469,10046
9469,11196
9469,13029
9469,13641
9469,14537
9469,15533
9469,16241
9469,17009
9469,19003
9469,19316
9469,22183
9469,23301
9470,2911
9470,4824
9470,10686
9470,11232
9470,16109
9470,24849
9470,18615
9470,19554
9470,20248
9470,20599
9470,21738
9470,24339
9470,24555
9471,8843
9471,9746
9471,13115
9471,23081
9471,24860
9473,2327
9473,4411
9473,4983
9473,8349
9473,9163
9473,9332
9473,11388
9473,11410
9473,13294
9473,14665
9473,17005
9473,21993
9474,2216
9474,2219
9474,10713
9474,13168
9474,20025
9475,11044
9475,12699
9475,13669
9475,13847
9475,14342
9475,14861
9475,15499
9475,16580
9475,16788
9475,17415
9475,17745
9475,17883
9475,18754
9475,19381
9475,22062
9476,14
9476,138
9476,287
9476,842
9476,2590
9476,3245
9476,4088
9476,4089
9476,4096
9476,4172
9476,6290
9476,6738
9476,7525
9476,8879
9476,10779
9476,10869
9476,12189
9476,13151
9476,13713
9477,1689
9477,5755
9477,9833
9477,11493
9477,13638
9477,18229
9477,19310
9477,19731
9477,20539
9477,22832
9477,23715
9477,23927
9478,608
9478,2362
9478,2369
9478,4408
9478,6114
9478,7525
9478,7894
9478,8457
9478,11388
9478,11630
9478,13650
9478,13665
9478,14525
9478,14542
9478,16454
9478,16689
9478,18174
9478,18813
9478,18593
9479,1720
9479,2666
9479,2699
9479,3838
9479,7280
9479,8839
9479,11462
9479,17539
9479,18765
9479,21731
9480,749
9480,3743
9480,4046
9480,5773
9480,9659
9480,11203
9480,11778
9480,13203
9480,14102
9480,14119
9480,15857
9480,17727
9480,18141
9480,19056
9480,19340
9480,19663
9480,20453
9481,2909
9481,13528
9481,24695
9482,600
9482,2428
9482,2766
9482,4214
9482,11039
9482,13331
9482,16283
9482,16840
9482,17871
9482,21904
9482,23062
9482,23216
9482,23702
9482,23918
9483,1202
9483,2695
9483,2707
9483,6699
9483,7923
9483,8130
9483,11786
9483,12451
9483,16269
9483,20743
9484,926
9484,1752
9484,3820
9484,4513
9484,7003
9484,8655
9484,9157
9484,12005
9484,12881
9484,16336
9484,16665
9484,17433
9484,23643
9485,1369
9485,1622
9485,4507
9485,7153
9485,9528
9485,9883
9485,10533
9485,11686
9485,12048
9485,13937
9485,15212
9485,18209
9485,23572
9486,7618
9486,9850
9486,12258
9486,19713
9486,21642
9486,22933
9487,1921
9487,8356
9487,9419
9487,9425
9487,12600
9487,12807
9487,13170
9487,20758
9487,21379
9487,24651
9488,9908
9488,11787
9488,16139
9489,648
9489,658
9489,2545
9489,6414
9489,6417
9489,6509
9489,7359
9489,9196
9489,14839
9489,15225
9489,15287
9489,18139
9489,18716
9489,20926
9489,22087
9489,22858
9489,23055
9490,2243
9490,5127
9490,5540
9490,5668
9490,6992
9490,10165
9490,12765
9490,13479
9490,14773
9490,15076
9490,20533
9490,21456
9490,23533
9491,437
9491,1042
9491,1298
9491,1857
9491,2630
9491,7935
9491,11032
9491,14236
9491,19086
9491,19134
9491,19237
9491,20914
9491,21818
9492,15414
9492,20616
9492,21031
9493,12727
9493,15104
9494,1298
9494,1878
9494,2225
9494,3323
9494,4157
9494,4613
9494,5280
9494,5917
9494,7631
9494,7806
9494,8570
9494,8693
9494,9571
9494,10679
9494,11523
9494,11565
9494,15837
9494,15149
9495,633
9495,3097
9495,6041
9495,6405
9495,8165
9495,8225
9495,11682
9495,12144
9495,13837
9495,16462
9495,16978
9495,20569
9495,21073
9495,22587
9495,23030
9496,1049
9496,1600
9496,3423
9496,6637
9496,7015
9496,8981
9496,10373
9496,10498
9496,11174
9496,13725
9496,14178
9496,14196
9496,15019
9496,19796
9496,21622
9496,23884
9496,24775
9497,2848
9497,7200
9497,7935
9497,9465
9497,9534
9497,10371
9497,14973
9497,16739
9497,18715
9497,19785
9498,958
9498,2478
9498,2671
9498,2815
9498,3290
9498,4924
9498,5153
9498,5349
9498,6512
9498,6588
9498,6978
9498,7921
9498,9306
9498,10944
9498,11388
9498,11582
9498,14365
9498,16394
9498,16490
9499,3378
9499,4201
9499,9052
9499,11609
9499,15932
9500,1865
9500,2605
9500,8777
9500,8812
9500,8981
9500,11503
9500,14631
9500,17537
9500,16648
9500,16662
9500,17991
9500,18357
9500,18559
9500,19403
9500,19150
9500,23480
9501,728
9501,5307
9501,6474
9501,9246
9501,9397
9501,11065
9501,11700
9501,11783
9501,11810
9501,16808
9501,18164
9501,19959
9501,21271
9501,21651
9501,22347
9501,24076
9502,5130
9502,5179
9502,6361
9502,6489
9502,8781
9502,10344
9502,13177
9502,16820
9502,21245
9502,21348
9502,22854
9502,24337
9503,3196
9503,3867
9503,6143
9503,8319
9503,9599
9503,9918
9503,10055
9503,10340
9503,11974
9503,14533
9503,15036
9503,17513
9503,20401
9503,22154
9503,24809
9504,901
9504,2733
9504,6533
9504,6935
9504,9367
9504,15444
9504,15717
9504,16945
9504,19282
9504,22407
9506,3448
9506,4896
9506,8011
9506,11861
9506,17675
9506,17684
9506,18433
9506,23665
9506,23718
9506,24153
9507,917
9507,1179
9507,1651
9507,3653
9507,4204
9507,5610
9507,6359
9507,6395
9507,9153
9507,12183
9507,12992
9507,14694
9507,14821
9507,20673
9507,21097
9507,22988
9507,23162
9507,23175
9507,23093
9508,26
9508,1740
9508,2679
9508,4099
9508,4364
9508,6285
9508,6543
9508,10430
9508,13283
9508,16026
9508,17069
9508,19962
9509,1816
9509,3221
9509,5988
9509,8269
9509,11129
9509,13341
9509,13347
9509,16421
9509,24088
9509,24150
9509,24739
9510,957
9510,2527
9510,3589
9510,8968
9510,10511
9510,10867
9510,12369
9510,14643
9510,18602
9510,20505
9511,2658
9511,3057
9511,3093
9511,3369
9511,4294
9511,6657
9511,7780
9511,8670
9511,9322
9511,10538
9511,12795
9511,15279
9511,17484
9511,17620
9511,17862
9511,18713
9511,18714
9511,20078
9512,24478
9513,1742
9513,3562
9513,6723
9513,7440
9513,10882
9513,10995
9513,11658
9513,11722
9513,11801
9513,12357
9513,16602
9513,16822
9513,18998
9513,19939
9513,23692
9514,478
9514,865
9514,2178
9514,3171
9514,4458
9514,8610
9514,11612
9514,13770
9514,14202
9514,14805
9514,16053
9514,18209
9514,20098
9514,21540
9514,21722
9514,24304
9515,879
9515,1270
9515,3456
9515,3679
9515,4778
9515,6935
9515,8243
9515,8927
9515,18746
9515,23984
9516,2247
9516,3059
9516,4197
9516,6094
9516,7230
9516,9732
9516,10017
9516,11943
9516,11976
9516,14470
9516,14491
9516,14497
9516,15131
9516,15850
9516,18786
9516,21020
9516,21022
9516,21842
9516,22644
9517,2291
9517,4057
9517,4412
9517,8290
9517,9082
9517,11539
9517,13019
9517,13236
9517,13924
9517,15693
9517,18895
9517,19521
9517,19755
9517,23152
9517,24229
9517,24419
9517,24730
9518,1420
9518,1644
9518,1924
9518,2956
9518,5141
9518,7369
9518,8505
9518,8652
9518,9332
9518,9588
9518,10790
9518,11289
9518,12250
9518,13018
9518,13255
9518,14570
9518,16560
9518,20626
9518,21086
9519,10321
9519,11758
9519,12584
9520,3023
9520,4630
9520,6713
9520,7110
9520,7296
9520,7527
9520,8154
9520,11877
9520,12514
9520,13309
9520,16083
9520,16543
9520,18305
9520,18381
9520,20752
9520,21361
9520,22880
9521,1653
9521,5853
9521,9288
9521,12926
9521,13927
9521,15816
9522,34
9522,730
9522,1136
9522,2710
9522,5070
9522,5636
9522,8696
9522,12802
9522,13969
9522,14983
9522,16011
9522,19259
9522,19567
9522,19692
9522,22145
9522,23911
9523,2737
9523,5384
9523,14021
9523,19421
9524,4196
9524,7044
9524,18842
9524,19080
9525,2179
9525,4328
9525,5582
9525,6106
9525,7864
9525,10435
9525,10731
9525,10894
9525,11101
9525,11502
9525,13554
9525,13744
9525,14084
9525,22763
9525,23361
9526,783
9526,1338
9526,2828
9526,4859
9526,9229
9526,9903
9526,14617
9526,14626
9526,17826
9526,18051
9526,18482
9526,18880
9526,19933
9527,807
9527,2729
9527,8220
9527,9682
9527,14334
9527,14381
9527,14670
9527,15121
9527,15324
9527,18601
9527,21843
9528,24175
9529,9996
9530,1787
9530,2580
9530,6401
9530,6832
9530,7273
9530,7866
9530,9452
9530,10693
9530,17946
9530,18128
9530,20538
9530,20631
9530,22108
9530,23420
9531,2616
9531,2821
9531,4175
9531,4954
9531,6742
9531,7001
9531,12207
9531,16748
9531,17695
9531,21153
9531,23063
9531,23900
9531,23904
9532,796
9532,2251
9532,3094
9532,6792
9532,10130
9532,10216
9532,13184
9532,14738
9532,17911
9532,18451
9532,22268
9532,23055
9532,23554
9532,24638
9533,309
9533,8586
9533,10859
9533,11775
9533,13204
9533,14847
9533,15940
9533,16642
9533,18828
9533,19676
9534,825
9534,959
9534,1380
9534,2997
9534,3020
9534,5743
9534,5891
9534,6159
9534,8286
9534,8521
9534,10361
9534,14969
9534,15199
9534,15205
9534,16595
9534,20978
9534,23586
9534,23797
9535,64
9535,239
9535,529
9535,1063
9535,4611
9535,4692
9535,5465
9535,8418
9535,14993
9535,18457
9535,23154
9535,23318
9535,23358
9535,24224
9536,1508
9536,1569
9536,2552
9536,3100
9536,3321
9536,3436
9536,6712
9536,11002
9536,11999
9536,13838
9536,16252
9536,19312
9536,20013
9536,20098
9536,20474
9536,22839
9537,7451
9537,8381
9537,10912
9537,10915
9537,14156
9537,14314
9537,16222
9537,16733
9537,22488
9537,23258
9538,961
9538,1282
9538,3129
9538,4942
9538,10995
9538,11682
9538,13095
9538,13177
9538,13801
9538,14765
9538,15878
9538,17671
9538,20134
9538,22390
9539,106
9539,1564
9539,2563
9539,2863
9539,4872
9539,4936
9539,5545
9539,9103
9539,11582
9539,16299
9539,18351
9539,22433
9540,396
9540,437
9540,1937
9540,2225
9540,3830
9540,6114
9540,6289
9540,6418
9540,6881
9540,7864
9540,9948
9540,10221
9540,12848
9540,13198
9540,16107
9540,17531
9540,19687
9540,19753
9540,20151
9541,763
9541,2119
9541,2425
9541,3411
9541,5800
9541,6474
9541,8436
9541,10858
9541,11511
9541,11654
9541,11655
9541,12308
9541,16821
9541,20342
9541,20530
9541,22230
9541,22278
9541,24345
9542,6283
9542,10511
9542,14546
9542,16043
9542,17764
9542,18939
9542,19988
9542,20235
9542,22860
9542,23324
9542,23602
9543,24831
9543,1730
9543,1873
9543,3567
9543,7805
9543,10242
9543,10790
9543,13911
9543,15395
9543,18430
9543,18459
9543,18559
9543,20987
9543,21442
9544,1182
9544,1366
9544,1694
9544,2834
9544,4272
9544,8555
9544,10556
9544,13973
9544,14822
9544,16541
9544,20515
9545,2790
9545,4308
9545,4755
9545,5642
9545,8991
9545,12835
9545,13902
9545,14556
9545,16035
9545,16683
9545,18988
9545,19424
9545,19647
9545,20987
9545,23322
9545,23432
9545,24253
9546,458
9546,2999
9546,6827
9546,8008
9546,8408
9546,11447
9546,12376
9546,15284
9546,16650
9546,16905
9546,20363
9546,20628
9546,23811
9547,948
9547,3184
9547,3938
9547,4113
9547,4920
9547,10000
9547,13856
9547,14795
9547,18587
9547,19023
9547,19850
9547,21030
9547,22465
9547,23582
9547,23788
9547,23795
9548,24835
9548,10488
9548,12426
9548,15159
9548,15871
9548,16013
9548,17053
9548,17687
9548,18383
9548,20377
9549,967
9549,3811
9549,5086
9549,6609
9549,10223
9549,11479
9549,12699
9549,11668
9549,18104
9549,18704
9549,19753
9549,20096
9549,20656
9549,24656
9550,1666
9550,3275
9550,7009
9550,8275
9550,9836
9550,10016
9550,11847
9550,16020
9550,20243
9550,20475
9551,1732
9551,6862
9551,11962
9551,20591
9552,1539
9552,2527
9552,3671
9552,4033
9552,4812
9552,4942
9552,10740
9552,12965
9552,16025
9552,17195
9553,2826
9553,2875
9553,3705
9553,4261
9553,6030
9553,6439
9553,7335
9553,8358
9553,11446
9553,13036
9553,16772
9553,16959
9553,17162
9553,20325
9553,20855
9554,2471
9554,4689
9554,4935
9554,8089
9554,9518
9554,10341
9554,11328
9554,17304
9554,21107
9554,22248
9555,631
9555,11377
9555,21043
9555,23393
9556,881
9556,1170
9556,2161
9556,2209
9556,2689
9556,2789
9556,3415
9556,4498
9556,5048
9556,7045
9556,16117
9556,16203
9556,16890
9556,19809
9556,20299
9556,22212
9556,23468
9557,723
9557,1246
9557,2542
9557,7371
9557,9889
9557,10294
9557,10301
9557,10928
9557,12018
9557,12163
9557,12474
9557,15192
9557,16888
9557,20061
9557,21219
9557,24715
9558,174
9558,953
9558,2484
9558,6957
9558,9573
9558,11583
9558,14202
9558,14926
9558,16516
9558,16741
9558,18661
9558,21098
9558,22810
9559,15151
9560,19
9560,1499
9560,3691
9560,3912
9560,4077
9560,8639
9560,9978
9560,12258
9560,13274
9560,16725
9560,18069
9560,20961
9561,431
9561,1718
9561,2630
9561,3237
9561,3413
9561,10107
9561,13209
9561,13436
9561,16044
9561,16448
9561,16537
9561,20134
9561,20402
9561,22771
9561,23113
9562,4073
9562,4942
9562,5523
9562,7118
9562,8581
9562,10316
9562,11393
9562,14218
9562,24456
9562,24736
9563,1961
9563,2250
9563,3898
9563,5529
9563,6110
9563,6947
9563,8361
9563,9870
9563,11699
9563,13206
9563,20235
9563,21890
9563,22847
9563,23125
9563,23366
9564,1040
9564,1177
9564,2244
9564,4829
9564,6689
9564,8568
9564,11472
9564,16822
9564,18040
9564,18810
9564,19612
9564,19917
9564,23429
9565,525
9565,1384
9565,1821
9565,3068
9565,3119
9565,5183
9565,5642
9565,6708
9565,8775
9565,13902
9565,15897
9565,16758
9565,19538
9565,20882
9565,24259
9566,1777
9566,1904
9566,4293
9566,11635
9566,12748
9566,16007
9566,16348
9566,17201
9566,19319
9566,20999
9566,21874
9566,23484
9566,23955
9566,23956
9567,5868
9567,5933
9567,8103
9567,8629
9567,10704
9567,11482
9567,12570
9567,14510
9567,15768
9567,17772
9567,24850
9567,18981
9567,19009
9567,19138
9567,19912
9567,21049
9568,1185
9568,3845
9568,6106
9568,6194
9568,7207
9568,7957
9568,8210
9568,9369
9568,11673
9568,13053
9568,13160
9568,14727
9568,15201
9568,15392
9568,17354
9568,18008
9568,18842
9568,21750
9569,2800
9569,3623
9569,6357
9569,7729
9569,9610
9569,9999
9569,10014
9569,14719
9569,16774
9569,17123
9569,18153
9569,22322
9569,24126
9570,2834
9570,2838
9570,3528
9570,3728
9570,5138
9570,6283
9570,8107
9570,10366
9570,16491
9570,17991
9570,18835
9570,19058
9570,19418
9570,19981
9570,24193
9571,813
9571,1063
9571,1810
9571,4942
9571,6428
9571,6594
9571,9888
9571,9941
9571,12717
9571,19796
9571,20645
9571,20786
9572,438
9572,4485
9572,6365
9572,6466
9572,8235
9572,8732
9572,10569
9572,11042
9572,13150
9572,15164
9572,15348
9572,15480
9572,16565
9572,16980
9572,17001
9572,18989
9572,19808
9572,20096
9572,20414
9573,1280
9573,1723
9573,3840
9573,4187
9573,9025
9573,9857
9573,11434
9573,11932
9573,11950
9573,13315
9573,14006
9573,15587
9573,15748
9573,15749
9574,8339
9575,1623
9575,1898
9575,3540
9575,4898
9575,4908
9575,6808
9575,7222
9575,7934
9575,10098
9575,12241
9575,12501
9575,13644
9575,20625
9575,23016
9575,23368
9576,3608
9576,5996
9576,6181
9576,8575
9576,11064
9576,11539
9576,14727
9576,15317
9576,15742
9576,18449
9576,20679
9576,20954
9576,21190
9576,21396
9577,1726
9577,2844
9577,2959
9577,3986
9577,5327
9577,6885
9577,8256
9577,9758
9577,11796
9577,11849
9577,13770
9577,14975
9577,15820
9577,16876
9577,18846
9577,19302
9577,19894
9577,19956
9577,20551
9578,996
9578,2758
9578,3561
9578,4382
9578,5145
9578,5230
9578,10867
9578,11350
9578,11911
9578,12018
9578,13013
9578,14409
9578,15402
9578,15828
9578,17998
9578,21140
9578,21626
9578,24384
9579,1188
9579,4485
9579,12503
9579,12770
9579,13797
9579,16301
9579,18335
9579,22124
9579,22287
9579,23211
9580,2259
9580,3273
9580,4585
9580,4691
9580,4725
9580,5002
9580,5032
9580,7524
9580,10635
9580,11899
9580,13844
9580,15034
9580,18442
9580,18606
9580,18755
9580,19023
9580,19195
9580,20702
9581,2619
9581,3491
9581,3598
9581,4412
9581,4490
9581,5056
9581,5583
9581,6592
9581,10000
9581,11089
9581,11186
9581,13294
9581,13323
9581,15245
9581,18353
9581,19176
9581,21556
9581,22566
9582,880
9582,1018
9582,1183
9582,1953
9582,2563
9582,3915
9582,5707
9582,6180
9582,9503
9582,14854
9582,19966
9582,21076
9582,21584
9582,22180
9582,23044
9583,2670
9583,4797
9583,5023
9583,5492
9583,5896
9583,10615
9583,11722
9583,12671
9583,13213
9583,16511
9583,22018
9583,22867
9583,23445
9583,23450
9583,24122
9584,403
9584,1613
9584,2212
9584,3888
9584,5222
9584,8220
9584,8519
9584,8983
9584,11324
9584,14465
9584,15278
9584,16690
9584,18223
9584,18666
9584,20491
9584,20894
9584,20973
9584,22127
9585,2895
9585,3866
9585,4369
9585,9656
9585,10723
9585,11682
9585,11897
9585,16331
9585,16589
9585,18266
9585,19368
9585,23113
9587,1141
9587,2870
9587,4246
9587,8021
9587,11333
9587,11487
9587,12068
9587,13317
9587,15192
9587,17918
9588,3713
9588,5397
9588,6556
9588,11700
9588,15787
9588,17445
9588,18686
9588,19931
9588,20640
9588,22375
9588,22395
9589,2232
9589,5078
9589,7140
9589,10132
9589,10935
9589,11756
9589,15584
9589,16164
9589,16708
9589,21909
9589,24663
9590,861
9590,1627
9590,2593
9590,4508
9590,6381
9590,7418
9590,8800
9590,10510
9590,11028
9590,11455
9590,12519
9590,15452
9590,16541
9590,16707
9590,19390
9590,19919
9591,9894
9591,12597
9592,238
9592,1763
9592,2527
9592,2595
9592,4589
9592,7044
9592,8143
9592,9267
9592,10284
9592,10721
9592,10913
9592,11371
9592,14494
9592,16089
9592,15804
9592,16855
9592,20150
9593,1288
9593,4588
9593,6592
9593,6630
9593,8593
9593,8998
9593,9068
9593,10365
9593,10458
9593,10901
9593,12400
9593,17160
9593,17975
9593,18492
9593,19879
9593,23249
9593,24248
9594,683
9594,4694
9594,6236
9594,7830
9594,8600
9594,10712
9594,11120
9594,12929
9594,13031
9594,14098
9594,14455
9594,14927
9594,15543
9594,17547
9594,18373
9594,20749
9594,22155
9595,1023
9595,13508
9595,17481
9595,17561
9595,21865
9596,10256
9596,10262
9596,10839
9596,11205
9596,11623
9596,13109
9596,14033
9596,17442
9596,18498
9596,21814
9597,1160
9597,8405
9597,8481
9597,10886
9597,11133
9597,14000
9597,15542
9597,15695
9597,18201
9597,22116
9598,13827
9598,20658
9599,378
9599,1641
9599,2977
9599,4757
9599,9389
9599,9564
9599,9800
9599,10741
9599,11022
9599,12198
9599,15693
9599,16284
9599,16874
9599,20191
9599,21145
9599,22645
9599,24310
9600,2821
9600,2937
9600,3703
9600,3939
9600,5617
9600,6696
9600,10223
9600,12328
9600,12800
9600,13149
9600,14415
9600,17335
9600,21069
9600,23540
9600,24779
9601,1373
9601,4107
9601,5969
9601,6623
9601,7392
9601,12826
9601,14176
9601,19803
9601,20257
9601,20678
9602,1859
9602,2080
9602,5511
9602,7575
9602,9038
9602,9295
9602,17142
9602,19305
9602,22555
9602,24494
9603,360
9603,659
9603,2836
9603,3480
9603,5032
9603,5870
9603,10448
9603,15518
9603,16691
9603,16712
9603,20732
9603,23216
9603,24025
9604,1161
9604,3307
9604,6854
9604,6945
9604,8439
9604,8679
9604,10379
9604,10531
9604,10541
9604,11242
9604,17605
9604,19202
9604,23567
9604,23678
9604,24686
9605,1734
9605,3307
9605,4358
9605,6945
9605,8439
9605,8679
9605,10314
9605,10379
9605,10541
9605,11242
9605,17605
9605,19202
9605,23567
9605,23678
9605,24686
9606,1350
9606,1605
9606,6811
9606,7585
9606,11433
9606,12703
9606,13655
9606,16291
9606,19562
9606,22149
9606,23374
9606,23950
9607,336
9607,3050
9607,9549
9607,9980
9607,12028
9607,12041
9607,16609
9607,17403
9607,21405
9607,21459
9607,22001
9607,22002
9607,22369
9608,1922
9608,4188
9608,6189
9608,8324
9608,8716
9608,13927
9608,15053
9608,16532
9608,21825
9608,22217
9609,173
9609,3841
9609,4915
9609,4942
9609,5000
9609,5038
9609,6096
9609,7518
9609,8163
9609,8296
9609,8476
9609,9333
9609,10128
9609,14570
9609,16828
9609,16892
9609,20723
9609,21516
9609,22807
9610,165
9610,173
9610,798
9610,2618
9610,4106
9610,5861
9610,6715
9610,6784
9610,7273
9610,8435
9610,9767
9610,10229
9610,10333
9610,10605
9610,12612
9610,13322
9610,13427
9610,16745
9610,17220
9611,732
9611,1079
9611,2880
9611,3692
9611,8349
9611,9331
9611,10206
9611,10654
9611,11014
9611,11359
9611,14526
9611,16872
9611,22998
9613,2601
9613,8440
9613,8712
9613,10610
9613,19197
9613,21006
9613,22020
9613,22259
9614,549
9614,1528
9614,4327
9614,4563
9614,5230
9614,6514
9614,6892
9614,7683
9614,9734
9614,11192
9614,11215
9614,15092
9614,15358
9614,16618
9614,19857
9614,22590
9614,23129
9614,23790
9615,238
9615,1127
9615,4881
9615,5266
9615,6742
9615,11577
9615,12491
9615,13760
9615,14766
9615,16166
9615,21642
9615,21776
9615,22497
9616,740
9616,1043
9616,5000
9616,7695
9616,7748
9616,8786
9616,8882
9616,9401
9616,9693
9616,10452
9616,11063
9616,11268
9616,17730
9616,18128
9616,19439
9616,19577
9616,20502
9616,22082
9617,1811
9617,3619
9617,4082
9617,6043
9617,6360
9617,6607
9617,10078
9617,12003
9617,20482
9617,21722
9617,24135
9618,34
9618,115
9618,358
9618,944
9618,2600
9618,8915
9618,11151
9618,11265
9618,12149
9618,14786
9618,14975
9618,16322
9618,16965
9618,17105
9618,19582
9618,23329
9619,3397
9619,4265
9619,5748
9619,5819
9619,6210
9619,7190
9619,7879
9619,11171
9619,11503
9619,11569
9619,14927
9619,15234
9619,16167
9619,18083
9619,19609
9619,20643
9619,23608
9619,23886
9619,24384
9620,5756
9620,11132
9620,13304
9620,18999
9620,24160
9621,1871
9621,2005
9621,3361
9621,7113
9621,7714
9621,10143
9621,12317
9621,14936
9621,15589
9621,18499
9621,19256
9621,24042
9622,1085
9622,3675
9622,5055
9622,5116
9622,10976
9622,11927
9622,14375
9622,15623
9622,16478
9622,17263
9622,18087
9622,18505
9622,23113
9622,23125
9622,23583
9622,24211
9623,652
9623,1304
9623,1912
9623,2063
9623,3288
9623,4642
9623,6542
9623,10723
9623,13726
9623,15067
9623,18985
9623,21642
9623,22045
9623,23575
9624,3779
9624,8215
9624,8874
9624,10799
9624,12432
9624,13110
9624,14698
9624,15551
9624,16619
9624,18461
9624,20088
9624,20587
9625,4358
9625,9330
9625,10960
9625,17086
9625,18519
9625,19468
9625,21995
9625,22997
9625,23567
9625,24185
9626,4129
9626,7067
9626,7558
9626,9284
9626,10065
9626,13198
9626,15185
9626,16249
9626,16441
9626,17222
9626,17267
9626,17415
9626,17994
9626,18508
9626,19955
9626,21429
9626,23358
9627,3644
9627,6754
9627,11747
9627,12150
9627,14509
9627,16582
9627,18288
9627,18360
9627,19058
9627,20234
9627,22499
9628,461
9628,1463
9628,2520
9628,5531
9628,6136
9628,8019
9628,9339
9628,11747
9628,12150
9628,13994
9628,18288
9628,18360
9628,18548
9628,19058
9628,19106
9628,19916
9628,22292
9629,892
9629,4085
9629,7057
9629,8537
9629,10234
9629,11735
9629,12186
9629,12212
9629,16538
9629,18853
9630,638
9630,804
9630,1963
9630,2820
9630,4361
9630,5051
9630,9505
9630,9970
9630,10966
9630,11009
9630,12172
9630,12770
9630,13467
9630,15828
9630,17342
9630,21070
9630,23249
9630,23397
9630,23842
9631,7915
9631,16446
9631,18659
9631,24244
9632,4002
9632,4302
9632,5398
9632,7820
9632,14799
9632,15014
9632,15356
9632,16583
9632,19110
9632,24306
9633,4942
9633,5117
9633,6516
9633,8884
9633,10137
9633,16020
9633,16849
9633,19235
9633,19860
9633,21113
9633,21813
9633,22821
9633,24112
9634,1301
9634,4349
9634,6580
9634,7267
9634,8333
9634,8434
9634,8809
9634,10546
9634,10724
9634,15032
9634,16565
9634,16644
9634,18757
9635,5018
9635,14146
9636,50
9636,494
9636,2582
9636,2891
9636,3604
9636,4415
9636,6609
9636,7899
9636,10317
9636,10459
9636,12034
9636,16219
9636,18815
9636,19751
9636,20918
9636,22215
9636,22345
9636,23441
9637,149
9637,2639
9637,3051
9637,6397
9637,24847
9637,8528
9637,9559
9637,9567
9637,10105
9637,11624
9637,11777
9637,12093
9637,12157
9637,12303
9637,15464
9637,16144
9637,21601
9638,579
9638,9127
9638,11116
9638,11937
9638,14253
9638,14309
9638,14335
9638,19630
9638,21793
9638,22203
9639,546
9639,3211
9639,4740
9639,5541
9639,5833
9639,6666
9639,9159
9639,10340
9639,13127
9639,14449
9639,16277
9639,19569
9639,22250
9639,23078
9639,23144
9639,23151
9639,23351
9639,23366
9639,23677
9640,1358
9640,2529
9640,3633
9640,3785
9640,4605
9640,4714
9640,4725
9640,13922
9640,17061
9640,22241
9640,22554
9640,22584
9640,22592
9640,23878
9640,24083
9641,398
9641,1519
9641,2652
9641,3647
9641,12413
9641,12771
9641,13316
9641,15129
9641,18938
9641,19179
9641,19591
9641,19647
9641,20899
9641,21233
9641,23592
9642,1820
9642,3879
9642,3903
9642,4686
9642,5153
9642,5742
9642,6158
9642,8720
9642,10663
9642,14217
9642,14600
9642,14785
9642,18638
9642,20429
9642,22645
9643,752
9643,1738
9643,2309
9643,3247
9643,3649
9643,5211
9643,5607
9643,7578
9643,8778
9643,9224
9643,9931
9643,10540
9643,11189
9643,21084
9643,23185
9643,24009
9644,585
9644,11614
9644,11871
9644,12515
9644,12714
9644,15462
9644,16255
9644,16600
9644,21336
9644,21878
9644,24291
9645,121
9645,4776
9645,9036
9645,18923
9645,20661
9646,4184
9646,5935
9646,7700
9646,8469
9646,13972
9646,16472
9646,17685
9646,18518
9646,19191
9646,20368
9646,23568
9647,456
9647,1132
9647,1698
9647,7291
9647,14772
9647,15254
9647,16139
9647,18104
9647,18559
9647,18744
9647,20626
9647,22146
9647,23893
9647,23990
9647,24262
9648,6207
9648,7886
9648,9688
9648,11240
9648,15226
9648,16565
9648,16717
9648,18698
9648,19414
9648,20953
9649,921
9649,3613
9649,3796
9649,5306
9649,5891
9649,6175
9649,6720
9649,7668
9649,11257
9649,11866
9649,12374
9649,12802
9649,13031
9649,13434
9649,24849
9649,22000
9649,23937
9649,24344
9650,3312
9650,5410
9650,6323
9650,6455
9650,9763
9650,10968
9650,12132
9650,14570
9650,15280
9650,15299
9650,15943
9650,17091
9650,18014
9650,18180
9650,18596
9650,20042
9650,21362
9650,23363
9651,976
9651,3377
9651,3880
9651,4162
9651,7630
9651,8897
9651,9676
9651,9810
9651,12511
9651,12535
9651,15560
9651,15857
9651,18344
9651,20518
9651,23118
9651,23355
9652,2116
9652,5272
9652,6511
9652,9428
9652,13250
9652,13274
9652,16392
9652,21864
9652,23719
9652,24782
9653,491
9653,982
9653,1773
9653,6556
9653,9615
9653,10884
9653,11526
9653,12542
9653,16166
9653,18715
9653,21736
9653,22058
9653,22433
9654,1467
9654,3611
9654,3613
9654,5141
9654,6156
9654,9695
9654,10303
9654,13205
9654,20347
9654,21506
9655,113
9655,2358
9655,18550
9656,3224
9656,4166
9656,6643
9656,12025
9656,13946
9656,14198
9656,15239
9656,16579
9656,17079
9656,20949
9656,21096
9657,1719
9657,10554
9657,12489
9657,12894
9657,17774
9657,24756
9658,547
9658,1300
9658,2403
9658,3321
9658,3867
9658,4869
9658,4897
9658,5422
9658,6988
9658,8261
9658,10068
9658,11899
9658,14449
9658,15034
9658,15417
9658,16993
9658,20182
9659,1305
9659,5447
9659,5584
9659,5730
9659,6388
9659,7908
9659,9926
9659,10104
9659,13762
9659,15821
9659,15870
9659,16651
9659,16680
9659,16871
9659,17172
9659,17380
9659,17509
9659,19243
9660,481
9660,804
9660,1239
9660,1564
9660,1789
9660,2253
9660,6077
9660,6695
9660,8240
9660,8592
9660,9518
9660,9636
9660,9768
9660,10040
9660,10316
9660,10520
9660,10659
9660,11494
9660,11668
9660,13017
9661,1208
9661,1885
9661,2616
9661,2928
9661,4176
9661,5019
9661,6046
9661,7631
9661,7671
9661,9608
9661,10452
9661,10453
9661,12193
9661,17664
9661,17959
9661,18805
9661,22779
9661,23173
9662,1469
9662,3772
9662,5474
9662,6299
9662,7818
9662,15505
9662,15705
9662,17615
9662,23863
9662,24431
9663,95
9663,5569
9663,5829
9663,6894
9663,10001
9663,10897
9663,11090
9663,11163
9663,11995
9663,12368
9663,12767
9663,13156
9663,13585
9663,13824
9663,13935
9663,14103
9663,15982
9663,18408
9664,707
9664,1957
9664,2720
9664,2721
9664,3552
9664,4177
9664,4671
9664,4746
9664,17020
9664,19867
9664,22570
9665,496
9665,2931
9665,3906
9665,7358
9665,9319
9665,14014
9665,14695
9665,15253
9665,15291
9665,15580
9665,15588
9665,15598
9665,15751
9665,17212
9665,18367
9665,21946
9665,23579
9666,420
9666,4307
9666,5214
9666,12690
9666,13164
9666,13327
9666,13620
9666,14531
9666,16403
9666,17291
9666,17305
9666,20835
9666,22601
9666,24642
9666,24650
9667,86
9667,1880
9667,5823
9667,6474
9667,6693
9667,9678
9667,13491
9667,15863
9667,17303
9667,18092
9667,21147
9668,2490
9668,6116
9668,7245
9668,7269
9668,7746
9668,9862
9668,10061
9668,10417
9668,11029
9668,11040
9668,11503
9668,11772
9668,14519
9668,15797
9668,17945
9668,18429
9668,18903
9668,19499
9668,23196
9669,2414
9669,5088
9669,9963
9669,13811
9669,14317
9669,17546
9669,21550
9669,24517
9669,24582
9669,24604
9670,1488
9670,2652
9670,3938
9670,4472
9670,6712
9670,8106
9670,10055
9670,16266
9670,17650
9670,19128
9670,20372
9670,23329
9671,2646
9671,3615
9671,4632
9671,7025
9671,7026
9671,11852
9671,15349
9671,15771
9671,15888
9671,18856
9671,21146
9671,21318
9672,4304
9672,5838
9672,6439
9672,7891
9672,10934
9672,15987
9672,16563
9672,21649
9672,22335
9672,22500
9673,1537
9673,3871
9673,5955
9673,9977
9673,17941
9673,20221
9673,22061
9673,22315
9673,22805
9673,23999
9674,296
9674,325
9674,499
9674,583
9674,1897
9674,3749
9674,5577
9674,5694
9674,5957
9674,6953
9674,14912
9674,15198
9674,17715
9674,18093
9674,21433
9674,23237
9675,5092
9675,5388
9675,7405
9675,7446
9675,8356
9675,9171
9675,10174
9675,11561
9675,11682
9675,13888
9675,13802
9675,16092
9675,16879
9675,17279
9675,17333
9675,19733
9675,22184
9675,23866
9677,1322
9677,2410
9677,5013
9677,7758
9677,7836
9677,8224
9677,12442
9677,14798
9677,20784
9677,24000
9678,282
9678,1378
9678,1651
9678,4898
9678,5925
9678,8367
9678,11956
9678,13306
9678,15797
9678,19499
9678,20891
9678,21355
9678,21835
9678,23153
9679,273
9679,2069
9679,8541
9679,8821
9679,9972
9679,10124
9679,10286
9679,13343
9679,13616
9679,13987
9679,14420
9679,14679
9679,14854
9679,15641
9679,16376
9679,17029
9679,18012
9680,8060
9680,8144
9680,9826
9680,12875
9680,16778
9680,17460
9680,18274
9680,18577
9680,19221
9680,20918
9680,21953
9680,23969
9680,24602
9681,4623
9681,8399
9681,10794
9681,10875
9681,11684
9681,12195
9681,15987
9681,17407
9681,20250
9681,20934
9682,1592
9682,4585
9682,16323
9682,16688
9682,18044
9682,18439
9682,19198
9682,19784
9682,20319
9682,23611
9683,67
9683,1591
9683,2557
9683,3343
9683,3960
9683,4368
9683,7973
9683,8980
9683,9871
9683,18934
9685,662
9685,4286
9685,5510
9685,8972
9685,11015
9685,12577
9685,18041
9685,20221
9685,20228
9685,21909
9685,23309
9686,741
9686,3674
9686,5045
9686,5953
9686,7702
9686,8249
9686,10209
9686,11255
9686,11486
9686,12457
9686,13058
9686,14927
9686,15905
9686,16551
9686,16617
9686,16734
9686,17516
9687,919
9687,2284
9687,2386
9687,3949
9687,8654
9687,17270
9687,17612
9687,19988
9687,20342
9687,20443
9688,2789
9688,5501
9688,6569
9688,8453
9688,9117
9688,10977
9688,12221
9688,13070
9688,15040
9688,15200
9688,18353
9688,20907
9689,271
9689,599
9689,1503
9689,3207
9689,5924
9689,6831
9689,8349
9689,8905
9689,8906
9689,9585
9689,9878
9689,9946
9689,10039
9689,10381
9689,11503
9689,11814
9689,14435
9689,15567
9689,15948
9689,19938
9690,229
9690,4389
9690,5433
9690,11330
9690,17797
9690,20110
9690,20448
9690,20627
9690,22078
9690,23076
9691,1036
9691,3381
9691,5185
9691,5356
9691,7205
9691,7343
9691,8955
9691,12206
9691,13617
9691,14275
9691,16237
9691,18657
9691,23402
9691,24380
9692,10463
9692,12849
9692,13776
9692,14238
9692,14354
9692,16135
9692,16227
9692,18846
9692,18904
9692,19480
9692,21882
9692,22243
9693,3674
9693,4585
9693,5429
9693,7417
9693,8077
9693,10993
9693,12374
9693,14753
9693,15595
9693,16216
9693,16445
9693,17006
9693,17707
9693,17738
9693,19536
9693,22095
9693,24262
9694,2863
9694,3107
9694,3337
9694,6712
9694,9228
9694,10034
9694,12173
9694,12476
9694,12834
9694,14376
9694,14410
9694,16174
9694,17407
9694,20114
9694,20737
9694,21698
9694,22117
9694,22614
9694,22929
9694,24729
9695,2220
9695,9209
9695,17011
9695,18235
9695,23495
9695,24585
9695,24593
9696,2506
9696,4937
9696,5501
9696,5740
9696,10068
9696,11778
9696,14521
9696,15171
9696,18669
9696,20491
9696,21010
9696,21131
9696,22815
9696,23329
9696,23554
9697,439
9697,3054
9697,6918
9697,7693
9697,8499
9697,8961
9697,12143
9697,13139
9697,13140
9697,17569
9697,18296
9697,20968
9697,24543
9697,24707
9699,2255
9699,3321
9699,4936
9699,5647
9699,6304
9699,6435
9699,6681
9699,6700
9699,7206
9699,7851
9699,13537
9699,16658
9699,18985
9699,19797
9699,22152
9699,22960
9700,1405
9700,3617
9700,3701
9700,4914
9700,8032
9700,9350
9700,9518
9700,11298
9700,11592
9700,14263
9700,15824
9700,18768
9700,19788
9700,20243
9700,20450
9700,22235
9700,24555
9701,3321
9701,4415
9701,8954
9701,10232
9701,11792
9701,13053
9701,13589
9701,14125
9701,14473
9701,14546
9701,15299
9701,16504
9701,17479
9701,17987
9701,18051
9701,18559
9701,21495
9701,22100
9701,24808
9702,3455
9702,5686
9702,6701
9702,10044
9702,11069
9702,11285
9702,16177
9702,20061
9702,21878
9702,21954
9702,23715
9703,913
9703,1471
9703,3119
9703,4829
9703,4830
9703,6220
9703,6280
9703,9644
9703,11308
9703,14130
9703,15403
9703,16845
9703,18244
9703,19968
9703,20216
9703,22645
9704,1493
9704,6749
9704,9025
9704,9747
9704,11946
9704,13050
9704,13773
9704,19660
9704,22383
9704,23218
9706,1519
9706,2645
9706,4898
9706,5942
9706,6288
9706,7172
9706,7200
9706,11567
9706,12552
9706,14554
9706,16599
9706,17793
9706,19324
9707,6539
9707,6876
9707,7887
9707,8109
9707,9602
9707,10006
9707,12376
9707,13061
9707,13335
9707,14771
9707,16186
9707,16867
9707,19186
9707,20883
9708,4141
9708,4816
9708,6281
9708,6327
9708,7658
9708,9970
9708,12236
9708,19078
9708,21924
9708,22439
9708,22584
9709,1079
9709,6368
9709,6388
9709,8746
9709,10667
9709,12518
9709,14261
9709,14998
9709,16658
9709,18083
9709,18745
9709,18786
9709,19610
9709,22635
9709,22874
9709,24262
9709,24428
9710,69
9710,1505
9710,4496
9710,6648
9710,8235
9710,8678
9710,8736
9710,8822
9710,8954
9710,10653
9710,11148
9710,11676
9710,11801
9710,12092
9710,12670
9710,13336
9710,13446
9710,14280
9710,15149
9711,157
9711,206
9711,213
9711,312
9711,3088
9711,5166
9711,6578
9711,8615
9711,10846
9711,11464
9711,21924
9711,23375
9712,453
9712,1684
9712,4214
9712,5298
9712,5646
9712,8093
9712,11011
9712,13998
9712,14210
9712,17172
9712,17738
9712,23547
9712,23805
9713,711
9713,6268
9713,6844
9713,7708
9713,8912
9713,10536
9713,14371
9713,14377
9713,16207
9713,16246
9713,16596
9713,17846
9713,18142
9713,18775
9713,21884
9713,22126
9713,20769
9714,2530
9714,3129
9714,10168
9714,10364
9714,17676
9714,18083
9714,21239
9714,21366
9714,21496
9714,22792
9714,23249
9714,23251
9715,2562
9715,3408
9715,9506
9715,11668
9715,13253
9715,14114
9715,18217
9715,18630
9715,19568
9715,19733
9715,20110
9715,22288
9715,24235
9716,1511
9716,2027
9716,3561
9716,4402
9716,5964
9716,7770
9716,7983
9716,8208
9716,8305
9716,10055
9716,11813
9716,12670
9716,13064
9716,16719
9716,20439
9716,20657
9716,20927
9716,22156
9717,918
9717,1155
9717,2821
9717,4472
9717,6712
9717,11181
9717,12653
9717,14543
9717,14680
9717,20914
9717,21626
9717,22287
9717,23116
9717,23670
9717,23802
9718,5531
9718,7030
9718,8771
9718,9154
9718,11668
9718,11741
9718,13215
9718,14972
9718,18162
9718,19012
9718,19940
9718,20611
9718,21042
9718,21708
9718,22172
9718,22288
9718,22529
9718,22753
9719,197
9719,2483
9719,5020
9719,6023
9719,10466
9719,10724
9719,11251
9719,13341
9719,14751
9719,18117
9719,20642
9719,22832
9719,23668
9719,23845
9719,24544
9720,5441
9720,6112
9720,9360
9720,10228
9720,10742
9720,11073
9720,11781
9720,14055
9720,16628
9720,21338
9721,2983
9721,3751
9721,8433
9721,9559
9721,12538
9721,13031
9721,15048
9721,15828
9721,16039
9721,16874
9721,17009
9721,17489
9721,19500
9721,22948
9722,4969
9722,7258
9722,8293
9722,8476
9722,11840
9722,13289
9722,24849
9722,19128
9722,20320
9722,22605
9723,746
9723,2143
9723,2482
9723,2684
9723,3302
9723,3492
9723,4028
9723,4340
9723,6792
9723,7728
9723,10996
9723,11675
9723,11937
9723,13586
9723,13955
9723,14307
9723,14941
9723,17453
9724,282
9724,2552
9724,10317
9724,11937
9724,14664
9724,15995
9724,19090
9724,20888
9724,22028
9724,23197
9725,595
9725,2000
9725,4945
9725,6482
9725,17118
9725,19169
9725,19815
9725,22464
9725,23225
9725,24547
9725,24694
9726,3082
9726,7647
9726,8460
9726,9778
9726,13688
9726,21427
9726,22556
9726,23085
9726,23741
9726,23778
9727,1218
9727,3450
9727,3652
9727,4003
9727,8044
9727,15417
9727,15637
9727,17049
9728,21
9728,3635
9728,7398
9728,10808
9728,11180
9728,11531
9728,16514
9728,19232
9728,24687
9728,24697
9729,856
9729,1086
9729,1093
9729,1970
9729,7163
9729,7227
9729,11801
9729,11981
9729,13177
9729,15015
9729,18322
9729,23064
9730,844
9730,2441
9730,11598
9730,11917
9730,12007
9730,14756
9730,17433
9730,18056
9730,19344
9730,23811
9731,401
9731,1067
9731,1748
9731,3472
9731,8276
9731,8365
9731,8690
9731,10185
9731,10983
9731,12512
9731,12548
9731,13436
9731,13582
9731,13762
9731,15224
9731,18081
9732,251
9732,4474
9732,6353
9732,7753
9732,8446
9732,8835
9732,9035
9732,9359
9732,9786
9732,14029
9732,19550
9732,21352
9732,23696
9733,878
9733,1212
9733,1215
9733,1230
9733,2760
9733,15553
9733,16082
9733,16428
9733,18152
9733,20555
9734,1509
9734,2201
9734,5015
9734,6902
9734,8393
9734,20841
9734,21804
9734,24178
9734,24266
9735,3213
9735,3273
9735,5819
9735,6171
9735,6925
9735,9112
9735,10773
9735,10936
9735,17353
9735,20512
9735,20845
9735,20902
9735,22074
9736,866
9736,1379
9736,3251
9736,5674
9736,6789
9736,6828
9736,11501
9736,14823
9736,18591
9736,19446
9737,675
9737,823
9737,1005
9737,2639
9737,4765
9737,5753
9737,5999
9737,10458
9737,10882
9737,23125
9738,75
9738,417
9738,4134
9738,4264
9738,4648
9738,7328
9738,8410
9738,9541
9738,9716
9738,17179
9738,18259
9738,18446
9738,20286
9738,21169
9738,22037
9739,1012
9739,4274
9739,8974
9739,9335
9739,10340
9739,10926
9739,11059
9739,19647
9739,21257
9739,24698
9740,1005
9740,1621
9740,4532
9740,5667
9740,8338
9740,9128
9741,1478
9741,2896
9741,3253
9741,8206
9741,9973
9741,9979
9741,10627
9741,15469
9741,16018
9741,16420
9741,16692
9741,20986
9741,21451
9741,21714
9742,151
9742,1915
9742,3448
9742,4083
9742,4132
9742,4893
9742,6258
9742,10382
9742,10525
9742,13582
9742,13865
9742,14826
9742,15059
9742,15150
9742,15737
9742,16996
9742,18161
9743,3242
9743,3285
9743,3767
9743,4402
9743,5040
9743,8361
9743,9100
9743,10294
9743,10351
9743,10902
9743,16896
9743,17962
9743,18753
9743,20157
9744,2060
9744,5258
9744,6969
9744,7749
9744,7987
9744,12053
9744,12723
9744,12939
9744,23460
9744,23650
9745,2728
9745,4149
9745,7948
9745,11328
9745,13188
9745,13237
9745,15928
9745,16683
9745,16745
9745,18916
9745,19693
9745,23301
9746,3559
9746,9703
9746,15862
9746,18412
9746,18922
9746,21202
9746,21361
9746,23354
9746,23714
9746,24498
9747,1259
9747,1797
9747,5812
9747,7763
9747,9724
9747,11871
9747,12181
9747,12495
9747,13032
9747,14894
9747,15254
9747,16196
9747,17906
9747,20223
9747,20598
9747,21808
9747,23805
9748,1701
9748,4189
9748,5710
9748,6270
9748,6368
9748,6729
9748,8259
9748,10635
9748,11098
9748,13341
9748,16252
9748,16860
9748,19529
9748,20203
9749,3528
9749,6325
9749,10810
9750,12
9750,854
9750,1353
9750,7907
9750,14933
9750,16345
9750,20024
9750,20598
9750,21430
9750,23931
9751,1548
9751,5986
9751,6114
9751,6828
9751,10222
9751,11601
9751,13482
9751,14846
9751,15774
9751,17790
9751,17994
9751,18253
9751,18779
9751,19727
9751,19880
9751,21912
9751,23360
9751,24654
9752,416
9752,2694
9752,6377
9752,9234
9752,12735
9752,13796
9752,17482
9752,24852
9752,24853
9752,20051
9752,21445
9752,22710
9753,15254
9753,15621
9753,23223
9754,499
9754,7126
9754,8641
9754,14431
9754,16121
9754,16941
9754,16946
9754,21063
9754,23702
9754,23765
9755,393
9755,1810
9755,2451
9755,5106
9755,5281
9755,5473
9755,8218
9755,8581
9755,9878
9755,16191
9755,18486
9755,19903
9755,21370
9755,23040
9755,24049
9755,24225
9756,4585
9756,5231
9756,13911
9756,15595
9756,15702
9756,16624
9756,18425
9756,24175
9757,2099
9757,3332
9757,5828
9757,13294
9757,15323
9757,15565
9757,18166
9757,19174
9757,21998
9757,23232
9757,23662
9758,471
9758,2895
9758,5658
9758,10223
9758,11778
9758,17677
9758,19093
9758,19321
9758,19845
9758,23357
9758,23423
9758,24726
9759,6277
9759,6304
9759,7170
9759,9213
9759,9284
9759,10961
9759,11359
9759,13198
9759,15076
9759,17034
9759,23856
9760,552
9760,2603
9760,3125
9760,5866
9760,6391
9760,7122
9760,7176
9760,7299
9760,11357
9760,11704
9760,12444
9760,14044
9760,14449
9760,16731
9760,17006
9760,17944
9760,19627
9760,23279
9761,3538
9761,3731
9761,6762
9761,7114
9761,9749
9761,10199
9761,10704
9761,19009
9761,19597
9761,19906
9761,20349
9761,21074
9762,1300
9762,2828
9762,3011
9762,3594
9762,6725
9762,7719
9762,8656
9762,11138
9762,12316
9762,12647
9762,13856
9762,16567
9762,16725
9762,16952
9762,21541
9762,21906
9762,21989
9762,24684
9763,2979
9763,13375
9763,13693
9763,13909
9763,16137
9763,16519
9763,17008
9763,21215
9763,23022
9763,23913
9764,1403
9764,1790
9764,7302
9764,8890
9764,10035
9764,11932
9764,11958
9764,14942
9764,20475
9764,20874
9764,21910
9764,23782
9764,24326
9765,1567
9765,12630
9766,912
9766,4073
9766,4151
9766,4417
9766,6978
9766,8240
9766,10667
9766,11938
9766,15567
9766,16394
9766,17998
9766,22163
9766,23113
9766,24223
9766,24235
9767,363
9767,1265
9767,3572
9767,7042
9767,13998
9767,15850
9767,20097
9767,20429
9767,20882
9767,21315
9768,2129
9768,2297
9768,3378
9768,3532
9768,4932
9768,5829
9768,6943
9768,10097
9768,10543
9768,15848
9768,15927
9768,16726
9768,18481
9768,18839
9768,18925
9768,19126
9768,22833
9769,4681
9769,8846
9769,9099
9769,9459
9769,10100
9769,11404
9769,11412
9769,15386
9769,17096
9769,24506
9770,1400
9770,2599
9770,2709
9770,8930
9770,14310
9770,14576
9770,15478
9770,16230
9770,17691
9770,20972
9770,21112
9771,2095
9771,5939
9771,6637
9771,7680
9771,8286
9771,12381
9771,16224
9771,16917
9771,18304
9771,19808
9771,22942
9772,856
9772,2616
9772,2886
9772,5349
9772,10452
9772,10936
9772,10999
9772,11593
9772,12541
9772,13062
9772,14766
9772,21252
9773,520
9773,3266
9773,4452
9773,7478
9773,10656
9773,12172
9773,13135
9773,13227
9773,13738
9773,16136
9773,16331
9773,18807
9773,18821
9773,19042
9773,19239
9773,19996
9773,21553
9773,22693
9774,2193
9774,3806
9774,8807
9774,11281
9774,12271
9774,12290
9774,12336
9774,17052
9774,17683
9774,21437
9775,152
9775,641
9775,2777
9775,2808
9775,3165
9775,6516
9775,7553
9775,7702
9775,10142
9775,11023
9775,14444
9775,14951
9775,19383
9775,19623
9775,19762
9775,21220
9775,21742
9775,23275
9776,3908
9776,4577
9776,6170
9776,6700
9776,6844
9776,7046
9776,9634
9776,10073
9776,10877
9776,10988
9776,12092
9776,13182
9776,13937
9776,15299
9776,16993
9776,20491
9777,1935
9777,2710
9777,4312
9777,6622
9777,6910
9777,7899
9777,9067
9777,10039
9777,12204
9777,13560
9777,14205
9777,14288
9777,17322
9777,17985
9777,18424
9777,18917
9777,21164
9777,22218
9777,22241
9778,3596
9778,4090
9778,8538
9778,9883
9778,10141
9778,11246
9778,14040
9778,19181
9778,19487
9778,20597
9778,21088
9778,21158
9778,22337
9778,22470
9778,22583
9778,22876
9778,24184
9779,130
9779,1287
9779,1569
9779,4345
9779,5568
9779,5862
9779,8011
9779,10294
9779,10360
9779,10443
9779,11006
9779,12405
9779,13421
9779,15544
9779,16641
9779,18690
9779,19889
9780,8946
9780,12037
9780,12329
9780,12601
9780,17185
9780,21404
9781,281
9781,2523
9781,2716
9781,4262
9781,6700
9781,7146
9781,7166
9781,8351
9781,11023
9781,16441
9781,17148
9781,19077
9781,23282
9782,5123
9782,8922
9782,8202
9782,9334
9782,9935
9782,12940
9782,17532
9782,16176
9782,18809
9782,19113
9782,24712
9783,303
9783,4861
9783,6107
9783,14915
9783,15885
9783,19271
9783,19419
9783,22033
9783,23049
9783,23589
9783,23983
9784,1242
9784,3254
9784,3714
9784,4016
9784,4877
9784,10084
9784,10409
9784,15220
9784,20064
9784,22843
9785,1105
9785,3938
9785,4641
9785,5072
9785,6368
9785,7671
9785,8476
9785,10715
9785,11938
9785,13642
9785,13745
9785,24849
9785,22614
9786,484
9786,725
9786,2924
9786,4570
9786,6097
9786,9050
9786,9145
9786,10944
9786,12732
9786,14901
9786,15570
9786,15789
9786,16168
9786,19690
9786,21707
9786,21777
9786,22245
9786,24271
9786,24531
9787,2690
9787,4737
9787,7023
9787,7331
9787,12975
9787,14988
9787,16511
9787,17940
9787,23079
9787,23206
9788,440
9788,4466
9788,4719
9788,7150
9788,7281
9788,12324
9788,15675
9788,16923
9788,18468
9788,24378
9789,824
9789,936
9789,2281
9789,6497
9789,8303
9789,8799
9789,9196
9789,13956
9789,14403
9789,17827
9789,20472
9789,21653
9789,22872
9789,23199
9789,23594
9790,4427
9790,10194
9790,10282
9790,10563
9790,22848
9791,694
9791,1563
9791,4152
9791,4430
9791,6419
9791,7768
9791,8342
9791,9723
9791,13278
9791,15723
9791,22519
9792,3531
9792,4108
9792,4828
9792,9999
9792,10537
9792,11436
9792,11864
9792,16696
9792,17837
9792,24126
9793,4773
9793,4774
9793,8630
9793,13519
9793,14203
9793,20389
9793,21561
9793,21930
9793,21940
9793,22057
9793,22820
9793,22989
9794,3881
9794,5611
9794,7610
9794,8959
9794,10871
9794,12218
9794,13512
9794,13856
9794,15585
9794,17915
9794,18454
9794,19132
9794,22179
9794,22818
9795,1526
9795,2073
9795,3153
9795,4327
9795,4932
9795,8742
9795,9835
9795,10527
9795,10883
9795,11243
9795,15317
9795,18665
9795,20487
9795,22248
9795,24726
9796,3166
9796,3313
9796,3863
9796,9103
9796,11651
9796,12833
9796,12916
9796,13385
9796,15649
9796,15826
9796,16218
9796,16418
9796,16640
9796,20561
9796,23212
9797,803
9797,804
9797,2629
9797,4942
9797,8160
9797,14252
9797,16985
9797,17506
9797,19108
9797,24112
9798,3399
9798,5815
9798,6297
9798,15249
9798,16374
9798,19606
9798,19719
9798,19793
9798,20136
9798,20745
9798,21704
9798,24222
9799,2377
9799,2524
9799,4306
9799,7782
9799,7872
9799,8102
9799,9368
9799,12147
9799,13276
9799,14278
9799,14523
9799,16382
9799,18253
9799,20154
9799,20473
9800,2691
9800,5736
9800,7328
9800,10317
9800,10405
9800,13072
9800,21108
9800,21472
9800,21861
9800,22331
9801,6200
9801,9105
9801,11356
9801,16481
9801,18191
9801,19514
9801,21767
9802,1844
9802,2423
9802,7148
9802,8048
9802,8682
9802,14504
9802,16067
9802,16280
9802,18922
9802,21359
9803,305
9803,689
9803,2096
9803,3015
9803,3918
9803,4064
9803,4697
9803,5047
9803,5752
9803,5871
9803,10941
9803,11589
9803,13497
9803,17114
9803,18705
9803,19420
9803,19829
9803,20403
9803,20769
9804,4190
9804,8870
9804,8989
9804,8990
9804,9102
9804,9299
9804,9790
9804,12698
9804,12705
9804,12337
9804,15293
9804,18382
9805,261
9805,2570
9805,4157
9805,4241
9805,4554
9805,8263
9805,12338
9805,14869
9805,15208
9805,16662
9805,17317
9805,18559
9805,18984
9805,18985
9805,19870
9805,21610
9805,21634
9806,2551
9806,10183
9806,15260
9806,16077
9806,17653
9807,4949
9807,11409
9807,16626
9807,23733
9807,24167
9807,24395
9807,24405
9807,24574
9807,24579
9807,24744
9808,1594
9808,1948
9808,2784
9808,2786
9808,3267
9808,3367
9808,5863
9808,12901
9808,23563
9808,23898
9810,814
9810,1730
9810,2616
9810,3354
9810,4673
9810,4761
9810,4899
9810,5287
9810,6226
9810,6368
9810,8349
9810,12374
9810,13346
9810,14018
9810,14238
9810,16416
9810,19658
9810,20213
9810,20621
9810,20769
9811,489
9811,3102
9811,3701
9811,3919
9811,4402
9811,9439
9811,10850
9811,11846
9811,12514
9811,16688
9811,20089
9811,21310
9811,23692
9812,5828
9812,9117
9812,9256
9812,9565
9812,9970
9812,11082
9812,15317
9812,15394
9812,16331
9812,21366
9813,2606
9813,2867
9813,4147
9813,4279
9813,10070
9813,11680
9813,13399
9813,13835
9813,15274
9813,24583
9814,129
9814,2590
9814,4036
9814,4146
9814,4348
9814,4417
9814,4834
9814,5357
9814,7525
9814,9482
9814,10245
9814,11034
9814,13211
9814,14263
9814,17438
9814,22646
9814,23971
9815,1452
9815,2672
9815,13569
9815,13906
9815,14461
9815,16081
9815,15639
9815,16824
9815,23537
9816,3907
9816,7711
9816,11290
9816,11291
9816,12816
9816,22752
9816,24400
9816,24413
9816,24502
9816,24505
9816,24748
9816,24764
9817,478
9817,2177
9817,2587
9817,3325
9817,5182
9817,10080
9817,10407
9817,11730
9817,11999
9817,13425
9817,13440
9817,13537
9817,14728
9817,15171
9817,15226
9817,23842
9819,7917
9819,8601
9819,10253
9819,11718
9819,11788
9819,14543
9819,14862
9819,17351
9819,19454
9819,19891
9819,23531
9819,24282
9820,1980
9820,3243
9820,3999
9820,4724
9820,4887
9820,5146
9820,7183
9820,8304
9820,8981
9820,9930
9820,11340
9820,12783
9820,13192
9820,13575
9820,16813
9820,17331
9820,18668
9821,447
9821,772
9821,852
9821,1989
9821,4435
9821,12433
9821,13002
9821,15263
9821,17856
9821,18400
9821,23123
9821,23749
9821,23892
9822,2498
9822,2743
9822,8139
9822,11070
9822,11986
9822,12985
9822,13490
9822,17583
9822,18059
9822,18305
9822,19273
9822,19283
9822,20849
9822,23014
9822,23810
9823,1308
9823,1414
9823,7597
9823,10433
9823,11021
9823,11157
9823,11900
9823,14085
9823,14585
9823,15187
9823,20924
9823,22016
9823,24782
9824,1697
9824,1863
9824,2947
9824,5547
9824,6660
9824,7140
9824,11692
9824,14712
9824,18885
9824,18890
9824,20901
9824,23137
9825,104
9825,721
9825,723
9825,1643
9825,7865
9825,7889
9825,10037
9825,10559
9825,10635
9825,11342
9825,12992
9825,13198
9825,14745
9825,15948
9825,17829
9825,18642
9825,23281
9826,2520
9826,15785
9826,18548
9827,2903
9827,5770
9827,5987
9827,6780
9827,7173
9827,10522
9827,10638
9827,11157
9827,11673
9827,13064
9827,13419
9827,13554
9827,21631
9827,23063
9827,24098
9827,24308
9827,24360
9828,723
9828,2352
9828,8027
9828,11160
9828,11620
9828,13833
9828,15846
9828,16803
9828,20859
9828,21106
9829,3436
9829,4954
9829,8533
9829,9238
9829,10063
9829,10385
9829,10600
9829,10666
9829,12200
9829,12216
9829,13212
9829,13261
9829,16286
9829,18244
9829,20462
9829,21052
9829,23073
9830,3336
9830,10921
9830,10995
9830,11800
9830,13293
9830,13294
9830,13316
9830,13334
9830,16230
9830,16972
9830,17138
9830,18275
9830,21947
9831,417
9831,748
9831,1139
9831,1906
9831,4455
9831,4606
9831,6054
9831,8072
9831,12896
9831,15836
9831,17638
9831,19704
9831,19862
9831,21548
9831,21650
9831,22222
9831,23274
9832,1386
9832,6446
9832,8078
9832,10984
9832,12082
9832,12683
9832,14151
9832,14460
9832,16493
9832,16775
9832,23060
9832,23488
9832,23572
9832,23702
9832,23859
9832,23967
9833,253
9833,663
9833,1062
9833,1150
9833,1550
9833,1910
9833,2027
9833,6200
9833,6341
9833,10654
9833,12825
9833,15405
9833,17733
9833,17812
9833,20323
9833,20798
9833,22428
9833,23128
9834,51
9834,1004
9834,3106
9834,8289
9834,10068
9834,10307
9834,11999
9834,14981
9834,15382
9834,18715
9834,22876
9834,23045
9834,23250
9834,24534
9835,2515
9835,10836
9835,15817
9835,21378
9835,21719
9835,22671
9835,22954
9835,23625
9836,250
9836,1070
9836,1301
9836,5740
9836,10862
9836,11504
9836,12227
9836,15238
9836,15302
9837,762
9839,2412
9839,2929
9839,4494
9839,7633
9839,12692
9839,12377
9839,12423
9839,12441
9839,14393
9839,15498
9839,17543
9839,19400
9839,22520
9839,23724
9839,23734
9839,24067
9839,24796
9840,30
9840,1016
9840,3381
9840,4492
9840,5048
9840,5464
9840,5732
9840,6551
9840,7452
9840,9936
9840,11516
9840,12242
9840,12725
9840,14392
9840,15171
9840,16273
9840,19042
9841,1629
9841,3600
9841,6602
9841,6947
9841,7594
9841,12827
9841,15089
9841,17778
9841,18246
9841,21479
9841,23158
9841,24341
9841,24428
9842,2763
9842,3551
9842,4270
9842,4666
9842,5114
9842,5907
9842,7497
9842,11337
9842,12404
9842,13843
9842,17425
9842,18439
9842,18459
9842,23476
9843,1334
9843,1391
9843,4015
9843,5644
9843,6064
9843,6248
9843,6311
9843,7501
9843,8679
9843,10229
9843,10990
9843,12319
9843,13388
9843,14402
9843,14797
9843,16028
9843,16039
9844,455
9844,2710
9844,4897
9844,5523
9844,6152
9844,7576
9844,7842
9844,11426
9844,12139
9844,12802
9844,14009
9844,14980
9844,16680
9844,16782
9844,18031
9844,20536
9844,21033
9844,21575
9845,2021
9845,2957
9845,3469
9845,5700
9845,8034
9845,9598
9845,10211
9845,10247
9845,11961
9845,17952
9845,20985
9846,623
9846,1828
9846,2240
9846,4781
9846,15568
9846,16075
9846,18054
9846,20400
9846,20516
9846,23824
9847,4836
9847,5695
9847,6499
9847,9874
9847,11123
9847,11374
9847,11938
9847,12247
9847,15965
9847,16252
9847,21932
9847,22120
9847,24658
9848,1965
9848,5314
9848,7831
9848,8609
9848,13361
9848,14090
9848,14286
9848,14845
9848,18111
9848,18741
9848,18861
9848,19541
9848,21311
9848,21559
9848,22230
9848,22290
9848,24465
9849,2837
9849,2977
9849,3668
9849,7003
9849,7060
9849,8930
9849,8981
9849,12016
9849,12973
9849,16201
9849,16419
9849,17226
9849,17614
9849,20188
9849,22099
9849,23922
9850,2132
9850,3426
9850,7048
9850,10577
9850,16300
9850,20249
9850,20275
9850,20279
9850,21109
9850,23219
9851,14633
9851,16573
9851,18565
9851,21122
9852,311
9852,1449
9852,4736
9852,7657
9852,8671
9852,12572
9852,14009
9852,16618
9852,20229
9852,21236
9853,1010
9853,1191
9853,2406
9853,4982
9853,8027
9853,9516
9853,9721
9853,10120
9853,10635
9853,11276
9853,11767
9853,14445
9853,14930
9853,15602
9853,17641
9853,18341
9853,21983
9854,182
9854,494
9854,5688
9854,5856
9854,11265
9854,12903
9854,14305
9854,15842
9854,16379
9854,16702
9854,18030
9854,18976
9854,19200
9854,19471
9854,20256
9854,20478
9854,21853
9854,23171
9854,23339
9855,139
9855,1289
9855,2108
9855,3911
9855,4988
9855,5184
9855,5810
9855,6368
9855,7703
9855,8719
9855,9577
9855,10025
9855,12304
9855,14894
9855,15853
9855,15922
9855,16426
9855,16955
9855,17678
9855,19436
9856,3127
9856,4074
9856,5781
9856,7232
9856,7423
9856,7848
9856,8390
9856,10189
9856,14909
9856,17430
9856,17741
9856,17992
9856,21856
9856,22607
9856,23562
9857,9495
9857,16115
9857,24762
9858,1016
9858,1702
9858,2387
9858,3441
9858,3577
9858,3880
9858,4351
9858,8548
9858,11234
9858,11722
9858,17828
9858,17948
9858,18006
9858,19023
9858,19882
9858,20695
9858,20914
9858,22004
9859,2560
9859,2615
9859,7873
9859,9387
9859,11960
9859,15100
9859,18969
9859,20688
9859,23667
9860,525
9860,4513
9860,6173
9860,7157
9860,8213
9860,10131
9860,10928
9860,10948
9860,11794
9860,13505
9860,16784
9860,20005
9860,22065
9860,22515
9860,22833
9861,2163
9861,3573
9861,6645
9861,12438
9861,15946
9861,15976
9861,17153
9862,1684
9862,3129
9862,3354
9862,7207
9862,9002
9862,11441
9862,12834
9862,15385
9862,15932
9862,16033
9862,20706
9862,20987
9862,22494
9863,2121
9863,2177
9863,2444
9863,2821
9863,5668
9863,7001
9863,11112
9863,13537
9863,13930
9863,15544
9863,18004
9863,21003
9863,22226
9864,2371
9864,3665
9864,7341
9864,8139
9864,9197
9864,10828
9864,14922
9864,15671
9864,16480
9864,17405
9864,17493
9864,18052
9864,18298
9864,18966
9864,19215
9864,19224
9865,154
9865,9879
9865,10693
9865,12005
9865,12079
9865,12286
9865,12351
9865,18387
9865,24850
9865,18624
9865,20557
9865,21433
9865,21981
9865,22148
9865,24241
9865,24302
9866,1425
9866,2547
9866,3406
9866,3953
9866,4460
9866,4490
9866,6114
9866,8825
9866,9965
9866,10569
9866,10638
9866,16865
9866,21013
9867,1291
9867,6006
9867,8417
9867,9869
9867,10060
9867,13275
9867,13495
9867,15086
9867,19162
9867,24403
9867,24580
9868,6630
9868,9361
9868,9704
9868,10980
9868,12273
9868,12167
9868,13486
9868,16425
9868,19094
9868,19252
9868,20989
9868,21391
9868,21515
9868,22562
9869,217
9869,890
9869,1562
9869,6759
9869,7958
9869,8513
9869,8517
9869,14070
9869,15485
9869,18316
9870,1938
9870,2550
9870,7285
9870,7472
9870,7652
9870,8690
9870,15316
9870,15577
9870,17905
9870,20582
9870,21870
9870,24767
9870,24829
9871,924
9871,1244
9871,2139
9871,2710
9871,3286
9871,5388
9871,5787
9871,9604
9871,13768
9871,15620
9871,15849
9871,17165
9871,17579
9871,19002
9871,21190
9871,22038
9871,23052
9871,23740
9872,335
9872,1079
9872,1501
9872,2128
9872,3692
9872,5327
9872,6637
9872,6847
9872,6947
9872,7389
9872,8333
9872,9055
9872,14600
9872,24025
9873,65
9873,3591
9873,9076
9873,9888
9873,10776
9873,12024
9873,12646
9873,13003
9873,13135
9873,15058
9873,15908
9873,17121
9873,18277
9873,19796
9873,22966
9873,23416
9873,23509
9873,23629
9874,4679
9874,7764
9874,9458
9874,12407
9874,14428
9874,14700
9874,16484
9874,22582
9874,24168
9874,24450
9874,24539
9875,1985
9875,4094
9875,4306
9875,6104
9875,8941
9875,11479
9875,14631
9875,14906
9875,20471
9875,20694
9875,21163
9875,21699
9875,22633
9875,22801
9875,22842
9876,230
9876,3318
9876,4456
9876,5636
9876,11406
9876,13414
9876,16140
9876,17005
9876,18781
9876,23452
9876,24433
9877,1152
9877,4301
9877,5940
9877,7273
9877,9505
9877,16196
9877,22221
9877,23201
9877,24665
9877,24783
9878,166
9878,436
9878,9162
9878,19470
9878,22269
9878,22981
9879,2508
9879,4622
9879,4657
9879,7525
9879,8890
9879,9078
9879,9599
9879,11813
9879,15835
9879,15853
9879,18259
9879,21546
9879,23084
9880,326
9880,1387
9880,1864
9880,1946
9880,4161
9880,4744
9880,6981
9880,7044
9880,9044
9880,11772
9880,12071
9880,15851
9880,17168
9880,18397
9880,19733
9880,19898
9880,20584
9880,22150
9881,1191
9881,3250
9881,5346
9881,6991
9881,10079
9881,11583
9881,11808
9881,13472
9881,14228
9881,14652
9881,15441
9881,17354
9881,17984
9881,21187
9881,22086
9881,22509
9882,3404
9882,4485
9882,4971
9882,13784
9882,14226
9882,15595
9882,17427
9882,18146
9882,22565
9882,24231
9883,837
9883,4458
9883,4672
9883,6135
9883,12198
9883,14648
9883,15476
9883,17078
9883,17623
9883,19756
9883,20924
9883,22168
9883,23478
9883,23906
9884,2890
9884,3993
9884,4050
9884,5052
9884,5731
9884,6624
9884,11277
9884,14960
9884,15351
9884,15381
9884,16477
9884,16737
9884,16904
9884,17937
9884,20837
9884,22393
9885,6690
9886,859
9886,3704
9886,8563
9886,10302
9886,11646
9886,13921
9886,15439
9886,19057
9886,19921
9886,22158
9887,967
9887,3321
9887,3500
9887,7356
9887,7689
9887,9257
9887,11260
9887,12346
9887,12832
9887,12983
9887,16224
9887,19101
9887,21508
9887,21567
9887,22421
9887,22833
9888,928
9888,4608
9888,5918
9888,8848
9888,10642
9888,11110
9888,14397
9888,14824
9888,16728
9888,19978
9888,20683
9888,21037
9888,22589
9888,22786
9889,10178
9889,11408
9889,12038
9889,17185
9889,20808
9890,792
9890,3160
9890,4168
9890,7002
9890,8303
9890,10294
9890,11096
9890,11557
9890,13950
9890,14178
9890,14537
9890,14939
9890,15059
9890,17432
9890,20312
9890,22950
9891,4158
9891,6142
9891,11383
9891,14267
9891,16556
9891,17495
9891,17894
9891,17919
9891,18707
9891,18725
9891,20951
9891,21640
9891,24034
9892,796
9892,2617
9892,8090
9892,9184
9892,12376
9892,13429
9892,13546
9892,14133
9892,18427
9892,20292
9892,22028
9892,22203
9892,22206
9892,22301
9892,22909
9892,23331
9893,655
9893,2632
9893,3392
9893,5777
9893,6226
9893,7702
9893,8581
9893,9985
9893,11543
9893,13339
9893,13922
9893,16458
9893,16956
9893,19154
9893,19747
9893,20508
9893,20864
9893,22606
9894,1432
9894,6074
9894,9770
9894,10766
9894,11781
9894,14570
9894,15219
9894,15745
9894,18399
9894,18731
9894,18889
9894,19696
9894,19910
9894,20392
9894,21341
9895,954
9895,1390
9895,3606
9895,4373
9895,6027
9895,8730
9895,10855
9895,11066
9895,11229
9895,11369
9895,14061
9895,18753
9895,20055
9895,20061
9895,21761
9895,22447
9895,22571
9895,23477
9896,2832
9896,4546
9896,5246
9896,5648
9896,6877
9896,7515
9896,10456
9896,13625
9896,17866
9896,23532
9897,2652
9897,3119
9897,3354
9897,4045
9897,4370
9897,4382
9897,5636
9897,6441
9897,7006
9897,7624
9897,8916
9897,9220
9897,11091
9897,11905
9897,12173
9897,12849
9897,13027
9897,14192
9898,3402
9898,3897
9898,7162
9898,11713
9898,11727
9898,12890
9898,15989
9898,16210
9898,17216
9898,22479
9899,33
9899,397
9899,4432
9899,10062
9899,11485
9899,11780
9899,20564
9899,21290
9899,22479
9899,23932
9900,172
9900,880
9900,1363
9900,1953
9900,5057
9900,5073
9900,5707
9900,6268
9900,7381
9900,10362
9900,11359
9900,13274
9900,13744
9900,14044
9900,22141
9901,120
9901,4675
9901,14857
9901,15432
9901,18377
9901,18474
9901,19568
9901,19633
9901,21429
9901,24661
9902,763
9902,1201
9902,5003
9902,5618
9902,9881
9902,11521
9902,12320
9902,18928
9902,18929
9902,20062
9902,20633
9902,20814
9902,20826
9902,21492
9902,24795
9903,260
9903,378
9903,3028
9903,5719
9903,12111
9903,12965
9903,14739
9903,15883
9903,19713
9903,20269
9903,23155
9903,23294
9904,1525
9904,2303
9904,3285
9904,6631
9904,8980
9904,10353
9904,10911
9904,11352
9904,11778
9904,12648
9904,13145
9904,14527
9904,15172
9904,17422
9904,19971
9904,22573
9904,24658
9905,723
9905,1488
9905,2324
9905,3004
9905,3095
9905,4181
9905,4352
9905,8208
9905,9008
9905,10355
9905,10412
9905,12556
9905,12604
9905,12828
9905,17766
9905,18330
9905,19610
9905,19665
9906,8430
9906,10295
9906,13687
9906,14221
9906,14339
9906,15548
9906,17126
9906,17133
9906,19555
9906,20443
9906,24076
9906,24193
9906,24606
9907,4464
9907,8855
9907,12572
9907,14145
9907,14628
9907,18047
9907,18267
9907,18453
9907,18677
9907,21782
9907,23985
9908,2395
9908,2781
9908,4078
9908,12594
9908,12753
9908,14256
9908,19409
9908,24141
9908,24402
9909,1661
9909,2576
9909,2881
9909,7303
9909,7536
9909,8791
9909,9440
9909,12756
9909,12966
9909,14097
9909,14117
9909,19734
9909,21244
9909,24018
9909,24721
9910,996
9910,3846
9910,3857
9910,4962
9910,6045
9910,6143
9910,7399
9910,12158
9910,13817
9910,14243
9910,14496
9910,16426
9910,16729
9911,2536
9911,2960
9911,4136
9911,7267
9911,8170
9911,9629
9911,10536
9911,13245
9911,14247
9911,17988
9911,19322
9911,24140
9912,1182
9912,1224
9912,4265
9912,7214
9912,8783
9912,10681
9912,10735
9912,12963
9912,13393
9912,15480
9912,16388
9912,16394
9912,18936
9912,19468
9912,19475
9912,20101
9912,22461
9912,23213
9913,1960
9913,5207
9913,9285
9913,11448
9913,11774
9913,11972
9913,14344
9913,17243
9913,19279
9913,20672
9913,21908
9913,22478
9913,24134
9914,1681
9914,3344
9914,4033
9914,8729
9914,9062
9914,9710
9914,13160
9914,13592
9914,14602
9914,15649
9914,16218
9914,16596
9914,22055
9914,22433
9915,1840
9915,4583
9915,8855
9915,14625
9915,15465
9915,17537
9915,17314
9915,18467
9915,19278
9915,23593
9916,1312
9916,5268
9916,7967
9916,8508
9916,14913
9916,18178
9916,19913
9916,20274
9916,23777
9916,24262
9917,540
9917,2710
9917,2728
9917,2848
9917,4374
9917,8452
9917,9660
9917,9902
9917,10092
9917,12060
9917,12169
9917,12625
9917,12734
9917,12834
9917,13058
9917,13309
9917,18490
9917,19382
9917,19897
9918,907
9918,3441
9918,4018
9918,4175
9918,6267
9918,6527
9918,8015
9918,8594
9918,10068
9918,11245
9918,18631
9918,18718
9918,19249
9918,19874
9919,11679
9919,16263
9919,17341
9920,38
9920,622
9920,670
9920,1701
9920,2147
9920,3905
9920,4021
9920,4578
9920,6003
9920,6054
9920,6550
9920,7100
9920,7244
9920,7986
9920,9744
9920,13806
9920,16436
9920,18593
9921,427
9921,1785
9921,4934
9921,5077
9921,6164
9921,8370
9921,8865
9921,9149
9921,12793
9921,14046
9921,14527
9921,17179
9921,17945
9921,18630
9921,18757
9921,23653
9922,3123
9922,4222
9922,4531
9922,10561
9922,13268
9922,13978
9922,14674
9922,17617
9922,22492
9922,23981
9923,13929
9923,14780
9923,15313
9923,17899
9923,17900
9923,17901
9923,23526
9924,70
9924,1522
9924,2012
9924,2777
9924,5470
9924,6143
9924,7275
9924,9341
9924,9577
9924,10233
9924,11868
9924,12187
9924,13059
9924,13416
9924,15536
9925,1724
9925,2091
9925,2799
9925,7132
9925,7239
9925,10467
9925,10975
9925,12360
9925,14319
9925,19069
9926,5209
9926,7429
9926,13886
9926,13887
9926,16093
9926,17256
9926,20072
9926,20827
9927,1341
9927,1584
9927,2183
9927,4942
9927,5053
9927,7702
9927,8992
9927,9424
9927,9604
9927,10663
9927,11115
9927,11762
9927,13141
9927,13177
9927,13950
9927,14130
9927,15786
9927,18817
9927,20141
9928,64
9928,882
9928,5049
9928,8264
9928,14333
9928,15984
9928,16308
9928,19551
9928,21123
9928,22751
9928,23891
9929,7
9929,82
9929,408
9929,2169
9929,3365
9929,6150
9929,7130
9929,7731
9929,8344
9929,9169
9929,14907
9929,18301
9929,19560
9929,20277
9929,20799
9929,20821
9929,21040
9929,21056
9930,2205
9930,3249
9930,3753
9930,5255
9930,5553
9930,6732
9930,8014
9930,9615
9930,11859
9930,13487
9930,15911
9930,16772
9930,17517
9930,18702
9930,19705
9930,22689
9930,24114
9931,5531
9931,6222
9931,11866
9931,12683
9931,12768
9931,14573
9931,16156
9931,18351
9931,18626
9931,20429
9931,20533
9931,21878
9931,24787
9932,869
9932,4684
9932,7687
9932,8041
9932,9042
9932,9466
9932,10045
9932,10238
9932,10419
9932,10539
9932,10756
9932,17853
9932,19926
9932,23129
9932,23292
9932,23499
9933,1250
9933,1496
9933,1748
9933,2199
9933,3670
9933,3984
9933,4121
9933,7702
9933,8338
9933,10217
9933,11762
9933,12074
9933,13141
9933,13373
9933,16212
9933,16288
9933,17236
9933,24456
9934,1763
9934,2938
9934,3761
9934,4361
9934,5612
9934,7045
9934,7198
9934,9277
9934,10049
9934,10168
9934,10641
9934,10894
9934,12242
9934,13101
9934,14044
9934,19882
9934,23222
9934,24164
9934,24311
9935,4572
9936,729
9936,1660
9936,3089
9936,5093
9936,9613
9936,11471
9936,18762
9936,18932
9936,19072
9936,19129
9936,21366
9936,22227
9936,22645
9936,23716
9937,1807
9937,2977
9937,6160
9937,7630
9937,9828
9937,11767
9937,13078
9937,14705
9937,21609
9937,22045
9937,23657
9937,24182
9938,149
9938,481
9938,2229
9938,2710
9938,2895
9938,8028
9938,11601
9938,12063
9938,12802
9938,16016
9938,16570
9938,17646
9938,17661
9938,17808
9938,18137
9938,18314
9938,18342
9938,19384
9938,22688
9938,24097
9939,2510
9939,2876
9939,6258
9939,6767
9939,10687
9939,11257
9939,12770
9939,14660
9939,16112
9939,17345
9939,21918
9939,22187
9939,23929
9939,24236
9940,108
9940,2547
9940,4490
9940,5745
9940,6978
9940,6979
9940,7295
9940,8792
9940,10087
9940,11000
9940,16188
9940,16589
9940,22199
9940,22272
9941,114
9941,1248
9941,3737
9941,3783
9941,4290
9941,4820
9941,7833
9941,9517
9941,11450
9941,15552
9941,15605
9941,24095
9942,2540
9942,3511
9942,7350
9942,7855
9942,10089
9942,10163
9942,12678
9942,14830
9942,22978
9942,22979
9943,991
9943,2991
9943,4421
9943,11590
9943,12843
9943,14719
9943,15736
9943,17581
9943,17621
9943,18687
9944,451
9944,969
9944,4534
9944,6504
9944,7635
9944,8677
9944,8740
9944,14741
9944,15809
9944,17140
9944,17346
9944,22208
9944,22366
9944,24336
9945,7755
9945,11312
9947,2077
9947,3683
9947,5042
9947,5087
9947,5111
9947,5734
9947,9509
9947,11366
9947,11437
9947,11519
9947,11588
9947,11820
9947,11914
9947,16361
9947,16790
9947,18824
9947,20011
9948,840
9948,3903
9948,4214
9948,5388
9948,10412
9948,12834
9948,12851
9948,13177
9948,15480
9948,16956
9948,17284
9948,19610
9948,22494
9948,24048
9949,1951
9949,3706
9949,6310
9949,6437
9949,7039
9949,7457
9949,8905
9949,9727
9949,10262
9949,10744
9949,18049
9949,18143
9949,18654
9949,22472
9949,22605
9949,23077
9950,388
9950,1821
9950,3129
9950,3991
9950,4106
9950,5918
9950,7000
9950,10661
9950,13309
9950,13844
9950,14417
9950,17167
9950,18330
9950,19609
9950,20854
9950,23064
9950,23842
9951,961
9951,1414
9951,4998
9951,5552
9951,6258
9951,6399
9951,8525
9951,9254
9951,12577
9951,13838
9951,15048
9951,16415
9951,17263
9951,18344
9951,22749
9951,23902
9952,910
9952,2680
9952,2710
9952,3492
9952,4171
9952,4206
9952,6721
9952,8351
9952,8865
9952,9126
9952,10440
9952,10443
9952,11151
9952,11395
9952,12802
9952,13641
9952,14187
9952,15075
9953,430
9953,758
9953,1770
9953,2343
9953,2698
9953,3967
9953,4777
9953,24843
9953,7895
9953,8312
9953,8373
9953,10359
9953,12575
9953,14866
9953,15735
9953,16364
9954,542
9954,1462
9954,1779
9954,1869
9954,6093
9954,7660
9954,8162
9954,15270
9954,16297
9954,16584
9955,340
9955,17310
9955,18549
9955,19519
9955,21483
9955,21633
9956,304
9956,1346
9956,1756
9956,5206
9956,6513
9956,9089
9956,14560
9956,14653
9956,23050
9956,23135
9957,746
9957,2213
9957,5387
9957,7608
9957,7615
9957,10382
9957,11010
9957,11199
9957,13669
9957,16736
9957,17945
9957,18451
9957,22047
9957,23654
9958,525
9958,5332
9958,5996
9958,10656
9958,12178
9958,12180
9958,16862
9958,17407
9958,21471
9958,24291
9959,2234
9959,3541
9959,3341
9959,5170
9959,4889
9959,7993
9959,8054
9959,9367
9959,14487
9959,14851
9959,16368
9959,23362
9960,4744
9960,9237
9960,9389
9960,10125
9960,11864
9960,15055
9960,15204
9960,20518
9960,22450
9960,22636
9961,602
9961,4395
9961,4585
9961,10297
9961,13194
9961,16055
9961,17233
9961,17438
9961,17724
9961,17748
9961,18430
9962,1188
9962,6106
9962,7273
9962,7702
9962,8996
9962,9502
9962,9656
9962,11287
9962,11707
9962,11767
9962,15069
9962,16325
9962,16448
9962,17193
9962,18911
9962,19808
9963,558
9963,560
9963,561
9963,1850
9963,6895
9963,7834
9963,9779
9963,14701
9963,18123
9963,20391
9963,20770
9963,22887
9963,24595
9964,987
9964,1754
9964,4832
9964,6594
9964,6994
9964,7445
9964,7971
9964,13473
9964,15766
9964,22940
9965,546
9965,3574
9965,6891
9965,9772
9965,16166
9965,16877
9965,21581
9965,23285
9965,23386
9965,24176
9966,3070
9966,4841
9966,12279
9966,13672
9966,14953
9966,17873
9966,18094
9966,19185
9966,19329
9966,19374
9966,22076
9966,22373
9966,24819
9967,6480
9967,17471
9967,22460
9968,5529
9968,7851
9968,10278
9968,11370
9968,11803
9968,11999
9968,17084
9968,20129
9968,23082
9968,23105
9968,23473
9968,24320
9969,2078
9969,5151
9969,5775
9969,5804
9969,5820
9969,8042
9969,8655
9969,11439
9969,11693
9969,11733
9969,11809
9969,12151
9969,13401
9969,14512
9969,22616
9969,23336
9969,24685
9970,2727
9970,5408
9970,6756
9970,6843
9970,7754
9970,12288
9970,15586
9970,16031
9970,18371
9970,19509
9970,21048
9970,21446
9971,503
9971,3031
9971,5334
9971,7069
9971,7390
9971,8271
9971,9082
9971,9130
9971,11042
9971,13436
9971,13869
9971,13921
9971,17991
9971,18797
9971,19044
9971,23113
9972,9697
9972,16948
9972,19351
9972,22561
9972,22719
9972,22778
9972,22923
9973,943
9973,2992
9973,10347
9973,11437
9973,13979
9973,15994
9973,18795
9973,19578
9973,20362
9973,20916
9973,21232
9974,228
9974,1104
9974,2488
9974,9023
9974,9865
9974,10486
9974,12799
9974,15321
9974,17323
9974,21897
9975,40
9975,357
9975,658
9975,1177
9975,4532
9975,13248
9975,15192
9975,15272
9975,15273
9975,18690
9975,21775
9975,21910
9975,24251
9976,638
9976,1637
9976,5445
9976,5493
9976,7134
9976,8229
9976,9839
9976,11255
9976,11339
9976,14751
9976,16973
9976,20949
9977,1095
9977,2051
9977,6186
9977,9354
9977,11685
9977,14833
9977,16706
9977,17155
9977,18273
9977,20194
9978,229
9978,924
9978,3211
9978,6267
9978,9510
9978,10399
9978,10693
9978,14357
9978,19184
9978,21818
9979,1351
9979,4815
9979,8048
9979,8479
9979,9311
9979,16281
9979,16882
9979,19109
9979,19588
9979,21014
9979,21181
9979,22133
9980,1270
9980,1466
9980,1560
9980,4382
9980,5960
9980,7273
9980,11151
9980,13161
9980,13801
9980,13983
9980,14136
9980,14449
9980,17662
9980,19001
9980,19533
9980,19727
9980,22260
9980,22945
9981,199
9981,229
9981,5558
9981,5940
9981,8347
9981,9559
9981,10081
9981,10977
9981,11751
9981,15013
9981,15048
9981,24849
9981,21698
9981,22423
9981,22899
9982,3773
9982,6883
9982,15601
9982,17681
9982,19182
9982,20654
9982,24426
9983,597
9983,2541
9983,6684
9983,7234
9983,10053
9983,10979
9983,11509
9983,11898
9983,13531
9983,16388
9984,746
9984,2209
9984,2309
9984,9799
9984,11203
9984,11233
9984,11264
9984,12273
9984,14125
9984,16191
9984,16602
9984,19796
9984,19996
9984,20146
9984,20987
9984,22586
9984,23230
9985,154
9985,1015
9985,2287
9985,2847
9985,3593
9985,3711
9985,3811
9985,4328
9985,5529
9985,7515
9985,9642
9985,10185
9985,12636
9985,14797
9985,16387
9985,17017
9985,17374
9985,20493
9986,3763
9986,6083
9986,6320
9986,6765
9986,10207
9986,10793
9986,12282
9986,12302
9986,14426
9986,14597
9986,15078
9986,15488
9986,15739
9986,16940
9986,17882
9986,18960
9986,18799
9987,568
9987,718
9987,1646
9987,4699
9987,7361
9987,9284
9987,14345
9987,15048
9987,18127
9987,21191
9987,21192
9988,1996
9988,8677
9988,10130
9988,10682
9988,11236
9988,16006
9988,19598
9988,21185
9988,22470
9988,22812
9988,23772
9988,23842
9988,24025
9989,1092
9989,2232
9989,2518
9989,3321
9989,3739
9989,5839
9989,8160
9989,9051
9989,13761
9989,15801
9989,15893
9989,16610
9989,18065
9989,23169
9989,23551
9989,23646
9989,23829
9989,24703
9990,163
9990,2554
9990,7379
9990,13428
9990,14918
9990,16307
9990,17034
9990,18546
9990,19942
9990,22732
9991,2059
9991,2246
9991,2923
9991,4898
9991,11565
9991,15146
9991,15292
9991,16286
9991,16287
9991,16360
9991,16828
9991,19143
9991,22364
9991,24770
9992,92
9992,1153
9992,2457
9992,2618
9992,3541
9992,6233
9992,7450
9992,8928
9992,13142
9992,21161
9993,1409
9993,2871
9993,2996
9993,3297
9993,3510
9993,7350
9993,8676
9993,17020
9993,22533
9993,23438
9994,1509
9994,7720
9994,7932
9994,9400
9994,18524
9994,19140
9994,20197
9994,20639
9994,23425
9994,24132
9995,974
9995,1749
9995,2782
9995,2949
9995,3063
9995,3506
9995,4532
9995,6454
9995,7500
9995,10729
9995,10878
9995,11441
9995,11494
9995,11816
9995,12065
9995,13177
9995,13184
9995,13742
9995,14153
9996,186
9996,2154
9996,2940
9996,3813
9996,5076
9996,5220
9996,5382
9996,8352
9996,10349
9996,10464
9996,10526
9996,10547
9996,11259
9996,12552
9996,14355
9996,16170
9996,16303
9997,3383
9997,6711
9997,7173
9997,10433
9997,11457
9997,13107
9997,13371
9997,14914
9997,15245
9997,16416
9997,16693
9997,16842
9997,18786
9997,18833
9997,20801
9997,20957
9997,21071
9997,22082
9998,331
9998,8189
9998,22908
9999,271
9999,885
9999,2248
9999,4075
9999,4106
9999,4204
9999,4518
9999,7576
9999,7634
9999,13111
9999,15849
9999,17716
9999,18438
9999,22132
9999,23119
10000,1515
10000,2993
10000,3454
10000,7998
10000,9483
10000,10952
10000,11423
10000,11681
10000,17064
10000,17616
10000,18688
10000,23520
10001,1665
10001,4844
10001,5219
10001,5221
10001,6222
10001,6408
10001,8418
10001,9896
10001,10008
10001,16622
10001,17649
10001,21358
10001,23310
10002,156
10002,2321
10002,12314
10002,15162
10002,16386
10002,17777
10002,18541
10002,21203
10002,21218
10002,21337
10002,24619
10003,6672
10003,7179
10003,14987
10003,24301
10004,704
10004,1976
10004,3541
10005,691
10005,1221
10005,3656
10005,3659
10005,6699
10005,7087
10005,9160
10005,9402
10005,10316
10005,11571
10005,12918
10005,12983
10005,13935
10005,14537
10005,16441
10005,16787
10005,21041
10005,22010
10005,23960
10006,1546
10006,1820
10006,4868
10006,5960
10006,9306
10006,9970
10006,10107
10006,10223
10006,10774
10006,11905
10006,14057
10006,15742
10006,15990
10006,16782
10006,18314
10006,19819
10006,20987
10006,23328
10006,24736
10007,1278
10007,1673
10007,1946
10007,2927
10007,5200
10007,7089
10007,7899
10007,8873
10007,9318
10007,9834
10007,10055
10007,12454
10007,14696
10007,14885
10007,23952
10007,24249
10007,24294
10008,1619
10008,5782
10008,8063
10008,9655
10008,10788
10008,11504
10008,13008
10008,20189
10008,20936
10008,21121
10009,2323
10009,2888
10009,6449
10009,9301
10009,9789
10009,10905
10009,11766
10009,11833
10009,12395
10009,12531
10009,14326
10009,15646
10009,17609
10009,17970
10009,20008
10009,20422
10010,1929
10010,3129
10010,7200
10010,7326
10010,8779
10010,10593
10010,10723
10010,13818
10010,15076
10010,16452
10010,20191
10010,21101
10010,21258
10010,22833
10011,1399
10011,7034
10011,10333
10011,10356
10011,10465
10011,12666
10011,16954
10011,18776
10011,19924
10011,20878
10011,20885
10011,23472
10012,4628
10012,5654
10012,7997
10012,8491
10012,9130
10012,10537
10012,15764
10012,16670
10012,16696
10012,17837
10012,20016
10013,1110
10013,1686
10013,1775
10013,2476
10013,8431
10013,12112
10013,13145
10013,17408
10013,20545
10013,22081
10013,23217
10014,3612
10014,5827
10014,6641
10014,8151
10014,12864
10014,16916
10014,20176
10014,21253
10014,22703
10014,22777
10015,2001
10015,5959
10015,7205
10015,7805
10015,8003
10015,8078
10015,11513
10015,16612
10015,19689
10015,20315
10015,22651
10015,22998
10015,23139
10015,23304
10016,159
10016,1810
10016,2998
10016,3086
10016,3529
10016,3792
10016,4486
10016,8011
10016,14198
10016,15495
10016,15868
10016,17196
10016,19792
10016,21519
10016,22396
10016,22960
10017,93
10017,807
10017,1324
10017,4798
10017,5628
10017,6300
10017,14054
10017,15433
10017,19526
10017,20607
10017,22510
10018,1317
10018,3766
10018,9261
10018,10031
10018,10144
10018,12281
10018,14802
10018,15449
10018,19528
10018,20404
10019,2777
10019,5636
10019,9659
10019,11393
10019,12242
10019,12849
10019,13801
10019,15132
10019,17214
10019,17705
10019,18718
10019,19844
10019,21274
10019,22303
10020,1251
10020,2844
10020,3603
10020,6893
10020,7025
10020,7042
10020,9214
10020,9606
10020,12133
10020,12634
10020,13937
10020,16520
10020,23924
10021,428
10021,5294
10021,11320
10021,11898
10021,15126
10021,15461
10021,16843
10021,16917
10021,23202
10021,23249
10021,24205
10022,585
10022,1926
10022,3826
10022,5245
10022,5955
10022,9205
10022,9695
10022,10631
10022,11160
10022,12186
10022,12641
10022,14274
10022,19232
10022,22325
10023,1920
10023,2327
10023,2539
10023,6254
10023,6264
10023,8545
10023,9010
10023,9455
10023,9456
10023,9722
10023,11347
10023,21739
10023,23694
10023,24375
10023,24442
10023,24538
10023,24743
10024,1527
10024,3751
10024,4373
10024,7698
10024,9177
10024,10533
10024,11600
10024,11991
10024,21365
10024,21593
10024,24661
10025,2070
10025,2408
10025,5239
10025,6262
10025,12137
10025,13514
10025,13905
10025,14549
10025,14851
10025,24079
10026,3451
10026,5883
10026,9841
10026,10152
10026,10819
10026,17538
10026,18471
10026,22597
10026,23784
10026,23984
10027,3526
10027,6106
10027,6412
10027,6420
10027,10377
10027,11544
10027,15594
10027,16802
10027,16862
10027,20144
10027,21957
10027,23989
10027,24439
10028,3636
10028,5734
10028,8747
10028,9326
10028,9327
10028,10089
10028,10481
10028,17853
10028,20362
10028,22255
10029,263
10029,601
10029,765
10029,3931
10029,4784
10029,5333
10029,9672
10029,9759
10029,9761
10029,9762
10030,1323
10030,3136
10030,5713
10030,5848
10030,8011
10030,10294
10030,10895
10030,15054
10030,15570
10030,20127
10030,20248
10030,21288
10030,23464
10031,10476
10031,11634
10031,12456
10031,14508
10031,14904
10031,17576
10032,5598
10032,7073
10032,7856
10032,11698
10032,13543
10032,17304
10032,17350
10032,18804
10032,20593
10032,21107
10033,803
10033,1190
10033,2790
10033,2889
10033,4306
10033,6464
10033,7336
10033,7893
10033,10332
10033,10776
10033,11751
10033,11800
10033,13184
10033,21456
10033,21479
10034,7704
10034,7752
10034,9186
10034,17551
10034,18118
10034,20370
10034,20558
10034,21227
10034,21958
10034,24430
10035,716
10035,3385
10035,3817
10035,4661
10035,5256
10035,5717
10035,6531
10035,7252
10035,8557
10035,9596
10035,10441
10035,12502
10035,18847
10035,18921
10035,19667
10035,21724
10035,22277
10036,2053
10036,4932
10036,8745
10036,11018
10036,11445
10036,13724
10036,15136
10036,17181
10036,18956
10036,19952
10036,20012
10036,21009
10037,9007
10037,20930
10037,24101
10038,9199
10038,9539
10038,14729
10038,17813
10039,2345
10039,2768
10039,2852
10039,6802
10039,6873
10039,10143
10039,11709
10039,11714
10039,11864
10039,13625
10039,13996
10039,14325
10039,17026
10039,17116
10039,20860
10039,23067
10040,434
10040,2254
10040,2287
10040,3107
10040,3436
10040,3525
10040,4829
10040,5227
10040,5259
10040,5285
10040,6579
10040,7140
10040,7525
10040,9112
10040,10378
10040,10408
10040,12429
10040,13824
10041,2821
10041,4879
10041,5416
10041,5501
10041,10443
10041,13872
10041,14874
10041,17078
10041,23842
10041,24779
10042,2333
10042,2334
10042,2730
10042,6409
10042,15446
10042,16317
10042,16577
10042,16953
10042,19251
10042,23770
10043,150
10043,1195
10043,1725
10043,6102
10043,6904
10043,9055
10043,10879
10043,15566
10043,23654
10043,23702
10044,4166
10044,4487
10044,5539
10044,5593
10044,9964
10044,13590
10044,14893
10044,17940
10044,19340
10044,19881
10045,10736
10046,585
10046,627
10046,984
10046,2605
10046,4353
10046,4370
10046,8779
10046,8976
10046,16784
10046,17009
10047,160
10047,1066
10047,1886
10047,2332
10047,2728
10047,4824
10047,4950
10047,5396
10047,5861
10047,6622
10047,6712
10047,6844
10047,6915
10047,9284
10047,9293
10047,9639
10047,10389
10047,10686
10047,11506
10047,11845
10048,6941
10048,7493
10048,7495
10048,7550
10048,7756
10048,14069
10048,14947
10048,18607
10048,19292
10048,23760
10049,1861
10049,9579
10049,9966
10049,11522
10049,11682
10049,15890
10049,18051
10049,18831
10049,21940
10049,24262
10050,1310
10050,2205
10050,13274
10050,15911
10050,17649
10050,18214
10050,18275
10050,18344
10050,18489
10050,23178
10051,811
10051,1936
10051,3805
10051,4709
10051,4710
10051,7962
10051,14917
10051,16293
10051,18683
10051,24056
10052,1103
10052,2170
10052,12761
10052,14191
10052,14906
10052,15321
10052,17568
10052,20846
10052,24449
10052,24564
10053,392
10053,2505
10053,2613
10053,4174
10053,5248
10053,5285
10053,7659
10053,9150
10053,12124
10053,15044
10053,15289
10053,16271
10053,16875
10053,17796
10053,20873
10053,20917
10054,1728
10054,3896
10054,5463
10054,6268
10054,8239
10054,12461
10054,12989
10054,13939
10054,15955
10054,20079
10054,20559
10054,24524
10054,24528
10055,855
10055,1753
10055,3120
10055,3425
10055,6400
10055,11339
10055,12770
10055,13020
10055,14409
10055,18429
10055,23063
10055,24139
10056,69
10056,609
10056,617
10056,2369
10056,2885
10056,6516
10056,6841
10056,8811
10056,12514
10056,17001
10056,22477
10056,24233
10057,520
10057,3626
10057,4091
10057,4256
10057,5727
10057,5987
10057,6511
10057,6801
10057,8104
10057,8597
10057,8779
10057,9137
10057,11019
10057,16027
10057,16160
10057,16510
10057,17391
10057,17528
10057,21670
10058,286
10058,863
10058,2662
10058,3563
10058,3815
10058,4626
10058,5546
10058,6047
10058,7351
10058,7558
10058,7580
10058,8987
10058,9810
10058,9864
10058,10926
10058,12650
10058,15135
10058,15194
10059,1662
10059,3898
10059,6947
10059,9490
10059,11169
10059,13696
10059,14731
10059,17395
10059,18763
10059,23210
10059,23287
10059,23395
10060,202
10060,661
10060,6370
10060,6691
10060,7086
10060,10082
10060,10229
10060,10510
10060,10617
10060,15955
10060,16546
10060,17407
10060,21544
10061,3314
10061,11294
10061,14781
10061,19004
10062,2271
10062,2292
10062,5992
10062,8182
10062,8542
10062,10523
10062,10706
10062,13040
10062,14824
10062,15850
10062,16747
10062,17694
10062,22164
10062,24779
10063,1441
10063,3565
10063,4504
10063,8132
10063,10760
10063,15029
10063,20503
10063,20504
10063,22678
10063,23813
10064,435
10064,1059
10064,1364
10064,8286
10064,12851
10064,13063
10064,13419
10064,14529
10064,15952
10064,17172
10064,20713
10065,875
10065,1678
10065,2821
10065,3273
10065,4942
10065,6395
10065,6947
10065,7523
10065,8182
10065,10294
10065,11066
10065,15560
10065,16541
10065,23113
10065,24159
10066,3436
10066,5230
10066,10241
10066,11735
10066,11899
10066,17019
10066,21385
10066,21681
10066,23052
10066,24493
10066,24692
10067,1159
10067,3370
10067,3938
10067,4327
10067,8207
10067,8343
10067,8562
10067,10072
10067,11199
10067,15742
10067,16065
10067,16599
10067,17707
10067,19647
10067,19782
10067,20508
10067,20524
10068,1209
10068,7825
10068,9104
10068,12276
10068,13657
10068,15082
10068,15705
10068,16315
10068,24376
10068,24406
10069,11706
10069,13153
10069,20326
10069,20714
10070,1817
10070,2327
10070,2541
10070,2834
10070,3424
10070,4446
10070,4928
10070,5540
10070,6047
10070,6445
10070,6569
10070,7558
10070,9587
10070,10687
10070,11887
10070,12187
10070,12211
10070,13739
10070,13751
10071,906
10071,2164
10071,4319
10071,4940
10071,5331
10071,8737
10071,8983
10071,9713
10071,10585
10071,12468
10071,14315
10071,15544
10071,16381
10071,17293
10071,17924
10071,22517
10073,2330
10073,3191
10073,3339
10073,5011
10073,5661
10073,11686
10073,13504
10073,17904
10073,21891
10073,22037
10075,44
10075,2879
10075,5791
10075,5997
10075,8036
10075,13645
10075,13800
10075,14225
10075,16439
10075,17861
10075,18126
10075,20110
10075,20437
10075,22755
10075,24045
10076,651
10076,5155
10076,7802
10076,7822
10076,8172
10076,12099
10076,15010
10076,19011
10076,19212
10076,19484
10076,23890
10077,5136
10077,5201
10077,8933
10077,9087
10077,9392
10077,10474
10077,15252
10077,17831
10077,19270
10077,20172
10077,20348
10078,5002
10078,7450
10078,9635
10078,9801
10078,10435
10078,10687
10078,12400
10078,12627
10078,14238
10078,16700
10078,22767
10078,24588
10079,9279
10079,12335
10079,15650
10079,17541
10079,19585
10080,41
10080,2663
10080,3134
10080,4055
10080,4873
10080,7310
10080,7479
10080,9206
10080,9586
10080,9942
10080,10130
10080,10354
10080,11489
10080,12177
10080,12814
10080,13213
10080,14481
10081,1264
10081,2665
10081,3877
10081,4044
10081,6506
10081,7336
10081,11923
10081,12399
10081,16346
10081,19006
10081,21241
10081,21823
10081,22977
10081,24170
10082,2117
10082,6523
10082,12401
10082,13432
10082,13781
10082,16826
10082,20447
10082,23231
10083,2885
10083,3938
10083,4782
10083,5212
10083,7262
10083,7386
10083,8794
10083,10426
10083,11247
10083,12699
10083,12400
10083,12960
10083,12968
10083,13052
10083,13745
10083,13943
10083,14129
10084,2277
10084,4329
10084,5148
10084,5639
10084,10873
10084,11311
10084,11687
10084,11723
10084,12617
10084,20119
10084,20155
10084,21614
10084,21673
10084,24352
10085,139
10085,1292
10085,7121
10085,9324
10085,11813
10085,13748
10085,15828
10085,16515
10085,18022
10085,20958
10086,4345
10086,5531
10086,8098
10086,8476
10086,9146
10086,10161
10086,10608
10086,12152
10086,13134
10086,13950
10086,14582
10086,16789
10086,17415
10086,17997
10086,18529
10086,19313
10086,20307
10086,21061
10087,203
10087,865
10087,4989
10087,5297
10087,7401
10087,7492
10087,7939
10087,8359
10087,8572
10087,10992
10087,11320
10087,12621
10087,12952
10087,16349
10087,16917
10087,17121
10087,18698
10087,20192
10087,23731
10088,2284
10088,3625
10088,7932
10088,9118
10088,9901
10088,14554
10088,16666
10088,21649
10089,1843
10089,1984
10089,3247
10089,24840
10089,7147
10089,24844
10089,15445
10089,15666
10089,18306
10089,18801
10089,19257
10090,2589
10090,4372
10090,5620
10090,6526
10090,14094
10090,16367
10090,16958
10090,21677
10090,22320
10090,22334
10090,24804
10091,2575
10091,8901
10091,11184
10091,12158
10091,12466
10091,12913
10091,13450
10091,16636
10091,16729
10091,18069
10091,18180
10091,18794
10091,20090
10091,24311
10092,2294
10092,11420
10092,16900
10092,17978
10093,2144
10093,2775
10093,3724
10093,3776
10093,4267
10093,7444
10093,7879
10093,9354
10093,11380
10093,11385
10093,12576
10093,14233
10093,17155
10093,19424
10093,20419
10093,22103
10093,24165
10094,9096
10094,9617
10094,12359
10094,17878
10094,18647
10094,20330
10094,22881
10095,162
10095,6988
10095,7133
10095,8347
10095,8496
10095,9824
10095,12911
10095,19086
10095,20476
10095,20630
10096,1760
10096,7186
10096,7848
10096,9708
10096,15048
10096,17248
10096,18259
10096,19308
10096,19472
10096,19720
10096,19997
10096,20112
10096,23522
10096,24638
10097,525
10097,2347
10097,2572
10097,2947
10097,3788
10097,9064
10097,10945
10097,12101
10097,14564
10097,15395
10097,16022
10097,16110
10097,17078
10097,18521
10097,19364
10097,20615
10097,20877
10097,22157
10098,804
10098,3321
10098,3536
10098,5442
10098,5872
10098,17506
10098,18493
10098,21691
10098,22390
10099,1786
10099,6266
10099,7302
10099,10433
10099,11677
10099,14444
10099,15361
10099,15516
10099,17102
10099,18021
10099,18487
10099,19640
10099,22058
10099,22340
10099,22387
10099,22470
10099,23391
10099,24623
10100,4951
10100,9021
10100,9203
10100,9716
10100,10018
10100,11085
10100,13026
10100,13198
10100,13338
10100,16218
10100,16241
10100,17377
10100,17500
10100,19568
10100,19893
10100,21587
10100,22725
10101,1476
10101,1705
10101,4119
10101,9115
10101,11343
10101,14581
10101,15559
10101,16009
10101,17518
10101,18858
10101,19485
10102,1226
10102,6221
10102,10115
10102,10401
10102,10870
10102,11254
10102,11843
10102,12210
10102,13340
10102,15009
10102,15921
10102,15978
10102,19843
10103,3176
10103,9646
10103,9910
10103,13698
10103,14320
10103,18300
10103,18965
10103,19518
10103,22627
10103,22701
10104,3570
10104,7433
10104,10038
10104,11826
10104,13067
10104,13281
10104,15798
10104,17032
10104,17632
10104,20449
10105,1178
10105,4609
10105,5472
10105,6468
10105,13434
10105,18819
10105,19448
10105,21637
10105,23481
10105,24186
10106,1465
10106,2834
10106,2863
10106,4331
10106,7852
10106,9851
10106,10025
10106,10097
10106,10181
10106,10253
10106,10382
10106,10407
10106,10706
10106,10748
10106,11089
10106,11152
10106,11199
10106,12964
10106,17916
10107,39
10107,3065
10107,3636
10107,5774
10107,6380
10107,6444
10107,7301
10107,10089
10107,14594
10107,15612
10108,810
10108,979
10108,3350
10108,3366
10108,5046
10108,5115
10108,9242
10108,9748
10108,10217
10108,12257
10108,15814
10108,18345
10108,19442
10108,22544
10108,22735
10108,23111
10108,24031
10108,24154
10109,729
10109,2605
10109,3209
10109,6914
10109,7274
10109,9323
10109,17200
10109,17469
10109,17775
10109,21076
10109,22108
10110,397
10110,1955
10110,4766
10110,9072
10110,9222
10110,10908
10110,11130
10110,12059
10110,16847
10110,17083
10110,19752
10110,20597
10110,24210
10111,1188
10111,2977
10111,3272
10111,4961
10111,8779
10111,10501
10111,15544
10111,16570
10111,18004
10111,21082
10111,22879
10111,23801
10112,11967
10112,17426
10113,194
10113,4160
10113,5037
10113,5439
10113,11152
10113,11456
10113,14100
10113,21170
10113,22247
10113,24226
10114,225
10114,602
10114,846
10114,1232
10114,4319
10114,4406
10114,5715
10114,12240
10114,15595
10114,18583
10115,552
10115,1040
10115,1969
10115,2308
10115,3436
10115,5226
10115,5994
10115,7140
10115,8727
10115,13834
10115,14421
10115,16295
10115,16971
10115,20099
10116,2808
10116,2809
10116,3698
10116,4983
10116,7233
10116,8029
10116,11011
10116,12462
10116,13224
10116,14494
10116,14725
10116,15226
10116,15529
10116,16604
10116,22391
10116,23508
10116,23796
10116,24108
10117,4501
10117,5320
10117,5665
10117,6012
10117,6589
10117,10739
10117,14442
10117,17103
10118,6062
10118,12482
10118,12515
10118,12860
10118,14036
10118,17331
10118,18829
10118,21931
10118,21941
10118,24330
10120,2342
10120,9176
10120,9417
10120,13163
10120,15388
10120,15429
10120,20831
10120,22665
10120,22673
10120,24620
10121,1495
10121,1773
10121,2120
10121,6106
10121,7852
10121,10928
10121,11615
10121,15060
10121,15076
10121,18083
10121,18333
10121,19103
10121,21131
10121,24258
10122,252
10122,638
10122,915
10122,1820
10122,2284
10122,3427
10122,11695
10122,19028
10122,19138
10122,19647
10122,23004
10122,23212
10122,23962
10123,1109
10123,1940
10123,2893
10123,5092
10123,11711
10123,11884
10123,13125
10123,13314
10123,13326
10123,16103
10123,16531
10123,17847
10123,18237
10123,20056
10123,22283
10123,22647
10123,22952
10124,7737
10124,9191
10124,17655
10124,24705
10125,1008
10125,1711
10125,3032
10125,3107
10125,5448
10125,6473
10125,6493
10125,6944
10125,8770
10125,8997
10125,10457
10125,11718
10125,11801
10125,13573
10125,13592
10125,14680
10125,14697
10125,14791
10125,17958
10125,19665
10126,3484
10126,4786
10126,5529
10126,7549
10126,14298
10126,19277
10126,21672
10126,24293
10127,2652
10127,3354
10127,8169
10127,8588
10127,8954
10127,10552
10127,11295
10127,11911
10127,13177
10127,14114
10127,16054
10127,16165
10127,16252
10127,17077
10127,17095
10127,17295
10127,18450
10128,1284
10128,4000
10128,6348
10128,7029
10128,9085
10128,13952
10128,15310
10128,15368
10128,18156
10128,18478
10128,19024
10128,19100
10128,21783
10128,22144
10128,23843
10129,3619
10129,5294
10129,6091
10129,6690
10129,9870
10129,11007
10129,11257
10129,12834
10129,15930
10129,17661
10130,4796
10130,5022
10130,5098
10130,5251
10130,5371
10130,6295
10130,6305
10130,6306
10130,7464
10130,7823
10130,8516
10130,8524
10130,8622
10130,12087
10130,15431
10131,868
10131,944
10131,3207
10131,5784
10131,7003
10131,8471
10131,9501
10131,9692
10131,11472
10131,12992
10131,14034
10131,14358
10131,15284
10131,16241
10131,16324
10131,16964
10131,19003
10131,19029
10132,1616
10132,5586
10132,6901
10132,7565
10132,7684
10132,8621
10132,12931
10132,19913
10132,20268
10132,23428
10133,18
10133,286
10133,699
10133,6661
10133,8375
10133,11228
10133,11481
10133,14864
10133,15504
10133,17959
10133,24850
10133,18673
10133,18974
10133,21442
10133,21641
10133,22580
10133,24631
10134,164
10134,2476
10134,4829
10134,4885
10134,14130
10134,14362
10134,17683
10134,18051
10134,19084
10134,21128
10134,22646
10135,2863
10135,2946
10135,5532
10135,10911
10135,13874
10135,15317
10135,18147
10135,18225
10136,1714
10136,2447
10136,6474
10136,12151
10136,13281
10136,20365
10136,20574
10136,20913
10136,22322
10137,5078
10137,5540
10137,5647
10137,8888
10137,9472
10137,10068
10137,10340
10137,11608
10137,15472
10137,16457
10137,17111
10137,17971
10137,21292
10137,21456
10137,23054
10137,23964
10137,24235
10138,885
10139,511
10139,4309
10139,6710
10139,10357
10139,12142
10139,17003
10139,17031
10139,19914
10139,21131
10139,22882
10139,23617
10140,2543
10140,12596
10140,16101
10140,17635
10140,20836
10140,21044
10140,21381
10140,21748
10141,432
10141,2900
10141,3051
10141,3094
10141,4821
10141,6355
10141,8208
10141,11282
10141,12447
10141,15927
10141,16682
10141,19425
10141,19482
10141,20605
10141,20680
10141,21101
10142,1483
10142,2562
10142,5383
10142,5571
10142,6242
10142,7788
10142,7851
10142,8230
10142,8355
10142,11259
10142,11697
10142,14404
10142,14993
10142,16745
10142,19186
10142,19227
10142,19860
10142,19919
10143,1172
10143,1653
10143,2870
10143,2951
10143,5702
10143,8303
10143,12051
10143,12553
10143,14229
10143,14935
10143,15006
10143,15192
10143,16822
10144,151
10144,1359
10144,1644
10144,3586
10144,5135
10144,5492
10144,6106
10144,6586
10144,10287
10144,11339
10144,13161
10144,15352
10144,15490
10144,17160
10144,17464
10144,18996
10145,1301
10145,4600
10145,5449
10145,9590
10145,10462
10145,10534
10145,11152
10145,16637
10145,19343
10145,20578
10145,21087
10145,22461
10145,24027
10146,136
10146,8813
10146,9107
10146,9276
10146,11944
10146,13114
10146,14134
10146,15456
10146,15550
10146,16000
10146,19211
10146,23590
10146,23737
10146,23935
10147,399
10147,662
10147,1873
10147,2047
10147,5897
10147,8296
10147,10318
10147,10524
10147,10890
10147,10928
10147,14991
10147,16286
10147,16546
10147,16599
10147,20228
10147,20496
10147,21577
10147,20769
10148,3952
10148,13905
10148,14887
10148,19266
10148,24628
10149,525
10149,2821
10149,3246
10149,3321
10149,3471
10149,5554
10149,6556
10149,7937
10149,8656
10149,9818
10149,11479
10149,11891
10149,12207
10149,14260
10149,15461
10149,16038
10149,20180
10149,21626
10149,24654
10150,2479
10150,4248
10150,4420
10150,5078
10150,5191
10150,5846
10150,6714
10150,10272
10150,13184
10150,13669
10150,14777
10150,17084
10150,20417
10150,21932
10150,22611
10150,23232
10150,24203
10151,2317
10151,9131
10151,14186
10151,18786
10151,19500
10151,23114
10151,24232
10152,658
10152,3651
10152,5468
10152,5518
10152,10181
10152,10401
10152,13182
10152,13770
10152,16713
10152,17092
10152,17925
10152,21626
10152,22863
10153,4607
10153,4936
10153,5327
10153,7052
10153,10911
10153,11058
10153,11911
10153,17707
10153,17998
10153,18977
10153,23118
10153,24730
10154,2335
10154,2612
10154,2810
10154,9340
10154,17028
10154,20350
10154,20351
10154,23145
10154,23853
10154,24296
10155,333
10155,1873
10155,2185
10155,2186
10155,4002
10155,5173
10155,7583
10155,12593
10155,12569
10155,14337
10155,18269
10155,19009
10155,19711
10155,20501
10155,22521
10156,1380
10156,2683
10156,4591
10156,5181
10156,8413
10156,10596
10156,13300
10156,19828
10156,21349
10156,23561
10157,4701
10157,11848
10157,16814
10157,17783
10157,20574
10157,23454
10158,703
10158,2299
10158,4178
10158,6312
10158,7787
10158,8658
10158,9342
10158,10634
10158,12187
10158,12939
10158,15089
10158,15152
10158,15917
10158,17566
10158,19542
10158,21198
10158,22246
10158,22606
10159,5133
10159,17844
10159,22922
10159,23158
10160,40
10160,4095
10160,8803
10160,11181
10160,11957
10160,12546
10160,13992
10160,16188
10160,23268
10160,23287
10161,1433
10161,2052
10161,2860
10161,3354
10161,4114
10161,6137
10161,7551
10161,8294
10161,8635
10161,10728
10161,12382
10161,14808
10161,16051
10161,16848
10161,17957
10161,18800
10161,18901
10161,19120
10161,20378
10162,747
10162,1341
10162,2179
10162,2655
10162,2929
10162,4376
10162,4652
10162,4844
10162,5370
10162,5446
10162,5857
10162,6556
10162,6668
10162,7807
10162,9669
10162,9680
10162,12649
10162,13356
10163,6898
10163,7231
10163,7332
10163,7785
10163,9089
10163,13011
10163,13047
10163,16907
10163,20659
10163,21773
10164,152
10164,746
10164,4214
10164,8325
10164,12646
10164,15480
10164,16845
10164,17652
10164,20424
10164,20518
10164,21284
10164,21407
10164,24140
10165,4321
10165,4718
10165,6565
10165,7200
10165,8296
10165,8828
10165,10994
10165,13055
10165,15417
10165,16789
10165,17699
10165,18585
10165,22124
10166,1347
10166,9542
10166,9546
10166,9554
10166,10182
10166,11048
10166,11050
10166,11284
10166,12607
10166,12608
10166,12815
10166,12817
10166,14232
10166,17501
10166,18622
10166,21400
10166,21403
10166,21934
10166,24353
10167,378
10167,961
10167,2769
10167,3965
10167,4181
10167,4247
10167,4327
10167,7111
10167,7852
10167,15286
10167,15987
10167,17122
10167,17991
10167,18559
10167,19337
10167,21932
10168,942
10168,2999
10168,6270
10168,8075
10168,8797
10168,8911
10168,10408
10168,14779
10168,18051
10168,19960
10169,1481
10169,2831
10169,3145
10169,3345
10169,5990
10169,9161
10169,9961
10169,10085
10169,10570
10169,11068
10169,19340
10169,19457
10169,21505
10169,21652
10170,1394
10170,2616
10170,5997
10170,6777
10170,8921
10170,9907
10170,11569
10170,14549
10170,20229
10170,21325
10170,22219
10170,22346
10170,22756
10170,23079
10170,23211
10170,23311
10170,23316
10171,2570
10171,4382
10171,5740
10171,6293
10171,8756
10171,9112
10171,10427
10171,10659
10171,10665
10171,11544
10171,11610
10171,12656
10171,12984
10171,13474
10171,16174
10171,16528
10171,20508
10171,21530
10172,1206
10172,2722
10172,6104
10172,7347
10172,8057
10172,8065
10172,9561
10172,12261
10172,12528
10172,16004
10172,16566
10172,18469
10172,22559
10173,853
10173,4863
10173,6432
10173,9648
10173,14955
10173,16146
10173,18470
10173,21811
10173,23074
10173,23337
10174,2111
10174,2541
10174,5177
10174,5965
10174,6534
10174,10551
10174,11333
10174,11487
10174,11790
10174,12212
10174,12485
10174,14095
10174,16033
10174,17840
10174,21052
10175,796
10175,1950
10175,2755
10175,8158
10175,15042
10175,19762
10175,20397
10175,20914
10175,21235
10175,21892
10175,22241
10175,22642
10175,23079
10175,23923
10176,1536
10176,4306
10176,5782
10176,6700
10176,7044
10176,9127
10176,9692
10176,10958
10176,12392
10176,12618
10176,12737
10176,14357
10176,16991
10176,17286
10176,20218
10176,20911
10176,22902
10177,647
10177,1381
10177,7612
10177,13042
10177,15064
10177,15522
10177,23065
10178,1064
10178,20848
10179,4306
10180,20229
10180,23775
10180,24262
10181,695
10181,2027
10181,2628
10181,3114
10181,4525
10181,5230
10181,11346
10181,12899
10181,13344
10181,13386
10181,14177
10181,15056
10181,15943
10181,16273
10181,20091
10181,22898
10181,24392
10182,98
10182,2309
10182,2847
10182,5293
10182,7269
10182,11160
10182,15076
10182,20508
10182,23064
10182,23917
10182,24360
10182,24787
10183,2530
10183,3884
10183,6098
10183,8011
10183,8040
10183,10391
10183,13344
10183,13443
10183,14970
10183,14984
10183,16835
10183,17078
10183,17585
10183,17650
10183,17869
10183,19808
10183,23682
10183,23846
10184,3138
10184,5143
10184,6431
10184,7305
10184,7435
10184,12852
10184,24175
10185,1718
10185,2292
10185,4162
10185,6317
10185,6998
10185,12049
10185,13940
10185,16193
10185,18596
10185,19084
10185,22687
10185,23105
10185,23355
10186,240
10186,1602
10186,5038
10186,5291
10186,8369
10186,8848
10186,10205
10186,11697
10186,12955
10186,14242
10186,18879
10186,21911
10186,22995
10186,23293
10186,24661
10187,1214
10187,2006
10187,3211
10187,3783
10187,8779
10187,9835
10187,12694
10187,15592
10187,15742
10187,17063
10187,18677
10187,21398
10187,24004
10188,1614
10188,2577
10188,3012
10188,7411
10188,9756
10188,12842
10188,15772
10188,19929
10188,19977
10188,20692
10189,2032
10189,2327
10189,5418
10189,5501
10189,6844
10189,7267
10189,8273
10189,9534
10189,11076
10189,11616
10189,12464
10189,12892
10189,14353
10189,14499
10189,16254
10189,17165
10189,17601
10190,4453
10190,6364
10190,6378
10190,8335
10190,8238
10190,8332
10190,9632
10190,11830
10190,11963
10190,14877
10190,18472
10190,19417
10190,23342
10190,23720
10190,24486
10191,102
10191,1179
10191,2652
10191,2685
10191,4024
10191,4977
10191,5070
10191,5276
10191,5858
10191,7244
10191,13031
10191,14720
10191,14846
10191,16249
10191,16874
10191,17611
10191,17921
10192,3105
10192,3187
10192,3310
10192,3435
10192,7568
10192,9347
10192,10411
10192,22690
10192,23547
10192,24256
10193,173
10193,182
10193,723
10193,1633
10193,3264
10193,9592
10193,12018
10193,17672
10193,18417
10193,18570
10193,20130
10195,2114
10195,4437
10195,5634
10195,7409
10195,8002
10195,11398
10195,12175
10195,12480
10195,19234
10195,22304
10195,23180
10195,23348
10195,24681
10197,1722
10197,2776
10197,4432
10197,4450
10197,4622
10197,6272
10197,6856
10197,7525
10197,17149
10197,17294
10197,17750
10198,2824
10198,6474
10198,7474
10198,9397
10198,22230
10199,7545
10199,11077
10199,13392
10199,22357
10200,414
10200,885
10200,4284
10200,5113
10200,10030
10200,13165
10200,13312
10200,13328
10200,13364
10200,13539
10200,17637
10200,17648
10200,18025
10200,20061
10200,24552
10200,24610
10201,4717
10201,4765
10201,5145
10201,6024
10201,9336
10201,10536
10201,11017
10201,11503
10201,12145
10201,14373
10201,17275
10201,17967
10201,18492
10201,23156
10201,23488
10201,23800
10201,24085
10202,2208
10202,4659
10202,5714
10202,11339
10202,12218
10202,15702
10202,16757
10202,16920
10202,19882
10203,525
10203,3021
10203,3448
10203,4265
10203,5250
10203,6798
10203,7529
10203,7871
10203,8848
10203,12207
10203,14371
10203,16784
10203,24262
10204,5893
10204,8628
10204,11474
10204,11643
10204,11908
10204,16785
10204,20526
10204,22236
10204,23206
10204,23811
10204,24186
10205,3738
10205,7035
10205,8100
10205,8892
10205,14692
10205,15291
10205,19358
10205,21796
10205,22384
10205,23580
10206,874
10206,2013
10206,2040
10206,2929
10206,3244
10206,3917
10206,4794
10206,6296
10206,6785
10206,7314
10206,7826
10206,8072
10206,8173
10206,8945
10206,14579
10206,14819
10206,15183
10207,3272
10207,4535
10207,10853
10207,11419
10207,12215
10207,12508
10207,19073
10207,19595
10207,20358
10207,20505
10207,23082
10207,23169
10207,23547
10207,23812
10208,434
10208,553
10208,1661
10208,3021
10208,5629
10208,9180
10208,10030
10208,10224
10208,11181
10208,11551
10208,13049
10208,19690
10208,20180
10208,21362
10208,22173
10208,22222
10208,22329
10209,154
10209,454
10209,508
10209,2347
10209,2369
10209,3412
10209,5930
10209,7342
10209,8534
10209,12439
10209,12535
10209,13842
10209,14044
10209,15828
10209,16034
10209,16250
10209,16596
10209,17035
10209,19682
10210,656
10210,3349
10210,5833
10210,6223
10210,7256
10210,7727
10210,10289
10210,12194
10210,13060
10210,15060
10210,21298
10210,21686
10210,23055
10211,731
10211,2756
10211,3439
10211,3700
10211,3724
10211,4254
10211,4824
10211,5536
10211,7163
10211,7656
10211,10130
10211,11485
10211,13104
10211,13873
10211,17950
10211,19727
10211,20220
10212,3533
10212,4829
10212,5080
10212,6508
10212,7874
10212,14077
10212,14927
10212,15317
10212,15725
10212,15990
10212,17734
10212,18217
10212,18944
10212,21681
10213,2402
10213,7268
10213,7593
10213,7845
10213,8957
10213,9970
10213,10180
10213,10681
10213,11441
10213,12504
10213,13318
10213,14944
10213,17136
10213,17830
10213,18282
10213,19262
10213,19647
10213,21434
10214,2812
10214,3080
10214,5861
10214,7143
10214,7273
10214,9332
10214,9744
10214,10162
10214,11856
10214,14632
10214,14990
10214,15102
10214,15244
10214,15539
10214,16320
10214,17005
10214,17662
10214,18792
10214,19048
10215,24
10215,712
10215,3634
10215,5603
10215,6143
10215,6700
10215,8778
10215,10233
10215,10254
10215,10311
10215,13182
10215,15048
10215,15060
10215,15394
10215,17988
10215,18786
10215,22624
10215,24360
10216,2103
10216,3337
10216,4443
10216,4485
10216,5387
10216,6135
10216,7843
10216,10613
10216,11676
10216,11762
10216,12400
10216,13184
10216,13823
10216,15110
10216,21648
10216,23398
10216,23669
10217,3182
10217,3317
10217,6577
10217,7710
10217,10197
10217,11084
10217,11764
10217,12153
10217,13426
10217,13933
10217,16768
10217,18051
10217,19868
10217,21465
10217,23410
10218,1362
10218,7796
10218,9690
10218,9691
10219,275
10219,2081
10219,2142
10219,2655
10219,4740
10219,7671
10219,10298
10219,10536
10219,12670
10219,13294
10219,13530
10219,14045
10219,17746
10219,17755
10219,20395
10219,20396
10219,20881
10220,909
10220,996
10220,1644
10220,1669
10220,1806
10220,2834
10220,2889
10220,3218
10220,3519
10220,3697
10220,4239
10220,5075
10220,5229
10220,6260
10220,10619
10220,12535
10220,13148
10220,13597
10221,8256
10221,10723
10221,12154
10221,13015
10221,13854
10221,18112
10221,20669
10221,21130
10221,22435
10221,22615
10221,22792
10221,23303
10222,2625
10222,3622
10222,3650
10222,8185
10222,10294
10222,19736
10222,20117
10223,77
10223,1116
10223,2383
10223,6276
10223,9627
10223,15379
10223,16410
10223,18089
10223,23528
10224,4411
10224,6368
10224,6978
10224,7020
10224,8954
10224,12013
10224,13744
10224,14494
10224,15013
10224,15089
10224,17393
10224,17646
10224,17671
10224,18209
10224,18779
10224,20873
10225,7870
10225,8501
10225,9474
10225,9681
10225,11278
10225,12056
10225,14482
10225,15191
10225,19350
10225,20111
10226,225
10226,1424
10226,11202
10226,11550
10226,12191
10226,15119
10226,15245
10226,18810
10226,19672
10226,21918
10227,184
10227,3582
10227,4472
10227,5244
10227,9584
10227,10950
10227,11419
10227,11899
10227,11996
10227,12198
10227,16174
10227,18217
10227,19685
10227,19818
10227,20262
10227,22121
10227,23521
10227,24119
10227,24368
10228,800
10228,842
10228,2565
10228,6200
10228,8438
10228,8966
10228,9375
10228,16298
10228,17524
10228,18077
10228,18746
10228,19415
10228,23879
10229,16815
10231,554
10231,2747
10231,4022
10231,6346
10231,9284
10231,9602
10231,10148
10231,10184
10231,11330
10231,12699
10231,12477
10231,14149
10231,14529
10231,14943
10231,15820
10231,16701
10232,154
10232,1730
10232,2614
10232,5002
10232,7622
10232,8900
10232,11015
10232,11821
10232,11911
10232,14592
10232,16266
10232,16301
10232,16682
10232,21015
10232,22857
10232,23900
10233,404
10233,1997
10233,2090
10233,2607
10233,5726
10233,6164
10233,6204
10233,8665
10233,11493
10233,16012
10233,17164
10233,17797
10233,18494
10233,19437
10233,20625
10233,21898
10233,21977
10233,22560
10233,22924
10234,683
10234,2322
10234,2870
10234,4829
10234,5773
10234,9033
10234,12226
10234,12662
10234,13274
10234,13720
10234,14927
10234,17820
10234,19850
10234,21768
10234,22268
10234,22832
10235,722
10235,4045
10235,4497
10235,5233
10235,8283
10235,9970
10235,10461
10235,10581
10235,11688
10235,12134
10235,13209
10235,14849
10235,16646
10235,21775
10235,22152
10235,22822
10235,23248
10235,23914
10236,3795
10236,4359
10236,4560
10236,5117
10236,7312
10236,13450
10236,15201
10236,16070
10236,16266
10236,18215
10236,19758
10236,20832
10236,22486
10236,22721
10236,23322
10236,24182
10237,767
10237,1852
10237,3077
10237,3087
10237,9650
10237,14340
10237,15606
10237,17128
10237,22798
10237,24076
10238,1701
10238,2821
10238,2857
10238,3284
10238,4069
10238,5441
10238,13421
10238,14874
10238,15530
10238,15841
10238,17196
10238,21234
10238,23177
10238,23553
10238,23883
10238,24294
10239,481
10239,804
10239,4691
10239,7616
10239,9636
10239,10678
10239,11095
10239,11987
10239,12187
10239,13730
10239,15933
10239,19487
10239,21053
10239,22268
10240,1625
10240,2368
10240,4017
10240,4080
10240,8173
10240,8475
10240,10035
10240,11378
10240,13214
10240,19392
10240,20920
10240,21990
10240,22824
10241,14386
10242,355
10242,1782
10242,2431
10242,4153
10242,7050
10242,10290
10242,10717
10242,21992
10242,23459
10242,24020
10243,329
10243,7512
10243,9365
10243,18318
10243,21024
10245,1374
10245,3428
10245,4111
10245,10136
10245,11660
10245,15123
10245,17845
10245,17943
10245,19076
10245,22502
10245,22537
10245,23471
10246,1221
10246,4370
10246,4645
10246,5386
10246,6446
10246,6741
10246,8023
10246,10181
10246,10458
10246,13027
10246,13922
10246,16874
10246,20055
10246,23423
10247,2664
10247,2742
10247,3051
10247,3487
10247,3626
10247,4328
10247,4880
10247,5422
10247,6358
10247,6400
10247,7879
10247,8752
10247,9720
10247,10185
10247,11500
10247,12632
10248,118
10248,1801
10248,5100
10248,7682
10248,7760
10248,12005
10248,12352
10248,12353
10248,14682
10248,15014
10248,16088
10248,16272
10248,18610
10248,19837
10248,21769
10248,23038
10248,24124
10249,1418
10249,5800
10249,6318
10249,15421
10249,20998
10250,6261
10250,7315
10250,12356
10250,15290
10250,15437
10250,16086
10250,16312
10250,18600
10250,18983
10250,20614
10250,20787
10250,21441
10251,5382
10251,8789
10251,9827
10251,11515
10251,12205
10251,13911
10251,17688
10251,20145
10251,20287
10251,22694
10252,50
10252,1468
10252,2880
10252,4124
10252,4157
10252,5630
10252,5740
10252,7540
10252,8623
10252,12577
10252,18351
10252,20709
10252,23276
10253,1368
10253,1376
10253,4223
10253,4674
10253,5432
10253,7702
10253,8831
10253,9060
10253,10142
10253,10281
10253,13082
10253,16056
10253,16704
10253,17160
10253,17771
10253,18777
10254,175
10254,962
10254,7424
10254,8792
10254,9281
10254,10998
10254,11930
10254,12368
10254,14464
10254,18585
10255,2464
10255,3833
10255,6028
10255,7740
10255,8912
10255,9230
10255,10756
10255,12473
10255,14305
10255,15647
10255,19934
10255,21772
10255,21834
10255,22317
10255,22513
10255,22925
10255,24814
10256,657
10256,1794
10256,2238
10256,4739
10256,10266
10256,10428
10256,11209
10256,12952
10256,15687
10256,15693
10256,19662
10256,20247
10256,23161
10256,23649
10257,1419
10257,2645
10257,5947
10257,7170
10257,8692
10257,10636
10257,11261
10257,13389
10257,13641
10257,14215
10257,14601
10257,19250
10257,21359
10257,24437
10258,7793
10258,12270
10258,12354
10259,178
10259,1683
10259,1915
10259,2591
10259,4706
10259,5321
10259,5443
10259,6344
10259,8160
10259,9591
10259,11339
10259,11495
10259,12863
10259,13220
10259,13228
10259,13316
10259,13628
10259,14623
10260,234
10260,2020
10260,5162
10260,4465
10260,4860
10260,8903
10260,15097
10260,17014
10260,18307
10260,23765
10261,1713
10261,6720
10261,7770
10261,9402
10261,12477
10261,12802
10261,14404
10261,19237
10261,19731
10261,20195
10261,23028
10261,23171
10261,23301
10261,23990
10261,24714
10262,1492
10262,2651
10262,2661
10262,3680
10262,3784
10262,14112
10262,15999
10262,16942
10262,18453
10262,20860
10263,261
10263,2392
10263,2600
10263,4999
10263,5647
10263,9559
10263,10393
10263,14631
10263,15417
10263,17537
10263,19170
10263,20737
10263,21364
10263,21730
10263,21892
10263,24607
10264,704
10264,2246
10264,3455
10264,8048
10264,11565
10264,12711
10264,12886
10264,12905
10264,15619
10264,15858
10264,15997
10264,16286
10264,16345
10264,16828
10264,23244
10264,23709
10264,23770
10265,795
10265,2574
10265,3387
10265,3590
10265,3893
10265,9695
10265,14530
10265,15210
10265,17760
10265,21836
10266,489
10266,856
10266,961
10266,2140
10266,3358
10266,3422
10266,4181
10266,4954
10266,5177
10266,6949
10266,11015
10266,11767
10266,12983
10266,14693
10266,15353
10266,15567
10266,15789
10266,17811
10268,2135
10268,3147
10268,3859
10268,5006
10268,5431
10268,6633
10268,10997
10268,11669
10268,12524
10268,14611
10269,677
10269,2153
10269,2327
10269,4902
10269,5367
10269,5523
10269,5529
10269,6622
10269,10000
10269,12849
10269,13436
10269,15245
10269,15701
10269,17428
10269,17988
10269,19892
10269,21411
10270,2603
10270,9078
10270,9271
10270,11579
10270,13435
10270,14081
10270,15188
10270,22229
10270,22240
10270,22852
10271,2751
10271,3168
10271,4113
10271,5857
10271,6066
10271,9583
10271,11911
10271,13064
10271,15453
10271,17109
10271,17275
10271,18162
10271,18459
10271,18911
10271,19609
10271,20686
10271,20914
10271,23928
10271,24158
10272,1810
10272,4934
10272,7739
10272,8183
10272,10049
10272,10168
10272,10364
10272,13744
10272,15544
10272,20293
10272,21411
10272,22250
10272,23908
10272,23967
10272,24622
10272,24730
10273,1067
10273,2563
10273,2629
10273,4454
10273,7188
10273,10130
10273,10574
10273,13064
10273,13642
10273,16745
10273,17707
10273,21104
10273,22497
10273,22972
10274,199
10274,6099
10274,8940
10274,9636
10274,10116
10274,11954
10274,12434
10274,13222
10274,13430
10274,13922
10274,14459
10274,16601
10274,18206
10274,18625
10274,22430
10274,22466
10275,525
10275,3808
10275,6283
10275,11656
10275,11864
10275,14490
10275,19058
10275,23031
10275,24305
10275,24356
10276,5478
10276,5520
10276,7952
10276,9602
10276,9639
10276,10193
10276,10316
10276,10639
10276,11001
10276,12376
10276,13983
10276,14136
10276,14149
10276,14350
10276,16604
10276,17636
10276,19693
10276,19762
10276,20150
10277,1907
10277,3810
10277,5105
10277,7808
10277,7916
10277,7877
10277,8569
10277,8805
10277,9515
10277,12709
10277,14905
10277,15608
10277,18145
10277,20996
10278,154
10278,1488
10278,1789
10278,2876
10278,2887
10278,3869
10278,5221
10278,6395
10278,6411
10278,8775
10278,9600
10278,11659
10278,12040
10278,13254
10278,13378
10278,15089
10278,15801
10278,16217
10279,299
10279,3963
10279,4622
10279,10460
10279,12515
10279,15231
10279,16748
10279,16755
10279,16806
10279,18141
10279,18199
10279,19951
10279,21584
10279,22352
10279,23084
10279,24261
10280,281
10280,1425
10280,1464
10280,2652
10280,4440
10280,4898
10280,5433
10280,5997
10280,8157
10280,8418
10280,8488
10280,11744
10280,12116
10280,15853
10280,17549
10280,18904
10280,19307
10280,19919
10281,285
10281,4357
10281,5818
10281,6495
10281,8715
10281,10676
10281,11347
10281,12719
10281,13360
10281,13836
10281,15852
10281,17779
10281,18042
10281,21242
10281,23792
10281,23819
10281,24581
10282,137
10282,1360
10282,3111
10282,3354
10282,3475
10282,3549
10282,4167
10282,4660
10282,4717
10282,5288
10282,5600
10282,6592
10282,9219
10282,9955
10282,9991
10282,10453
10282,13621
10283,69
10283,3004
10283,4359
10283,6974
10283,7276
10283,7899
10283,10399
10283,10763
10283,14044
10283,14851
10283,16599
10283,21058
10283,23211
10283,23521
10284,2616
10284,3735
10284,4720
10284,4735
10284,5185
10284,9427
10284,10595
10284,12849
10284,15839
10284,16109
10284,19465
10284,19647
10284,19717
10284,22121
10284,23328
10284,23487
10284,23496
10284,24253
10285,1193
10285,3962
10285,4844
10285,6710
10285,8488
10285,11937
10285,12501
10285,16341
10285,17260
10285,19934
10285,21211
10285,22107
10285,23178
10286,520
10286,803
10286,979
10286,5492
10286,6014
10286,6134
10286,13933
10286,16831
10286,16957
10286,18295
10286,19964
10286,20001
10286,23848
10286,24175
10287,1338
10287,2777
10287,3124
10287,5707
10287,6094
10287,6601
10287,8035
10287,10068
10287,11572
10287,11682
10287,11749
10287,12615
10287,14553
10287,17623
10287,22125
10287,22188
10287,22769
10287,24308
10287,24774
10288,2996
10288,9291
10288,9753
10288,16765
10288,18941
10289,2936
10289,3114
10289,3436
10289,4063
10289,5630
10289,8142
10289,10569
10289,12190
10289,15555
10289,18585
10289,22754
10289,23781
10290,788
10290,5270
10290,6367
10290,10846
10291,1963
10291,2901
10291,3827
10291,6198
10291,10119
10291,10989
10291,11249
10291,11388
10291,12834
10291,13104
10291,14660
10291,16536
10291,16550
10291,17739
10291,20518
10291,20706
10291,20859
10291,23108
10292,3969
10292,4597
10292,8112
10292,10334
10292,10367
10292,13915
10292,16158
10292,17527
10292,20656
10292,21811
10293,1180
10293,1703
10293,5722
10293,11703
10293,14604
10293,14644
10293,16023
10293,21034
10293,22792
10293,23883
10294,3129
10294,4197
10294,10390
10294,10505
10294,12512
10294,13467
10294,19080
10294,19960
10294,22250
10294,24139
10295,1061
10295,7863
10295,8875
10295,11217
10295,11722
10295,13744
10295,15385
10295,22614
10295,23969
10296,4214
10296,5058
10296,10588
10296,11725
10296,13381
10296,15833
10296,16116
10296,19543
10296,20569
10296,23062
10297,912
10297,2131
10297,3150
10297,4292
10297,6344
10297,12807
10297,12809
10297,13366
10297,13701
10297,14418
10297,17370
10297,17603
10297,20096
10297,20759
10297,21376
10297,21735
10297,23621
10297,24589
10298,277
10298,3237
10298,4693
10298,5119
10298,10433
10298,16478
10298,17767
10298,19244
10298,21013
10298,23670
10299,712
10299,1812
10299,2209
10299,3760
10299,4121
10299,5185
10299,5857
10299,6185
10299,7217
10299,9100
10299,9926
10299,10128
10299,10192
10299,10978
10299,11550
10299,12273
10299,12162
10300,1873
10300,3796
10300,7273
10300,9142
10300,11259
10300,11328
10300,11676
10300,12931
10300,13801
10300,15731
10300,16876
10300,18344
10300,19568
10300,19569
10300,19582
10300,20181
10300,21386
10300,23327
10301,3024
10301,3250
10301,6138
10301,11153
10301,18313
10301,20074
10301,20314
10301,22196
10301,23117
10301,24784
10302,2861
10302,2978
10302,3729
10302,6463
10302,11488
10302,12656
10302,13076
10302,17388
10302,20459
10302,21128
10302,21642
10302,23399
10303,961
10303,2133
10303,2230
10303,2559
10303,4174
10303,6741
10303,10860
10303,11339
10303,11627
10303,12750
10303,16302
10303,16416
10303,17084
10303,17144
10303,19721
10303,24013
10303,24669
10304,1032
10304,3213
10304,3260
10304,7078
10304,11598
10304,12176
10304,12485
10304,15212
10304,16544
10304,18051
10304,19405
10304,23394
10305,2417
10305,4283
10305,5550
10305,9011
10305,9491
10305,9493
10305,16482
10305,16944
10305,17199
10305,23456
10305,24512
10306,4157
10306,4291
10306,4612
10306,4897
10306,6940
10306,9332
10306,9504
10306,10697
10306,11098
10306,15115
10306,16252
10306,16964
10306,23370
10307,921
10307,1177
10307,2111
10307,3129
10307,4645
10307,6269
10307,6689
10307,7329
10307,11076
10307,11824
10307,14626
10307,14680
10307,16768
10307,19089
10307,20987
10307,21366
10307,21410
10308,2440
10308,3424
10308,5594
10308,6126
10308,7852
10308,11598
10308,12846
10308,13545
10308,15184
10308,15806
10308,17909
10309,248
10309,8591
10309,13077
10309,14881
10309,15178
10309,16145
10309,18326
10309,18185
10309,18736
10309,20775
10309,21228
10309,24342
10312,79
10312,862
10312,2521
10312,4094
10312,6491
10312,7862
10312,8634
10312,9593
10312,11204
10312,11979
10312,11988
10312,14788
10312,15422
10312,16558
10312,20991
10312,22016
10313,1137
10313,1268
10313,5488
10313,6378
10313,6870
10313,8877
10313,19440
10313,21896
10313,24490
10313,24524
10314,498
10314,1216
10314,3764
10314,4029
10314,7320
10314,7496
10314,10985
10314,11279
10314,12332
10314,15408
10315,22835
10316,698
10316,3198
10316,4748
10316,5205
10316,6215
10316,12033
10316,12436
10316,12505
10316,13770
10316,14835
10316,15334
10316,16249
10316,18225
10316,19394
10316,22417
10317,1133
10317,2850
10317,2956
10317,5433
10317,5751
10317,6061
10317,7090
10317,8380
10317,9625
10317,9920
10317,10042
10317,10162
10317,12374
10317,16155
10317,16325
10317,17664
10317,18310
10317,19708
10317,19933
10317,21499
10318,592
10318,2537
10318,3452
10318,7686
10318,7743
10318,8197
10318,8620
10318,10134
10318,15002
10318,15599
10318,16124
10318,18036
10318,18184
10318,19263
10318,24002
10319,1231
10319,1233
10319,2389
10319,5193
10319,8602
10319,8608
10319,12777
10319,14389
10319,14390
10319,15688
10319,18183
10319,20778
10319,22695
10320,840
10320,3049
10320,4084
10320,4399
10320,5344
10320,5697
10320,5931
10320,6177
10320,6412
10320,7027
10320,7656
10320,8806
10320,10950
10320,12402
10320,12622
10320,15021
10320,15567
10320,16025
10320,15149
10321,2445
10321,3814
10321,9684
10321,19994
10321,23411
10322,930
10322,6932
10322,8257
10322,15220
10322,15952
10322,16880
10322,18512
10322,19643
10322,20684
10322,21822
10322,22240
10323,912
10323,6017
10323,6637
10323,11801
10323,16242
10323,16589
10323,17354
10323,18886
10323,20294
10323,23249
10324,753
10324,883
10324,5533
10324,10181
10324,13005
10324,14434
10324,14769
10324,19726
10324,19923
10324,20061
10325,4
10325,351
10325,467
10325,951
10325,3578
10325,4311
10325,5078
10325,12488
10325,13191
10325,13842
10325,16194
10325,18065
10325,18523
10325,18872
10325,20595
10325,21051
10325,22576
10325,24116
10326,1622
10326,7153
10326,9439
10326,10533
10326,11314
10326,11686
10326,12052
10326,13937
10326,15212
10326,18209
10326,20547
10326,21165
10326,23572
10327,1028
10327,1483
10327,4401
10327,5801
10327,7271
10327,11558
10327,11836
10327,12643
10327,12974
10327,17643
10327,20009
10327,21828
10328,2289
10328,4202
10328,7602
10328,11388
10328,13552
10328,14985
10328,15281
10328,16845
10328,16864
10328,17115
10328,18662
10328,19349
10328,20146
10328,20706
10329,626
10329,3311
10329,3900
10329,6894
10329,10189
10329,10376
10329,10762
10329,11107
10329,12400
10329,12986
10329,14825
10329,15091
10329,17933
10329,18222
10329,18962
10329,19695
10329,24787
10330,3554
10330,5223
10330,6072
10330,8155
10330,8759
10330,9214
10330,10531
10330,11004
10330,12275
10330,12854
10330,12868
10330,15687
10330,15931
10330,19668
10331,1142
10331,8638
10331,9559
10331,12448
10331,12484
10331,13581
10331,13771
10331,16195
10331,17226
10331,17573
10331,24235
10331,24672
10331,24773
10332,5358
10332,7504
10332,10259
10332,10932
10332,14925
10332,15475
10332,15535
10332,15947
10332,23083
10332,24348
10333,769
10333,8886
10333,17424
10333,17991
10334,1136
10334,5947
10334,6196
10334,7482
10334,8472
10334,13927
10334,14357
10334,14449
10334,15276
10334,16042
10334,16500
10334,22142
10334,24063
10335,193
10335,2404
10335,2630
10335,3189
10335,6045
10335,6906
10335,7263
10335,7999
10335,10378
10335,10841
10335,11329
10335,14216
10335,14234
10335,14544
10335,14641
10335,16562
10335,16762
10335,17739
10335,17821
10336,1338
10336,1526
10336,2848
10336,3593
10336,5424
10336,5744
10336,5847
10336,7481
10336,7841
10336,8849
10336,10021
10336,10715
10336,14645
10336,18694
10336,22633
10336,24228
10336,24776
10337,1701
10337,2105
10337,2570
10337,2581
10337,3765
10337,5932
10337,6740
10337,14066
10337,16497
10337,18514
10337,20542
10337,23250
10337,24262
10338,4077
10338,4252
10338,5045
10338,9888
10338,10606
10338,13274
10338,13344
10338,13922
10338,14521
10338,15911
10338,20129
10338,22960
10338,24419
10339,2825
10339,21113
10340,5875
10340,8086
10340,8438
10340,12185
10340,15242
10340,15963
10340,21778
10340,22235
10340,23369
10340,23533
10340,24308
10341,4104
10341,6026
10341,6037
10341,6282
10341,10059
10341,11818
10341,14044
10341,14878
10341,15440
10341,22305
10342,563
10342,1615
10342,2439
10342,2485
10342,6973
10342,14380
10342,14468
10342,15037
10342,23377
10342,24733
10343,9464
10343,11613
10343,13367
10343,16592
10343,16779
10343,20067
10343,20757
10343,21083
10344,886
10344,2640
10344,4509
10344,5831
10344,8118
10344,11947
10344,12923
10344,23060
10344,23132
10344,23134
10345,1580
10345,4118
10345,4605
10345,5562
10345,7071
10345,11473
10345,11596
10345,13095
10345,13374
10345,17704
10345,18416
10345,18580
10345,19569
10346,364
10346,1075
10346,1548
10346,1915
10346,2848
10346,3613
10346,4322
10346,4448
10346,6783
10346,8354
10346,11867
10346,12205
10346,14387
10346,16618
10346,17222
10346,17519
10346,20627
10346,22747
10347,488
10347,1514
10347,5530
10347,6809
10347,8338
10347,8427
10347,10771
10347,13502
10347,15911
10347,21925
10348,2992
10348,3446
10348,5774
10348,7350
10348,10557
10348,15983
10348,19092
10348,20017
10348,20147
10348,22649
10348,23789
10349,789
10349,3011
10349,3890
10349,3995
10349,6121
10349,9689
10349,10594
10349,12224
10349,16442
10349,17002
10349,22784
10349,24100
10349,24800
10350,2630
10350,2886
10350,3576
10350,5719
10350,7101
10350,8720
10350,11310
10350,11649
10350,14328
10350,17748
10351,107
10351,3129
10351,3694
10351,4917
10351,5327
10351,9130
10351,10785
10351,12849
10351,16629
10351,16764
10351,18501
10351,19363
10351,21278
10351,22168
10351,22938
10351,24197
10352,1221
10352,2274
10352,4704
10352,5187
10352,8046
10352,9281
10352,9624
10352,9863
10352,10135
10352,11611
10352,11762
10352,11861
10352,18629
10352,23654
10352,24136
10354,7985
10354,9699
10354,15425
10354,15704
10354,23840
10354,24033
10355,1117
10355,4716
10355,5154
10355,9637
10355,12873
10355,17525
10355,18463
10355,18571
10355,23910
10355,24468
10356,4593
10356,4827
10356,4921
10356,5362
10356,7766
10356,11884
10356,12631
10356,12637
10356,13654
10356,14939
10357,746
10357,7044
10357,7783
10357,8593
10357,12625
10357,13184
10357,13235
10357,13930
10357,15076
10357,17196
10357,18079
10357,21945
10358,2756
10358,3485
10358,4062
10358,6949
10358,9997
10358,10573
10358,11384
10358,12242
10358,23469
10358,24248
10359,1338
10359,1626
10359,2278
10359,4113
10359,5119
10359,6227
10359,7917
10359,8263
10359,10638
10359,22943
10359,23368
10359,23729
10360,46
10360,1482
10360,5316
10360,5733
10360,7369
10360,9055
10360,15681
10360,18222
10360,23142
10360,23636
10361,2099
10361,2189
10361,4148
10361,5855
10361,6342
10361,7324
10361,9874
10361,10444
10361,12035
10361,18978
10361,21143
10361,21526
10361,21708
10361,22028
10361,22221
10361,22288
10361,24253
10362,4909
10362,5443
10362,8754
10362,9021
10362,9956
10362,10056
10362,10145
10362,12211
10362,15840
10362,16294
10362,17170
10362,17733
10362,17826
10362,19456
10362,19892
10362,20958
10362,21447
10363,3115
10363,4080
10363,7978
10363,8936
10363,11360
10363,13258
10363,14079
10363,14541
10363,16073
10363,16340
10363,16483
10363,19587
10363,19760
10363,23793
10363,24279
10364,2765
10364,3215
10364,5338
10364,9395
10364,10415
10364,12232
10364,13090
10364,13296
10364,14068
10364,14746
10364,18590
10364,19610
10364,23516
10365,520
10365,1024
10365,1832
10365,2653
10365,2804
10365,3305
10365,6947
10365,9121
10365,15065
10365,16720
10365,17660
10365,17989
10365,18410
10365,19851
10365,20917
10365,22390
10365,24722
10366,2242
10366,3021
10366,4125
10366,4658
10366,8673
10366,10774
10366,11846
10366,11911
10366,13054
10366,14281
10366,15546
10366,16653
10366,19042
10366,20488
10366,20785
10366,22600
10366,22497
10366,23143
10367,332
10367,1356
10367,1875
10367,3987
10367,5110
10367,5666
10367,8423
10367,9897
10367,20322
10367,20779
10367,24067
10368,337
10368,6209
10368,8228
10368,8323
10368,13468
10368,13790
10368,14896
10368,20412
10368,21617
10368,22176
10368,23387
10368,24460
10369,797
10369,4169
10369,4624
10369,6013
10369,9122
10369,12486
10369,13106
10369,13712
10369,14572
10369,15781
10369,16363
10369,19895
10369,20546
10369,21636
10370,950
10370,1896
10370,2427
10370,3320
10370,3759
10370,4365
10370,12032
10370,12449
10370,12895
10370,14949
10370,20588
10370,21800
10370,22600
10370,22975
10370,23027
10370,23702
10370,24329
10371,192
10371,210
10371,5443
10371,5464
10371,5948
10371,8758
10371,9585
10371,10838
10371,15818
10371,15941
10371,17787
10371,19328
10371,19654
10371,22228
10372,2481
10372,3868
10372,4791
10372,7243
10372,10442
10372,15262
10372,16048
10372,20076
10372,22919
10372,24236
10373,842
10373,4809
10373,6652
10373,7658
10373,8287
10373,10857
10373,11755
10373,11777
10373,14535
10373,15424
10373,18531
10373,18747
10373,19856
10373,21294
10373,22859
10373,23250
10373,23259
10374,409
10374,1611
10374,2325
10374,3388
10374,4542
10374,13249
10374,13325
10374,15118
10374,19987
10374,23121
10375,396
10375,1730
10375,2848
10375,6183
10375,7844
10375,10662
10375,11517
10375,12205
10375,12736
10375,17927
10375,17931
10375,18177
10375,20521
10375,20721
10375,20856
10375,22355
10375,23182
10376,840
10376,4417
10376,8425
10376,8822
10376,11816
10376,12448
10376,13842
10376,14291
10376,16497
10376,18344
10376,23328
10376,23514
10377,2621
10377,5259
10377,5754
10377,8368
10377,8542
10377,9008
10377,10993
10377,12652
10377,14103
10377,16570
10377,18166
10377,19742
10377,21295
10378,455
10378,2285
10378,3051
10378,3925
10378,4920
10378,9090
10378,9469
10378,9676
10378,10330
10378,15461
10378,15857
10378,16748
10378,19350
10378,24341
10379,2289
10379,2385
10379,5880
10379,6106
10379,7001
10379,8976
10379,13919
10379,14125
10379,18082
10379,24655
10380,1810
10380,4373
10380,4934
10380,8792
10380,10330
10380,10638
10380,11264
10380,16758
10380,17904
10380,17945
10380,18810
10380,19882
10380,20987
10380,21272
10380,22813
10381,249
10381,5696
10381,6140
10381,7932
10381,8331
10381,10319
10381,11334
10381,12639
10381,18664
10381,22476
10382,580
10382,774
10382,4714
10382,6473
10382,6988
10382,7677
10382,7875
10382,13102
10382,17020
10382,18336
10382,18693
10382,19652
10382,20498
10383,431
10383,2570
10383,2604
10383,3173
10383,3597
10383,4120
10383,4346
10383,4541
10383,4554
10383,5190
10383,7131
10383,7819
10383,8678
10383,9218
10383,9748
10383,10400
10383,10553
10383,10765
10384,7711
10384,8340
10384,12407
10384,14458
10384,15087
10384,16484
10384,19802
10384,24507
10384,24539
10384,24737
10385,10947
10385,13175
10385,13587
10385,14249
10385,14430
10385,17198
10385,19299
10385,21520
10385,24054
10385,24513
10386,368
10386,947
10386,3355
10386,7165
10386,7492
10386,8827
10386,11902
10386,12445
10386,15171
10386,16718
10386,17112
10386,18519
10386,19042
10386,22475
10386,22571
10386,23030
10387,598
10387,628
10387,6844
10387,8905
10387,12699
10387,13935
10387,20890
10387,21766
10387,22692
10387,23251
10387,23681
10387,23961
10388,23053
10389,927
10389,990
10389,1892
10389,5687
10389,7287
10389,7791
10389,8131
10389,8402
10389,8407
10389,10991
10389,11305
10389,11428
10389,16710
10389,20328
10389,23619
10390,100
10390,1013
10390,1583
10390,3389
10390,3630
10390,8300
10390,8798
10390,8988
10390,12717
10390,16548
10390,17099
10390,17788
10390,17954
10390,18045
10390,19864
10390,20635
10390,21524
10390,22745
10391,25
10391,3950
10391,6492
10391,7060
10391,7383
10391,13083
10391,17691
10391,18897
10391,20085
10391,20542
10392,1188
10392,1240
10392,2293
10392,5996
10392,8161
10392,8710
10392,9187
10392,13418
10392,14766
10392,17242
10392,17339
10392,18519
10392,19775
10392,20494
10392,23079
10393,729
10393,3262
10393,4100
10393,5217
10393,5545
10393,8757
10393,10121
10393,10455
10393,12618
10393,19735
10393,20240
10393,21840
10393,22751
10394,1198
10394,2264
10394,3256
10394,3821
10394,4483
10394,5379
10394,5708
10394,6060
10394,6118
10394,6593
10394,6921
10394,8899
10394,13564
10394,14379
10394,20519
10394,20697
10394,20879
10394,21564
10395,968
10395,1682
10395,2057
10395,4926
10395,5263
10395,5570
10395,8327
10395,8511
10395,8731
10395,8750
10395,12589
10395,12831
10395,13584
10395,16375
10395,18091
10395,21646
10396,1177
10396,2777
10396,4592
10396,7267
10396,7529
10396,8659
10396,9389
10396,9656
10396,9964
10396,12646
10396,12991
10396,15192
10396,22403
10396,22913
10396,24159
10397,32
10397,3177
10397,6021
10397,6324
10397,7044
10397,10704
10397,13074
10397,14062
10397,17152
10397,20780
10397,20859
10398,212
10398,1731
10398,5729
10398,5879
10398,6679
10398,8333
10398,12606
10398,15478
10398,15560
10398,15844
10398,16590
10398,17423
10398,21907
10398,22034
10398,24231
10399,782
10399,1181
10399,1611
10399,3334
10399,3392
10399,10630
10399,10720
10399,10968
10399,12075
10399,13841
10399,14022
10399,16661
10399,18814
10399,20128
10399,20910
10399,21585
10399,21867
10399,24059
10400,57
10400,677
10400,2776
10400,4521
10400,8101
10400,14473
10400,15742
10400,16390
10400,18900
10400,19138
10401,1544
10401,5638
10401,6293
10401,10188
10401,10373
10401,11155
10401,13418
10401,14649
10401,15022
10401,19870
10402,738
10402,815
10402,1867
10402,7154
10402,7362
10402,9912
10402,15724
10402,23644
10402,24763
10402,24802
10403,6123
10403,6128
10403,6687
10403,7620
10403,9449
10403,10372
10403,11678
10403,12383
10403,13980
10403,14629
10404,224
10404,3885
10404,3948
10404,6653
10404,7192
10404,8767
10404,8984
10404,9060
10404,10107
10404,10114
10404,11216
10404,14453
10404,15071
10404,16427
10404,18133
10404,22783
10404,23658
10405,886
10405,2562
10405,4858
10405,6689
10405,24838
10405,8140
10405,8930
10405,11160
10405,12905
10405,15929
10405,16287
10405,23868
10406,970
10406,997
10406,1688
10406,3268
10406,4023
10406,7627
10406,8482
10406,9543
10406,9823
10406,9833
10406,12808
10406,14774
10406,23025
10407,876
10407,2717
10407,5045
10407,5420
10407,8544
10407,9559
10407,11019
10407,13250
10407,14019
10407,15385
10407,16200
10407,16440
10407,16553
10407,16819
10407,18103
10407,20177
10407,21186
10408,5174
10408,5507
10408,6674
10408,9695
10408,10029
10408,11160
10408,11955
10408,14505
10408,16809
10408,17350
10408,18392
10408,21395
10408,21498
10409,1071
10409,2252
10409,4895
10409,10235
10409,11299
10409,13733
10409,16956
10409,20928
10409,21265
10409,24773
10410,7427
10410,10254
10410,11252
10410,11874
10410,11894
10410,12444
10410,15859
10410,16750
10410,18076
10410,23105
10411,1369
10411,2777
10411,4055
10411,5668
10411,6690
10411,6764
10411,8071
10411,8257
10411,11166
10411,20468
10411,20941
10411,21423
10411,22770
10411,22917
10411,24263
10412,16469
10413,1568
10413,1959
10413,4387
10413,5234
10413,5739
10413,12655
10413,13088
10413,15541
10413,20664
10413,23818
10414,373
10414,4203
10414,5758
10414,6114
10414,7628
10414,9769
10414,9832
10414,10514
10414,12573
10414,13243
10414,15374
10414,17009
10414,19536
10414,24720
10415,391
10415,705
10415,937
10415,6881
10415,8106
10415,10018
10415,11571
10415,18451
10415,18652
10415,20873
10415,23168
10416,1951
10416,4956
10416,5202
10416,6566
10416,6922
10416,9360
10416,10028
10416,18482
10417,513
10417,1015
10417,5151
10417,8345
10417,10893
10417,11825
10417,13277
10417,18435
10417,19395
10417,20157
10417,20534
10417,20973
10417,21686
10417,24630
10418,2166
10418,3607
10418,3789
10418,8448
10418,9355
10418,9870
10418,12182
10418,13402
10418,14362
10418,15483
10418,18266
10418,21571
10419,193
10419,2754
10419,6485
10419,14648
10419,14957
10419,17068
10419,17363
10419,21450
10419,22218
10419,23105
10420,2827
10420,4559
10420,4700
10420,7859
10420,9214
10420,9458
10420,10412
10420,11440
10420,13798
10420,15565
10420,19699
10420,23333
10420,23694
10420,24522
10421,386
10421,1286
10421,1644
10421,1821
10421,4057
10421,4214
10421,7503
10421,7914
10421,8403
10421,8910
10421,10316
10421,10452
10421,12672
10421,12834
10421,13245
10421,13316
10421,13808
10421,16017
10422,729
10422,963
10422,1170
10422,2290
10422,7413
10422,11871
10422,13182
10422,14751
10422,15203
10422,22180
10422,22737
10423,1517
10423,2280
10423,3108
10423,4922
10423,8232
10423,12746
10423,13764
10423,19883
10423,20152
10423,20715
10423,21643
10423,23659
10423,23661
10423,23673
10423,24220
10424,2036
10424,2933
10424,7091
10424,9102
10424,9399
10424,24848
10424,9746
10424,14024
10424,21064
10424,21787
10425,708
10425,1975
10425,5205
10425,5436
10425,8487
10425,12184
10425,13990
10425,15822
10425,18227
10425,20844
10425,21457
10425,22863
10425,23340
10425,23887
10426,12259
10426,12467
10427,10424
10427,10452
10427,10549
10427,13240
10427,13874
10427,14607
10427,14760
10427,15039
10427,16242
10427,18299
10427,19361
10427,21366
10427,21487
10427,21496
10427,21674
10427,24177
10428,1236
10428,2669
10428,4009
10428,6007
10428,7617
10428,7955
10428,8583
10428,9336
10428,11184
10428,11280
10428,13719
10428,14893
10428,17854
10428,19520
10429,843
10429,1221
10429,3129
10429,3504
10429,4758
10429,4816
10429,8261
10429,10208
10429,10618
10429,18982
10429,19434
10429,20960
10429,24040
10429,24106
10429,24234
10430,89
10430,993
10430,1822
10430,3035
10430,3450
10430,3937
10430,11384
10430,16874
10430,20517
10430,21626
10431,559
10431,561
10431,6900
10431,7646
10431,9649
10431,9685
10431,9686
10431,17127
10431,23822
10431,24035
10432,6271
10432,9496
10432,10815
10432,11490
10432,12293
10432,13977
10432,18293
10432,19473
10432,20763
10432,20226
10433,492
10433,768
10433,2474
10433,2897
10433,6452
10433,7055
10433,7810
10433,8088
10433,8627
10433,10896
10433,12201
10433,12857
10433,13989
10433,16631
10433,18961
10433,19486
10434,589
10434,3066
10434,3279
10434,9877
10434,10517
10434,13717
10434,15987
10434,16394
10434,19737
10434,20040
10434,20306
10434,21471
10434,21532
10434,22929
10434,24236
10435,459
10435,1325
10435,4011
10435,4804
10435,5133
10435,6678
10435,8556
10435,8956
10435,9041
10435,11136
10435,15814
10435,17642
10435,18071
10435,22482
10435,22828
10436,170
10436,17080
10437,56
10437,135
10437,3501
10437,4382
10437,4386
10437,5787
10437,6167
10437,8345
10437,8690
10437,9233
10437,15451
10437,17208
10437,18643
10437,18774
10437,19325
10437,19357
10437,19385
10437,19602
10438,1549
10438,1640
10438,3154
10438,6281
10438,7257
10438,8160
10438,16565
10438,18755
10438,22687
10438,24668
10439,232
10439,1435
10439,4968
10439,9965
10439,12078
10439,12827
10439,14453
10439,14928
10439,15239
10439,15370
10439,17690
10439,19427
10439,21626
10439,23216
10439,23450
10440,2195
10440,2583
10440,3255
10440,4157
10440,4713
10440,4785
10440,6675
10440,7490
10440,8418
10440,10110
10440,14855
10440,15897
10440,17298
10440,17945
10440,18538
10440,20643
10440,21330
10440,23079
10440,24097
10441,677
10441,961
10441,1684
10441,3621
10441,3950
10441,8475
10441,9505
10441,11393
10441,12669
10441,13049
10441,13160
10441,18690
10441,19690
10441,22173
10441,22253
10441,22456
10441,24172
10442,3157
10442,6202
10442,7050
10442,7920
10442,8287
10442,13602
10442,16755
10442,18454
10442,22389
10442,24267
10443,6244
10443,10066
10443,11666
10443,11835
10443,13555
10443,15557
10443,18691
10443,22723
10443,22930
10443,24639
10444,3331
10444,3627
10444,3649
10444,7084
10444,8257
10444,10448
10444,11264
10444,18002
10444,21184
10444,23564
10445,1321
10445,2177
10445,4639
10445,9849
10445,10270
10445,10928
10445,12782
10445,13250
10445,16869
10445,19591
10445,19801
10445,21489
10445,24428
10446,1078
10446,10414
10446,12912
10446,13186
10446,13196
10446,14244
10446,18990
10446,20129
10446,23603
10446,24534
10447,3494
10447,7699
10447,7705
10447,7977
10447,8187
10447,8567
10447,9574
10447,12161
10447,12999
10447,14924
10447,18865
10447,18881
10447,19601
10447,21830
10447,22471
10448,234
10448,504
10448,3850
10448,4995
10448,7992
10448,8925
10448,10783
10448,14144
10448,15658
10448,18641
10448,19275
10448,22409
10449,2418
10449,3932
10449,7947
10449,9304
10449,14072
10449,14734
10449,15467
10449,17399
10449,23003
10449,24389
10450,2022
10450,2257
10450,6294
10450,6739
10450,7246
10450,12587
10450,12856
10450,16085
10450,15654
10450,18727
10450,22992
10450,23888
10451,13
10451,828
10451,1261
10451,4762
10451,7769
10451,11213
10451,13748
10451,14111
10451,18481
10451,19209
10452,1649
10452,2214
10452,5622
10452,17814
10452,18385
10452,23839
10453,531
10453,610
10453,794
10453,2544
10453,3950
10453,4927
10453,5392
10453,7319
10453,8983
10453,14206
10453,15176
10453,24349
10454,2564
10454,6713
10454,6782
10454,11978
10454,15021
10454,16400
10454,17321
10454,21251
10454,23767
10454,23905
10455,2370
10455,2966
10455,8194
10455,10472
10455,11857
10455,12365
10455,13406
10455,19311
10455,19957
10455,24724
10456,2477
10456,3114
10456,4060
10456,4760
10456,6730
10456,9612
10456,10133
10456,10870
10456,11778
10456,14444
10456,16784
10456,18771
10456,23967
10456,24059
10457,7372
10457,11425
10457,12613
10457,12733
10457,12914
10457,13492
10457,16927
10457,20373
10457,21346
10457,22244
10458,2419
10458,16990
10458,19239
10459,2819
10459,3275
10459,4550
10459,5721
10459,9048
10459,9453
10459,10003
10459,10326
10459,10990
10459,11122
10459,11273
10459,11529
10459,14929
10459,22011
10459,22098
10459,23656
10460,1428
10460,3687
10460,6789
10460,10507
10460,15173
10460,18612
10460,20608
10460,21089
10460,21880
10460,22474
10461,922
10461,3658
10461,4221
10461,8793
10461,14049
10461,14498
10461,16434
10461,18572
10461,19593
10461,20995
10461,21347
10461,21998
10461,22571
10461,24231
10462,796
10462,2510
10462,3971
10462,4408
10462,4818
10462,6662
10462,6779
10462,7273
10462,8006
10462,8110
10462,8347
10462,9120
10462,10283
10462,11469
10462,14152
10462,14992
10462,16876
10462,18613
10462,21142
10463,2666
10463,3660
10463,3816
10463,4163
10463,4289
10463,4727
10463,9129
10463,13680
10463,15674
10463,22412
10463,23983
10464,1084
10464,2856
10464,2952
10464,5680
10464,7599
10464,8664
10464,11323
10464,13004
10464,14001
10464,19135
10464,20148
10466,10512
10466,11644
10466,14586
10466,20577
10466,23435
10467,647
10467,883
10467,976
10467,2122
10467,3650
10467,4309
10467,11246
10467,11260
10467,12217
10467,12400
10467,14752
10467,15259
10467,15726
10467,16049
10467,19174
10467,20120
10468,170
10468,200
10468,17998
10468,20542
10468,21139
10469,435
10469,4594
10469,6738
10469,8595
10469,10039
10469,13049
10469,13856
10469,14570
10469,15401
10469,16113
10469,16151
10469,16177
10469,18242
10469,20517
10469,22420
10469,23323
10469,24164
10470,3674
10470,4452
10470,5913
10470,8382
10470,10081
10470,11715
10470,14114
10470,14814
10470,17355
10470,18009
10470,20135
10470,21094
10470,23817
10471,1982
10471,4326
10471,4580
10471,5728
10471,6967
10471,7152
10471,7531
10471,12420
10471,12578
10471,15991
10471,18050
10471,19216
10471,20167
10472,116
10472,2499
10472,3280
10472,3851
10472,7404
10472,8302
10472,11387
10472,13734
10472,14666
10472,15845
10472,16542
10472,18810
10472,20708
10472,23283
10473,677
10473,1690
10473,6496
10473,9695
10473,12736
10473,13194
10473,13602
10473,15680
10473,17890
10473,22110
10473,23303
10474,2635
10474,3545
10474,6642
10474,7600
10474,13683
10474,14790
10474,18285
10474,21267
10474,22691
10474,24323
10475,1059
10475,1979
10475,6912
10475,8028
10475,8581
10475,9565
10475,10654
10475,13294
10475,13530
10475,15857
10475,16416
10475,23524
10475,24236
10475,24658
10476,1026
10476,19549
10477,573
10477,841
10477,7225
10477,7460
10477,9923
10477,10614
10477,14189
10477,15722
10477,21038
10477,21068
10478,873
10478,6252
10478,8188
10478,12274
10478,18017
10479,526
10479,4033
10479,4373
10479,4530
10479,4956
10479,9137
10479,11534
10479,12203
10479,14527
10479,15900
10479,16658
10479,18783
10479,19718
10479,21840
10480,443
10480,1736
10480,2673
10480,2701
10480,12696
10480,12559
10480,12680
10480,14138
10480,14686
10480,21422
10481,4813
10481,6726
10481,9492
10481,15107
10481,16119
10481,16891
10481,23617
10481,24108
10481,24358
10481,24435
10482,1174
10482,4155
10482,4906
10482,5960
10482,7261
10482,8216
10482,8786
10482,9714
10482,10647
10482,12861
10482,13759
10482,13972
10482,14038
10482,20254
10482,21570
10482,22030
10483,11525
10483,11742
10483,14719
10483,14796
10483,14863
10483,15271
10483,18284
10483,19062
10483,19123
10483,19141
10483,19839
10483,20276
10483,21848
10483,22077
10483,22507
10483,23029
10483,23439
10484,1360
10484,1621
10484,2478
10484,2936
10484,3947
10484,9888
10484,10584
10484,11516
10484,13257
10484,13344
10484,13801
10484,13842
10484,15298
10484,16267
10484,17449
10484,17961
10484,18900
10485,2454
10486,4729
10486,4996
10486,12642
10486,12836
10486,15918
10486,19739
10486,19945
10486,20110
10486,22288
10486,23198
10487,2340
10487,2341
10487,4663
10487,8684
10487,10889
10487,12312
10487,15118
10487,17085
10487,22720
10487,24484
10488,6584
10489,1165
10489,1330
10489,4587
10489,5778
10489,5779
10489,6101
10489,11735
10489,13848
10489,13927
10489,14749
10489,16048
10489,18336
10489,24849
10489,21089
10489,21333
10489,21600
10489,24827
10490,2610
10490,2857
10490,5230
10490,6125
10490,6710
10490,7543
10490,9628
10490,11983
10490,12604
10490,13274
10490,14283
10490,15452
10490,23509
10490,24773
10491,153
10491,3169
10491,3434
10491,4273
10491,8233
10491,8801
10491,9736
10491,10225
10491,15373
10491,15767
10491,17335
10491,21778
10492,2172
10492,10150
10492,10191
10492,18618
10492,18968
10492,19655
10492,21039
10492,21726
10492,22080
10492,23766
10493,1034
10493,4065
10493,8226
10493,10384
10493,11582
10493,11695
10493,13441
10493,15081
10493,17081
10493,20223
10493,20720
10494,2203
10494,2435
10494,5567
10494,8860
10494,9019
10494,9344
10494,12577
10494,14658
10494,17412
10494,22406
10494,22240
10494,22993
10494,23696
10495,2584
10495,4967
10495,5131
10495,5975
10495,10694
10495,13968
10495,15828
10495,22237
10495,23585
10495,23874
10495,24248
10496,1162
10496,2653
10496,5285
10496,6440
10496,6705
10496,8565
10496,9988
10496,13640
10496,14994
10496,16624
10496,18852
10496,22936
10496,23291
10496,24024
10497,236
10497,946
10497,2306
10497,2920
10497,6799
10497,6947
10497,7180
10497,14749
10497,16886
10497,17344
10497,18351
10497,18534
10497,18878
10497,20260
10497,20740
10497,22330
10497,23068
10497,23458
10497,23866
10498,1617
10498,3143
10498,3699
10498,5402
10498,24838
10498,9566
10498,9726
10498,11188
10498,12990
10498,16846
10498,17785
10498,17835
10498,18287
10498,20203
10498,21316
10498,21562
10498,22709
10498,23436
10499,577
10499,581
10499,587
10499,1632
10499,5101
10499,13859
10499,14801
10499,21950
10499,22140
10499,24262
10500,7560
10500,8946
10500,12330
10500,12601
10500,13567
10500,24559
10501,188
10501,1930
10501,5894
10501,6980
10501,8575
10501,8982
10501,11528
10501,12234
10501,13856
10501,18907
10502,281
10502,4897
10502,7794
10502,7840
10502,8718
10502,8725
10502,9453
10502,10219
10502,11549
10502,12187
10502,12241
10502,12376
10502,16867
10502,17228
10502,18121
10502,18257
10502,19456
10502,20666
10502,21860
10503,1751
10503,3013
10503,9856
10503,14800
10503,17459
10503,18511
10503,18526
10503,23671
10503,24504
10503,24766
10504,4045
10504,4765
10504,6081
10504,8511
10504,9870
10504,10701
10504,10788
10504,11876
10504,11999
10504,17539
10504,18281
10504,18911
10504,22974
10504,24420
10505,1284
10505,10475
10505,11632
10505,12953
10505,13146
10505,16603
10505,18143
10505,18979
10505,20157
10505,21927
10505,21988
10505,23640
10505,23865
10506,7560
10506,11049
10506,12329
10506,17188
10506,20752
10506,21935
10506,24496
10506,24563
10507,1745
10507,3462
10507,7531
10507,8441
10507,9843
10507,14722
10507,16407
10507,17757
10507,18396
10507,21701
10507,23019
10508,483
10508,866
10508,2848
10508,7038
10508,11031
10508,11850
10508,14853
10508,18420
10508,20911
10508,23171
10509,1547
10509,1809
10509,2552
10509,2820
10509,3787
10509,6391
10509,9031
10509,11393
10509,13418
10509,14840
10509,15046
10509,15171
10509,15742
10509,16299
10509,17331
10509,18632
10509,18950
10509,19041
10510,3156
10510,3412
10510,3950
10510,4414
10510,6680
10510,9049
10510,10604
10510,22438
10510,23475
10510,24276
10511,452
10511,3000
10511,5364
10511,5546
10511,7485
10511,10067
10511,10598
10511,10784
10511,12736
10511,14615
10511,15283
10511,17100
10511,20653
10511,20786
10511,22354
10512,2258
10512,2356
10512,3748
10512,5014
10512,7837
10512,9374
10512,12141
10512,16355
10512,17483
10512,18184
10512,18509
10512,18684
10512,18919
10513,1059
10513,2316
10513,4892
10513,6911
10513,8380
10513,12228
10513,13404
10513,14897
10514,1320
10514,2008
10514,2616
10514,4116
10514,6974
10514,7169
10514,7490
10514,8459
10514,12668
10514,16982
10514,19376
10514,19847
10514,22048
10514,23256
10514,24693
10515,725
10515,2801
10515,3306
10515,3681
10515,4233
10515,10449
10515,10943
10515,14163
10515,14518
10515,16708
10515,17964
10515,21011
10515,21408
10515,22501
10515,23227
10515,23546
10515,24438
10516,424
10516,779
10516,13324
10516,14689
10516,14713
10516,14811
10516,15523
10516,15547
10516,16134
10516,18069
10516,19246
10517,2513
10517,4024
10517,7788
10517,10399
10517,11708
10517,12148
10517,12489
10517,13338
10517,13791
10517,15944
10517,16921
10517,19138
10517,23806
10518,503
10518,7117
10518,8592
10518,9446
10518,11479
10518,11668
10518,13714
10518,13745
10518,14965
10518,19085
10518,19782
10518,20731
10518,21658
10518,23177
10518,24211
10519,1221
10519,3179
10519,24838
10519,7362
10519,8220
10519,8625
10519,9113
10519,12479
10519,14337
10519,16895
10519,18252
10519,18564
10519,19009
10519,22302
10519,23462
10519,24106
10521,3112
10521,4655
10521,8648
10521,14675
10521,20369
10521,21535
10522,1178
10522,3282
10522,5096
10522,13453
10522,14050
10522,14818
10522,15951
10522,17848
10522,19480
10522,20550
10522,20699
10522,22239
10523,2932
10523,5327
10523,6090
10523,8748
10523,10451
10523,12699
10523,11885
10523,11917
10523,16552
10523,17061
10523,17743
10523,18328
10523,24849
10523,19258
10524,9700
10524,11283
10524,20808
10524,21464
10525,453
10525,3232
10525,3551
10525,4113
10525,4359
10525,6041
10525,7629
10525,10638
10525,13452
10525,15184
10525,17734
10525,20518
10525,22287
10525,23335
10525,23478
10525,24251
10526,288
10526,828
10526,4311
10526,5636
10526,6201
10526,8770
10526,10185
10526,12891
10526,13229
10526,13294
10526,13742
10526,14039
10526,14606
10526,16984
10526,17225
10526,18037
10526,18134
10526,18211
10527,9677
10527,10499
10527,11043
10527,17067
10527,18168
10527,21412
10527,21811
10527,22042
10527,24273
10527,24335
10528,6095
10528,6111
10528,8337
10528,9623
10528,10004
10528,10754
10528,11642
10528,14185
10528,17949
10528,19644
10528,20675
10528,20868
10528,22638
10528,23641
10528,24479
10529,5954
10529,7140
10529,10700
10529,12958
10529,16493
10529,19868
10529,22166
10529,22562
10529,23665
10529,24272
10530,2126
10530,2892
10530,3852
10530,7076
10530,16241
10530,16683
10530,18935
10530,19315
10530,20641
10530,22861
10532,72
10532,850
10532,4261
10532,6030
10532,9348
10532,10942
10532,11446
10532,13795
10532,18793
10532,22543
10533,691
10533,3030
10533,3593
10533,4020
10533,5028
10533,10034
10533,10128
10533,10362
10533,12022
10533,17171
10533,18535
10533,21264
10533,22819
10534,1621
10534,3482
10534,8397
10534,9248
10534,9949
10534,11198
10534,13935
10534,17297
10534,17661
10534,20142
10534,20333
10534,21091
10534,21293
10535,9867
10535,15305
10536,1821
10536,4385
10536,5658
10536,7298
10536,10606
10536,11987
10536,14373
10536,14554
10536,18364
10536,19235
10536,19850
10538,448
10538,3952
10538,4488
10538,4864
10538,7525
10538,10069
10538,12572
10538,14137
10538,14999
10538,15410
10538,20366
10539,16804
10540,2772
10540,2814
10540,9928
10540,14169
10540,15600
10540,18323
10540,18627
10540,19657
10540,24130
10540,24322
10541,5330
10541,10254
10541,14453
10541,16069
10541,16197
10541,16679
10541,18219
10541,22344
10541,23855
10542,124
10542,643
10542,5082
10542,5652
10542,5848
10542,6207
10542,6950
10542,8765
10542,10251
10542,10868
10542,11368
10542,12156
10542,12899
10542,14237
10542,15417
10542,16185
10542,16279
10542,16370
10543,752
10543,2050
10543,5925
10543,8227
10543,11657
10543,14186
10543,15076
10543,20556
10543,21808
10543,22426
10543,22705
10543,22879
10544,1487
10544,3649
10544,4411
10544,5099
10544,5232
10544,5803
10544,9970
10544,10147
10544,12606
10544,16589
10544,19094
10544,23419
10544,23662
10545,2558
10545,3955
10545,4347
10545,4538
10545,7200
10545,11097
10545,11661
10545,20290
10545,20305
10545,22321
10546,131
10546,1253
10546,4181
10546,4306
10546,9159
10546,11601
10546,13537
10546,14916
10546,16016
10546,16286
10546,16604
10546,17673
10546,22974
10547,3455
10547,4574
10547,5671
10547,7247
10547,8493
10547,9232
10547,11636
10547,12921
10547,16738
10547,19795
10547,21837
10548,423
10548,4048
10548,7436
10548,8931
10548,13201
10548,13813
10548,16091
10548,16098
10548,16104
10548,17369
10548,18234
10548,20070
10548,21208
10548,21394
10548,22601
10548,24560
10549,2228
10549,3861
10549,7499
10549,8096
10549,10698
10549,13497
10549,16396
10549,17904
10549,18491
10549,22198
10550,43
10550,2299
10550,4380
10550,5329
10550,5944
10550,7804
10550,8263
10550,8420
10550,10109
10550,11237
10550,12463
10550,13253
10550,22564
10551,3281
10552,476
10552,693
10552,2905
10552,3236
10552,12794
10552,13845
10552,13912
10552,16265
10552,17772
10552,19729
10552,21538
10552,21592
10552,21914
10552,23000
10552,24051
10552,24448
10553,567
10553,931
10553,1902
10553,2476
10553,5834
10553,6108
10553,9180
10553,11417
10553,12497
10553,14219
10553,16915
10553,18175
10553,18568
10553,18963
10553,19164
10553,19165
10553,22102
10553,22113
10554,670
10554,4350
10554,4702
10554,5324
10554,5876
10554,6958
10554,8115
10554,8562
10554,9752
10554,11042
10554,11216
10554,12686
10554,13239
10554,18381
10554,24665
10555,1370
10555,1830
10555,2074
10555,2862
10555,4385
10555,4432
10555,10390
10555,14554
10555,23058
10555,23732
10556,318
10556,530
10556,1053
10556,1249
10556,3736
10556,4193
10556,7105
10556,9692
10556,10149
10556,12123
10556,14858
10556,18879
10556,19032
10556,23282
10556,24535
10557,4477
10557,4656
10557,5433
10557,5649
10557,5791
10557,10162
10557,10404
10557,15285
10557,16424
10557,18240
10557,20922
10557,21154
10557,23636
10557,23743
10558,1672
10558,3952
10558,4204
10558,4792
10558,8722
10558,9305
10558,9824
10558,15643
10559,624
10559,1040
10559,1848
10559,5030
10559,6390
10559,6450
10559,8027
10559,9964
10559,10208
10559,11339
10559,12190
10559,13961
10559,15782
10559,16339
10559,17567
10559,20529
10559,22240
10560,1495
10560,1915
10560,3690
10560,5000
10560,6587
10560,7745
10560,9125
10560,9715
10560,11955
10560,16753
10560,17247
10560,19400
10560,19566
10560,20502
10560,20911
10560,21755
10560,21843
10560,23183
10561,619
10561,1713
10561,4150
10561,6038
10561,9711
10561,10416
10561,10546
10561,12204
10561,13860
10561,16689
10561,17731
10561,18535
10561,19180
10561,20480
10562,3166
10562,3441
10562,5380
10562,5862
10562,14303
10562,14392
10562,15353
10562,17929
10562,20433
10562,24010
10563,2797
10563,2798
10563,3657
10563,3710
10563,3883
10563,7946
10563,10112
10563,11566
10563,11608
10563,12231
10563,12371
10563,12749
10563,15322
10563,16236
10563,16467
10563,17353
10564,912
10564,1812
10564,5327
10564,11064
10564,12306
10564,21642
10564,23249
10565,907
10565,965
10565,4470
10565,6490
10565,7956
10565,8200
10565,8329
10565,11739
10565,16194
10565,17508
10565,17677
10565,18617
10565,18667
10565,20060
10565,22477
10565,22868
10565,23204
10566,465
10566,3854
10566,6795
10566,7260
10566,8977
10566,10939
10566,11413
10566,18784
10566,19515
10566,21468
10567,9426
10567,13368
10567,15690
10567,17065
10567,17280
10567,17290
10567,17590
10567,19823
10567,22601
10568,2790
10569,1831
10569,2471
10569,3277
10569,5038
10569,5947
10569,9236
10569,14439
10569,17826
10569,17913
10569,20375
10569,20722
10569,21861
10569,23426
10570,7920
10570,8564
10570,9060
10570,10935
10570,11005
10570,12103
10570,12218
10570,12984
10570,23430
10570,24773
10571,7439
10571,16183
10571,16976
10571,24357
10572,211
10572,4399
10572,10504
10572,11007
10572,12198
10572,12979
10572,13078
10572,13369
10572,16993
10572,18436
10572,23634
10573,1047
10573,1056
10573,5802
10573,6359
10573,6410
10573,8347
10573,8848
10573,11214
10573,14923
10573,19003
10573,20857
10573,21900
10573,23301
10574,1226
10574,8507
10574,11994
10574,14111
10574,14181
10574,14852
10574,18384
10574,21712
10574,21720
10574,22619
10576,2555
10576,4191
10576,8582
10576,10529
10576,13071
10576,19330
10576,22377
10576,22982
10577,361
10577,4018
10577,4318
10577,11130
10577,12198
10577,13095
10577,13119
10577,20933
10577,21110
10577,22572
10577,24529
10578,9481
10578,22365
10578,23948
10579,196
10579,1003
10579,3812
10579,4126
10579,5850
10579,6938
10579,7167
10579,8386
10579,10908
10579,11219
10579,11455
10579,12103
10579,12786
10579,13463
10579,15911
10579,16388
10579,17343
10580,2354
10580,12356
10580,12583
10580,15554
10580,16083
10580,16086
10580,18983
10580,20787
10581,15615
10581,19254
10581,20335
10582,1024
10582,1647
10582,1804
10582,2678
10582,11232
10582,14872
10582,15062
10582,18074
10582,20619
10582,22394
10583,850
10583,2472
10583,3636
10583,5079
10583,10865
10583,11446
10583,13627
10583,14301
10583,14378
10583,24162
10584,473
10584,2841
10584,6133
10584,9480
10584,10918
10584,11494
10584,17089
10584,18619
10584,19139
10584,19615
10584,20344
10584,20420
10584,20572
10584,21105
10584,21703
10585,4723
10585,8198
10585,8510
10585,9287
10585,14164
10585,14449
10585,14601
10585,15512
10585,17006
10585,22056
10585,23757
10585,24532
10586,1277
10586,2934
10586,5368
10586,8254
10586,11926
10586,19399
10586,21901
10586,22148
10586,23245
10586,23415
10586,23483
10587,1171
10587,2823
10587,4142
10587,4252
10587,5886
10587,8119
10587,12017
10587,12199
10587,12980
10587,13447
10587,13633
10587,13706
10587,17565
10587,18401
10587,22487
10587,22829
10587,23578
10588,1131
10588,1704
10588,4898
10588,5936
10588,6359
10588,6702
10588,7924
10588,9873
10588,10940
10588,12552
10588,15261
10588,18834
10588,19965
10588,21982
10588,23400
10589,9
10589,3035
10589,3216
10589,3303
10589,4253
10589,4276
10589,4707
10589,4811
10589,7106
10589,8416
10589,12109
10589,13941
10589,18247
10589,19986
10589,21681
10590,2844
10590,5744
10590,8250
10590,8812
10590,8883
10590,9159
10590,11866
10590,15843
10590,20229
10590,20909
10591,6591
10591,12052
10591,13223
10591,13500
10591,14717
10591,16956
10591,17647
10591,20786
10591,22680
10591,22958
10592,2699
10592,5163
10592,4849
10592,9313
10592,13920
10592,14687
10592,14841
10592,17025
10592,17189
10592,18029
10592,18315
10592,24700
10594,1558
10594,3709
10594,3981
10594,10822
10594,13765
10594,14467
10594,15968
10594,17060
10594,18476
10595,945
10595,1175
10595,1360
10595,3902
10595,4937
10595,5045
10595,6428
10595,10453
10595,12141
10595,15171
10595,16889
10595,20336
10595,22646
10595,24547
10596,3843
10596,5679
10596,8037
10596,11539
10596,12243
10596,13858
10596,14162
10596,17257
10596,19716
10596,21197
10597,518
10597,1659
10597,1860
10597,7762
10597,18365
10597,19396
10597,23823
10598,4026
10598,7383
10598,13729
10598,14567
10598,15353
10598,15696
10598,18631
10598,21351
10598,21533
10598,23515
10599,940
10599,2171
10599,5923
10599,6624
10599,7475
10599,9263
10599,12470
10599,13379
10599,15347
10599,17329
10599,19568
10599,21552
10599,22231
10599,22632
10599,24133
10599,24340
10600,4759
10600,7380
10600,9852
10600,10715
10600,11184
10600,12075
10600,17906
10600,17915
10600,21839
10600,23933
10601,241
10601,2271
10601,3427
10601,3547
10601,3950
10601,4994
10601,9968
10601,11920
10601,12830
10601,14494
10601,16380
10601,16445
10601,20174
10601,21114
10601,21536
10602,1360
10602,6089
10602,6149
10602,6844
10602,7525
10602,9855
10602,11585
10602,13007
10602,13182
10602,20129
10602,21495
10602,22611
10602,22915
10602,24203
10603,11376
10603,22856
10603,24131
10604,268
10604,971
10604,1827
10604,3599
10604,6874
10604,9511
10604,10068
10604,13362
10604,14304
10604,14989
10604,17499
10604,18560
10604,21938
10605,5297
10605,5821
10605,6493
10605,6679
10605,6907
10605,7525
10605,7631
10605,9055
10605,9594
10605,10426
10605,11339
10605,12189
10605,12898
10605,13856
10605,14757
10605,14995
10605,15085
10606,401
10606,2489
10606,5137
10606,11346
10606,14803
10606,17294
10606,17506
10606,23052
10606,23500
10606,23525
10607,1536
10607,1979
10607,3424
10607,3472
10607,4049
10607,5523
10607,6880
10607,9284
10607,17117
10607,19235
10607,19598
10607,20424
10607,20914
10608,5084
10608,7322
10608,7415
10608,10535
10608,11544
10608,12913
10608,13299
10608,15370
10608,16383
10608,20807
10609,2561
10609,4615
10609,5419
10609,6376
10609,6481
10609,8388
10609,8918
10609,8946
10609,11696
10609,12609
10609,17146
10609,17186
10609,19260
10609,19714
10609,24483
10610,1707
10610,2283
10610,3701
10610,6224
10610,8160
10610,11369
10610,14981
10610,16835
10610,20643
10610,22583
10611,1471
10611,1689
10611,2750
10611,4166
10611,6214
10611,6592
10611,7621
10611,10569
10611,14737
10611,17352
10611,19171
10611,22832
10611,24139
10612,4536
10612,5043
10612,5249
10612,5679
10612,13460
10612,15066
10612,18708
10612,20014
10612,20505
10612,23688
10613,1623
10613,2031
10613,4908
10613,8148
10613,10058
10613,10301
10613,11244
10613,11571
10613,19250
10613,20291
10614,1331
10614,1958
10614,4568
10614,6671
10614,9808
10614,9929
10614,14388
10614,15119
10614,15827
10614,16243
10614,16451
10614,18595
10614,21686
10615,3433
10615,6985
10615,8662
10615,12879
10615,15527
10615,16794
10615,17953
10615,19168
10615,21583
10615,24193
10616,4375
10616,10683
10616,11386
10616,11871
10617,1805
10617,2253
10617,2344
10617,3554
10617,3809
10617,7224
10617,8073
10617,8466
10617,8986
10617,12406
10617,12676
10617,19877
10617,22831
10618,676
10618,1196
10618,1788
10618,2541
10618,3358
10618,7456
10618,8970
10618,9439
10618,10759
10618,11320
10618,13177
10618,13742
10618,20958
10618,21284
10618,24308
10619,8923
10619,16318
10619,23991
10620,18517
10621,497
10621,536
10621,1235
10621,3732
10621,6339
10621,7092
10621,7589
10621,7832
10621,8694
10621,9180
10621,9807
10621,11451
10621,11452
10621,12321
10621,11478
10621,12091
10621,15148
10621,15431
10622,866
10622,6710
10622,10317
10622,11955
10622,12966
10622,13434
10622,14406
10622,19899
10622,20977
10622,24022
10623,850
10623,6349
10623,8876
10623,10817
10623,10822
10623,13372
10623,17640
10623,19228
10623,19268
10623,21577
10624,245
10624,752
10624,1700
10624,1845
10624,3661
10624,3944
10624,4964
10624,8164
10624,9127
10624,15692
10624,16951
10624,19257
10624,20982
10624,24384
10625,3382
10625,6227
10625,6767
10625,6830
10625,7492
10625,8729
10625,15923
10625,21918
10625,23967
10625,24708
10626,4258
10626,4677
10626,9098
10626,19409
10626,21899
10626,24032
10626,24365
10626,24500
10626,24740
10626,24750
10627,644
10627,1780
10627,2712
10627,3741
10627,5401
10627,5967
10627,6778
10627,7943
10627,16800
10627,22704
10628,132
10628,847
10628,1873
10628,1915
10628,2973
10628,4154
10628,4879
10628,9100
10628,9349
10628,10907
10628,15323
10628,16356
10628,17029
10628,21088
10628,23059
10628,23463
10629,516
10629,1495
10629,1655
10629,2645
10629,2655
10629,6200
10629,7868
10629,8912
10629,9506
10629,17408
10629,18110
10629,18128
10629,19068
10629,20497
10629,22036
10629,23129
10629,23641
10630,1579
10630,2528
10630,2681
10630,6115
10630,8701
10630,9382
10630,12863
10630,15114
10630,15387
10630,15468
10630,17184
10630,21055
10630,21380
10630,22444
10630,23699
10630,24334
10630,24645
10631,20296
10631,22498
10633,4524
10633,4775
10633,5416
10633,6518
10633,7751
10633,8467
10633,9131
10633,9518
10633,11662
10633,12202
10633,15818
10633,16465
10634,50
10634,1396
10634,3708
10634,4858
10634,6150
10634,6331
10634,6988
10634,7858
10634,9402
10634,9927
10634,10901
10634,11699
10634,11970
10634,12408
10634,13335
10634,14155
10634,15813
10635,1499
10635,5024
10635,10929
10635,11762
10635,12092
10635,16784
10635,19460
10635,19592
10635,24239
10635,24799
10636,635
10636,7189
10636,9397
10636,11570
10636,11789
10636,14654
10636,16182
10636,20159
10636,20934
10636,22210
10637,4676
10637,6495
10637,6536
10637,10682
10637,11272
10637,11399
10637,12598
10637,14427
10637,17872
10637,18994
10637,20367
10637,20436
10637,20496
10637,23694
10637,23732
10637,24377
10637,24508
10637,24555
10638,69
10638,1823
10638,2165
10638,4881
10638,5925
10638,8884
10638,8900
10638,8944
10638,10674
10638,11181
10638,11259
10638,22863
10638,23423
10639,1434
10639,3807
10639,6020
10639,6197
10639,7360
10639,7941
10639,10757
10639,14109
10639,14938
10639,15494
10639,16839
10639,21328
10639,22085
10640,2813
10640,6086
10640,7510
10640,7735
10640,9664
10640,16406
10640,15378
10640,16409
10640,16430
10640,17523
10641,2992
10641,3070
10641,8270
10641,11374
10641,11376
10641,15211
10641,16705
10641,20500
10641,20506
10641,23280
10642,2367
10642,2432
10642,3934
10642,4379
10642,12827
10642,21918
10642,22014
10642,23167
10642,23591
10642,23982
10643,648
10643,2452
10643,3192
10643,6147
10643,8511
10643,8981
10643,12829
10643,16046
10643,19590
10643,22425
10644,4054
10644,4277
10644,17402
10644,19242
10644,20822
10644,21167
10644,21174
10644,22892
10644,22970
10644,24557
10645,4412
10645,5501
10645,6619
10645,6774
10645,7615
10645,7933
10645,8887
10645,9420
10645,12067
10645,14441
10645,15207
10645,16231
10645,16913
10645,17338
10645,18039
10645,20086
10645,21473
10646,15156
10646,15157
10646,15357
10646,23101
10646,24747
10647,266
10647,1187
10647,3300
10647,12214
10647,12877
10647,13035
10647,15070
10647,18444
10647,21078
10647,24215
10648,120
10648,297
10648,2068
10648,8311
10648,10835
10648,14088
10648,17723
10648,18105
10648,18845
10648,21014
10648,24028
10649,570
10650,2081
10650,2711
10650,5195
10650,6820
10650,8475
10650,16456
10650,17345
10650,17773
10650,19235
10650,21386
10650,21639
10650,22433
10650,22825
10650,23732
10651,2863
10651,4370
10651,6470
10651,6974
10651,7160
10651,8167
10651,8976
10651,9159
10651,10635
10651,13756
10651,16618
10651,16624
10651,16656
10651,20061
10651,20229
10651,21366
10651,23275
10652,1191
10652,4399
10652,5848
10652,6682
10652,10090
10652,10895
10652,11578
10652,12736
10652,14981
10652,15247
10652,17176
10652,18259
10652,20091
10652,23922
10653,6139
10653,6188
10653,9986
10653,10274
10653,12498
10653,16557
10653,18340
10653,19586
10653,22684
10654,1800
10654,2779
10654,3235
10654,7210
10654,12009
10654,12421
10654,13103
10654,13752
10654,14048
10654,15462
10654,16335
10654,18026
10654,21659
10655,6224
10655,7373
10655,8155
10655,10030
10655,10536
10655,10948
10655,13530
10655,14528
10655,15900
10655,20157
10655,23419
10656,1775
10656,2789
10656,13000
10656,14601
10656,16624
10656,19554
10656,20905
10656,22497
10657,578
10657,4257
10657,5216
10657,7238
10657,8429
10657,15391
10657,17238
10657,19111
10657,21392
10657,22686
10658,729
10658,1260
10658,1423
10658,2206
10658,3706
10658,5632
10658,6946
10658,7333
10658,9175
10658,12968
10658,15690
10658,17269
10658,18025
10658,19118
10658,22667
10658,24471
10658,24569
10659,71
10659,229
10659,1675
10659,1713
10659,2728
10659,3867
10659,4174
10659,10397
10659,12374
10659,12477
10659,12762
10659,15517
10659,16702
10659,16928
10659,18520
10659,19332
10659,22743
10659,22796
10660,858
10660,2623
10660,6515
10660,7800
10660,19046
10660,20952
10661,229
10661,3523
10661,5688
10661,7864
10661,7938
10661,9203
10661,9289
10661,9323
10661,14868
10661,17167
10661,20873
10661,22506
10662,1639
10662,2226
10662,2835
10662,12969
10662,14895
10662,15805
10662,18419
10662,20267
10662,21510
10662,22873
10663,4897
10663,4942
10663,6258
10663,6814
10663,8343
10663,9757
10663,10535
10663,11152
10663,11199
10663,11440
10663,11778
10663,17555
10664,130
10664,2764
10664,2962
10664,4051
10664,5191
10664,6044
10664,6260
10664,7616
10664,8581
10664,9576
10664,13557
10664,15216
10664,15807
10664,18710
10664,19492
10664,19620
10664,19741
10665,5457
10665,8779
10665,11259
10665,12666
10665,12775
10665,13198
10665,14542
10665,20590
10665,22203
10666,6032
10666,6338
10666,6424
10666,8498
10666,10550
10666,20870
10666,24556
10667,949
10667,2146
10667,7099
10667,7709
10667,8770
10667,9813
10667,12544
10667,18154
10667,18220
10667,18434
10667,19172
10667,20906
10667,21914
10668,751
10668,2309
10668,3436
10668,3895
10668,3950
10668,6960
10668,12564
10668,14290
10668,15035
10668,16423
10668,19050
10668,19666
10668,22123
10668,23475
10669,967
10669,2915
10669,5191
10669,5549
10669,6695
10669,7164
10669,10874
10669,11724
10669,19970
10669,21515
10670,670
10670,861
10670,2631
10670,3572
10670,6720
10670,8018
10670,9964
10670,11098
10670,11673
10670,11704
10670,12141
10670,12571
10670,13274
10670,15843
10670,16782
10670,20792
10671,1420
10671,3295
10671,4145
10671,11352
10671,11701
10671,16166
10671,16663
10671,20278
10671,23626
10671,24685
10672,885
10672,2769
10672,5857
10672,8675
10672,10536
10672,12514
10672,13574
10672,13694
10672,14824
10672,15081
10672,17296
10672,17508
10672,18992
10672,20713
10672,23195
10672,23351
10673,2336
10673,4418
10673,12212
10673,14123
10673,19725
10674,1506
10674,3419
10674,4314
10674,5679
10674,6620
10674,13646
10674,17019
10674,18120
10674,22764
10674,23306
10675,27
10675,1481
10675,4236
10675,5265
10675,6034
10675,7848
10675,13669
10675,14250
10675,16223
10675,20716
10675,21002
10676,1421
10676,13913
10676,14626
10676,15464
10676,16144
10676,19514
10676,20556
10676,20993
10676,21124
10676,22101
10677,1228
10677,6287
10677,13632
10677,23825
10678,866
10678,2147
10678,2415
10678,2877
10678,5925
10678,17408
10678,18848
10678,19003
10678,20157
10678,20233
10678,20854
10679,737
10679,1624
10679,2424
10679,2847
10679,7625
10679,11042
10679,11217
10679,12421
10679,12505
10679,14703
10679,15896
10679,17494
10679,17558
10679,19647
10680,1338
10680,4585
10680,4623
10680,5438
10680,8208
10680,9078
10680,9489
10680,11002
10680,12819
10680,16239
10680,19445
10680,19624
10680,20556
10680,21312
10680,23636
10681,1190
10681,2633
10681,8298
10681,11422
10681,11628
10681,11707
10681,11817
10681,22233
10681,22461
10681,24738
10682,4166
10682,4239
10682,4428
10682,4840
10682,5499
10682,6383
10682,6504
10682,9224
10682,10690
10682,12768
10682,13027
10682,13916
10682,15094
10682,15898
10682,16554
10682,16562
10682,18971
10683,1888
10683,6516
10683,9187
10683,9689
10683,10124
10683,16770
10683,17190
10683,18991
10683,19160
10683,19512
10683,19775
10683,22612
10683,24172
10684,1038
10684,4215
10684,6475
10684,9013
10684,15385
10684,17594
10684,18320
10684,19244
10684,23500
10684,23604
10685,482
10685,3896
10685,5363
10685,6202
10685,11608
10685,17233
10685,17947
10685,18791
10685,19138
10685,20332
10686,1634
10686,3258
10686,3389
10686,5029
10686,7532
10686,7725
10686,19538
10686,20774
10686,21307
10686,24594
10687,199
10687,4299
10687,12522
10687,13233
10687,13441
10687,16394
10687,16691
10687,19174
10687,19682
10687,20135
10687,22284
10688,2042
10688,4061
10688,4105
10688,5662
10688,6406
10688,6483
10688,8576
10688,9362
10688,10185
10688,10840
10688,13321
10688,13483
10688,13923
10688,15874
10688,16433
10688,16506
10689,2644
10689,4265
10689,6304
10689,6925
10689,7044
10689,8830
10689,8884
10689,12374
10689,13262
10689,14473
10689,18426
10689,19733
10689,21386
10689,22433
10689,22542
10689,23211
10690,4238
10690,4658
10690,4899
10690,6592
10690,7546
10690,9250
10690,9794
10690,10528
10690,12589
10690,14063
10690,16505
10690,18333
10690,20134
10690,20180
10690,22613
10690,23715
10690,23852
10691,1741
10691,4313
10691,11239
10691,11333
10691,11393
10691,14041
10691,15914
10691,17893
10691,20055
10691,20191
10692,7922
10693,2011
10693,5236
10693,7587
10693,7767
10693,8896
10693,9241
10693,13271
10693,13348
10693,14201
10693,14437
10693,14463
10693,15383
10693,19375
10693,21537
10693,22493
10694,1578
10694,2100
10694,2724
10694,12806
10694,13561
10694,14282
10694,18495
10694,19579
10694,21173
10694,22461
10695,2182
10695,3152
10695,9915
10695,10154
10695,11821
10695,15245
10695,19233
10695,20327
10695,22264
10695,22571
10697,3227
10697,3569
10697,4558
10697,4740
10697,6731
10697,9066
10697,10112
10697,16675
10697,17075
10697,23587
10698,6634
10698,10668
10698,14521
10698,15245
10698,17514
10698,17890
10698,20786
10698,22129
10698,22448
10698,23309
10698,24061
10699,207
10699,1821
10699,2916
10699,6217
10699,9356
10699,10189
10699,10606
10699,10911
10699,12110
10699,12997
10699,14449
10699,18798
10699,20228
10699,22841
10700,1024
10700,1979
10700,5274
10700,5304
10700,6648
10700,7058
10700,11217
10700,13985
10700,16518
10700,16864
10700,18611
10700,21397
10700,22730
10700,22785
10700,23544
10701,2295
10701,3745
10701,3802
10701,6122
10701,6954
10701,11200
10701,14916
10701,15508
10701,19289
10701,24001
10702,1592
10702,2027
10702,2585
10702,2854
10702,3502
10702,10153
10702,10518
10702,10781
10702,13185
10702,13759
10702,14537
10702,15660
10702,15820
10702,19317
10702,20911
10702,22039
10702,23318
10703,69
10703,895
10703,1175
10703,2150
10703,4992
10703,6637
10703,12315
10703,14751
10703,18458
10703,23545
10704,804
10704,999
10704,4305
10704,5918
10704,6792
10704,8980
10704,12095
10704,12958
10704,13078
10704,13100
10704,15986
10704,16762
10704,18606
10704,20128
10704,20838
10704,22637
10705,139
10705,1029
10705,5245
10705,11178
10705,12019
10705,14678
10705,16309
10705,19116
10705,21145
10705,22025
10705,22037
10705,23694
10705,24181
10706,1134
10706,1900
10706,18189
10706,20190
10706,22437
10707,9269
10707,17094
10707,20513
10707,23088
10708,5797
10708,6130
10708,17503
10708,17504
10708,18948
10708,19035
10708,19765
10708,20361
10708,20665
10708,22398
10708,22980
10708,23479
10709,5711
10710,9777
10710,15001
10710,15583
10710,17108
10710,20606
10710,20793
10711,1552
10711,1628
10711,1701
10711,3267
10711,4110
10711,4420
10711,4871
10711,7552
10711,7566
10711,10186
10711,11925
10711,11998
10711,12165
10711,12169
10711,16422
10711,17230
10711,17431
10712,2130
10712,2941
10712,5012
10712,7047
10712,10427
10712,10743
10712,12391
10712,14163
10712,14291
10712,15215
10712,16973
10712,17449
10712,22337
10712,23815
10712,24422
10712,24725
10713,3446
10714,4535
10714,10071
10714,11765
10714,12635
10714,14254
10715,208
10715,2236
10715,2948
10715,4882
10715,8201
10715,8796
10715,8978
10715,15045
10715,20889
10715,23207
10716,3384
10716,3499
10716,3977
10716,4979
10716,6743
10716,7007
10716,8650
10716,8785
10716,9771
10716,10422
10716,11682
10716,12257
10716,13294
10716,13589
10716,15538
10716,19235
10716,20674
10716,21017
10717,28
10717,973
10717,1810
10717,2766
10717,2853
10717,3725
10717,6224
10717,9208
10717,10452
10717,12950
10717,13078
10717,14177
10717,15943
10717,16273
10717,17740
10717,19584
10717,21502
10717,22032
10718,16010
10719,655
10719,1369
10719,5153
10719,7267
10719,7940
10719,10233
10719,11197
10719,13753
10719,15041
10719,15397
10719,16432
10719,17062
10720,3561
10720,4130
10720,5750
10720,6467
10720,8533
10720,9054
10720,12484
10720,14893
10720,16985
10720,17940
10720,24788
10721,487
10721,1210
10721,2369
10721,5252
10721,6680
10721,8322
10721,8564
10721,9866
10721,10755
10721,11722
10721,12970
10721,19500
10721,24338
10722,992
10722,1021
10722,2656
10722,5282
10722,5741
10722,6896
10722,9705
10722,12287
10722,15420
10722,17628
10723,1472
10723,3117
10723,5021
10723,7215
10723,8246
10723,10706
10723,13451
10723,14767
10723,15344
10723,15799
10723,16218
10723,16304
10723,16605
10723,19841
10723,20239
10723,22005
10723,24060
10723,24065
10723,24366
10723,24418
10725,2157
10725,3007
10725,3581
10725,4328
10725,4399
10725,5001
10725,6541
10725,7631
10725,9967
10725,10181
10725,11846
10725,12245
10725,16540
10725,16643
10725,17002
10725,20531
10725,21666
10726,3642
10726,5800
10726,7251
10726,10101
10726,20943
10727,4157
10727,5928
10727,7931
10727,10049
10727,11057
10727,11189
10727,11691
10727,11863
10727,11999
10727,13086
10727,16590
10727,16891
10727,17588
10727,17996
10727,18582
10727,18767
10728,1854
10728,4322
10728,6790
10728,7864
10728,10039
10728,13611
10728,16825
10728,17679
10728,18325
10728,22702
10728,23504
10729,205
10729,3071
10729,3125
10729,3141
10729,4962
10729,6270
10729,8780
10729,10911
10729,13160
10729,13419
10729,14357
10729,18574
10729,20687
10729,20727
10729,24231
10730,566
10730,7576
10730,8838
10730,9647
10730,10490
10730,14009
10730,15454
10730,16177
10730,17624
10730,21014
10730,23600
10730,24039
10730,24828
10731,4365
10731,7021
10731,12545
10731,15117
10731,15702
10731,16492
10731,16637
10731,17194
10731,23345
10731,24379
10732,679
10732,1221
10732,2081
10732,2355
10732,4844
10732,4942
10732,6322
10732,7547
10732,10562
10732,10970
10732,11578
10732,12093
10732,12265
10732,12917
10732,15970
10732,16131
10732,17662
10732,19366
10732,20102
10733,1256
10733,2481
10733,7278
10733,7613
10733,7865
10733,9607
10733,14160
10733,14768
10733,21570
10733,21861
10734,3983
10734,11036
10734,12311
10734,13173
10734,15863
10734,16587
10734,21798
10734,23527
10734,24728
10735,1155
10735,2981
10735,5683
10735,6636
10735,8106
10735,8159
10735,8655
10735,8976
10735,11157
10735,13373
10735,15482
10735,18581
10735,22234
10735,22463
10735,24300
10736,530
10736,4734
10736,7864
10736,8351
10736,9182
10736,10381
10736,13000
10736,14452
10736,16329
10736,20908
10736,21058
10736,21152
10736,24187
10737,1536
10737,1623
10737,2301
10737,3891
10737,4765
10737,5263
10737,5782
10737,5872
10737,6164
10737,8848
10737,11035
10737,11985
10737,12063
10737,13197
10737,16683
10737,19774
10737,20345
10738,2975
10738,5345
10738,6966
10738,8116
10738,12902
10738,13026
10738,19757
10738,21743
10738,22622
10738,23877
10739,1889
10739,4808
10739,6352
10739,7307
10739,12710
10739,14952
10739,15635
10739,20588
10739,22546
10739,22851
10739,22967
10739,22975
10739,23466
10740,5569
10740,7846
10740,8263
10740,8589
10740,8764
10740,9086
10740,10108
10740,10530
10740,11510
10740,13387
10740,13723
10740,14766
10740,15567
10740,18599
10740,22216
10740,23164
10740,23531
10741,2868
10741,4055
10741,6029
10741,12044
10741,15647
10741,16493
10741,16979
10741,18956
10741,21584
10741,24139
10742,4843
10742,6546
10742,8133
10742,8902
10742,10477
10742,11918
10742,12026
10742,14131
10742,16437
10742,18194
10742,18902
10742,21844
10742,24193
10743,478
10743,4113
10743,5338
10743,6066
10743,6616
10743,13058
10743,13091
10743,17275
10743,23721
10743,23967
10744,8814
10745,109
10745,1564
10745,7505
10745,7917
10745,9501
10745,12638
10745,13184
10745,14647
10745,15195
10745,18137
10745,19244
10745,19265
10745,20041
10745,21576
10745,21892
10745,23215
10746,6162
10746,7098
10746,7144
10746,12157
10746,14671
10746,16306
10746,17360
10746,20586
10746,22122
10746,22995
10747,1059
10747,2015
10747,4106
10747,8296
10747,10460
10747,14392
10747,14527
10747,20925
10747,23252
10747,23292
10747,23349
10747,23636
10748,5929
10748,6761
10748,9332
10748,9431
10748,13928
10748,15143
10748,17349
10748,17898
10748,18443
10748,18665
10748,19178
10748,24096
10748,24278
10749,5053
10749,5487
10749,6736
10749,8333
10749,8438
10749,12381
10749,13775
10749,13857
10749,16590
10749,16645
10749,21974
10749,22679
10749,23261
10749,24765
10750,110
10750,2384
10750,7960
10750,9626
10750,16123
10750,19835
10750,22017
10751,1167
10751,7591
10751,9465
10751,11791
10751,11915
10751,15596
10751,17914
10751,18270
10751,18413
10751,18920
10751,21312
10751,21835
10751,23409
10752,2
10753,3975
10753,6524
10753,14044
10753,18663
10753,19936
10754,24287
10755,3933
10755,17234
10755,19710
10755,22866
10755,24068
10756,2298
10756,4113
10756,5611
10756,6460
10756,6463
10756,6592
10756,6594
10756,7010
10756,7876
10756,10727
10756,12927
10756,15659
10756,16899
10756,17178
10756,21229
10756,22217
10756,23685
10757,464
10757,1411
10757,3053
10757,3146
10757,7930
10757,9225
10757,9518
10757,16501
10757,23427
10757,23919
10758,449
10758,6724
10758,8011
10758,11695
10758,12409
10758,15655
10758,15906
10758,16045
10758,18051
10758,19203
10758,19701
10758,20034
10758,20052
10758,20741
10758,23410
10758,23452
10759,2922
10759,3124
10759,3886
10759,4764
10759,4943
10759,5922
10759,6165
10759,7413
10759,7467
10759,11475
10759,13522
10759,18513
10759,18690
10759,21073
10759,21131
10759,21566
10759,22318
10760,8280
10760,8492
10760,10749
10760,11493
10760,12252
10760,14385
10760,15343
10760,20313
10760,20918
10760,21590
10761,2866
10761,4251
10761,4414
10761,5681
10761,6393
10761,9396
10761,10454
10761,14122
10761,16139
10761,16891
10761,18430
10761,18883
10761,19826
10761,20096
10761,21480
10761,23333
10761,24315
10762,281
10762,1394
10762,2246
10762,4714
10762,5192
10762,5512
10762,6315
10762,8905
10762,12903
10762,13551
10762,15769
10762,16161
10762,18441
10762,18811
10762,19079
10762,19948
10762,20380
10762,23612
10763,3233
10763,3970
10763,5296
10763,7284
10763,13181
10763,14867
10763,17129
10763,21171
10763,21471
10763,23557
10764,2908
10764,3672
10764,6195
10764,6659
10764,9939
10764,10070
10764,10093
10764,11293
10764,15083
10764,17285
10764,18067
10764,20622
10764,21226
10764,24443
10764,24749
10765,3441
10765,3678
10765,3869
10765,4272
10765,5293
10765,9119
10765,10297
10765,10510
10765,11530
10765,11650
10765,11759
10765,14822
10765,16647
10765,19007
10766,4545
10766,6380
10766,6560
10766,10843
10766,10955
10766,12213
10766,16041
10766,16244
10766,21383
10766,23547
10767,912
10767,1224
10767,2232
10767,3522
10767,4812
10767,5317
10767,10234
10767,13744
10767,15184
10767,16033
10767,16055
10767,16956
10767,21165
10767,23883
10768,1444
10768,1447
10768,1576
10768,1630
10768,2438
10768,5435
10768,13786
10768,13789
10768,15266
10768,15330
10768,15359
10768,15532
10768,15753
10768,24731
10769,4045
10769,4936
10769,6610
10769,8678
10769,11094
10769,11976
10769,12235
10769,16849
10769,22839
10769,24013
10770,46
10770,951
10770,1795
10770,6172
10770,8695
10770,10948
10770,11392
10770,11867
10770,12102
10770,12495
10770,13967
10770,15461
10770,17382
10770,18956
10770,19944
10770,20104
10770,20685
10771,1039
10771,5569
10771,8689
10771,10186
10771,12368
10771,12476
10771,13585
10771,13824
10771,16934
10771,18756
10771,22958
10771,23682
10772,3958
10772,4422
10772,4760
10772,4848
10772,7269
10772,12757
10772,13254
10772,14371
10772,18051
10772,19080
10772,20737
10773,460
10773,3583
10773,4883
10773,5637
10773,9047
10773,10522
10773,12400
10773,14757
10773,15560
10773,18812
10773,19114
10773,20311
10773,22016
10773,22250
10773,22336
10773,23503
10773,24084
10774,1432
10774,2593
10774,3021
10774,3321
10774,4113
10774,5286
10774,10209
10774,10316
10774,10790
10774,11249
10774,11491
10774,12273
10774,12689
10774,12834
10774,16541
10774,16658
10774,19496
10775,2925
10775,3587
10775,4724
10775,5903
10775,6154
10775,7803
10775,8965
10775,9568
10775,13000
10775,15185
10775,16213
10775,16350
10775,18766
10776,1068
10776,5403
10776,7085
10776,7980
10776,12252
10776,12733
10776,13180
10776,15519
10776,16927
10776,21527
10777,850
10777,2048
10777,3430
10777,3516
10777,5703
10777,5789
10777,8030
10777,8236
10777,8412
10777,9484
10777,9614
10777,11763
10777,13033
10777,13996
10777,15855
10777,17020
10777,17097
10777,18633
10777,18862
10779,17490
10781,1578
10781,4457
10781,7639
10781,9163
10781,10743
10781,11246
10781,11927
10781,12172
10781,13176
10781,13840
10781,15684
10781,17348
10782,3926
10782,9298
10782,14011
10782,15254
10782,15292
10782,15588
10782,16649
10782,18566
10782,22526
10782,23033
10783,2873
10783,4122
10783,5041
10783,23432
10784,709
10784,2232
10784,4585
10784,8761
10784,8963
10784,11007
10784,14600
10784,14834
10784,18648
10784,21104
10784,21539
10785,1607
10785,3025
10785,3070
10785,8490
10785,11866
10785,16311
10785,21512
10785,21881
10785,22986
10785,23926
10786,2058
10786,9874
10786,10510
10786,11320
10786,12606
10786,16024
10786,19530
10786,21046
10786,22263
10786,23732
10787,981
10787,2516
10787,4959
10787,9217
10787,9482
10787,12291
10787,12689
10787,15013
10787,21700
10787,23995
10788,1999
10788,2836
10788,5420
10788,8035
10788,8979
10788,10387
10788,15478
10788,15911
10788,19096
10788,19465
10789,1369
10789,4066
10789,6131
10789,6267
10789,6296
10789,11075
10789,11175
10789,15277
10789,16522
10789,19974
10789,23267
10790,1524
10790,3010
10790,3727
10790,5918
10790,6554
10790,7944
10790,8330
10790,12872
10790,14588
10790,18721
10790,20681
10790,22558
10790,22901
10791,22896
10791,23687
10791,24711
10792,434
10792,1471
10792,6267
10793,1420
10793,1977
10793,10316
10793,11421
10793,13184
10793,13392
10793,13411
10793,16039
10793,16599
10793,18083
10793,23514
10794,310
10794,831
10794,2090
10794,3151
10794,5786
10794,18158
10794,18536
10794,19071
10794,19805
10794,20677
10794,21374
10794,21713
10795,3678
10795,6280
10795,8349
10795,14927
10795,16599
10795,19045
10795,21199
10796,1138
10796,1191
10796,4618
10796,8659
10796,11544
10796,12135
10796,13526
10796,15018
10796,15164
10796,18895
10796,21913
10796,24794
10800,479
10800,5617
10800,7388
10800,7513
10800,18239
10800,21270
10800,22369
10800,24248
10800,24482
10800,24496
10801,2218
10801,8127
10801,8374
10801,9416
10801,12616
10801,14369
10801,18248
10801,20810
10801,23378
10801,24064
10802,1048
10802,3100
10802,5011
10802,9787
10802,13828
10802,15072
10802,16240
10802,19882
10802,23260
10802,23345
10803,1389
10803,7077
10803,21679
10803,24290
10804,729
10804,3129
10804,5078
10804,6091
10804,7106
10804,10969
10804,12717
10804,14434
10804,18911
10804,19149
10804,21942
10805,5872
10805,6094
10805,7526
10805,7770
10805,8404
10805,13844
10805,17242
10805,22043
10805,23110
10805,23179
10806,275
10806,1420
10806,4140
10806,6581
10806,7069
10806,9439
10806,14284
10806,16912
10806,16956
10806,22614
10806,22863
10806,24183
10807,256
10807,2215
10807,16014
10807,17496
10807,20752
10807,21748
10807,23270
10808,376
10808,2347
10808,2750
10808,3257
10808,3560
10808,5309
10808,5503
10808,6304
10808,9707
10808,10360
10808,13934
10808,21416
10808,21775
10808,23488
10808,23798
10809,99
10809,1670
10809,4658
10809,4749
10809,5507
10809,5599
10809,6004
10809,6458
10809,7172
10809,10452
10809,11911
10809,11930
10809,15103
10809,15953
10810,2018
10810,2384
10810,2551
10810,7696
10810,7798
10810,7799
10810,7918
10810,19589
10810,20800
10810,24710
10811,1473
10811,2468
10811,7350
10811,15079
10811,15839
10811,16310
10811,17503
10811,18243
10811,19063
10811,20281
10811,23965
10811,23966
10812,5244
10812,5255
10812,5543
10812,5799
10812,6113
10812,8389
10812,9389
10812,12507
10812,12791
10812,13951
10812,16078
10812,16729
10812,17078
10812,18335
10812,20877
10812,23683
10813,474
10813,1369
10813,3161
10813,4717
10813,5745
10813,8304
10813,8476
10813,12242
10813,17407
10813,18040
10813,19604
10813,20027
10813,20352
10813,21268
10813,21290
10814,2961
10814,3667
10814,6221
10814,7413
10814,8166
10814,10167
10814,12907
10814,14101
10814,18007
10814,22448
10815,15
10815,6296
10815,9414
10815,10559
10815,11402
10815,12191
10815,16426
10815,17165
10815,17626
10815,17917
10815,20433
10815,21237
10815,22611
10815,23452
10816,3614
10816,4692
10816,11358
10816,11659
10816,12313
10816,15709
10816,15980
10816,22203
10816,22327
10816,23686
10817,401
10817,490
10817,7400
10817,7580
10817,10936
10817,11777
10817,13950
10817,18202
10817,19642
10817,19788
10817,20424
10817,20725
10817,22950
10817,23416
10817,23630
10817,24176
10818,713
10818,1436
10818,21426
10818,24080
10818,24596
10818,24597
10819,1477
10819,1682
10819,3220
10819,4348
10819,4619
10819,4674
10819,4834
10819,5144
10819,5795
10819,7001
10819,7968
10819,8077
10819,9296
10819,9958
10819,10899
10819,10927
10819,11842
10820,520
10820,4503
10820,6909
10820,11480
10820,13598
10820,13950
10820,13991
10820,14373
10820,16768
10820,18096
10821,591
10821,890
10821,5958
10821,7759
10821,8539
10821,15614
10821,15718
10821,16125
10821,20266
10821,20309
10822,139
10822,912
10822,1529
10822,2980
10822,3703
10822,4641
10822,4740
10822,10989
10822,14163
10822,17354
10822,19686
10822,20910
10822,22314
10822,23193
10823,346
10823,395
10823,847
10823,1505
10823,2373
10823,5658
10823,6492
10823,8748
10823,10453
10823,10671
10823,11816
10823,12606
10823,19244
10823,19478
10823,19926
10823,20899
10823,23213
10824,84
10824,1802
10824,5805
10824,7697
10824,7736
10824,9198
10824,10275
10824,11798
10824,18485
10824,23637
10824,24103
10825,286
10825,419
10825,1383
10825,1491
10825,3094
10825,4513
10825,4637
10825,6639
10825,8972
10825,8985
10825,9853
10825,14829
10825,15133
10825,17770
10825,18985
10825,19383
10825,22455
10825,22809
10826,612
10826,1148
10826,1149
10826,2710
10826,3394
10826,4415
10826,4429
10826,4956
10826,7037
10826,8204
10826,8240
10826,10271
10826,10273
10826,10892
10826,11586
10826,11726
10826,11953
10826,12477
10826,12667
10826,12743
10827,1571
10827,2055
10827,3978
10827,4750
10827,4951
10827,6835
10827,7410
10827,9126
10827,9595
10827,14709
10827,17350
10827,19748
10827,20600
10827,21116
10827,21320
10827,21474
10828,2627
10828,6390
10828,7052
10828,9676
10828,11370
10828,17352
10828,21141
10828,21681
10828,23806
10828,23814
10829,2109
10829,2654
10829,2783
10829,3534
10829,3604
10829,4327
10829,11563
10829,14447
10829,18004
10829,22819
10830,6603
10830,7353
10830,10491
10830,23069
10831,8315
10831,8815
10831,9640
10831,10930
10831,16005
10831,18573
10831,19545
10831,19832
10831,19873
10831,23953
10832,5855
10832,9718
10832,11338
10832,12064
10832,22059
10833,13175
10833,24746
10834,54
10834,97
10834,220
10834,1778
10834,2089
10834,9170
10834,12805
10834,14758
10834,15300
10834,15301
10834,17599
10834,18655
10834,19027
10834,19383
10834,19557
10834,19576
10834,21005
10834,20772
10835,2115
10835,2620
10835,3835
10835,5796
10835,10019
10835,12225
10835,16271
10835,16444
10835,22013
10835,23534
10836,1989
10836,4478
10836,4690
10836,6279
10836,8561
10836,10814
10836,13478
10836,14956
10837,1701
10837,2605
10837,2638
10837,4306
10837,6605
10837,10772
10837,14975
10837,15797
10837,17193
10837,22241
10838,5008
10838,5097
10838,5194
10838,6599
10838,8451
10838,8532
10838,8536
10838,14940
10838,15474
10838,17054
10838,18101
10838,19372
10838,19902
10838,23779
10839,2530
10839,6398
10839,14003
10839,16898
10839,17149
10839,17751
10839,18086
10839,18505
10839,21515
10839,23000
10841,9829
10841,10964
10841,11043
10841,14009
10841,14621
10841,15936
10841,17435
10841,18168
10841,18959
10841,23066
10841,23723
10842,1810
10842,3030
10842,5291
10842,7077
10842,7170
10842,7324
10842,9331
10842,11624
10842,13769
10842,16783
10842,23834
10844,1945
10844,2049
10844,2580
10844,3703
10844,4451
10844,5547
10844,10329
10844,11536
10844,11867
10844,13306
10844,14537
10844,17377
10844,19568
10844,20256
10844,22261
10845,642
10845,809
10845,1884
10845,4220
10845,6400
10845,6640
10845,8764
10845,9158
10845,10126
10845,12114
10845,12357
10845,13032
10845,14276
10845,14449
10845,14935
10845,21309
10845,22906
10846,897
10846,1460
10846,14755
10846,14877
10846,15972
10846,18577
10846,22057
10846,22862
10847,1443
10847,2353
10847,9652
10847,13009
10847,14536
10847,14690
10847,19207
10847,21443
10847,21444
10847,23826
10847,24037
10848,1862
10848,3780
10848,5071
10848,7786
10848,10397
10848,11578
10848,15317
10848,16286
10848,16807
10848,17936
10848,18108
10848,18896
10848,20731
10848,23137
10849,1687
10849,2833
10849,3290
10849,5939
10849,6157
10849,6161
10849,14005
10849,15703
10849,23157
10850,5806
10850,12349
10850,16581
10851,594
10851,648
10851,1292
10851,7484
10851,8011
10851,8416
10851,10212
10851,12086
10851,12568
10851,18355
10851,21023
10853,347
10853,2372
10853,3898
10853,4265
10853,5230
10853,6151
10853,8912
10853,9820
10853,10236
10853,10623
10853,10684
10853,11118
10853,11784
10853,15684
10853,16835
10853,19776
10853,24019
10854,140
10854,784
10854,13740
10854,16245
10854,16260
10854,18195
10854,20015
10854,20206
10854,22093
10854,23203
10855,1293
10855,2224
10855,2657
10855,12706
10855,14590
10855,17721
10855,19402
10855,20761
10855,23943
10855,24813
10856,327
10856,1445
10856,3088
10856,10264
10856,12949
10856,15497
10856,17251
10856,18732
10856,23375
10856,24213
10857,35
10857,5426
10857,6144
10857,8245
10857,15960
10857,20224
10858,2190
10858,3058
10858,9190
10858,9876
10858,15306
10858,16405
10858,17301
10858,17318
10858,17492
10858,22676
10859,122
10859,267
10859,2861
10859,4211
10859,5219
10859,5261
10859,5441
10859,6645
10859,7248
10859,16256
10859,23151
10859,23768
10859,23820
10859,24771
10860,87
10860,1408
10860,4838
10860,7489
10860,7538
10860,7779
10860,8489
10860,8502
10860,8829
10860,10068
10860,14250
10860,14656
10860,17649
10860,19478
10860,19614
10861,9563
10861,12778
10861,19653
10862,3180
10862,4412
10862,11993
10862,13249
10862,15430
10862,15452
10862,18587
10862,20039
10862,20707
10862,24375
10863,908
10863,4216
10863,5996
10863,9965
10863,10214
10863,11157
10863,12606
10863,12618
10863,12672
10863,13947
10863,17356
10863,20748
10863,24373
10864,3726
10864,7700
10864,10931
10864,10993
10864,14532
10864,14538
10864,15521
10864,17408
10864,18205
10864,20543
10864,22664
10864,23638
10865,4898
10865,5360
10865,9580
10865,10328
10865,12536
10865,14807
10865,18170
10865,19117
10865,19315
10865,21155
10865,22108
10865,23215
10866,168
10866,4340
10866,6148
10866,10576
10866,10655
10866,17705
10866,19582
10866,21952
10866,22170
10866,22934
10866,23331
10867,832
10867,1121
10867,2028
10867,2029
10867,3090
10867,3693
10867,6905
10867,8419
10867,8504
10867,8686
10867,9018
10867,13046
10867,14207
10867,14548
10867,16754
10867,18186
10867,18187
10867,20923
10868,406
10868,1939
10868,9412
10868,9413
10868,13679
10868,19822
10868,19861
10868,20072
10868,22670
10868,22951
10869,307
10869,1257
10869,3514
10869,5176
10869,13697
10869,14185
10869,20601
10869,21129
10869,21518
10869,22802
10870,606
10870,8237
10870,9962
10870,13678
10870,14744
10870,18642
10870,19955
10870,22449
10870,22817
10870,23035
10871,646
10871,7414
10871,11179
10871,12230
10871,13904
10871,17968
10871,18844
10871,19201
10872,6181
10872,12092
10872,12240
10872,15232
10872,16585
10872,17880
10872,18588
10872,20463
10872,20859
10872,22337
10873,2305
10873,2983
10873,3096
10873,3707
10873,5733
10873,7028
10873,7532
10873,8145
10873,9055
10873,13949
10873,14062
10873,22554
10873,22928
10873,23938
10874,5837
10874,9247
10874,10049
10874,15181
10874,17693
10874,18430
10874,19713
10874,20444
10874,20554
10874,21959
10875,11699
10875,24736
10876,972
10876,1382
10876,2222
10876,2276
10876,3509
10876,5811
10876,9243
10876,9448
10876,12434
10876,13216
10876,13458
10876,16960
10876,18129
10876,18404
10876,19154
10877,2110
10877,2112
10877,2778
10877,7031
10877,9225
10877,13605
10877,14318
10877,16687
10877,17229
10877,20905
10877,23536
10877,24156
10877,24245
10878,3585
10878,3610
10878,4198
10878,7240
10878,7254
10878,9616
10878,11504
10878,12060
10878,14322
10878,15842
10878,20033
10878,21117
10878,21344
10878,22364
10878,22540
10879,1818
10879,2123
10879,4557
10879,6753
10879,12061
10879,12179
10879,16378
10879,16470
10879,17926
10879,24458
10880,2234
10880,2249
10880,2444
10880,5460
10880,7559
10880,9367
10880,12697
10880,15144
10880,16003
10880,17486
10880,22411
10880,22759
10880,24094
10881,85
10881,7926
10881,8766
10881,12874
10881,17530
10881,20815
10882,2262
10882,8179
10882,12605
10882,16711
10882,19481
10882,24188
10883,2647
10883,9430
10883,13686
10883,14023
10883,14735
10883,18700
10883,22640
10883,24109
10883,24516
10883,24518
10884,274
10884,1747
10884,5290
10884,9583
10884,10452
10884,12043
10884,13745
10884,13832
10884,15808
10884,16761
10884,18738
10884,19491
10884,19869
10884,20515
10884,23338
10884,23798
10884,24176
10885,961
10885,2327
10885,4395
10885,4829
10885,7051
10885,11369
10885,12577
10885,13373
10885,16256
10885,17138
10885,19796
10885,20969
10885,22608
10885,24140
10886,400
10886,1592
10886,3008
10886,4361
10886,8287
10886,11320
10886,11648
10886,11817
10886,21189
10886,22336
10887,1943
10887,5890
10887,9099
10887,14428
10887,16115
10887,24055
10887,24730
10888,5391
10888,5501
10888,6709
10888,9695
10888,9799
10888,12472
10888,14927
10888,16991
10888,22480
10888,23521
10888,23769
10889,813
10889,2177
10889,5422
10889,5600
10889,6428
10889,6435
10889,11107
10889,11181
10889,13922
10889,14521
10889,15986
10889,20221
10889,22891
10890,2422
10890,3105
10890,6094
10890,7841
10890,11313
10890,13554
10890,14086
10890,20297
10890,23827
10890,24148
10891,1535
10891,2630
10891,2761
10891,2942
10891,3137
10891,3167
10891,4008
10891,6246
10891,7352
10891,9262
10891,12577
10891,12977
10891,14373
10891,15206
10891,16039
10891,16120
10891,18672
10891,19574
10892,431
10892,1656
10892,4819
10892,7294
10892,11108
10892,12189
10892,13058
10892,13840
10892,14540
10892,22850
10892,23809
10893,998
10893,2064
10893,2382
10893,2503
10893,2652
10893,4802
10893,5000
10893,5771
10893,6851
10893,7974
10893,11498
10893,13960
10893,14279
10893,16251
10893,16436
10893,16533
10893,17311
10894,1355
10894,3898
10894,4585
10894,5377
10894,9755
10894,10375
10894,12893
10894,13031
10894,14454
10894,21018
10894,23806
10895,2704
10895,3544
10895,4323
10895,13937
10895,14583
10895,14648
10895,18209
10896,2750
10896,3990
10896,4425
10896,4442
10896,4489
10896,5902
10896,7216
10896,8755
10896,11212
10896,12002
10896,12747
10896,15796
10896,18051
10896,19900
10896,22837
10896,22891
10897,247
10897,383
10897,5327
10897,7145
10897,9874
10897,10336
10897,12376
10897,12494
10897,14371
10897,21831
10898,866
10898,6675
10898,7082
10898,8721
10898,8881
10898,14354
10898,17377
10898,17793
10898,18516
10898,18818
10898,18870
10898,20110
10898,22725
10899,1006
10899,1627
10899,2630
10899,2676
10899,3031
10899,4564
10899,5073
10899,5544
10899,5581
10899,7263
10899,11754
10899,12984
10899,16153
10899,17622
10900,887
10900,4010
10900,4399
10900,5266
10900,6280
10900,6844
10900,9870
10900,10535
10900,14707
10900,15192
10900,17948
10900,19080
10900,20502
10900,21239
10901,2496
10901,6763
10901,7285
10901,9633
10901,11959
10901,18212
10901,18307
10901,20901
10901,22249
10901,23519
10902,746
10902,5389
10902,5600
10902,10635
10902,11030
10902,11369
10902,13078
10902,13345
10902,18004
10902,18816
10903,294
10903,515
10903,586
10903,1572
10903,1881
10903,3744
10903,7963
10903,8646
10903,10257
10903,16126
10903,16314
10903,18035
10903,18038
10903,18545
10903,19571
10903,20862
10904,1046
10904,1065
10904,2609
10904,3391
10904,3829
10904,6585
10904,8231
10904,13130
10904,16534
10904,24229
10905,5089
10905,8730
10905,10185
10905,12066
10905,12303
10905,13585
10905,15034
10905,15872
10905,16035
10905,19706
10905,19743
10906,2872
10907,182
10907,4686
10907,5290
10907,5441
10907,6793
10907,7865
10907,7920
10907,10055
10907,10446
10907,10926
10907,13233
10907,14443
10907,16746
10907,16862
10907,18079
10907,19338
10907,19360
10908,2027
10908,7624
10908,8296
10908,8779
10908,8904
10908,9716
10908,14549
10908,15048
10908,16620
10908,16648
10908,16993
10908,21284
10908,23856
10909,3823
10909,5378
10909,8347
10909,12701
10909,12433
10909,12526
10909,13376
10909,14601
10909,18169
10909,18758
10909,19923
10909,20843
10909,22006
10909,23122
10909,24070
10910,78
10910,2407
10910,6102
10910,9859
10910,10780
10910,13908
10910,15169
10910,19650
10910,22326
10910,24822
10911,257
10911,1801
10911,7651
10911,9695
10911,15797
10911,18429
10911,18460
10911,19674
10911,20612
10912,1294
10912,5191
10912,5347
10912,6611
10912,7418
10912,7619
10912,8263
10912,13705
10912,14368
10912,16567
10912,17262
10912,17734
10912,20129
10912,23416
10912,23554
10912,23666
10913,5652
10913,6608
10913,6815
10913,8078
10913,9364
10913,14199
10913,14348
10913,15119
10913,15372
10913,16572
10913,17451
10913,17798
10913,20438
10913,22073
10914,402
10914,4327
10914,4903
10914,5369
10914,10555
10914,11121
10914,12045
10914,13294
10914,16845
10914,18623
10914,18789
10914,20114
10914,21971
10914,23275
10915,7701
10915,14484
10915,21308
10915,22985
10915,24082
10916,4221
10916,4731
10916,7043
10916,11190
10916,11939
10916,13105
10916,13864
10916,17711
10916,20896
10916,21554
10916,21920
10916,23588
10917,1917
10917,3188
10917,4305
10917,6234
10917,8733
10917,9526
10917,13135
10917,13768
10917,13985
10917,14269
10917,18120
10917,24464
10918,1002
10918,1586
10918,4761
10918,7191
10918,8944
10918,9656
10918,9969
10918,12167
10918,13423
10918,14124
10918,15495
10918,18027
10918,18778
10918,20788
10918,22569
10919,1891
10919,2327
10919,2830
10919,3862
10919,4740
10919,10023
10919,11318
10919,11348
10919,13177
10919,14806
10919,16036
10919,16164
10919,17470
10919,19791
10919,20321
10919,21932
10919,23159
10919,23334
10919,23852
10920,5645
10920,6391
10920,12092
10920,17102
10920,18639
10920,19034
10920,19341
10920,22291
10920,22836
10920,22839
10921,1680
10921,8011
10921,13294
10921,16144
10921,16425
10921,16493
10921,17005
10921,17649
10921,20118
10921,21389
10921,21627
10921,24251
10922,2756
10922,5145
10922,5221
10922,5872
10922,6094
10922,9135
10922,13825
10922,15254
10922,17514
10922,17988
10922,18481
10922,24850
10922,19685
10922,22762
10922,23328
10923,2048
10923,3231
10923,4835
10923,5836
10923,6714
10923,8253
10923,10332
10923,11107
10923,11645
10923,13537
10923,14367
10923,14842
10923,15001
10923,18808
10923,20560
10923,21556
10923,22959
10923,23524
10923,23799
10924,1272
10924,2700
10924,8840
10924,10099
10924,10849
10924,15455
10924,17589
10924,18527
10924,19218
10924,23980
10925,3504
10925,4932
10925,6551
10925,8318
10925,9008
10925,11980
10925,14293
10925,15544
10925,21472
10925,21781
10925,23092
10925,24397
10925,24446
10926,525
10926,2600
10926,5626
10926,7327
10926,7925
10926,17826
10926,18428
10926,18430
10926,20476
10926,21358
10927,3080
10927,3084
10927,6345
10927,7225
10927,9945
10927,10614
10927,11620
10927,19703
10927,19815
10927,22955
10928,481
10928,2327
10928,2655
10928,3924
10928,5388
10928,8349
10928,9942
10928,11933
10928,13254
10928,14966
10928,18790
10928,20547
10928,21017
10928,22966
10930,726
10930,1769
10930,3270
10930,4714
10930,7598
10930,9032
10930,13415
10930,18390
10930,19166
10930,22620
10932,1069
10932,1135
10932,1911
10932,5139
10932,8258
10932,8344
10932,15340
10932,19559
10932,21711
10932,23830
10933,2275
10933,3149
10933,3740
10933,3831
10933,4076
10933,4621
10933,4654
10933,6897
10933,11839
10933,12459
10933,13144
10933,13954
10933,15877
10933,16992
10933,21511
10933,21917
10933,22865
10934,2437
10934,10445
10934,12244
10934,15365
10934,19458
10934,21223
10934,21597
10934,22214
10934,24264
10935,2411
10935,3265
10935,5679
10935,9116
10935,11037
10935,11964
10935,12661
10935,15865
10935,21964
10935,22217
10936,3889
10936,3903
10936,5290
10936,7088
10936,7851
10936,11149
10936,11355
10936,22197
10936,24176
10936,24773
10937,23129
10938,1574
10938,2260
10938,4388
10938,7375
10938,12496
10938,16635
10938,18302
10938,18319
10938,21706
10938,23727
10939,2081
10939,2296
10939,3909
10939,24838
10939,7642
10939,7921
10939,9214
10939,10969
10939,10995
10939,12057
10939,12488
10939,12604
10939,14333
10939,16466
10939,17671
10939,22811
10939,23516
10940,13310
10940,14346
10940,16256
10940,21095
10941,1079
10941,1155
10941,2570
10941,4956
10941,6270
10941,8240
10941,9323
10941,10576
10941,10667
10941,20297
10942,5978
10942,7917
10942,11866
10942,14132
10942,14854
10942,16499
10942,17839
10942,21496
10942,21626
10942,23249
10942,24379
10943,76
10943,1974
10943,6604
10943,9887
10943,10262
10943,12168
10943,16678
10943,24854
10943,21845
10943,22774
10944,431
10944,2878
10944,3188
10944,3192
10944,4214
10944,11582
10944,11968
10944,13384
10944,13615
10944,17705
10944,17714
10944,18895
10944,21544
10944,22250
10945,358
10945,469
10945,1608
10945,1677
10945,3973
10945,9046
10945,10042
10945,11471
10945,12555
10945,14524
10945,18532
10945,20806
10946,1437
10946,1552
10946,1854
10946,2652
10946,2710
10946,5690
10946,6934
10946,7264
10946,7661
10946,8076
10946,10413
10946,11259
10946,11990
10946,13619
10946,15755
10946,16578
10946,17159
10947,1909
10947,6752
10947,7458
10947,11858
10947,12763
10947,14891
10947,19804
10947,20338
10947,20490
10947,22546
10948,2465
10948,5952
10948,7932
10948,13538
10948,17602
10948,19102
10948,19972
10948,22232
10949,1652
10949,5142
10949,10601
10949,11172
10949,15221
10949,18338
10950,2398
10950,4244
10950,4629
10950,5828
10950,6682
10950,12936
10950,13469
10950,15574
10950,19825
10950,21671
10951,185
10951,934
10951,1803
10951,2459
10951,4113
10951,5025
10951,7336
10951,8464
10951,8784
10951,10204
10951,12785
10951,13410
10951,14521
10951,16885
10951,16914
10951,16947
10951,19754
10951,22353
10952,172
10952,570
10952,1941
10952,2894
10952,3004
10952,3079
10952,4634
10952,4914
10952,4956
10952,7413
10952,8227
10952,9524
10952,9971
10952,13735
10952,16450
10952,16769
10952,17892
10952,18621
10953,3646
10953,4013
10953,6893
10953,7042
10953,9294
10953,9689
10953,10301
10953,11544
10953,17990
10953,18449
10953,23062
10953,23414
10954,2803
10954,3736
10954,5579
10954,5895
10954,6710
10954,8050
10954,10320
10954,11328
10954,11512
10954,12376
10954,13427
10954,15028
10954,15624
10954,18113
10954,20629
10955,1505
10955,1590
10955,1737
10955,3712
10955,7477
10955,9657
10955,11394
10955,13116
10955,13822
10955,14270
10955,14271
10955,18524
10955,19886
10955,20354
10955,22927
10955,23220
10956,2486
10956,5038
10956,5312
10956,5528
10956,6070
10956,7506
10956,11066
10956,12031
10956,14175
10956,19874
10956,23883
10957,723
10957,1916
10957,3321
10957,5355
10957,6094
10957,6844
10957,7473
10957,11217
10957,12476
10957,13844
10957,13950
10957,17167
10957,19733
10957,21735
10957,22785
10957,23788
10957,24769
10958,3533
10958,3594
10958,4132
10958,6406
10958,9639
10958,9925
10958,10469
10958,10983
10958,11280
10958,12736
10958,13772
10958,14714
10958,14824
10958,16602
10958,16887
10958,18769
10958,20769
10959,3898
10959,4394
10959,5073
10959,5373
10959,7163
10959,9407
10959,9709
10959,13499
10959,14516
10959,16985
10959,20873
10959,23856
10959,23977
10960,314
10960,6257
10960,8125
10960,9897
10960,12393
10960,15712
10960,21854
10960,22053
10960,23704
10961,5522
10961,6035
10961,6277
10961,8078
10961,10075
10961,17345
10961,19333
10961,19494
10961,21974
10961,24062
10962,4514
10962,5585
10962,5981
10962,10482
10962,13671
10962,15450
10962,17375
10962,17596
10962,20773
10962,24429
10963,1143
10963,1966
10963,2313
10963,4867
10963,5761
10963,15982
10963,17932
10963,19132
10963,20100
10964,2499
10964,2866
10964,3893
10964,4010
10964,4544
10964,5091
10964,5521
10964,6347
10964,6618
10964,8625
10964,10535
10964,10909
10964,13078
10964,13515
10964,15710
10964,24308
10965,523
10965,11129
10965,15335
10965,16058
10965,21151
10965,21794
10965,21886
10965,22962
10965,22963
10965,23618
10966,190
10967,539
10967,1025
10967,2604
10967,8147
10967,10032
10967,11618
10967,13998
10967,14534
10967,14762
10967,17613
10967,22146
10967,22675
10968,1158
10968,1585
10968,4143
10968,4743
10968,6356
10968,7266
10968,8337
10968,15607
10968,15847
10968,15886
10968,18311
10968,18806
10968,20196
10968,20528
10968,21490
10969,2484
10969,10951
10969,11303
10969,14708
10969,18871
10969,19347
10969,19872
10969,20738
10969,22949
10969,24691
10970,2450
10970,4960
10970,7138
10970,9886
10970,12749
10970,16275
10970,16786
10970,19817
10970,20058
10970,24372
10971,2328
10971,3961
10971,8062
10971,8309
10971,12694
10971,16407
10971,15661
10971,16362
10971,16555
10971,17487
10971,18306
10971,23899
10972,3021
10972,10622
10972,16538
10972,16541
10972,16545
10972,18344
10972,19337
10972,21087
10972,21501
10972,23680
10973,1946
10973,1949
10973,4077
10973,4897
10973,7866
10973,9793
10973,14549
10973,15243
10973,19431
10973,23654
10973,24045
10974,171
10974,1199
10974,1914
10974,4878
10974,10421
10974,10688
10974,10791
10974,11196
10974,11737
10974,11776
10974,18115
10974,21062
10974,21306
10974,21325
10975,1566
10975,4303
10975,5048
10975,5445
10975,12107
10975,13779
10975,21705
10975,22251
10975,22483
10975,24243
10976,10680
10976,20644
10976,21578
10977,806
10977,1314
10977,5454
10977,6333
10977,6837
10977,6839
10977,7065
10977,8644
10977,22134
10977,22148
10978,7089
10978,9230
10978,11571
10978,11744
10978,15825
10978,19772
10979,2428
10979,3059
10979,3553
10979,10721
10979,13988
10979,15811
10979,18324
10979,18497
10979,20238
10979,21121
10980,1345
10980,1349
10980,4324
10980,6114
10980,6329
10980,6436
10980,6813
10980,7066
10980,7649
10980,8617
10980,8618
10980,9667
10980,12517
10980,13692
10980,15337
10980,15747
10981,4403
10981,6848
10981,6875
10981,9072
10981,11583
10981,12410
10981,12540
10981,17156
10981,17415
10981,18014
10981,18771
10981,18894
10981,19999
10981,20599
10982,2336
10982,2372
10982,6767
10982,13667
10982,13975
10982,19021
10982,21089
10982,23437
10982,24294
10982,24709
10983,1644
10983,5295
10983,5388
10983,21279
10983,21496
10983,23423
10984,73
10984,407
10984,421
10984,550
10984,3498
10984,5213
10984,9408
10984,12619
10984,12738
10984,17799
10984,21060
10984,21207
10984,24554
10984,24660
10985,4298
10985,5434
10985,9424
10985,11232
10985,11560
10985,12197
10985,14032
10985,14410
10985,14998
10985,16152
10985,16478
10985,16494
10985,21889
10985,22624
10986,326
10986,1270
10986,1456
10986,2913
10986,3460
10986,8706
10986,9938
10986,10123
10986,15936
10987,2532
10987,4742
10987,5563
10987,6075
10987,6859
10987,14148
10987,14157
10987,16071
10987,18953
10987,22534
10987,24179
10988,4602
10988,5526
10988,5738
10988,7155
10988,7636
10988,7928
10988,7995
10988,11341
10988,11444
10988,11929
10988,14569
10988,18294
10989,2735
10989,3026
10989,5180
10989,6719
10989,9509
10989,11879
10989,11949
10989,12626
10989,19928
10989,22491
10989,24170
10990,2802
10990,6690
10990,8078
10990,12588
10990,18266
10990,18790
10990,20496
10990,23118
10990,23185
10990,24050
10991,4640
10991,9487
10991,13674
10991,14559
10991,21680
10991,21779
10991,24453
10992,658
10992,1059
10992,7671
10992,10023
10992,10399
10992,10426
10992,12840
10992,16830
10992,17677
10992,19875
10993,1041
10993,1281
10993,1559
10993,1575
10993,1853
10993,2659
10993,2740
10993,4973
10993,7902
10993,8672
10993,9728
10993,10492
10993,10496
10993,11223
10993,12880
10993,13766
10993,14356
10994,8960
10994,9371
10994,24475
10994,24500
10995,481
10995,5492
10995,6963
10995,7292
10995,13867
10995,13935
10995,18911
10995,20142
10995,21094
10995,23450
10996,3733
10996,4039
10996,8191
10996,8655
10996,12240
10996,16766
10996,17138
10996,19728
10996,22250
10996,24017
10997,125
10997,1122
10997,3638
10997,5585
10997,7068
10997,8711
10997,12090
10997,12761
10997,13337
10997,13831
10997,14406
10997,17810
10997,18368
10997,21772
10997,21806
10997,21936
10997,23941
10998,132
10998,1319
10998,4658
10998,7465
10998,15952
10998,17387
10998,18699
10998,20261
10998,24149
10998,24662
10998,24774
10999,2034
10999,5413
10999,6703
10999,8949
10999,9739
10999,21780
10999,22549
10999,24837
10999,24857
10999,24858
11000,96
11000,255
11000,2088
11000,6057
11000,13612
11000,13777
11000,15332
11000,17834
11000,19356
11000,22446
11001,62
11001,629
11001,2541
11001,2953
11001,4214
11001,4459
11001,4944
11001,5540
11001,6548
11001,7336
11001,8073
11001,11761
11001,15219
11001,16394
11001,16859
11001,18336
11001,18429
11001,21197
11001,21915
11002,2183
11002,3321
11002,9048
11002,15595
11002,16250
11002,16707
11002,18437
11002,19747
11002,21975
11002,22461
11003,64
11003,1776
11003,1801
11003,2943
11003,4414
11003,5860
11003,6350
11003,6712
11003,10965
11003,14826
11003,19933
11003,20711
11003,21616
11004,280
11004,2079
11004,3250
11004,3627
11004,4936
11004,8395
11004,8905
11004,10034
11004,10128
11004,10443
11004,11500
11004,14116
11004,14993
11004,15062
11004,15743
11004,16651
11004,19522
11004,22178
11004,23265
11005,2278
11005,3301
11005,7143
11005,10030
11005,11871
11005,12899
11005,13425
11005,18488
11005,22034
11005,23082
11006,2473
11006,2886
11006,11455
11006,13448
11006,14028
11006,14874
11006,19005
11006,21577
11006,21686
11006,23113
11007,683
11007,1390
11007,3917
11007,4920
11007,10564
11007,10681
11007,10864
11007,11871
11007,12058
11007,12787
11007,15915
11007,16390
11007,17672
11007,17982
11007,18680
11008,543
11008,3720
11008,6511
11008,10928
11008,10993
11008,11001
11008,11280
11008,11699
11008,13273
11008,13274
11008,17122
11008,18810
11008,19563
11008,20270
11008,23144
11008,24317
11009,5880
11009,6000
11009,9529
11009,9606
11009,10987
11009,14497
11009,16325
11009,16707
11009,19174
11009,22120
11009,23347
11010,4369
11010,5441
11010,5545
11010,10012
11010,10325
11010,11092
11010,11315
11010,11351
11010,19743
11010,19778
11011,6387
11011,8445
11011,12160
11011,14165
11011,18125
11011,23780
11011,24090
11011,24599
11011,24754
11012,9952
11013,119
11013,1837
11013,3142
11013,4732
11013,8376
11013,9167
11013,13112
11013,16290
11013,19812
11013,21399
11014,450
11014,8850
11014,10177
11014,13303
11014,16261
11014,17505
11014,19049
11014,20367
11014,20436
11014,24547
11014,24588
11015,155
11015,804
11015,1112
11015,5872
11015,7033
11015,9435
11015,11238
11015,11740
11015,14783
11015,15585
11015,19105
11015,20508
11015,22859
11016,7361
11016,8930
11016,9221
11016,10475
11016,11625
11016,13493
11016,16753
11016,17826
11016,22626
11016,22747
11017,619
11017,2285
11017,9450
11017,10686
11017,10911
11017,12190
11017,14188
11017,15115
11017,17913
11017,21264
11018,1561
11018,3980
11018,7365
11018,14031
11018,15098
11018,15363
11018,15466
11018,15667
11018,16139
11018,17537
11018,18676
11019,1222
11019,5636
11019,7032
11019,8261
11019,9424
11019,15132
11019,16287
11019,16686
11019,18265
11019,18505
11019,20946
11019,23000
11019,23118
11020,1247
11020,7857
11020,8917
11020,10861
11020,12385
11020,13028
11020,15733
11020,17689
11020,18734
11020,20527
11020,21059
11020,23309
11020,23811
11021,1115
11021,1730
11021,3848
11021,4577
11021,4999
11021,5316
11021,5882
11021,10764
11021,14043
11021,18233
11021,18956
11021,20427
11021,21115
11021,21438
11021,23811
11022,1128
11022,4544
11022,7103
11022,7241
11022,9441
11022,9776
11022,12998
11022,13231
11022,14865
11022,15664
11022,17429
11022,21623
11022,23010
11022,23748
11023,509
11023,1329
11023,1695
11023,8892
11023,14008
11023,15254
11023,18049
11023,18144
11023,18498
11023,20380
11024,830
11024,4420
11024,4653
11024,5323
11024,6744
11024,11841
11024,12715
11024,14265
11024,15744
11024,16347
11024,17413
11024,17816
11024,20987
11024,24793
11025,4930
11025,6469
11025,7665
11025,9848
11025,11301
11025,11712
11025,18507
11025,19763
11025,20109
11025,22956
11026,2044
11026,2315
11026,2449
11026,3438
11026,4361
11026,4801
11026,7666
11026,11936
11026,18218
11026,21406
11027,5196
11027,13484
11027,13494
11027,17135
11027,17659
11027,18249
11027,18263
11027,18264
11027,19561
11027,21477
11027,22776
11028,1155
11028,1620
11028,1810
11028,2588
11028,3321
11028,5976
11028,6264
11028,6476
11028,8077
11028,8296
11028,10844
11028,11002
11028,12514
11028,14716
11028,15625
11028,24370
11029,905
11029,2421
11029,5621
11029,6823
11029,13136
11029,15312
11029,17326
11029,17327
11029,19352
11029,20842
11029,21478
11029,21481
11029,24751
11030,358
11030,1536
11030,3073
11030,7848
11030,10254
11030,10364
11030,11899
11030,14066
11030,14785
11030,16431
11030,17945
11030,23488
11030,23670
11031,463
11031,1815
11031,2107
11031,3892
11031,5259
11031,5608
11031,6235
11031,11467
11031,12903
11031,13025
11031,15109
11031,17939
11031,18586
11031,19077
11031,19890
11031,21900
11031,22131
11031,23423
11032,1076
11032,4175
11032,5648
11032,8017
11032,8639
11032,10722
11032,12827
11032,15979
11032,19298
11032,21125
11032,22567
11032,23414
11032,24236
11032,24663
11034,1252
11034,5587
11034,6296
11034,6924
11034,7816
11034,17376
11034,17593
11034,18712
11034,20272
11034,24713
11035,4826
11035,6369
11035,7040
11035,9704
11035,10167
11035,15239
11035,16450
11035,21307
11035,22188
11035,22433
11036,2032
11036,2065
11036,6425
11036,7900
11036,8070
11036,8124
11036,18955
11036,19229
11036,19746
11036,22539
11037,2533
11037,3445
11037,7338
11037,8370
11037,10341
11037,11080
11037,11540
11037,11812
11037,12427
11037,13195
11037,15950
11037,16258
11037,20875
11037,24316
11039,1796
11039,3441
11039,4365
11039,5354
11039,6143
11039,7809
11039,8009
11039,9791
11039,11384
11039,17042
11039,17768
11039,19696
11039,22296
11040,2138
11040,2443
11040,2951
11040,3321
11040,4699
11040,6368
11040,7172
11040,11757
11040,14127
11040,15515
11040,17166
11040,18217
11040,18364
11040,21239
11040,21667
11040,21795
11040,24158
11041,109
11041,131
11041,2710
11041,4325
11041,7170
11041,7269
11041,7273
11041,7651
11041,8522
11041,9173
11041,10451
11041,11571
11041,11785
11041,11854
11041,12982
11041,13161
11041,13615
11041,14618
11041,15853
11042,5703
11042,5844
11042,8278
11042,12543
11042,17302
11042,21665
11043,710
11043,3037
11043,9016
11043,12212
11043,13799
11043,16111
11043,16851
11043,18159
11043,18203
11043,23927
11044,2376
11044,6216
11044,6717
11044,7866
11044,14424
11044,14874
11044,16412
11044,22207
11044,22683
11044,24280
11045,9494
11045,9519
11045,14457
11045,19300
11045,24568
11046,1295
11046,15177
11046,17896
11046,17897
11046,21136
11046,22935
11047,2578
11047,4137
11047,4976
11047,9751
11047,11984
11047,14266
11047,20928
11047,21877
11048,13179
11048,20178
11049,521
11049,2426
11049,6937
11049,8178
11049,8637
11049,9666
11049,12654
11049,14624
11049,16343
11049,23383
11050,6844
11050,8272
11050,9810
11050,10223
11050,12514
11050,15908
11050,16416
11050,24139
11051,1309
11051,2145
11051,4084
11051,7556
11051,9732
11051,11795
11051,12485
11051,13203
11051,14598
11051,16449
11051,17275
11051,18786
11051,19743
11051,20459
11051,20584
11051,21093
11052,980
11052,6812
11052,10263
11052,11463
11052,12774
11052,13727
11052,14479
11052,20185
11052,21546
11052,24218
11053,1712
11053,7311
11053,8048
11053,8668
11053,10123
11053,12277
11053,12435
11053,16067
11053,18922
11053,19532
11054,3001
11054,8975
11054,9138
11054,10024
11054,14562
11054,15730
11054,16752
11054,19040
11054,19245
11054,20851
11055,1979
11055,2476
11055,7847
11055,7940
11055,8542
11055,8581
11055,11002
11055,21363
11055,21438
11055,21496
11056,1163
11056,4306
11056,6648
11056,10663
11056,11452
11056,12699
11056,12737
11056,14495
11056,14706
11056,15793
11056,15857
11056,20626
11056,22028
11056,23250
11056,23331
11056,24121
11057,3786
11057,10122
11057,10213
11057,13247
11057,13596
11057,13956
11057,14394
11057,14981
11057,15076
11057,15986
11057,20183
11057,20472
11057,21270
11057,23547
11057,24003
11057,24161
11057,24671
11058,3157
11058,3444
11058,6484
11058,18481
11058,20460
11058,21214
11058,21721
11058,22968
11058,23007
11058,23867
11059,574
11059,6735
11059,7648
11059,8462
11059,17249
11059,17564
11059,18525
11059,21699
11059,22718
11059,22791
11060,282
11060,1394
11060,4752
11060,5535
11060,7454
11060,7772
11060,16322
11060,16880
11060,17913
11060,17931
11060,17969
11060,22015
11060,23976
11061,2272
11061,2544
11061,8723
11061,8885
11061,11189
11061,11533
11061,13995
11061,18632
11061,23559
11062,678
11062,1821
11062,1979
11062,4385
11062,4999
11062,5565
11062,5629
11062,5976
11062,6505
11062,8795
11062,9819
11062,11391
11062,12162
11062,12440
11062,14366
11062,14554
11062,15442
11063,379
11063,1472
11063,4907
11063,5221
11063,5241
11063,5285
11063,5872
11063,5960
11063,6395
11063,6988
11063,7659
11063,9220
11063,10316
11063,13183
11063,14296
11063,15567
11063,16465
11063,17891
11063,20514
11064,528
11064,1610
11064,4634
11064,7004
11064,7052
11064,8107
11064,10307
11064,10510
11064,14805
11064,16225
11064,20044
11065,242
11065,8181
11065,11651
11065,14476
11065,17130
11065,18198
11065,19146
11065,21486
11065,22696
11065,22716
11066,204
11066,5692
11066,7462
11066,8691
11066,9360
11066,10448
11066,15961
11066,17070
11066,17972
11066,19259
11066,19407
11066,19581
11066,20201
11066,20895
11066,23178
11067,1873
11067,3841
11067,8011
11067,8205
11067,8296
11067,8454
11067,8638
11067,16751
11067,17127
11067,17415
11067,18261
11067,19731
11067,19955
11067,20737
11067,20859
11067,20987
11067,22374
11068,803
11068,1788
11068,4562
11068,4620
11068,6024
11068,6226
11068,8035
11068,9721
11068,11748
11068,12475
11068,13436
11068,14384
11068,14521
11068,16559
11068,18803
11068,18886
11068,20324
11069,672
11069,1816
11069,3699
11069,17392
11070,5
11070,7147
11070,7897
11070,12379
11070,15644
11070,15679
11070,18836
11071,6230
11071,7237
11071,7950
11071,8507
11071,8596
11071,10025
11071,10130
11071,11339
11071,11816
11071,16394
11071,21033
11072,7580
11072,8401
11072,9262
11072,12676
11072,12859
11072,14554
11072,17282
11072,17415
11072,20081
11072,24211
11073,1632
11073,5101
11073,5408
11073,6567
11073,7678
11073,14135
11073,19189
11073,21835
11073,23754
11073,24262
11074,2265
11074,2687
11074,3457
11074,8138
11074,9837
11074,14139
11074,16566
11074,19231
11074,23758
11074,24523
11075,563
11075,6421
11075,12500
11075,12946
11075,14220
11075,15268
11075,15269
11075,23376
11075,24214
11075,24732
11076,9984
11076,12928
11076,13942
11076,15153
11076,18032
11076,22358
11076,24248
11077,637
11077,2540
11077,2714
11077,4468
11077,5991
11077,7879
11077,8073
11077,8614
11077,9111
11077,10529
11077,17105
11077,17843
11077,18003
11077,18797
11077,20430
11077,20646
11077,22310
11077,23470
11077,24170
11078,5769
11078,6283
11078,11352
11078,22878
11078,23610
11078,24685
11079,183
11079,719
11079,2749
11079,3374
11079,4643
11079,9530
11079,9676
11079,13588
11079,15538
11079,16200
11079,19724
11079,19750
11079,19761
11079,20706
11079,22825
11079,22944
11080,3420
11080,19553
11080,22639
11081,1089
11081,3698
11081,4181
11081,4875
11081,7317
11081,7846
11081,9284
11081,11351
11081,11676
11081,12075
11081,13787
11081,14411
11081,14921
11081,14996
11081,16011
11081,16864
11081,16993
11081,17759
11081,22455
11082,8818
11082,9662
11082,12189
11082,12670
11082,13242
11082,14995
11082,19259
11082,20782
11082,22009
11082,22438
11083,7056
11083,16968
11084,24836
11084,1942
11084,2022
11084,4515
11084,15004
11084,16969
11084,16994
11084,18673
11084,19712
11084,24424
11085,983
11085,1689
11085,5515
11085,5713
11085,5813
11085,7197
11085,9180
11085,10072
11085,11777
11085,17200
11085,20929
11085,21513
11085,22088
11085,22273
11086,105
11086,827
11086,836
11086,10702
11086,15396
11086,17324
11086,20470
11086,20812
11086,21497
11086,22736
11087,172
11087,1082
11087,2688
11087,4035
11087,9450
11087,14101
11087,14130
11087,14449
11087,15526
11087,15984
11087,16199
11087,16214
11087,18837
11088,3950
11088,4275
11088,8397
11088,8656
11088,9179
11088,16690
11088,16917
11088,17147
11088,19736
11088,20910
11088,21091
11088,24159
11089,4566
11089,24350
11090,1083
11090,1487
11090,3031
11090,4073
11090,5640
11090,10663
11090,12400
11090,13431
11090,13542
11090,14971
11090,18451
11090,19627
11090,21840
11090,24236
11091,1101
11091,1968
11091,2575
11091,3718
11091,4936
11091,6141
11091,10666
11091,16459
11091,17663
11091,17855
11091,17929
11091,18986
11091,20061
11091,22300
11091,22839
11091,23443
11091,23615
11092,2662
11092,3210
11092,5787
11092,6441
11092,11911
11092,12434
11092,13525
11092,16174
11092,18217
11092,19682
11093,2163
11093,2677
11093,4084
11093,5600
11093,5938
11093,6274
11093,7173
11093,7209
11093,8077
11093,8564
11093,12084
11093,12455
11093,13403
11093,13512
11093,16279
11093,16390
11093,18208
11094,1504
11094,5653
11094,11170
11094,14204
11094,18070
11094,20736
11094,20975
11094,21263
11094,21644
11094,23691
11095,61
11095,2378
11095,5887
11095,11167
11095,15297
11095,16354
11095,17365
11095,18173
11095,20839
11095,22373
11096,525
11096,1190
11096,1979
11096,7580
11096,7876
11096,8735
11096,10378
11096,10386
11096,10879
11096,11386
11096,14660
11096,18088
11096,18906
11096,19628
11096,19869
11097,541
11097,1222
11097,1227
11097,1812
11097,3248
11097,3920
11097,6788
11097,7219
11097,7876
11097,8804
11097,12198
11097,12233
11097,14392
11097,20970
11097,22522
11097,22881
11097,23854
11097,24221
11098,2777
11098,4417
11098,6807
11098,7364
11098,7776
11098,8304
11098,8631
11098,9970
11098,10611
11098,13217
11098,13541
11098,16044
11098,16550
11098,17101
11098,20517
11098,20713
11098,20910
11098,21466
11099,4420
11099,5642
11099,6286
11099,9139
11099,13436
11099,14174
11099,14291
11099,17972
11099,20135
11099,22308
11099,24099
11099,24140
11100,342
11100,5787
11100,7638
11100,7899
11100,10166
11100,14632
11100,15981
11100,16980
11100,17631
11100,18332
11100,18387
11100,18475
11100,19499
11100,19693
11100,20181
11100,20713
11100,21235
11100,21810
11101,2163
11101,2677
11101,4286
11101,6592
11101,7209
11101,8564
11101,13512
11101,16279
11101,16471
11101,16851
11101,18458
11101,20739
11101,20805
11102,83
11102,816
11102,2492
11102,7734
11102,9621
11102,17330
11102,18551
11102,20047
11102,24113
11102,24427
11103,1074
11103,2273
11103,2650
11103,3488
11103,3557
11103,8190
11103,8698
11103,12326
11103,15314
11103,15903
11103,17137
11103,24127
11104,12254
11104,12984
11105,7564
11105,8946
11105,17185
11105,20809
11105,21404
11105,22431
11105,22457
11105,24563
11106,187
11106,1505
11106,3734
11106,4311
11106,6685
11106,8108
11106,11458
11106,12849
11106,14288
11106,16880
11106,17005
11106,18842
11106,19569
11107,2865
11108,1024
11108,1851
11108,2319
11108,3742
11108,5007
11108,6023
11108,7606
11108,9438
11108,9720
11108,9833
11108,10339
11108,10466
11108,10725
11108,10761
11108,14751
11108,16179
11108,21255
11108,22748
11108,22606
11109,2163
11109,2677
11109,4084
11109,5600
11109,7013
11109,7209
11109,8077
11109,8564
11109,11071
11109,12455
11109,13512
11109,15766
11109,16279
11109,18458
11109,19609
11109,20739
11110,6430
11110,7726
11110,9404
11110,9782
11110,9835
11110,14503
11110,16924
11110,17461
11110,17462
11110,17575
11110,19508
11110,19634
11110,19746
11110,24452
11110,24566
11111,1145
11111,2904
11111,9434
11111,10471
11111,12957
11111,13648
11111,20690
11111,21916
11111,23660
11111,24699
11112,126
11112,677
11112,3315
11112,5238
11112,5589
11112,6931
11112,8816
11112,12428
11112,18051
11112,18163
11113,1784
11114,1668
11114,2989
11114,3483
11114,3917
11114,4005
11114,4032
11114,4097
11114,4300
11114,5576
11114,6185
11114,6441
11114,7339
11114,7447
11114,7876
11114,8081
11114,8170
11114,8463
11115,3029
11115,3561
11115,7852
11115,8073
11115,8659
11115,14750
11115,17991
11115,22803
11115,24207
11115,24778
11116,994
11116,8409
11116,12387
11117,2455
11117,4795
11117,9917
11117,10495
11117,10500
11117,10590
11117,11415
11117,11431
11117,12119
11117,12620
11117,13900
11117,15531
11117,15974
11117,15988
11117,15998
11117,17250
11118,2152
11118,2937
11118,4117
11118,4954
11118,4993
11118,8300
11118,9641
11118,12333
11118,15857
11118,16338
11118,17418
11118,19807
11118,21301
11118,22754
11119,3021
11119,4477
11119,4985
11119,5704
11119,10189
11119,12955
11119,14163
11119,14495
11119,18529
11119,22108
11119,22497
11120,1603
11120,2586
11120,3613
11120,4477
11120,6253
11120,7230
11120,7770
11120,10113
11120,11201
11120,11503
11120,17549
11120,17817
11120,21487
11120,23952
11120,24187
11121,120
11121,3457
11121,4995
11121,5641
11121,5849
11121,8308
11121,8840
11121,9712
11121,19634
11121,20413
11121,23032
11122,3448
11122,3567
11122,7140
11122,10072
11122,15034
11122,15171
11122,16457
11122,16658
11122,21891
11122,22562
11123,45
11123,60
11123,677
11123,6974
11123,7129
11123,8220
11123,13298
11123,18128
11123,20612
11123,23079
11123,23878
11124,23774
11125,3424
11125,9878
11125,12031
11125,16274
11125,17713
11125,17860
11125,21940
11126,1402
11126,3616
11126,7333
11126,9173
11126,9332
11126,9659
11126,19124
11126,20958
11126,20981
11126,21822
11126,22339
11126,22667
11126,24856
11127,10035
11127,23746
11129,4603
11129,11594
11129,17875
11130,1483
11130,1758
11130,4441
11130,5301
11130,5365
11130,5836
11130,6622
11130,24838
11130,7172
11130,7197
11130,7876
11130,9663
11130,10065
11130,10433
11130,11181
11130,12781
11130,13202
11131,2988
11131,4058
11131,5026
11131,5348
11131,5785
11131,8816
11131,10403
11131,10857
11131,10948
11131,11124
11131,11128
11131,12126
11131,12251
11131,15127
11131,18606
11131,19428
11131,20698
11131,20781
11132,312
11132,532
11132,1444
11132,10592
11132,12947
11132,13788
11132,15037
11132,15174
11132,15330
11132,18372
11132,24194
11133,1988
11133,2655
11133,2863
11133,3175
11133,3592
11133,5890
11133,6970
11133,7017
11133,7382
11133,8470
11133,10914
11133,14676
11133,14754
11133,19033
11133,22266
11133,22772
11133,23449
11134,5177
11134,9970
11134,10232
11134,22497
11136,98
11136,1933
11136,3660
11136,5712
11136,5999
11136,7388
11136,7448
11136,8299
11136,8590
11136,12644
11136,13850
11136,14520
11136,14681
11136,16174
11136,17466
11136,20230
11136,20726
11137,885
11137,1276
11137,2208
11137,2471
11137,6200
11137,7449
11137,9290
11137,11504
11137,11569
11137,12966
11137,18193
11137,18245
11137,19569
11137,21173
11137,21325
11137,22761
11138,500
11138,2196
11138,7370
11138,10802
11138,17090
11138,17206
11138,17667
11138,18576
11138,18782
11138,23783
11140,154
11140,1271
11140,1553
11140,4522
11140,6225
11140,6427
11140,8051
11140,9687
11140,12764
11140,13478
11140,13540
11140,14104
11140,15731
11140,16949
11140,17670
11140,17680
11140,17544
11141,2619
11141,4174
11141,8449
11141,10993
11141,14962
11141,16682
11141,18637
11141,20947
11141,22645
11141,22698
11142,2200
11142,3912
11142,10164
11142,10227
11142,10277
11142,12979
11142,14600
11142,16690
11142,20475
11142,22403
11143,2863
11143,6700
11143,8024
11143,11659
11143,12714
11143,13858
11143,14585
11143,14716
11143,18430
11143,20165
11143,20173
11143,23144
11144,1744
11144,5656
11144,7357
11144,9765
11144,10989
11144,14574
11144,16893
11144,20537
11144,23286
11144,23702
11145,923
11145,1573
11145,6477
11145,6903
11145,14053
11145,15617
11145,21415
11145,21855
11145,22514
11145,24014
11146,847
11146,1054
11146,5477
11146,5740
11146,6622
11146,7914
11146,8093
11146,9639
11146,10189
11146,10576
11146,11000
11146,11481
11146,11578
11146,11676
11146,11802
11146,12153
11146,12344
11146,12847
11147,3321
11147,8669
11147,12342
11147,13099
11147,14365
11147,14554
11147,16864
11147,18072
11147,18456
11147,18627
11147,24521
11147,24783
11148,17258
11149,2797
11149,3657
11149,7946
11149,10112
11149,11566
11149,11608
11149,15322
11149,16467
11149,17353
11149,22838
11150,6100
11150,14462
11151,885
11151,3094
11151,5561
11151,8617
11151,9822
11151,11699
11151,14289
11151,14338
11151,18391
11151,18644
11151,23878
11152,1170
11152,5044
11152,5394
11152,7146
11152,7404
11152,7558
11152,7795
11152,11719
11152,13413
11152,14784
11152,15879
11152,17336
11152,18582
11152,23605
11153,1767
11153,12818
11154,215
11154,3033
11154,3217
11154,4516
11154,6237
11154,7862
11154,15236
11154,20307
11154,20435
11154,22131
11154,22161
11154,22235
11155,1866
11155,3936
11155,5108
11155,6773
11155,8220
11155,8526
11155,12120
11155,15632
11155,15634
11155,18646
11155,18931
11155,21046
11156,421
11156,1772
11156,8126
11156,13703
11156,15161
11156,16474
11156,16475
11156,17456
11156,24652
11156,24609
11157,53
11157,671
11157,3164
11157,3372
11157,3663
11157,4073
11157,6622
11157,9266
11157,9505
11157,10271
11157,10535
11157,11496
11157,11539
11157,11757
11157,13157
11157,13577
11157,13962
11157,14209
11157,14481
11159,302
11159,1234
11159,6997
11159,17754
11159,19455
11159,23512
11160,508
11160,2235
11160,3202
11160,7917
11160,8958
11160,9249
11160,11001
11160,12242
11160,13583
11160,14347
11160,15461
11160,15896
11160,16035
11160,17502
11160,21225
11160,22788
11160,23232
11161,727
11161,6278
11161,6547
11161,8456
11161,13357
11161,15962
11161,20212
11162,5807
11162,6033
11162,7972
11162,13663
11162,15939
11162,16154
11162,19958
11162,21210
11162,21424
11162,24487
11163,318
11163,7179
11163,8734
11163,10681
11163,13921
11163,14874
11163,16688
11163,19149
11163,23056
11164,1306
11164,4449
11164,16771
11165,172
11165,226
11165,2401
11165,2542
11165,4884
11165,5232
11165,6649
11165,6712
11165,9470
11165,10175
11165,10411
11165,12173
11165,13032
11165,16450
11165,17161
11165,17276
11165,18275
11165,19797
11165,21342
11167,5973
11167,9565
11167,10473
11167,11386
11167,13578
11167,14514
11167,15908
11167,17387
11167,19610
11167,19624
11167,20432
11167,23670
11167,24230
11167,24456
11168,845
11168,1863
11168,2877
11168,5925
11168,7215
11168,9385
11168,11892
11168,12029
11168,13389
11168,14305
11168,14537
11168,17400
11168,20485
11168,23257
11168,23568
11169,1525
11169,3246
11169,4824
11169,5466
11169,8624
11169,9013
11169,9505
11169,12416
11169,15705
11169,17332
11169,17703
11169,19727
11169,19855
11169,20903
11169,22913
11169,22972
11169,23045
11170,261
11170,1159
11170,3294
11170,9810
11170,10667
11170,12627
11170,13131
11170,14412
11170,15417
11170,16856
11170,17871
11170,19789
11171,956
11171,1076
11171,1204
11171,1485
11171,3974
11171,4533
11171,5121
11171,5513
11171,5664
11171,6168
11171,7608
11171,14027
11171,16740
11171,18764
11171,19733
11171,20938
11171,21106
11171,21608
11172,5884
11172,5916
11172,6848
11172,7912
11172,10011
11172,14495
11172,15196
11172,15281
11172,16782
11172,18529
11172,18768
11172,19678
11172,20228
11172,20987
11172,22648
11172,23631
11173,3006
11174,2244
11174,2530
11174,4211
11174,5217
11174,6422
11174,8951
11174,10034
11174,16372
11174,18473
11174,21375
11175,20
11175,2314
11175,3299
11175,3717
11175,3923
11175,4936
11175,5305
11175,13851
11175,15360
11175,17240
11175,17562
11175,17790
11175,19755
11175,22960
11175,23468
11175,23815
11175,24428
11176,223
11176,1413
11176,1743
11176,6404
11176,9816
11176,13707
11176,15248
11176,16248
11176,17520
11176,19175
11176,19449
11176,19865
11176,22738
11176,23803
11177,553
11177,4482
11177,6932
11177,7171
11177,8551
11177,9512
11177,15059
11177,15164
11177,20228
11177,24238
11178,10382
11178,20992
11178,21570
11179,1369
11179,1654
11179,2478
11179,3777
11179,4434
11179,4666
11179,10103
11179,11676
11179,12590
11179,12797
11179,14521
11179,15128
11179,16589
11179,20258
11179,22803
11179,23535
11179,24637
11180,5385
11180,6156
11180,6520
11180,9303
11180,12930
11180,14180
11180,14635
11180,16187
11180,18685
11180,20858
11180,23109
11180,23689
11181,2901
11181,3648
11181,4207
11181,9636
11181,10316
11181,11792
11181,15200
11181,17202
11181,17940
11181,20407
11183,81
11183,396
11183,822
11183,1020
11183,1581
11183,6379
11183,9536
11183,11306
11183,13611
11183,17278
11183,17549
11183,20096
11183,22419
11184,754
11184,1480
11184,2327
11184,2605
11184,2655
11184,3620
11184,5247
11184,7706
11184,7908
11184,13232
11184,16574
11184,17005
11184,18909
11184,20463
11184,20496
11184,21868
11184,23178
11184,23456
11184,24107
11186,5313
11186,11750
11186,14688
11186,14747
11186,18592
11186,18690
11186,21778
11186,24003
11187,4098
11187,7979
11187,8058
11187,8859
11187,12415
11187,12418
11187,12572
11187,15673
11187,18080
11187,19274
11188,142
11188,3434
11188,3490
11188,7595
11188,12958
11188,13639
11188,13670
11188,14646
11188,16755
11188,23518
11189,808
11189,1188
11189,2212
11189,3864
11189,4433
11189,6669
11189,14028
11189,16782
11189,21736
11189,22108
11189,22679
11189,22788
11189,23900
11189,24153
11189,24826
11190,4123
11190,6825
11190,12007
11190,13353
11190,14931
11190,15689
11190,16128
11190,18062
11190,23493
11190,23625
11191,760
11191,3799
11191,7064
11191,7688
11191,8560
11191,12355
11191,12362
11191,18609
11191,22415
11191,24621
11192,2204
11192,3558
11192,5980
11192,7221
11192,10956
11192,11363
11192,11574
11192,19167
11192,19406
11192,23455
11193,229
11193,4205
11193,11785
11193,12728
11193,14121
11193,14187
11193,16333
11193,19569
11193,19596
11193,19955
11193,20666
11193,20977
11193,21118
11193,21494
11193,21570
11193,21718
11193,23215
11193,24717
11194,1793
11194,1927
11194,2833
11194,3070
11194,4553
11194,7975
11194,8436
11194,14150
11194,22496
11194,23046
11195,1099
11195,2299
11195,7122
11195,7329
11195,8348
11195,9422
11195,12595
11195,13171
11195,15578
11195,16025
11195,17009
11195,17134
11195,17286
11195,18774
11195,22624
11195,23705
11195,24359
11196,4567
11196,6190
11196,15789
11196,17705
11197,1119
11197,1680
11197,4482
11197,8439
11197,9732
11197,10146
11197,10210
11197,10785
11197,11919
11197,15203
11197,17012
11197,18745
11197,18933
11197,19501
11197,22515
11198,1747
11198,2536
11198,2632
11198,6767
11198,8264
11198,8810
11198,10040
11198,11582
11198,13615
11198,13730
11198,14469
11198,15452
11198,17974
11198,18204
11198,18911
11198,22250
11198,23967
11199,2164
11199,3335
11199,4686
11199,10716
11199,10967
11199,11020
11199,11811
11199,11821
11199,11899
11199,12078
11199,12191
11199,12223
11199,16857
11199,21534
11199,21626
11199,22066
11199,23308
11199,24680
11200,631
11200,3261
11200,15470
11200,19127
11200,19814
11201,8424
11201,10738
11201,14099
11201,18291
11202,692
11202,1205
11202,2903
11202,3398
11202,3626
11202,6848
11202,9195
11202,11583
11202,18559
11202,23113
11202,23654
11202,24262
11203,2600
11203,3566
11203,3580
11203,5411
11203,7212
11203,12625
11203,13014
11203,15233
11203,17733
11203,18221
11203,21099
11203,22571
11204,742
11204,2232
11204,3893
11204,6863
11204,7061
11204,8027
11204,16683
11204,21295
11204,23856
11204,23930
11205,885
11205,7302
11205,8473
11205,11340
11205,12635
11205,14620
11205,15828
11205,15943
11205,19854
11205,22568
11205,22583
11205,23517
11206,786
11206,2026
11206,4038
11206,5934
11206,6231
11206,8011
11206,8476
11206,8522
11206,9974
11206,12111
11206,12772
11206,13211
11206,15916
11206,20253
11206,20728
11206,22646
11206,23249
11206,23510
11207,745
11207,1081
11207,1241
11207,3503
11207,4830
11207,5461
11207,6627
11207,6771
11207,7809
11207,9471
11207,9906
11207,17686
11207,18802
11207,21373
11208,21183
11209,3395
11209,6382
11209,6878
11209,7461
11209,15558
11209,16050
11209,18711
11209,20499
11209,20657
11209,21984
11210,2846
11210,3684
11210,4112
11210,4695
11210,8717
11210,10190
11210,10920
11210,14860
11210,17656
11210,17974
11210,18051
11210,20830
11210,21940
11210,22652
11210,22662
11210,22953
11210,24562
11211,1390
11211,4062
11211,4265
11211,4890
11211,8101
11211,8180
11211,11199
11211,11505
11211,13576
11211,14849
11211,15861
11211,19609
11211,20893
11211,22178
11211,23971
11212,1458
11212,2687
11212,5166
11212,5172
11212,4582
11212,4995
11212,7285
11212,8837
11212,14831
11212,16003
11212,17537
11212,23786
11213,3866
11213,4338
11213,5230
11213,6583
11213,7396
11213,7664
11213,21148
11213,21331
11213,22083
11213,22871
11213,23271
11214,4408
11214,5658
11214,6949
11214,7218
11214,11162
11214,13448
11214,13580
11214,14057
11214,14805
11214,16541
11214,20496
11214,21277
11214,21918
11214,23201
11214,23854
11215,4668
11215,9555
11215,9895
11215,16093
11215,17204
11215,20756
11215,22660
11215,24645
11215,24608
11216,851
11216,3841
11216,5381
11216,6258
11216,7579
11216,9559
11216,10137
11216,11103
11216,13770
11216,17667
11216,20346
11216,22111
11217,1063
11217,1155
11217,2312
11217,2621
11217,4940
11217,5543
11217,6085
11217,9797
11217,12514
11217,12770
11217,14711
11217,18117
11218,522
11218,1027
11218,17552
11218,21057
11218,24753
11219,1757
11219,5327
11219,7707
11219,9089
11219,9315
11219,12712
11219,15535
11219,17386
11219,21014
11219,24347
11220,81
11220,2645
11220,3043
11220,3126
11220,4355
11220,7068
11220,9003
11220,9582
11220,10051
11220,10609
11220,14133
11220,17478
11220,18813
11220,20721
11220,22092
11221,556
11221,4573
11221,9987
11221,11734
11221,12803
11221,13792
11221,16919
11221,18241
11221,19131
11221,24343
11222,275
11222,2530
11222,2820
11222,4517
11222,4543
11222,5191
11222,5719
11222,6741
11222,6909
11222,7525
11222,10223
11222,18830
11222,19138
11222,20061
11223,1597
11223,1761
11223,2927
11223,11629
11223,15549
11223,16105
11223,16505
11223,17241
11223,20095
11223,20298
11223,21799
11225,3798
11225,4002
11225,7567
11225,9292
11225,10709
11225,15008
11225,15920
11225,16342
11225,20486
11225,24246
11226,286
11226,2741
11226,4807
11226,5814
11226,8540
11226,8836
11226,12239
11226,13257
11226,13891
11226,19933
11227,65
11227,2191
11227,5082
11227,6176
11227,7689
11227,8040
11227,12159
11227,13209
11227,20971
11227,23005
11228,1455
11228,3437
11228,4398
11228,7443
11228,8255
11228,10845
11228,12403
11228,17784
11228,20339
11228,24659
11229,3100
11229,8321
11229,13363
11229,16377
11229,20002
11229,21270
11229,22217
11229,23144
11229,23507
11230,1905
11230,2769
11230,2834
11230,4181
11230,4327
11230,10710
11230,17991
11230,18559
11230,21932
11231,585
11231,656
11231,2895
11231,5002
11231,5623
11231,8203
11231,11605
11231,11777
11231,11899
11231,13054
11231,14360
11231,14373
11231,16746
11231,16942
11231,19682
11231,23842
11232,90
11232,317
11232,1273
11232,6429
11232,13932
11232,15434
11232,17525
11232,17758
11232,23091
11232,23984
11233,810
11233,1089
11233,6692
11233,7533
11233,11265
11233,14133
11233,16495
11233,16970
11233,17001
11233,17650
11233,18339
11233,18989
11233,19808
11233,20106
11233,21303
11233,21319
11233,21758
11233,22222
11233,23323
11233,24212
11234,5100
11234,6384
11234,7161
11234,8486
11234,8863
11234,8867
11234,11889
11234,15165
11234,15487
11234,16089
11235,1386
11235,1829
11235,2191
11235,2922
11235,3521
11235,5237
11235,6302
11235,7153
11235,11171
11235,13155
11235,15867
11235,21101
11235,22569
11235,23092
11235,24718
11236,1638
11236,4500
11236,4978
11236,5971
11236,6596
11236,13590
11236,21339
11236,21922
11236,23012
11236,23146
11238,517
11238,720
11238,2660
11238,4000
11238,4182
11238,7136
11238,12878
11238,13747
11238,23241
11238,23957
11239,2043
11239,2932
11239,7502
11239,8872
11239,9399
11239,9746
11239,15138
11239,18259
11239,21785
11239,23006
11240,1592
11240,3197
11240,3669
11240,10654
11240,12740
11240,15933
11240,16903
11240,16987
11240,19775
11241,1221
11241,2645
11241,2895
11241,4577
11241,5386
11241,5744
11241,6940
11241,10928
11241,12273
11241,14018
11241,15146
11241,17650
11241,19522
11241,19568
11241,19582
11241,20478
11242,1073
11242,2602
11242,7624
11242,8777
11242,10687
11242,11066
11242,16840
11242,17078
11242,21626
11242,23216
11244,1280
11244,1588
11244,4745
11244,7778
11244,8149
11244,8713
11244,9006
11244,11591
11244,16523
11244,16624
11244,18562
11244,21888
11244,22380
11244,22888
11244,23178
11244,23878
11244,24363
11245,3641
11245,8021
11245,8425
11245,11689
11245,13720
11245,14535
11245,15077
11245,16983
11245,20227
11245,20742
11245,22445
11246,1288
11246,1811
11246,4104
11246,6630
11246,10365
11246,10458
11246,12400
11246,13861
11246,17975
11246,18492
11246,20221
11247,1100
11247,3311
11247,6180
11247,7383
11247,8320
11247,9240
11247,9719
11247,14974
11247,16377
11247,16565
11247,16720
11247,17066
11247,19605
11247,22009
11247,22814
11247,22987
11248,21391
11249,5898
11249,8114
11249,11146
11249,16943
11249,22204
11249,23700
11250,584
11250,4128
11250,5145
11250,7016
11250,8106
11250,8707
11250,9407
11250,10176
11250,10368
11250,11633
11250,14186
11250,14373
11250,18535
11250,23706
11251,776
11251,1555
11251,1538
11251,6884
11251,7194
11251,8153
11251,10587
11251,10745
11251,12363
11251,18305
11251,18945
11251,22881
11251,24299
11252,2400
11252,3193
11252,3786
11252,6180
11252,11753
11252,14713
11252,21959
11252,22007
11252,23702
11252,24003
11253,154
11253,645
11253,2269
11253,2570
11253,2791
11253,3089
11253,3686
11253,4750
11253,4846
11253,9126
11253,9609
11253,11496
11253,12478
11253,16006
11253,16174
11253,16806
11253,17797
11253,18403
11253,20887
11254,943
11254,1197
11254,2447
11254,5527
11254,6549
11254,10089
11254,11670
11254,11848
11254,11949
11254,12008
11254,13894
11254,14836
11254,16062
11254,16305
11254,16594
11254,22270
11255,1918
11255,2365
11255,8129
11255,9555
11255,13122
11255,13652
11255,13702
11255,21725
11256,17376
11256,19712
11258,9414
11258,19806
11258,20057
11258,21690
11258,22624
11258,22655
11258,22657
11258,22672
11258,24550
11258,24592
11259,712
11259,796
11259,2152
11259,3467
11259,6017
11259,10584
11259,12092
11259,14982
11259,15883
11259,16457
11259,17629
11259,19713
11259,20215
11259,22571
11260,23350
11262,10160
11263,2388
11263,4204
11263,4255
11263,5636
11263,5740
11263,8671
11263,10667
11263,10704
11263,12173
11263,16825
11263,18418
11263,18559
11263,18823
11263,19727
11263,21569
11263,22148
11263,22205
11264,632
11264,1126
11264,3412
11264,4414
11264,4636
11264,6999
11264,14170
11264,15778
11264,15822
11264,16677
11264,20059
11264,20434
11264,20983
11264,24719
11265,2239
11265,2307
11265,2705
11265,5126
11265,6690
11265,9618
11265,10025
11265,10380
11265,12625
11265,13563
11265,13868
11265,15525
11265,18429
11265,19908
11265,20114
11265,23030
11265,23692
11265,24665
11266,229
11266,380
11266,1338
11266,2652
11266,4725
11266,10451
11266,18429
11266,18475
11266,22010
11266,22095
11266,22642
11266,23250
11267,298
11267,1584
11267,2662
11267,2847
11267,2987
11267,5160
11267,4577
11267,6798
11267,6947
11267,7871
11267,7944
11267,10928
11267,13000
11267,15146
11267,14473
11267,15108
11267,16139
11267,17404
11268,6081
11268,6740
11268,9639
11268,11999
11268,13922
11268,19797
11268,20098
11268,22289
11268,22646
11268,24730
11269,723
11269,1300
11269,1849
11269,2162
11269,2821
11269,6176
11269,6516
11269,7519
11269,8338
11269,12685
11269,13388
11269,20668
11269,22950
11270,1005
11270,1059
11270,1173
11270,3389
11270,5609
11270,7851
11270,10984
11270,12189
11270,16748
11270,18842
11271,1177
11271,1490
11271,2016
11271,4873
11271,8745
11271,11102
11271,11181
11271,13378
11271,15105
11271,20474
11271,21222
11271,21270
11272,2441
11272,8908
11272,11663
11272,11975
11272,16287
11272,17759
11272,18308
11272,20598
11272,22400
11272,23550
11273,4756
11274,377
11274,1157
11274,1372
11274,1915
11274,4601
11274,4906
11274,4958
11274,5063
11274,6255
11274,6981
11274,10402
11274,11262
11274,11434
11274,12934
11274,13121
11274,14227
11274,14667
11275,2496
11275,4910
11275,5270
11275,6104
11275,8082
11275,11033
11275,14088
11275,17563
11275,20381
11275,23758
11276,4904
11276,5318
11276,7168
11276,8875
11276,9321
11276,11302
11276,13865
11276,20379
11276,23345
11276,24200
11277,510
11278,869
11278,1075
11278,1985
11278,2442
11278,4154
11278,8234
11278,9127
11278,9466
11278,10045
11278,10327
11278,10419
11278,10756
11278,11503
11278,18393
11278,19926
11278,23129
11278,23499
11279,3060
11279,6129
11279,7397
11279,11350
11279,12670
11279,15041
11279,18451
11279,19103
11279,23267
11279,24678
11280,4504
11280,14931
11280,20336
11280,24041
11281,864
11281,870
11281,3819
11281,4981
11281,13117
11281,15676
11281,18453
11281,18674
11281,18814
11281,23881
11282,3839
11282,5178
11282,5964
11282,10717
11282,11584
11282,13516
11282,18943
11282,19547
11282,22643
11282,24015
11283,1536
11283,2471
11283,3321
11283,6480
11283,8349
11283,8543
11283,8939
11283,13642
11283,13801
11283,14122
11283,14434
11283,19984
11283,20859
11284,690
11284,790
11284,1327
11284,3593
11284,3793
11284,4614
11284,6476
11284,7193
11284,11904
11284,13329
11284,14785
11284,15217
11284,15672
11284,18555
11284,20750
11284,20969
11284,21304
11284,21903
11285,289
11285,2261
11285,2969
11285,5128
11285,12824
11285,13805
11285,15342
11285,17334
11285,24394
11285,24519
11286,5581
11286,5602
11286,9163
11286,10412
11286,11388
11286,14738
11286,16295
11286,17062
11286,18166
11286,19756
11287,2625
11287,7514
11287,8564
11287,8984
11287,9224
11287,11542
11287,13233
11287,14202
11287,18117
11287,18349
11288,3017
11288,3116
11288,3158
11288,3223
11288,4363
11288,4604
11288,6622
11288,8240
11288,9913
11288,10747
11288,11054
11288,13162
11288,16536
11288,17497
11288,18208
11288,18679
11288,20077
11289,1178
11289,10018
11289,13744
11289,16732
11289,18386
11289,20000
11289,20746
11289,20854
11289,21325
11289,23206
11290,4495
11290,10140
11290,11258
11290,11333
11290,13412
11290,15365
11290,18440
11290,19327
11290,24027
11290,24220
11291,5569
11291,5668
11291,9472
11291,9942
11291,10065
11291,11220
11291,11684
11291,12855
11291,13316
11291,18889
11291,20542
11291,20647
11291,20651
11291,21774
11291,23450
11291,24459
11292,766
11292,3044
11292,4984
11292,6532
11292,9759
11292,18043
11292,21413
11292,21414
11292,21805
11293,3582
11293,4139
11293,4691
11293,8113
11293,10452
11293,12264
11293,12373
11293,12376
11293,14408
11293,17879
11293,18398
11294,391
11294,974
11294,1950
11294,7069
11294,13079
11294,13316
11294,16337
11294,19044
11294,20114
11294,23205
11295,12274
11295,12430
11295,19064
11296,4227
11296,19039
11297,1557
11297,8603
11297,8604
11297,9774
11297,18394
11297,23745
11298,610
11298,746
11298,1390
11298,2608
11298,2626
11298,2752
11298,3129
11298,11455
11298,11573
11298,12000
11298,12236
11298,12388
11298,16118
11298,17293
11298,18225
11298,19973
11298,20278
11298,23805
11299,218
11299,291
11299,5519
11299,6146
11299,8992
11299,9268
11299,10111
11299,12579
11299,12915
11299,14273
11299,15482
11299,15783
11299,18141
11299,19670
11299,21297
11299,21496
11299,21613
11299,21635
11299,20769
11300,535
11300,1220
11300,5806
11300,6833
11300,8193
11300,16066
11300,16401
11300,16569
11300,18286
11300,18448
11300,22908
11301,132
11301,867
11301,2652
11301,7937
11301,8372
11301,11181
11301,12909
11301,13206
11301,13631
11301,13669
11301,21330
11301,23079
11302,766
11302,1290
11302,4784
11302,5475
11302,9673
11302,13075
11302,13763
11302,18033
11302,18395
11302,23632
11303,24833
11303,857
11303,9075
11303,9946
11303,10647
11303,14159
11303,14890
11303,15343
11303,19687
11303,22222
11303,22840
11303,24004
11304,2995
11304,3324
11304,3446
11304,3730
11304,6145
11304,6457
11304,7112
11304,8895
11304,10258
11304,11344
11304,14591
11304,17988
11304,22356
11304,22816
11305,3163
11305,3602
11305,4991
11305,6858
11305,8217
11305,9985
11305,11479
11305,12951
11305,13344
11305,13485
11305,16052
11305,17358
11305,17498
11305,21239
11305,24361
11306,6337
11306,8244
11306,13691
11306,17717
11306,19331
11306,21377
11306,23381
11306,24074
11306,24595
11306,24611
11307,1749
11307,2847
11307,3051
11307,3563
11307,3867
11307,4009
11307,5293
11307,7468
11307,7852
11307,14748
11307,15893
11307,16416
11307,18402
11307,18891
11307,21781
11308,680
11308,3072
11308,4067
11308,4983
11308,9204
11308,12821
11308,13853
11308,17872
11308,22307
11308,23147
11309,246
11309,1570
11309,2148
11309,2173
11309,4529
11309,6059
11309,7217
11309,7601
11309,12806
11309,13509
11309,15326
11309,15398
11309,16508
11309,17448
11309,19920
11309,20075
11309,22021
11310,1465
11310,1475
11310,2255
11310,4271
11310,5082
11310,5484
11310,6092
11310,6643
11310,7432
11310,7441
11310,8414
11310,9045
11310,11397
11310,11899
11310,12380
11310,13119
11310,14182
11310,14473
11310,15155
11311,2723
11311,5450
11311,5835
11311,6745
11311,11117
11311,13826
11311,14566
11311,15856
11311,17436
11311,17634
11311,21771
11312,810
11312,3842
11312,4165
11312,4898
11312,6003
11312,7919
11312,8653
11312,12205
11312,18351
11312,18429
11312,21846
11312,22005
11313,5315
11313,6688
11313,11527
11313,16870
11313,17087
11313,23365
11314,1726
11314,3828
11314,4377
11314,12489
11314,14671
11314,17907
11314,19884
11314,21885
11314,22130
11316,4144
11316,11427
11316,16278
11316,18893
11316,21119
11317,1632
11317,2384
11317,5101
11317,6567
11317,7525
11317,15309
11317,19189
11317,20866
11317,23761
11317,23777
11318,11328
11318,13745
11318,15284
11318,17009
11318,20621
11318,20854
11318,21873
11318,22241
11318,23250
11318,24779
11319,1596
11319,5197
11319,9379
11319,16096
11319,19031
11319,19810
11319,21206
11319,21987
11319,23697
11319,24541
11320,221
11320,1541
11320,3822
11320,6266
11320,11202
11320,11762
11320,16080
11320,16313
11320,19666
11320,19877
11320,22163
11320,24324
11321,154
11321,434
11321,3660
11321,10030
11321,10576
11321,11075
11321,13902
11321,15197
11321,19783
11321,20859
11322,2309
11322,4043
11322,6459
11322,9058
11322,13145
11322,13178
11322,14533
11322,15710
11322,17773
11322,17822
11322,20142
11322,22191
11322,23330
11323,1189
11323,2510
11323,10763
11323,12606
11323,19970
11323,22369
11324,1841
11324,5269
11324,6951
11324,7365
11324,8061
11324,8317
11324,13866
11324,14190
11324,14908
11324,15443
11324,19230
11324,19918
11324,19975
11325,42
11325,392
11325,11231
11325,11899
11325,14573
11325,20006
11325,20129
11325,21010
11325,23321
11325,23971
11325,24013
11325,24098
11326,486
11326,1812
11326,2627
11326,2638
11326,3119
11326,4209
11326,5080
11326,5998
11326,7162
11326,7248
11326,11668
11326,12133
11326,16024
11326,16394
11326,17749
11326,21343
11326,21918
11326,23366
11326,24780
11327,16438
11327,21740
11327,22454
11328,13351
11329,771
11329,4204
11329,4849
11329,5564
11329,5725
11329,8852
11329,9366
11329,13931
11329,14877
11329,18474
11329,19416
11329,21209
11329,24028
11330,2874
11330,6462
11330,6845
11330,9147
11330,10848
11330,11787
11330,11862
11330,14804
11330,22167
11330,23098
11330,23882
11331,254
11331,1883
11331,2827
11331,3226
11331,10553
11331,13221
11331,14946
11331,18344
11331,20096
11331,20474
11332,2553
11332,5423
11332,6853
11332,7721
11332,8392
11332,8950
11332,17139
11332,17807
11332,19645
11332,20802
11332,24706
11333,7913
11333,8212
11333,8907
11333,12294
11333,12297
11333,15564
11333,18172
11333,22414
11334,1680
11334,9443
11334,13198
11334,13615
11334,14549
11334,14992
11334,16241
11334,20397
11334,20611
11334,22005
11334,23609
11335,2780
11335,2794
11335,4708
11335,7838
11335,15026
11335,15892
11335,16122
11335,19835
11335,22907
11335,23428
11336,21
11336,1645
11336,2762
11336,5631
11336,10652
11336,15229
11336,15834
11336,16797
11336,20596
11336,22224
11337,6832
11337,7865
11337,8418
11337,11854
11337,14549
11337,14768
11337,15970
11337,18613
11337,21395
11337,22938
11338,3434
11338,4345
11338,4432
11338,8587
11338,9226
11338,10225
11338,17340
11338,19497
11338,21324
11338,24716
11339,842
11339,4761
11339,9970
11339,10229
11339,10704
11339,11822
11339,14585
11339,18083
11339,18162
11339,20231
11339,20464
11339,23450
11340,1978
11340,3938
11340,4370
11340,8575
11340,11010
11340,11938
11340,14332
11340,15843
11340,16262
11340,16511
11340,16599
11340,20433
11340,23211
11341,2666
11341,2965
11341,7127
11341,8336
11341,10711
11341,12510
11341,15146
11341,14964
11341,15447
11341,15502
11341,18297
11342,23129
11343,712
11343,1369
11343,5828
11343,9970
11343,10911
11343,13753
11343,14521
11343,23144
11343,23201
11343,23739
11344,3155
11344,3194
11344,3200
11344,3396
11344,7521
11344,12401
11344,14610
11344,15894
11344,20880
11344,21841
11344,22532
11345,384
11345,1655
11345,4110
11345,4207
11345,7866
11345,9284
11345,10432
11345,11328
11345,11737
11345,16241
11345,21756
11346,1229
11346,1773
11346,1977
11346,3273
11346,5002
11346,5134
11346,5672
11346,7667
11346,10455
11346,10470
11346,12170
11346,13840
11346,15206
11346,17086
11346,19502
11346,20081
11346,22681
11347,2489
11347,2616
11347,8976
11347,13274
11347,19080
11347,21266
11348,813
11348,4327
11348,10579
11348,12110
11348,12954
11348,13515
11348,14448
11348,18563
11348,18582
11348,19713
11348,22360
11349,3119
11349,3938
11349,4829
11349,5918
11349,9450
11349,13968
11349,15832
11349,16055
11349,18805
11349,19116
11349,19970
11349,20409
11349,20433
11349,20471
11349,23144
11349,23423
11349,24260
11350,804
11350,1546
11350,1820
11350,2652
11350,9970
11350,10107
11350,10453
11350,15742
11350,15990
11350,23328
11350,24736
11351,132
11351,2327
11351,5972
11351,8655
11351,10767
11351,14243
11351,15043
11351,15299
11351,17650
11351,18322
11352,88
11352,499
11352,5205
11352,5230
11352,6689
11352,7072
11352,10018
11352,11259
11352,18410
11352,18429
11352,18644
11352,18869
11352,19138
11352,20302
11352,24503
11353,1170
11353,4210
11353,6321
11353,7632
11353,9833
11353,10953
11353,11974
11353,12967
11353,18132
11353,20209
11354,1265
11354,2570
11354,3328
11354,4634
11354,5444
11354,13577
11354,14543
11354,16325
11354,16344
11354,19426
11354,19877
11354,20429
11354,21974
11354,23654
11355,145
11355,2348
11355,3021
11355,3070
11355,4252
11355,7336
11355,7876
11355,8271
11355,8995
11355,11023
11355,14385
11355,16252
11355,17991
11355,19782
11355,21235
11355,21454
11355,22779
11355,23482
11356,50
11356,736
11356,920
11356,3177
11356,4106
11356,5378
11356,6368
11356,8347
11356,9127
11356,11565
11356,14449
11356,16241
11356,17846
11356,18475
11356,19161
11356,19568
11356,19893
11356,20149
11357,3876
11357,4540
11357,5374
11357,7058
11357,10161
11357,11217
11357,11987
11357,13177
11357,13931
11357,17852
11357,19383
11357,23253
11357,24428
11358,22578
11358,23988
11359,235
11359,394
11359,5480
11359,9750
11359,9884
11359,12284
11359,12569
11359,17151
11359,19009
11359,20557
11360,1676
11360,4077
11360,4822
11360,6516
11360,8823
11360,10269
11360,10604
11360,11604
11360,15490
11360,16651
11360,20258
11360,22071
11360,22495
11360,22707
11360,23796
11361,129
11361,1661
11361,2151
11361,3259
11361,3441
11361,3489
11361,4056
11361,6143
11361,17432
11361,18331
11361,21411
11361,24683
11362,627
11362,3211
11362,3319
11362,4999
11362,6148
11362,7944
11362,9159
11362,17153
11362,19569
11362,21341
11363,321
11363,4986
11363,5408
11363,5458
11363,7018
11363,10846
11363,11142
11363,12358
11363,23129
11364,411
11364,4829
11364,5528
11364,14742
11364,15895
11364,15945
11364,17331
11364,17352
11364,20682
11364,23975
