movieid,directorid
1,1728
2,2377
3,2726
4,5571
5,2065
6,3542
7,5124
8,5515
9,5617
10,346
11,167
12,3469
13,3499
14,1916
15,3747
16,6003
17,2503
18,2262
19,1100
20,1447
21,3337
22,2672
23,665
24,1694
25,6074
26,1610
27,591
28,3180
29,3736
30,1931
31,5672
32,3037
33,108
34,5286
35,1317
36,1708
37,4478
38,2917
39,3093
40,4334
41,3072
42,5115
43,845
44,5146
45,624
46,5613
47,2636
48,694
49,1155
50,5639
51,398
52,5841
53,3945
54,3971
55,5629
56,3826
57,3438
58,1590
59,5007
60,1216
61,5533
62,967
63,721
64,5016
65,2629
66,5223
67,5505
68,4835
69,866
70,1920
71,791
72,6020
73,3685
74,3328
75,717
76,4024
77,1345
78,1823
79,3803
80,1161
81,1996
82,1077
83,3889
84,4324
85,1270
86,1621
87,1697
88,2238
89,1645
90,5476
91,3181
92,901
93,3713
94,2293
95,3105
96,859
97,3598
98,4322
99,4079
100,5426
101,5004
102,3348
103,2451
104,498
105,994
106,3275
107,1731
108,5980
109,4951
110,4796
111,5127
112,4467
113,1253
114,4161
115,5588
116,294
117,3594
118,3423
119,3440
120,1930
121,714
122,5808
123,6042
124,3113
125,4739
126,3140
127,5685
128,121
129,5819
130,2751
131,4887
132,5152
133,5371
134,1513
135,149
136,1718
137,2274
138,3457
139,1120
140,2507
141,5066
142,3274
143,902
144,255
145,4912
146,3096
147,5112
148,550
149,4484
150,787
151,3025
152,5138
153,139
154,1686
155,6037
156,2590
157,2637
158,3706
159,3431
160,6061
161,4706
162,3146
163,4302
164,2498
165,2851
166,4840
167,2090
168,913
169,4027
170,2220
171,405
172,2806
173,2090
174,298
175,3559
176,2024
177,5098
178,880
179,1059
180,4627
181,4768
182,27
183,4272
184,4123
185,1571
186,4687
187,5070
188,4514
189,1246
190,2830
191,2166
192,4120
193,2110
194,2938
195,1208
196,3110
197,150
198,48
199,4393
200,2440
201,5679
202,4507
203,5062
204,112
205,5703
206,5497
207,5808
208,4783
209,5029
210,4962
211,5926
212,957
213,3480
214,4681
215,1140
216,4181
217,3373
218,4984
219,3864
220,1763
221,116
222,5134
223,4751
224,4151
225,5043
226,1090
227,4448
228,3669
229,672
230,2960
231,1189
232,706
233,928
234,2796
235,3026
236,502
237,5033
238,893
239,965
240,3618
241,3951
242,3136
243,4532
244,3598
245,5546
246,2860
247,4243
248,1300
249,5985
250,2993
251,5540
252,3079
253,2041
254,1182
255,2694
256,5241
257,3395
258,769
259,2272
260,1292
261,5497
262,1655
263,1254
264,3839
265,5557
266,2725
267,1473
268,4405
269,4924
270,1826
271,5570
272,5527
273,3140
274,5044
275,2675
276,2667
277,5856
278,3801
279,5115
280,4936
281,2356
282,2035
283,3587
284,5097
285,4350
286,1063
287,6010
288,2600
289,3238
290,5397
291,602
292,2955
293,1536
294,3566
295,4543
296,3616
297,1678
298,5910
299,2471
300,5854
301,2309
302,3008
303,3012
304,4136
305,294
306,4163
307,5083
308,870
309,6068
310,5596
311,4002
312,2198
313,2426
314,2389
315,514
316,3298
317,3458
318,1736
319,5150
320,1445
321,5641
322,3486
323,4658
324,115
325,5136
326,3485
327,4797
328,6014
329,3805
330,3410
331,809
332,5825
333,425
334,1288
335,5708
336,3206
337,4610
338,4000
339,3600
340,1454
341,1800
342,3936
343,3204
344,4410
345,2311
346,5262
347,3313
348,5098
349,4640
350,4395
351,1740
352,1972
353,1567
354,836
355,5719
356,744
357,619
358,2244
359,5128
360,5139
361,5613
362,3565
363,1794
364,4272
365,4743
366,2190
367,2403
368,5747
369,140
370,3560
371,606
372,2317
373,461
374,5358
375,4403
376,2063
377,74
378,3723
379,4451
380,204
381,3982
382,3380
383,5943
384,1009
385,46
386,6031
387,2638
388,2746
389,5004
390,6070
391,1670
392,3183
393,101
394,1765
395,1131
396,1209
397,4624
398,2366
399,1661
400,4698
401,2409
402,3402
403,4627
404,1186
405,397
406,3112
407,1417
408,3396
409,3979
410,2259
411,4602
412,102
413,3048
414,6052
415,5849
416,646
417,3505
418,1033
419,5034
420,4839
421,2739
422,398
423,1601
424,1197
425,1573
426,2519
427,2156
428,1568
429,164
430,4588
431,5861
432,5085
433,3014
434,2297
435,4019
436,3649
437,726
438,5713
439,601
440,2742
441,5711
442,3559
443,442
444,4037
445,5277
446,353
447,1669
448,1642
449,1759
450,5401
451,4962
452,2966
453,6101
454,3155
455,2565
456,5997
457,5468
458,5827
459,1720
460,577
461,2644
462,3989
463,4940
464,2348
465,2526
466,2604
467,4729
468,5788
469,5329
470,5424
471,2430
472,5554
473,2623
474,2350
475,2090
476,2205
477,3219
478,851
479,3451
480,1656
481,1094
482,3549
483,4983
484,3780
485,295
486,2012
487,633
488,342
489,1851
490,2921
491,1943
492,4165
493,5243
494,6074
495,3193
496,5663
497,993
498,5744
499,1272
500,3785
501,5266
502,2165
503,885
504,5680
505,2648
506,1748
507,2510
508,2237
509,59
510,1718
511,129
512,3167
513,4107
514,1094
515,5467
516,5506
517,3817
518,2557
519,5516
520,1329
521,3518
522,5571
523,2425
524,5016
525,5841
526,3096
527,4911
528,5614
529,5670
530,3103
531,2384
532,3328
533,3755
534,2069
535,4051
536,3629
537,3431
538,438
539,1723
540,2989
541,1111
542,3803
543,78
544,5129
545,2422
546,3592
547,1811
548,5074
549,3125
550,3216
551,2082
552,2963
553,2976
554,5685
555,5729
556,3018
557,603
558,5449
559,3530
560,2988
561,4351
562,4237
563,5766
564,5268
565,2750
566,1612
567,2065
568,4177
569,836
570,2148
571,4827
572,1257
573,5680
574,1602
575,3319
576,2519
577,6136
578,787
579,795
580,160
581,262
582,2342
583,3671
584,3065
585,4655
586,2865
587,2300
588,760
589,287
590,3021
591,795
592,3494
593,643
594,4265
595,6042
596,3784
597,4038
598,5954
599,5765
600,2374
601,1283
602,699
603,4178
604,612
605,5538
606,5523
607,6079
608,4745
609,3927
610,5859
611,6081
612,5075
613,2547
614,866
615,1384
616,1431
617,1807
618,5978
619,3455
620,5533
621,2187
622,2532
623,1550
624,1358
625,776
626,2155
627,5327
628,235
629,662
630,2560
631,3774
632,900
633,2234
634,3027
635,5771
636,4729
637,2175
638,502
639,993
640,6129
641,619
642,5030
643,536
644,6040
645,1452
646,1563
647,1163
648,1232
649,3124
650,2448
651,3871
652,3535
653,4241
654,4438
655,149
656,4626
657,4012
658,4708
659,5115
660,4976
661,1963
662,5278
663,3189
664,4969
665,3035
666,4146
667,610
668,2461
669,553
670,2496
671,1920
672,5063
673,5567
674,1972
675,520
676,2749
677,3734
678,2352
679,3854
680,3619
681,1603
682,4648
683,4976
684,2636
685,2107
686,1567
687,3506
688,5382
689,5028
690,787
691,1708
692,215
693,1083
694,1496
695,4965
696,3703
697,5328
698,2221
699,2214
700,823
701,1819
702,5866
703,2307
704,1457
705,5801
706,157
707,3558
708,3076
709,4197
710,5584
711,1040
712,5544
713,1216
714,3826
715,2580
716,935
717,2010
718,2096
719,1444
720,5613
721,2399
722,2207
723,4643
724,5938
725,5987
726,4964
727,4369
728,4921
729,2987
730,3681
731,6001
732,928
733,3080
734,2653
735,4746
736,5150
737,741
738,2869
739,3007
740,2612
741,2075
742,4216
743,3600
744,5044
745,3854
746,5004
747,2232
748,2654
749,2892
750,5753
751,2155
752,1170
753,6039
754,331
755,2568
756,4351
757,3221
758,3741
759,859
760,32
761,3621
762,5865
763,74
764,6052
765,3428
766,4538
767,5585
768,1666
769,5007
770,5811
771,3492
772,3970
773,4415
774,2151
775,2099
776,4758
777,2895
778,1690
779,5407
780,350
781,3074
782,748
783,2729
784,4247
785,5693
786,2293
787,4476
788,1744
789,1761
790,2715
791,2364
792,3593
793,538
794,5838
795,4205
796,4901
797,621
798,4353
799,4248
800,2528
801,4307
802,4212
803,4770
804,542
805,4715
806,4907
807,3472
808,2406
809,5466
810,1380
811,1846
812,962
813,3690
814,597
815,4688
816,5819
817,236
818,2307
819,5497
820,2485
821,3288
822,5982
823,5293
824,97
825,3165
826,1450
827,2329
828,1527
829,2365
830,4197
831,3061
832,3618
833,3071
834,518
835,622
836,942
837,4569
838,4727
839,547
840,5984
841,3226
842,5134
843,734
844,4280
845,5530
846,6124
847,4723
848,4360
849,5132
850,1225
851,1973
852,4163
853,469
854,612
855,2748
856,735
857,2997
858,2004
859,5853
860,1208
861,626
862,773
863,1706
864,5499
865,2603
866,5538
867,68
868,1162
869,693
870,2360
871,2401
872,1332
873,910
874,1102
875,2415
876,4176
877,27
878,1060
879,6042
880,1125
881,5262
882,2503
883,5433
884,1098
885,567
886,5916
887,1222
888,1936
889,1798
890,887
891,85
892,4082
893,3248
894,2193
895,1131
896,1767
897,2402
898,4564
899,3186
900,5145
901,4163
902,1197
903,3443
904,2905
905,4782
906,4655
907,4593
908,1193
909,4784
910,3831
911,3237
912,6096
913,2993
914,2042
915,924
916,700
917,2488
918,3391
919,2965
920,5681
921,4679
922,4887
923,1758
924,4726
925,141
926,3113
927,1598
928,1143
929,3114
930,1548
931,2874
932,1121
933,5614
934,2459
935,3091
936,2288
937,2629
938,5896
939,4508
940,5596
941,3744
942,56
943,740
944,3094
945,622
946,5179
947,1302
948,460
949,5280
950,2552
951,3768
952,1331
953,5439
954,4998
955,4358
956,6090
957,1937
958,5014
959,5259
960,3330
961,3099
962,693
963,1875
964,1547
965,3413
966,5027
967,2166
968,2290
969,2725
970,6074
971,5257
972,5501
973,5067
974,4740
975,834
976,1129
977,1231
978,2609
979,5613
980,1590
981,2128
982,3805
983,4713
984,5085
985,4302
986,4272
987,1246
988,568
989,600
990,2872
991,5016
992,4046
993,3842
994,5680
995,3103
996,5281
997,4448
998,5155
999,3973
1000,3319
1001,6021
1002,463
1003,761
1004,4886
1005,377
1006,4936
1007,3500
1008,5986
1009,4258
1010,6024
1011,5945
1012,5589
1013,192
1014,4172
1015,5186
1016,2740
1017,3085
1018,3726
1019,4632
1020,1234
1021,5781
1022,5256
1023,916
1024,6061
1025,891
1026,4085
1027,1695
1028,4561
1029,2090
1030,6044
1031,6000
1032,5611
1033,4953
1034,2377
1035,774
1036,5411
1037,2037
1038,3780
1039,1646
1040,1977
1041,4474
1042,2070
1043,1962
1044,2044
1045,804
1046,288
1047,1266
1048,1089
1049,422
1050,2192
1051,3475
1052,2321
1053,4667
1054,5841
1055,4332
1056,3109
1057,836
1058,495
1059,3108
1060,1819
1061,1610
1062,4225
1063,4995
1064,1137
1065,552
1066,858
1067,2920
1068,4686
1069,706
1070,2317
1071,5126
1072,1274
1073,2726
1074,4747
1075,1933
1076,5536
1077,4684
1078,1968
1079,5158
1080,2564
1081,4809
1082,2253
1083,4628
1084,5419
1085,5765
1086,2259
1087,307
1088,4327
1089,5509
1090,2357
1091,5939
1092,3322
1093,5567
1094,2788
1095,1041
1096,1790
1097,5053
1098,3163
1099,3195
1100,2433
1101,2135
1102,717
1103,4752
1104,3007
1105,4213
1106,3413
1107,2416
1108,3078
1109,845
1110,2990
1111,36
1112,1317
1113,4618
1114,4524
1115,5803
1116,5220
1117,4150
1118,5836
1119,574
1120,1735
1121,1083
1122,2197
1123,4445
1124,5778
1125,4676
1126,955
1127,2834
1128,2081
1129,3649
1130,3887
1131,4929
1132,3280
1133,3056
1134,4700
1135,4199
1136,4820
1137,5379
1138,1140
1139,5613
1140,5065
1141,5680
1142,4820
1143,171
1144,1169
1145,5496
1146,2356
1147,5271
1148,2059
1149,3564
1150,208
1151,1041
1152,885
1153,3282
1154,5997
1155,40
1156,5622
1157,2926
1158,5816
1159,5999
1160,4746
1161,5497
1162,1679
1163,4012
1164,3801
1165,2958
1166,5941
1167,1511
1168,999
1169,3856
1170,5614
1171,5100
1172,5023
1173,4154
1174,1765
1175,4499
1176,5527
1177,5146
1178,5807
1179,2189
1180,200
1181,5407
1182,2747
1183,2116
1184,2565
1185,1100
1186,2034
1187,1843
1188,4557
1189,1571
1190,1670
1191,5574
1192,1285
1193,403
1194,3178
1195,4017
1196,1260
1197,4934
1198,1587
1199,3437
1200,1337
1201,5128
1202,2156
1203,1740
1204,294
1205,3773
1206,1516
1207,4694
1208,3962
1209,1536
1210,3980
1211,2311
1212,3577
1213,3047
1214,3565
1215,5594
1216,3646
1217,4528
1218,5154
1219,5156
1220,4446
1221,5808
1222,5655
1223,784
1224,135
1225,4236
1226,92
1227,398
1228,3985
1229,1381
1230,4190
1231,3990
1232,27
1233,74
1234,2167
1235,3707
1236,974
1237,502
1238,5163
1239,2309
1240,2348
1241,3158
1242,6020
1243,4888
1244,2246
1245,6118
1246,961
1247,4385
1248,3116
1249,3563
1250,3630
1251,5648
1252,1136
1253,2066
1254,901
1255,6118
1256,5058
1257,3074
1258,1119
1259,4773
1260,5578
1261,3121
1262,3277
1263,1341
1264,4447
1265,2000
1266,2425
1267,2190
1268,1802
1269,2131
1270,2993
1271,114
1272,1669
1273,4768
1274,3350
1275,2583
1276,5039
1277,6007
1278,997
1279,582
1280,1182
1281,4673
1282,3702
1283,2814
1284,350
1285,3784
1286,3112
1287,6092
1288,2362
1289,2554
1290,4971
1291,4058
1292,2597
1293,394
1294,2612
1295,2096
1296,1844
1297,3198
1298,602
1299,1392
1300,4239
1301,4994
1302,2794
1303,3386
1304,1921
1305,2091
1306,4970
1307,4411
1308,3067
1309,2911
1310,913
1311,2391
1312,5571
1313,4783
1314,4627
1315,1094
1316,4448
1317,4347
1318,239
1319,2314
1320,3580
1321,2740
1322,429
1323,4881
1324,3546
1325,1326
1326,2920
1327,592
1328,3451
1329,603
1330,5680
1331,5838
1332,113
1333,1882
1334,358
1335,367
1336,386
1337,5998
1338,2000
1339,269
1340,3372
1341,5033
1342,738
1343,3096
1344,4287
1345,4769
1346,1457
1347,4147
1348,4518
1349,5893
1350,3779
1351,5154
1352,1445
1353,1925
1354,5366
1355,3033
1356,5334
1357,5731
1358,3726
1359,4697
1360,5031
1361,1052
1362,5066
1363,425
1364,6085
1365,1447
1366,4136
1367,2758
1368,1216
1369,4374
1370,1033
1371,4636
1372,2090
1373,3181
1374,2481
1375,5088
1376,3390
1377,2259
1378,1230
1379,5768
1380,3289
1381,4237
1382,170
1383,1831
1384,5550
1385,4165
1386,5533
1387,194
1388,1222
1389,4743
1390,164
1391,3202
1392,4081
1393,3432
1394,1459
1395,952
1396,3591
1397,2289
1398,4338
1399,5802
1400,4322
1401,2647
1402,512
1403,2033
1404,2162
1405,5085
1406,2869
1407,1233
1408,3999
1409,4755
1410,139
1411,640
1412,3982
1413,2604
1414,1228
1415,1383
1416,5427
1417,5082
1418,5158
1419,986
1420,5326
1421,3474
1422,1367
1423,5525
1424,769
1425,5298
1426,996
1427,5976
1428,5912
1429,103
1430,4344
1431,4956
1432,1619
1433,2345
1434,2392
1435,1828
1436,2258
1437,2130
1438,1699
1439,4441
1440,5954
1441,5397
1442,4672
1443,1890
1444,1658
1445,5266
1446,2553
1447,4663
1448,2024
1449,2507
1450,851
1451,692
1452,5040
1453,1842
1454,2283
1455,5476
1456,5004
1457,5307
1458,5085
1459,1274
1460,6042
1461,3091
1462,4322
1463,4569
1464,373
1465,4272
1466,6134
1467,5777
1468,3180
1469,5834
1470,4502
1471,3659
1472,1997
1473,1653
1474,1727
1475,1450
1476,1940
1477,2499
1478,201
1479,5575
1480,4721
1481,578
1482,1559
1483,942
1484,4976
1485,5740
1486,5752
1487,2584
1488,2017
1489,1246
1490,3934
1491,4959
1492,3051
1493,5916
1494,1972
1495,4855
1496,2558
1497,2224
1498,1231
1499,3575
1500,4741
1501,5684
1502,2155
1503,1162
1504,3886
1505,2993
1506,2658
1507,970
1508,4000
1509,7
1510,2311
1511,1745
1512,4265
1513,1619
1514,4926
1515,3438
1516,3726
1517,3975
1518,750
1519,3026
1520,5047
1521,3580
1522,1743
1523,4792
1524,3125
1525,5142
1526,3098
1527,3912
1528,296
1529,4958
1530,3628
1531,4433
1532,1210
1533,5052
1534,2318
1535,2962
1536,4778
1537,3206
1538,4801
1539,3613
1540,5150
1541,164
1542,5166
1543,1066
1544,2255
1545,4051
1546,1678
1547,768
1548,5729
1549,4598
1550,2925
1551,5995
1552,5027
1553,5665
1554,4961
1555,3173
1556,1026
1557,2369
1558,5270
1559,742
1560,2088
1561,1827
1562,1
1563,5766
1564,1780
1565,4777
1566,5891
1567,4659
1568,3830
1569,4410
1570,787
1571,4546
1572,4746
1573,4514
1574,5920
1575,4333
1576,4817
1577,1964
1578,3174
1579,2180
1580,4649
1581,5407
1582,493
1583,3113
1584,4592
1585,5044
1586,5468
1587,5638
1588,2444
1589,2734
1590,1607
1591,2939
1592,411
1593,1057
1594,3044
1595,2157
1596,5786
1597,5141
1598,5307
1599,3960
1600,3229
1601,286
1602,5867
1603,1917
1604,3486
1605,5074
1606,383
1607,920
1608,3767
1609,2185
1610,866
1611,1126
1612,6060
1613,3767
1614,3493
1615,626
1616,4152
1617,2170
1618,5442
1619,701
1620,3590
1621,339
1622,4768
1623,3767
1624,4985
1625,5081
1626,2282
1627,3846
1628,6130
1629,2555
1630,3142
1631,1039
1632,2868
1633,5049
1634,5293
1635,158
1636,696
1637,3822
1638,3798
1639,1740
1640,4144
1641,294
1642,2715
1643,4652
1644,2313
1645,6034
1646,4452
1647,1861
1648,4797
1649,6135
1650,4570
1651,2963
1652,4861
1653,5109
1654,5808
1655,4679
1656,3469
1657,4549
1658,2622
1659,4531
1660,3217
1661,5468
1662,1553
1663,1567
1664,3741
1665,4699
1666,1336
1667,2744
1668,6104
1669,4280
1670,3024
1671,1332
1672,3019
1673,3598
1674,3494
1675,2192
1676,2289
1677,1963
1678,2556
1679,4887
1680,1972
1681,3046
1682,3876
1683,2307
1684,3090
1685,289
1686,4626
1687,3500
1688,5814
1689,3995
1690,4105
1691,3472
1692,1180
1693,153
1694,5849
1695,2129
1696,1150
1697,3061
1698,3785
1699,5944
1700,2440
1701,902
1702,3336
1703,4213
1704,5812
1705,4855
1706,4249
1707,3169
1708,1566
1709,4161
1710,3133
1711,2166
1712,4496
1713,3965
1714,1505
1715,5866
1716,5794
1717,24
1718,3163
1719,6091
1720,5176
1721,1877
1722,619
1723,4480
1724,4743
1725,3982
1726,3017
1727,3318
1728,5700
1729,2314
1730,1294
1731,2393
1732,1669
1733,1020
1734,5982
1735,4384
1736,4169
1737,159
1738,5554
1739,5372
1740,5852
1741,1436
1742,2384
1743,2917
1744,6121
1745,405
1746,6037
1747,4736
1748,5011
1749,342
1750,2805
1751,6064
1752,1440
1753,4942
1754,2549
1755,4238
1756,2148
1757,3370
1758,3914
1759,3032
1760,844
1761,2893
1762,5138
1763,5134
1764,5556
1765,5180
1766,4892
1767,3422
1768,2711
1769,236
1770,2561
1771,2810
1772,917
1773,4903
1774,4997
1775,4742
1776,4129
1777,2668
1778,1610
1779,2082
1780,1922
1781,2074
1782,4920
1783,2037
1784,171
1785,1506
1786,4324
1787,38
1788,2737
1789,4004
1790,2367
1791,5614
1792,712
1793,2005
1794,4225
1795,1183
1796,3431
1797,1084
1798,3549
1799,4476
1800,4197
1801,2739
1802,5262
1803,3758
1804,4976
1805,5415
1806,2496
1807,4829
1808,502
1809,61
1810,896
1811,5499
1812,2970
1813,4710
1814,625
1815,1333
1816,5798
1817,3974
1818,3545
1819,3476
1820,194
1821,3263
1822,2468
1823,6120
1824,4220
1825,4838
1826,608
1827,1634
1828,5683
1829,133
1830,5068
1831,5685
1832,4667
1833,6093
1834,5739
1835,5497
1836,4035
1837,785
1838,5680
1839,1454
1840,4627
1841,2535
1842,3163
1843,3805
1844,3165
1845,5694
1846,4272
1847,4216
1848,4157
1849,4705
1850,4481
1851,1099
1852,5062
1853,5443
1854,882
1855,2314
1856,2762
1857,2148
1858,4688
1859,3025
1860,2375
1861,4278
1862,2957
1863,5534
1864,2913
1865,4940
1866,5924
1867,2543
1868,2453
1869,1325
1870,3895
1871,5062
1872,5596
1873,5169
1874,1788
1876,3233
1877,6074
1878,5659
1879,772
1880,1794
1881,5966
1882,4353
1883,4650
1884,255
1885,2128
1886,2729
1887,3586
1888,1641
1889,4834
1890,4679
1891,900
1892,1587
1893,2294
1894,1910
1895,2840
1896,1166
1897,210
1898,1575
1899,2629
1900,1535
1901,3840
1902,4351
1903,3031
1904,6109
1905,369
1906,1041
1907,2161
1908,2815
1909,3091
1910,3467
1911,4977
1912,4576
1913,588
1914,3110
1915,993
1916,520
1917,5435
1918,2056
1919,4807
1920,4850
1921,134
1922,1937
1923,2341
1924,1318
1925,1145
1926,1809
1927,3234
1928,2774
1929,5987
1930,1125
1931,4575
1932,2187
1933,1579
1934,2726
1935,721
1936,3667
1937,2910
1938,4253
1939,3161
1940,5781
1941,1446
1942,3200
1943,4721
1944,5152
1945,5396
1946,5354
1947,5230
1948,4964
1949,1207
1950,2419
1951,4830
1952,4327
1953,2730
1954,2507
1955,4174
1956,3673
1957,5542
1958,4588
1959,1790
1960,4293
1961,5209
1962,4729
1963,5886
1964,4573
1965,993
1966,3483
1967,841
1968,4314
1969,4732
1970,502
1971,2899
1972,208
1973,4763
1974,4331
1975,5683
1976,795
1977,2929
1978,1536
1979,4609
1980,6131
1981,2013
1982,3167
1983,5134
1984,964
1985,5755
1986,5562
1987,5708
1988,2631
1989,4008
1990,3963
1991,1040
1992,5120
1993,4301
1994,2073
1995,4203
1996,3137
1997,798
1998,722
1999,3925
2000,5098
2001,836
2002,634
2003,3530
2004,3854
2005,724
2006,1234
2007,1053
2008,1732
2009,5274
2010,2229
2011,4700
2012,122
2013,3146
2014,5539
2015,1711
2016,4566
2017,2976
2018,2740
2019,1872
2020,2749
2021,3451
2022,2659
2023,5093
2024,6068
2025,4959
2026,1620
2027,4334
2028,3029
2029,5960
2030,6074
2031,4664
2032,5912
2033,3028
2034,250
2035,316
2036,1460
2037,1598
2038,5168
2039,2896
2040,3842
2041,5685
2042,5613
2043,6001
2044,1246
2045,3495
2046,3076
2047,1366
2048,804
2049,2607
2050,4012
2051,160
2052,5722
2053,2889
2054,2725
2055,2214
2056,2993
2057,2555
2058,4509
2059,2707
2060,2997
2061,5386
2062,4690
2063,4513
2064,4241
2065,4378
2066,2182
2067,5425
2068,5747
2069,5014
2070,2100
2071,4118
2072,1168
2073,2738
2074,407
2075,925
2076,5873
2077,859
2078,1832
2079,2010
2080,500
2081,5444
2082,6065
2083,5299
2084,2583
2085,5916
2086,3532
2087,4504
2088,3085
2089,1399
2090,631
2091,3499
2092,1873
2093,757
2094,4026
2095,5557
2096,939
2097,1193
2098,2420
2099,1345
2100,3604
2101,5200
2102,364
2103,1222
2104,6123
2105,2309
2106,422
2107,2024
2108,3875
2109,4844
2110,2080
2111,3295
2112,5089
2113,102
2114,5997
2115,120
2116,2067
2117,4561
2118,3500
2119,1187
2120,4251
2121,3629
2123,602
2124,5122
2125,6003
2126,1475
2127,5538
2128,3881
2129,2648
2130,3880
2131,2000
2132,5436
2133,704
2134,4266
2135,966
2136,3070
2137,74
2138,1997
2139,3290
2140,1412
2141,5373
2142,4099
2143,2048
2144,3014
2145,361
2146,1447
2147,5778
2148,935
2149,962
2150,3054
2151,4316
2152,4968
2153,2308
2154,5768
2155,6042
2156,2965
2157,3420
2158,3387
2159,2414
2160,3720
2161,3183
2162,3080
2163,431
2164,3493
2165,5202
2166,5310
2167,1019
2168,4929
2169,742
2170,4276
2171,4526
2172,1383
2173,3643
2174,101
2175,2079
2176,4036
2177,4081
2178,4533
2179,6090
2180,3784
2181,4851
2182,3380
2183,787
2184,5525
2185,5261
2186,820
2187,1876
2188,4996
2189,3257
2190,5811
2191,1349
2192,1518
2193,4183
2194,155
2195,355
2196,2329
2197,49
2198,4594
2199,4092
2200,3194
2201,4514
2202,275
2203,183
2204,2803
2205,6013
2206,5680
2207,1495
2208,5664
2209,3208
2210,6117
2211,3500
2212,1386
2213,1349
2214,347
2215,1029
2216,5473
2217,2150
2218,3774
2219,5140
2220,3649
2221,693
2222,4841
2223,4974
2224,5655
2225,4669
2226,1806
2227,2708
2228,5918
2229,5004
2230,2285
2231,5592
2232,4273
2233,2869
2234,542
2235,4108
2236,3911
2237,4940
2238,4292
2239,5074
2240,1171
2241,3984
2242,3757
2243,5847
2244,4762
2245,2193
2246,4705
2247,4684
2248,1946
2249,3324
2250,3658
2251,6133
2252,1176
2253,44
2254,1235
2255,1924
2256,248
2257,806
2258,4768
2259,5977
2260,3465
2261,3450
2262,6000
2263,4825
2264,4613
2265,5150
2266,145
2267,996
2268,263
2269,1725
2270,2090
2271,2444
2272,4922
2273,216
2274,2377
2275,1758
2276,990
2277,5085
2278,4029
2279,3094
2280,3425
2281,5670
2282,1197
2283,1019
2284,6000
2285,4854
2286,1128
2287,4764
2288,4356
2289,4698
2290,2236
2291,2372
2292,2512
2293,3974
2294,391
2295,431
2296,1824
2297,4543
2298,5316
2299,2184
2300,6122
2301,3765
2302,3193
2303,1556
2304,615
2305,5243
2306,5743
2307,5548
2308,520
2309,5614
2310,5571
2311,2552
2312,6118
2313,3518
2314,4259
2315,2797
2316,5363
2317,5987
2318,593
2319,5781
2320,1382
2321,2490
2322,2021
2323,2342
2324,3749
2325,355
2326,5766
2327,1749
2328,1736
2329,3038
2330,569
2331,1516
2332,4272
2333,4976
2334,1290
2335,2311
2336,3445
2337,2274
2338,5039
2339,2343
2340,4165
2341,4837
2342,3376
2343,5447
2344,2154
2345,453
2346,4331
2347,5016
2348,4682
2349,3338
2350,2447
2351,4789
2352,3380
2353,2917
2354,977
2355,837
2356,4222
2357,3172
2358,532
2359,2715
2360,1409
2361,1566
2362,1515
2363,4569
2364,4315
2365,3096
2366,6000
2367,3883
2368,3530
2369,3793
2370,3027
2371,2461
2372,549
2373,5578
2374,5569
2375,3435
2376,6131
2377,6003
2378,1019
2379,3291
2380,5601
2381,2152
2382,2014
2383,4256
2384,5723
2385,888
2386,1957
2387,4142
2388,5470
2389,5773
2390,30
2391,2034
2392,4161
2393,2172
2394,4745
2395,3466
2396,3757
2397,3883
2398,5753
2399,3600
2400,3221
2401,2557
2402,3679
2403,5730
2404,3736
2405,4226
2406,1393
2407,4151
2408,5323
2409,3671
2410,945
2411,2806
2412,1643
2413,5737
2414,4325
2415,2790
2416,3689
2417,4693
2418,1201
2419,4709
2420,4662
2421,3982
2422,377
2423,5559
2424,3065
2425,3306
2426,3705
2427,4924
2428,4330
2429,2914
2430,1511
2431,3419
2432,5755
2433,3068
2434,5718
2435,5088
2436,3931
2437,2146
2438,5146
2439,3831
2440,2492
2441,1830
2442,688
2443,2406
2444,3103
2445,3954
2446,1490
2447,4803
2448,5374
2449,3272
2450,734
2451,2657
2452,3220
2453,4223
2454,1533
2455,4535
2456,4484
2457,1671
2458,3958
2459,2189
2460,1317
2461,5344
2462,1422
2463,5020
2464,1332
2465,5024
2466,2559
2467,6031
2468,5866
2469,928
2470,3780
2471,5776
2472,5124
2473,4518
2474,3877
2475,5195
2476,5285
2477,574
2478,5646
2479,2216
2480,2886
2481,398
2482,3039
2483,3715
2484,3771
2485,3258
2486,5395
2487,4692
2488,3857
2489,312
2490,3854
2491,5759
2492,4719
2493,4197
2494,1407
2495,2284
2496,2345
2497,665
2498,1477
2499,4000
2500,2259
2501,1019
2502,4506
2503,3254
2504,3480
2505,3936
2506,3404
2507,3224
2508,51
2509,5259
2510,1297
2511,5062
2512,2925
2513,2835
2514,1602
2515,3922
2516,4310
2517,4064
2518,5317
2519,3875
2520,2982
2521,3684
2522,3125
2523,4447
2524,2110
2525,1915
2526,4503
2527,571
2528,4333
2529,4277
2530,5309
2531,1236
2532,2612
2533,1389
2534,5155
2535,5132
2536,1083
2537,5536
2538,2356
2539,3615
2540,4887
2541,1647
2542,1367
2543,2386
2544,3893
2545,3448
2546,5071
2547,4706
2548,1782
2549,3395
2550,5128
2551,425
2552,2907
2553,5683
2554,5023
2555,4694
2556,5533
2557,342
2558,4161
2559,4746
2560,2263
2561,2898
2562,1280
2563,5744
2564,5649
2565,5848
2566,74
2567,1632
2568,2604
2569,4197
2570,5614
2571,1216
2572,4986
2573,624
2574,3600
2575,5031
2576,5721
2577,2279
2578,1849
2579,6042
2580,3372
2581,5916
2582,3578
2583,4472
2584,1842
2585,4917
2586,141
2587,4606
2588,5887
2589,2634
2590,4890
2591,2599
2592,2387
2593,5997
2594,2928
2595,3492
2596,2231
2597,1869
2598,4188
2599,1868
2600,2915
2601,1388
2602,2953
2603,148
2604,3929
2605,5676
2606,3659
2607,1977
2608,3350
2609,3112
2610,5613
2611,3116
2612,4553
2613,3392
2614,3598
2615,3523
2616,2187
2617,4272
2618,4766
2619,4291
2620,5276
2621,2845
2622,1451
2623,1648
2624,712
2625,5467
2626,4312
2627,311
2628,4097
2629,2636
2630,4977
2631,2457
2632,3163
2633,972
2634,5407
2635,259
2636,3497
2637,961
2638,21
2639,2078
2640,2976
2641,5791
2642,3861
2643,5593
2644,65
2645,3992
2646,3867
2647,1091
2648,1484
2649,778
2650,5175
2651,5901
2652,5995
2653,2383
2654,2169
2655,5193
2656,4191
2657,4863
2658,2785
2659,4961
2660,1855
2661,4280
2662,2441
2663,1136
2664,3564
2665,5284
2666,530
2667,5096
2668,2030
2669,4310
2670,5819
2671,4199
2672,2334
2673,568
2674,216
2675,866
2676,559
2677,5850
2678,5935
2679,6031
2680,1311
2681,5443
2682,5660
2683,415
2684,2475
2685,2697
2686,3502
2687,2615
2688,531
2689,5497
2690,2747
2691,5878
2692,5570
2693,1591
2694,6015
2695,5561
2696,3728
2697,1028
2698,4082
2699,6057
2700,1118
2701,1291
2702,80
2703,4172
2704,4946
2705,962
2706,4059
2707,4368
2708,4906
2709,2602
2710,2766
2711,2264
2712,1002
2713,681
2714,2486
2715,5817
2716,294
2717,4508
2718,4679
2719,2134
2720,4534
2721,1617
2722,3725
2723,1670
2724,4468
2725,5245
2726,2046
2727,818
2728,1605
2729,1753
2730,3310
2731,4950
2732,5302
2733,2882
2734,1206
2735,463
2736,1619
2737,4024
2738,551
2739,5564
2740,4690
2741,2346
2742,1170
2743,991
2744,4087
2745,4927
2746,539
2747,1228
2748,1309
2749,2444
2750,1752
2751,5420
2752,1019
2753,5112
2754,622
2755,830
2756,2877
2757,416
2758,4261
2759,4667
2760,1653
2761,1288
2762,5729
2763,1548
2764,6008
2765,2523
2766,201
2767,3049
2768,1326
2769,5397
2770,3481
2771,1449
2772,1740
2773,5332
2774,6037
2775,5282
2776,5664
2777,4963
2778,1720
2779,257
2780,3388
2781,2292
2782,5150
2783,2613
2784,4178
2785,1621
2786,1900
2787,215
2788,2466
2789,836
2790,5953
2791,4824
2792,2792
2793,5954
2794,4783
2795,1499
2796,2719
2797,1644
2798,3572
2799,3076
2800,831
2801,5044
2802,4585
2803,4862
2804,2974
2805,2010
2806,5989
2807,3244
2808,5771
2809,5059
2810,3471
2811,5671
2812,2668
2813,1716
2814,3350
2815,159
2816,2186
2817,4635
2818,3687
2819,2074
2820,4759
2821,1454
2822,6091
2823,4045
2824,3280
2825,5978
2826,3592
2827,3568
2828,4660
2829,913
2830,4206
2831,1115
2832,345
2833,1530
2834,4976
2835,5629
2836,3618
2837,5320
2838,3030
2839,2259
2840,405
2841,5625
2842,4626
2843,3431
2844,4479
2845,1819
2846,747
2847,2090
2848,495
2849,5221
2850,2382
2851,3494
2852,1154
2853,3805
2854,2222
2855,2510
2856,3642
2857,2650
2858,3162
2859,2319
2860,17
2861,5812
2862,3437
2863,4063
2864,717
2865,4216
2866,6042
2867,3007
2868,5585
2869,5648
2870,832
2871,3606
2872,4965
2873,61
2874,1231
2875,4450
2876,4643
2877,2653
2878,4566
2879,2340
2880,5207
2881,397
2882,6110
2883,2927
2884,462
2885,2006
2886,4742
2887,5079
2888,5586
2889,696
2890,4579
2891,3995
2892,4504
2893,4504
2894,1587
2895,4445
2896,626
2897,5497
2898,6073
2899,2033
2900,2715
2901,774
2902,905
2903,1948
2904,3848
2905,2283
2906,2562
2907,2637
2908,4947
2909,5845
2910,871
2911,4849
2912,4326
2913,1042
2914,1819
2915,347
2916,6067
2917,4448
2918,3518
2919,2249
2920,5600
2921,264
2922,3844
2923,5062
2924,6045
2925,4899
2926,2199
2927,4598
2928,3623
2929,4940
2930,4844
2931,3015
2932,1094
2933,2582
2934,1638
2935,1199
2936,4787
2937,2076
2938,4461
2939,845
2940,4629
2941,5861
2942,1557
2943,3447
2944,236
2945,5615
2946,2467
2947,4683
2948,5158
2949,3042
2950,5857
2951,2788
2952,2386
2953,1153
2954,580
2955,4280
2956,3860
2957,3486
2958,1707
2959,1928
2960,3336
2961,497
2962,5808
2963,350
2964,4090
2965,5533
2966,49
2967,3018
2968,2104
2969,4163
2970,3855
2971,5551
2972,2273
2973,1238
2974,5801
2975,5152
2976,4012
2977,3178
2978,2753
2979,2182
2980,297
2981,2838
2982,1765
2983,619
2984,4998
2985,4230
2986,5683
2987,3013
2988,1134
2989,5723
2990,4001
2991,1754
2992,735
2993,242
2994,1246
2995,4220
2996,5503
2997,5476
2998,2344
2999,5212
3000,788
3001,1197
3002,4904
3003,3408
3004,164
3005,4820
3006,4549
3007,745
3008,5528
3009,2126
3010,1477
3011,611
3012,1938
3013,6000
3014,3923
3015,3591
3016,3160
3017,4711
3018,1500
3019,1010
3020,4213
3021,5455
3022,4700
3023,4681
3024,5004
3025,2168
3026,5618
3027,2999
3028,97
3029,5565
3030,5611
3031,1497
3032,2609
3033,3854
3034,917
3035,569
3036,2771
3037,2363
3038,1889
3039,4442
3040,4000
3041,4976
3042,1182
3043,2195
3044,781
3045,2004
3046,5552
3047,4467
3048,1906
3049,3112
3050,5866
3051,4727
3052,3684
3053,1473
3054,4818
3055,4521
3056,804
3057,5740
3058,4394
3059,4076
3060,2052
3061,996
3062,3103
3063,5591
3064,4385
3065,4874
3066,1563
3067,4144
3068,1827
3069,1399
3070,4989
3071,2620
3072,946
3073,4410
3074,4664
3075,2596
3076,493
3077,2166
3078,724
3079,5511
3080,2496
3081,3309
3082,5613
3083,2128
3084,2499
3085,1102
3086,1246
3087,251
3088,5667
3089,3025
3090,6074
3091,5134
3092,5407
3093,5057
3094,4136
3095,2246
3096,236
3097,4964
3098,3762
3099,2192
3100,1113
3101,2307
3102,5841
3103,3386
3104,1764
3105,5100
3106,2943
3107,3671
3108,1231
3109,4971
3110,4654
3111,5042
3112,1123
3113,4476
3114,1179
3115,4207
3116,5666
3117,6032
3118,1934
3119,4812
3120,1491
3121,395
3122,3837
3123,4738
3124,3417
3125,5654
3126,4160
3127,21
3128,623
3129,1611
3130,2958
3131,2397
3132,4212
3133,2084
3134,3204
3135,1886
3136,1076
3137,3285
3138,3898
3139,1457
3140,4796
3141,4041
3142,4777
3143,866
3144,4210
3145,31
3146,5901
3147,3856
3148,1133
3149,1445
3150,750
3151,2122
3152,1338
3153,3980
3154,2671
3155,4163
3156,3328
3157,5640
3158,5046
3159,5842
3160,4398
3161,4237
3162,4351
3163,4795
3164,926
3165,1290
3166,1137
3167,3701
3168,5984
3169,1527
3170,2734
3171,6104
3172,4172
3173,2588
3174,3193
3175,4353
3176,4230
3177,316
3178,4227
3179,5325
3180,2631
3181,1119
3182,2509
3183,4153
3184,3451
3185,213
3186,4851
3187,873
3188,3940
3189,2333
3190,2565
3191,5643
3192,4316
3193,502
3194,3488
3195,4015
3196,5090
3197,1663
3198,4266
3199,3990
3200,3937
3201,5655
3202,3245
3203,1027
3204,5541
3205,5197
3206,4754
3207,3308
3208,5324
3209,5571
3210,4687
3211,5804
3212,5540
3213,1809
3214,2115
3215,3600
3216,2568
3217,293
3218,1332
3219,4025
3220,987
3221,1492
3222,5012
3223,4666
3224,5809
3225,3886
3226,2597
3227,126
3228,323
3229,413
3230,5993
3231,4340
3232,520
3233,376
3234,2293
3235,1809
3236,3130
3237,1108
3238,2417
3239,2069
3240,4526
3241,3116
3242,5112
3243,3410
3244,2716
3245,4921
3246,2371
3247,1899
3248,3649
3249,3851
3250,711
3251,5342
3252,1598
3253,890
3254,2294
3255,90
3256,5300
3257,2782
3258,904
3259,1317
3260,208
3261,5262
3262,4582
3263,2314
3264,3303
3265,3282
3266,4311
3267,921
3268,4505
3269,2148
3270,2566
3271,1747
3272,2872
3273,4071
3274,3927
3275,3020
3276,4176
3277,3977
3278,2329
3279,902
3280,2406
3281,4786
3282,6084
3283,2934
3284,1202
3285,1109
3286,4170
3287,393
3288,3598
3289,5437
3290,3762
3291,6020
3292,1882
3293,5307
3294,2259
3295,854
3296,1369
3297,5791
3298,1621
3299,6106
3300,3291
3301,884
3302,88
3303,4733
3304,1279
3305,1842
3306,4570
3307,5613
3308,560
3309,3468
3310,114
3311,5429
3312,2039
3313,1274
3314,5678
3315,5781
3316,349
3317,2183
3318,358
3319,5977
3320,2674
3321,2811
3322,4310
3323,4272
3324,3175
3325,6126
3326,5838
3327,4912
3328,4619
3329,3027
3330,558
3331,5475
3332,3659
3333,5292
3334,3578
3335,798
3336,4225
3337,2101
3338,3450
3339,4165
3340,1055
3341,6000
3342,2197
3343,2206
3344,1616
3345,5139
3346,5570
3347,4627
3348,3396
3349,4164
3350,3500
3351,3209
3352,5348
3353,4349
3354,74
3355,1670
3356,1447
3357,66
3358,467
3359,1124
3360,3620
3361,1031
3362,5327
3363,485
3364,1603
3365,5397
3366,1735
3367,3310
3368,5354
3369,3681
3370,118
3371,3321
3372,2698
3373,4667
3374,1612
3375,2100
3376,2095
3377,1171
3378,3320
3379,1409
3380,4923
3381,5688
3382,2794
3383,836
3384,2603
3385,4108
3386,5820
3387,5680
3388,2082
3389,2685
3390,1620
3391,2280
3392,3655
3393,2615
3394,5377
3395,1757
3396,1574
3397,2977
3398,3357
3399,2863
3400,2059
3401,5568
3402,5115
3403,1093
3404,1177
3405,1973
3406,5082
3407,4793
3408,5046
3409,4712
3410,2631
3411,3116
3412,5216
3413,5039
3414,2969
3415,4376
3416,3010
3417,2768
3418,2612
3419,2300
3420,52
3421,1604
3422,4457
3423,3107
3424,4180
3425,781
3426,1997
3427,4986
3428,3322
3429,5114
3430,2458
3431,1511
3432,1307
3433,4669
3434,5052
3435,4319
3436,1293
3437,2907
3438,2089
3439,4447
3440,790
3441,442
3442,3948
3443,5358
3444,5200
3445,2970
3446,353
3447,5110
3448,3593
3449,5047
3450,425
3451,3055
3452,415
3453,4721
3454,728
3455,3877
3456,6001
3457,113
3458,5862
3459,162
3460,3350
3461,1406
3462,5860
3463,287
3464,3798
3465,2570
3466,787
3467,1554
3468,504
3469,2847
3470,3228
3471,5411
3472,2881
3473,25
3474,1293
3475,3457
3476,612
3477,1564
3478,2600
3479,5901
3480,1846
3481,1605
3482,636
3483,4371
3484,5087
3485,2169
3486,5722
3487,5816
3488,5655
3489,2257
3490,5443
3491,163
3492,4741
3493,3163
3495,3857
3496,5609
3497,252
3498,1477
3499,487
3500,5004
3501,5460
3502,5712
3503,561
3504,3328
3505,4154
3506,5035
3507,3398
3508,1516
3509,2315
3510,5083
3511,1972
3512,2071
3513,4291
3514,620
3515,329
3516,4969
3517,5098
3518,4333
3519,4535
3520,6095
3521,845
3522,2285
3523,5038
3524,3526
3525,3485
3526,6048
3527,5803
3528,4847
3529,2075
3530,4849
3531,1368
3532,2516
3533,391
3534,2707
3535,5691
3536,2944
3537,2061
3538,5093
3539,2889
3540,3313
3541,2826
3542,2697
3543,4924
3544,2982
3545,4117
3546,2581
3547,4252
3548,2317
3549,1131
3550,4684
3551,727
3552,3586
3553,5771
3554,602
3555,2067
3556,68
3557,3854
3558,2065
3559,4212
3560,4334
3561,3146
3562,4971
3563,3967
3564,5766
3565,2568
3566,1258
3567,3921
3568,5031
3569,1679
3570,2726
3571,4686
3572,3091
3573,3281
3574,380
3575,1942
3576,28
3577,5284
3578,1519
3579,5916
3580,4332
3581,462
3582,6042
3583,4068
3584,924
3585,6118
3586,6068
3587,183
3588,4363
3589,1310
3590,998
3591,1064
3592,2468
3593,21
3594,5667
3595,2900
3596,2293
3597,4404
3598,887
3599,2772
3600,2482
3601,2097
3602,1574
3603,405
3604,422
3605,4010
3606,4651
3607,1914
3608,5835
3609,3831
3610,529
3611,4458
3612,46
3613,1758
3614,3135
3615,3982
3616,2184
3617,937
3618,4280
3619,3139
3620,5509
3621,2560
3622,1356
3623,4716
3624,4899
3625,1194
3626,834
3627,4696
3628,3969
3629,3461
3630,3343
3631,3603
3632,3776
3633,5138
3634,5525
3635,5132
3636,5728
3637,545
3638,2492
3639,720
3640,2311
3641,1536
3642,5128
3643,6060
3644,6030
3645,4450
3646,4197
3647,4500
3648,2930
3649,2790
3650,731
3651,4630
3652,4569
3653,5596
3654,5252
3655,1171
3656,5901
3657,695
3658,3151
3659,4040
3660,6109
3661,1033
3662,171
3663,2776
3664,5074
3665,899
3666,2524
3667,4241
3668,1442
3669,4825
3670,1600
3671,3514
3672,1300
3673,4383
3674,2444
3675,2189
3676,1971
3677,702
3678,3380
3679,2816
3680,1437
3681,4012
3682,980
3683,4852
3684,1327
3685,1870
3686,5242
3687,3808
3688,3883
3689,5421
3690,4455
3691,4539
3692,1497
3693,799
3694,5752
3695,3122
3696,2407
3697,4429
3698,4471
3699,3862
3700,800
3701,5027
3702,5920
3703,4384
3704,2722
3705,4221
3706,2220
3707,3869
3708,2378
3709,1233
3710,1964
3711,2390
3712,6086
3713,4257
3714,2851
3715,3125
3716,4689
3717,2351
3718,1567
3719,2150
3720,1983
3721,446
3722,3777
3723,4474
3724,2937
3725,5286
3726,2402
3727,4281
3728,3580
3729,1761
3730,1596
3731,5703
3732,892
3733,1086
3734,5842
3735,4598
3736,2936
3737,1205
3738,342
3739,4615
3740,2010
3741,5614
3742,5916
3743,5136
3744,3267
3745,1074
3746,5831
3747,4233
3748,5625
3749,2950
3750,906
3751,2244
3752,4527
3753,3102
3754,5371
3755,1466
3756,4005
3757,5572
3758,1670
3759,6000
3760,2648
3761,2303
3762,2314
3763,953
3764,3805
3765,3757
3766,5297
3767,1004
3768,4768
3769,4631
3770,618
3771,3879
3772,1577
3773,3882
3774,80
3775,5690
3776,993
3777,4717
3778,386
3779,5791
3780,4776
3781,4721
3782,2304
3783,3177
3784,5727
3785,183
3786,5333
3787,2871
3788,828
3789,582
3790,41
3791,2232
3792,2682
3793,5449
3794,2307
3795,1918
3796,866
3797,3913
3798,1738
3799,2558
3800,3313
3801,4949
3802,3116
3803,4821
3804,3522
3805,1036
3806,1197
3807,795
3808,3024
3809,4413
3810,2719
3811,3310
3812,2844
3813,679
3814,2613
3815,61
3816,3893
3817,1081
3818,1479
3819,1287
3820,186
3821,4689
3822,3264
3823,5016
3824,4906
3825,5610
3826,1536
3827,5276
3828,16
3829,2499
3830,3589
3831,4449
3832,3773
3833,5117
3834,662
3835,2470
3836,660
3837,3970
3838,3132
3839,216
3840,1486
3841,1231
3842,6042
3843,4727
3844,4688
3845,358
3846,4635
3847,596
3848,2097
3849,2094
3850,941
3851,2801
3852,4051
3853,1635
3854,21
3855,2933
3856,5680
3857,1551
3858,1125
3859,1234
3860,1087
3861,1457
3862,2701
3863,1566
3864,2889
3865,5052
3866,1972
3867,2494
3868,2252
3869,3122
3870,5901
3871,1693
3872,127
3873,3537
3874,5997
3875,1800
3876,5628
3877,3276
3878,1553
3879,1641
3880,490
3881,4448
3882,2440
3883,5308
3884,5507
3885,1227
3886,1332
3887,5209
3888,1453
3889,5497
3890,2188
3891,1420
3892,4554
3893,4445
3894,3584
3895,328
3896,1619
3897,4887
3898,2034
3899,3850
3900,5045
3901,4773
3902,3163
3903,3591
3904,2317
3905,5004
3906,3624
3907,2222
3908,3380
3909,3903
3910,4327
3911,3034
3912,2155
3913,975
3914,3812
3915,3076
3916,3959
3917,5344
3918,2238
3919,4566
3920,764
3921,2254
3922,1246
3923,3460
3924,4808
3925,5174
3926,5844
3927,5124
3928,2170
3929,1541
3930,1044
3931,1157
3932,3561
3933,2633
3934,886
3935,5797
3936,4296
3937,2593
3938,3494
3939,3806
3940,1924
3941,2239
3942,1477
3943,1612
3944,3831
3945,3949
3946,1447
3947,542
3948,633
3949,1651
3950,5917
3951,480
3952,3854
3953,5056
3954,3248
3955,3491
3956,918
3957,2456
3958,2328
3959,1867
3960,996
3961,5377
3962,2311
3963,4571
3964,1469
3965,5150
3966,5582
3967,4906
3968,3679
3969,1852
3970,5527
3971,3447
3972,4684
3973,5613
3974,4872
3975,2689
3976,3081
3977,1246
3978,239
3979,5323
3980,4399
3981,849
3982,5115
3983,5545
3984,1473
3985,1173
3986,2128
3987,3618
3988,5092
3989,4783
3990,30
3991,3108
3992,74
3993,2989
3994,1530
3995,1527
3996,2079
3997,913
3998,527
3999,5259
4000,1827
4001,5944
4002,961
4003,2166
4004,4556
4005,725
4006,1598
4007,4517
4008,1748
4009,5756
4010,4640
4011,2198
4012,5571
4013,5719
4014,4558
4015,2461
4016,2442
4017,1581
4018,4645
4019,5099
4020,3154
4021,879
4022,4824
4023,1032
4024,4592
4025,2409
4026,3570
4027,3450
4028,4679
4029,5841
4030,2348
4031,3886
4032,4081
4033,2600
4034,2441
4035,400
4036,4255
4037,6009
4038,5901
4039,4381
4040,571
4041,6028
4042,5995
4043,887
4044,398
4045,312
4046,4519
4047,2655
4048,3983
4049,965
4050,1397
4051,1298
4052,3193
4053,6104
4054,2571
4055,5881
4056,415
4057,1162
4058,4031
4059,3070
4060,1673
4061,3530
4062,4078
4063,5860
4064,3044
4065,194
4066,981
4067,4377
4068,5353
4069,4940
4070,3128
4071,4899
4072,4671
4073,1267
4074,1904
4075,3926
4076,2094
4077,4730
4078,5369
4079,2280
4080,4860
4081,850
4082,3350
4083,448
4084,4053
4085,1168
4086,447
4087,5196
4088,3826
4089,1683
4090,5233
4091,2636
4092,4729
4093,2950
4094,4920
4095,916
4096,5767
4097,871
4098,49
4099,3024
4100,1915
4101,197
4102,3486
4103,145
4104,5475
4105,1707
4106,4611
4107,5590
4108,2289
4109,2982
4110,5303
4111,2629
4112,537
4113,3982
4114,2323
4115,2917
4116,4208
4117,4549
4118,2169
4119,2523
4120,574
4121,1947
4122,4681
4123,690
4124,3518
4125,956
4126,5150
4127,2428
4128,1147
4129,5520
4130,4569
4131,4946
4132,319
4133,4136
4134,1344
4135,5515
4136,5407
4137,696
4138,2298
4139,5613
4140,2818
4141,6092
4142,5262
4143,892
4144,783
4145,3166
4146,4435
4147,6118
4148,5259
4149,3000
4150,4140
4151,804
4152,1740
4153,4011
4154,24
4155,5808
4156,2065
4157,5069
4158,3388
4159,1779
4160,1480
4161,5866
4162,1859
4163,5705
4164,5851
4165,5193
4166,462
4167,408
4168,6042
4169,2356
4170,4165
4171,2376
4172,5533
4173,4476
4174,505
4175,2813
4176,3413
4177,1323
4178,962
4179,4216
4180,102
4181,4460
4182,463
4183,1111
4184,3591
4185,3800
4186,1083
4187,2030
4188,2799
4189,591
4190,1616
4191,5397
4192,3866
4193,4120
4194,769
4195,2443
4196,540
4197,2708
4198,3156
4199,3050
4200,5074
4201,4123
4202,5179
4203,3094
4204,4557
4205,3291
4206,2747
4207,3946
4208,3884
4209,3754
4210,1019
4211,1610
4212,347
4213,33
4214,5484
4215,5554
4216,2251
4217,4543
4218,4469
4219,5802
4220,4453
4221,5093
4222,1621
4223,2377
4224,1566
4225,2318
4226,4437
4227,5088
4228,548
4229,3774
4230,1761
4231,2506
4232,3389
4233,4561
4234,1842
4235,4977
4236,5497
4237,5946
4238,5085
4239,2420
4240,5910
4241,5807
4242,788
4243,5579
4244,425
4245,1378
4246,5055
4247,5039
4248,3852
4249,613
4250,1587
4251,4859
4252,4575
4253,333
4254,3672
4255,230
4256,4790
4257,1056
4258,5335
4259,4326
4260,871
4261,5394
4262,2955
4263,5736
4264,4745
4265,5901
4266,3354
4267,1776
4268,5616
4269,4964
4270,1485
4271,1718
4272,1216
4273,2658
4274,3293
4275,1109
4276,5577
4277,771
4278,3395
4279,811
4280,1326
4281,2306
4282,5613
4283,4225
4284,4786
4285,2406
4286,5505
4287,3057
4288,463
4289,3496
4290,777
4291,1133
4292,4581
4293,3181
4294,5327
4295,5143
4296,4283
4297,162
4298,1972
4299,508
4300,36
4301,3556
4302,4104
4303,1769
4304,5183
4305,3896
4306,410
4307,528
4308,3741
4309,4504
4310,4722
4311,2786
4312,2717
4313,5830
4314,2618
4315,1919
4316,2743
4317,2000
4318,265
4319,3799
4320,5365
4321,4455
4322,5496
4323,3186
4324,4353
4325,3598
4326,1500
4327,4690
4328,3410
4329,4607
4330,3478
4331,3392
4332,3460
4333,2668
4334,399
4335,483
4336,5892
4337,5759
4338,5098
4339,1125
4340,3642
4341,818
4342,5338
4343,4969
4344,4555
4345,2267
4346,5138
4347,71
4348,6001
4349,4765
4350,4958
4351,4028
4352,4580
4353,1602
4354,1891
4355,5360
4356,3113
4357,4700
4358,6077
4359,3784
4360,2709
4361,6000
4362,3061
4363,4536
4364,171
4365,1131
4366,4976
4367,2615
4368,5984
4369,3078
4370,3049
4371,5915
4372,4929
4373,4526
4374,3069
4375,2764
4376,2925
4377,3523
4378,91
4379,1058
4380,4199
4381,2577
4382,1546
4383,5
4384,2697
4385,5824
4386,1246
4387,6000
4388,4746
4389,3479
4390,5630
4391,5319
4392,2090
4393,2583
4394,3856
4395,5023
4396,2741
4397,717
4398,1279
4399,4410
4400,2317
4401,4529
4402,5723
4403,2435
4404,2949
4405,4197
4406,2484
4407,5764
4408,4259
4409,312
4410,1544
4411,3260
4412,4302
4413,3833
4414,323
4415,149
4416,859
4417,3121
4418,5842
4419,5337
4420,727
4421,405
4422,842
4423,4213
4424,4000
4425,4804
4426,2450
4427,3980
4428,5311
4429,3600
4430,4633
4431,2327
4432,4824
4433,52
4434,2398
4435,3381
4436,1739
4437,1083
4438,2963
4439,2148
4440,1951
4441,2880
4442,2756
4443,4363
4444,1213
4445,4012
4446,5146
4447,3329
4448,2552
4449,3494
4450,3571
4451,54
4452,3515
4453,1725
4454,820
4455,5908
4456,2019
4457,5766
4458,502
4459,4545
4460,5905
4461,4667
4462,3193
4463,4995
4464,264
4465,3548
4466,2912
4467,314
4468,809
4469,2215
4470,4924
4471,5756
4472,4535
4473,5853
4474,3163
4475,4304
4476,422
4477,4512
4478,2049
4479,3875
4480,993
4481,574
4482,458
4483,5086
4484,5586
4485,1121
4486,4084
4487,1265
4488,1728
4489,3317
4490,5012
4491,3757
4492,1480
4493,2567
4494,5765
4495,5393
4496,4280
4497,4728
4498,5901
4499,99
4500,5407
4501,3891
4502,2822
4503,4724
4504,1578
4505,2123
4506,2021
4507,4420
4508,5820
4509,2864
4510,5431
4511,4448
4512,604
4513,714
4514,4108
4515,602
4516,770
4517,2604
4518,1685
4519,6016
4520,3288
4521,2980
4522,2554
4523,3674
4524,4260
4525,3504
4526,137
4527,2896
4528,5666
4529,1767
4530,5840
4531,5272
4532,5132
4533,1396
4534,4637
4535,4508
4536,1336
4537,5743
4538,183
4539,75
4540,3125
4541,5124
4542,883
4543,4281
4544,3606
4545,2351
4546,4816
4547,2885
4548,656
4549,1468
4550,5276
4551,2166
4552,3451
4553,3853
4554,5004
4555,5477
4556,3738
4557,205
4558,3470
4559,2050
4560,516
4561,3213
4562,2465
4563,3992
4564,4331
4565,858
4566,1903
4567,4233
4568,160
4569,4159
4570,5631
4571,3326
4572,2749
4573,544
4574,4333
4575,2184
4576,1932
4577,609
4578,3319
4579,4471
4580,5074
4581,3964
4582,5819
4583,4447
4584,3196
4585,5970
4586,5839
4587,2650
4588,4893
4589,467
4590,992
4591,2958
4592,2348
4593,3811
4594,1647
4595,737
4596,4932
4597,2719
4598,3766
4599,2930
4600,101
4601,1544
4602,4272
4603,3651
4604,639
4605,2612
4606,2240
4607,1670
4608,5361
4609,4566
4610,126
4611,5708
4612,5960
4613,1605
4614,3805
4615,430
4616,1117
4617,4526
4618,1391
4619,3707
4620,661
4621,2707
4622,3146
4623,4702
4624,1197
4625,3582
4626,4504
4627,5693
4628,3776
4629,1136
4630,5811
4631,389
4632,1855
4633,4820
4634,5953
4635,803
4636,916
4637,2725
4638,19
4639,878
4640,6046
4641,3666
4642,4878
4643,5214
4644,5082
4645,2981
4646,131
4647,3874
4648,5182
4649,5031
4650,5275
4651,2190
4652,1865
4653,6068
4654,3135
4655,2517
4656,61
4657,484
4658,2993
4659,1572
4660,5212
4661,3242
4662,4298
4663,519
4664,470
4665,1809
4666,2260
4667,5667
4668,4854
4669,6054
4670,21
4671,1958
4672,885
4673,5653
4674,216
4675,2010
4676,5063
4677,3245
4678,287
4679,4450
4680,1445
4681,2738
4682,3063
4683,1435
4684,1237
4685,4665
4686,504
4687,6074
4688,4413
4689,3724
4690,1974
4691,1967
4692,2738
4693,4303
4694,5345
4695,2581
4696,2664
4697,5084
4698,4871
4699,4290
4700,4616
4701,2090
4702,985
4703,4143
4704,4466
4705,4688
4706,2140
4707,361
4708,3092
4709,1094
4710,3973
4711,478
4712,534
4713,1771
4714,6009
4715,4802
4716,3414
4717,636
4718,6042
4719,5123
4720,2167
4721,2796
4722,6104
4723,1621
4724,4566
4725,415
4726,1133
4727,1768
4728,183
4729,52
4730,6030
4731,994
4732,4068
4733,3218
4734,1527
4735,1795
4736,5607
4737,1031
4738,447
4739,2309
4740,4269
4741,2272
4742,2773
4743,6003
4744,5265
4745,4907
4746,3025
4747,5533
4748,3895
4749,4569
4750,5861
4751,663
4752,2781
4753,1246
4754,2788
4755,5088
4756,5991
4757,2099
4758,603
4759,2610
4760,5798
4761,2291
4762,1995
4763,2137
4764,903
4765,1231
4766,1367
4767,2142
4768,3478
4769,5136
4770,1391
4771,1754
4772,3278
4773,2573
4774,3180
4775,4874
4776,1447
4777,183
4778,5808
4779,1758
4780,5901
4781,1192
4782,1343
4783,4754
4784,5832
4786,5134
4787,4575
4788,2529
4789,1258
4790,3660
4791,5866
4792,6080
4793,1616
4794,4799
4795,4514
4796,4669
4797,1551
4798,1216
4799,5566
4800,2198
4801,1827
4802,918
4803,2098
4804,337
4805,5830
4806,2710
4807,367
4808,1778
4809,1473
4810,2182
4811,2248
4812,5695
4813,2406
4814,2576
4815,5474
4816,5613
4817,3054
4818,4163
4819,1579
4820,3322
4821,2052
4822,5204
4823,503
4824,2192
4825,2607
4826,3018
4827,3230
4828,1918
4829,5393
4830,4690
4831,4502
4832,5476
4833,1972
4834,902
4835,5022
4836,5665
4837,4327
4838,164
4839,1682
4840,3839
4841,3842
4842,2054
4843,3456
4844,1718
4845,1843
4846,2342
4847,4967
4848,4975
4849,5150
4850,4280
4851,2771
4852,5341
4853,4016
4854,3517
4855,2510
4856,3111
4857,5285
4858,4778
4859,6098
4860,427
4861,6030
4862,2285
4863,2281
4864,5467
4865,4310
4866,2025
4868,4383
4869,12
4870,260
4871,1736
4872,1142
4873,2605
4874,4598
4875,4725
4876,4302
4877,2591
4878,2475
4879,3443
4880,1670
4881,3135
4882,911
4883,1857
4884,1020
4885,3486
4886,1305
4887,5702
4888,3112
4889,1332
4890,1504
4891,4901
4892,4102
4893,5538
4894,1681
4895,2708
4896,795
4897,3211
4898,4640
4899,787
4900,6046
4901,6045
4902,1532
4903,1397
4904,3252
4905,2896
4906,2259
4907,4183
4908,2196
4909,1915
4910,520
4911,1931
4912,3178
4913,1202
4914,27
4915,5360
4916,5838
4917,586
4918,981
4919,3169
4920,1308
4921,5466
4922,1382
4923,996
4924,276
4925,4980
4926,3888
4927,3201
4928,5420
4929,4445
4930,4632
4931,2280
4932,799
4933,2918
4934,5752
4935,4006
4936,5107
4937,1500
4938,3390
4939,2563
4940,3313
4941,624
4942,2090
4943,6104
4944,3041
4945,4285
4946,3103
4947,20
4948,5771
4949,5655
4950,2631
4951,973
4952,4853
4953,1779
4954,2602
4955,1600
4956,4196
4957,1007
4958,3832
4959,4060
4960,2702
4961,1561
4962,4126
4963,2982
4964,3833
4965,3447
4966,3434
4967,5354
4968,4271
4969,3280
4970,1536
4971,3822
4972,2666
4973,4675
4974,3942
4975,2660
4976,5605
4977,962
4978,6003
4979,745
4980,5083
4981,2243
4982,4613
4983,706
4984,145
4985,2621
4986,1666
4987,5981
4988,5901
4989,4384
4990,2922
4991,5612
4992,950
4993,2067
4994,1247
4995,5680
4996,6000
4997,3488
4998,1114
4999,4800
5000,3350
5001,4320
5002,645
5003,2970
5004,3976
5005,4234
5006,678
5007,3911
5008,3574
5009,4193
5010,3644
5011,2681
5012,5238
5013,4043
5014,4362
5015,3785
5016,2948
5017,224
5018,5139
5019,3457
5020,1206
5021,4664
5022,1301
5023,1374
5024,5495
5025,4030
5026,3984
5027,4826
5028,2518
5029,5337
5030,479
5031,5863
5032,3343
5033,3638
5034,6040
5035,2275
5036,5352
5037,6042
5038,5023
5039,2365
5040,67
5041,2829
5042,5808
5043,4421
5044,5721
5045,4879
5046,3798
5047,2740
5048,1160
5049,5406
5050,4330
5051,1684
5052,700
5053,1733
5054,4954
5055,728
5056,4108
5057,3716
5058,659
5059,3094
5060,105
5061,5676
5062,4375
5063,2523
5064,4272
5065,406
5066,1709
5067,4305
5068,4190
5069,1214
5070,4000
5071,5637
5072,3982
5073,383
5074,2171
5075,2598
5076,3992
5077,3107
5078,1131
5079,1540
5080,2568
5081,802
5082,5118
5083,4246
5084,3256
5085,4282
5086,4493
5087,4889
5088,1309
5089,4165
5090,6076
5091,5828
5092,2901
5093,5744
5094,1799
5095,596
5096,4494
5097,3767
5098,3223
5099,4242
5100,3551
5101,5377
5102,3164
5103,2613
5104,4267
5105,4086
5106,993
5107,3021
5108,2074
5109,1498
5110,1616
5111,4565
5112,2220
5113,2197
5114,5997
5115,1964
5116,3318
5117,5542
5118,1729
5119,4202
5120,4319
5121,2963
5122,6009
5123,2230
5124,1595
5125,5919
5126,4884
5127,2209
5128,2961
5129,3125
5130,2248
5131,2549
5132,2735
5133,3486
5134,2093
5135,2217
5136,3649
5137,4356
5138,3075
5139,5578
5140,4887
5141,1986
5142,4915
5143,183
5144,4912
5145,3890
5146,5196
5147,1516
5148,5322
5149,3599
5150,5704
5151,1204
5152,5183
5153,5606
5154,3496
5155,4335
5156,569
5157,5487
5158,4940
5159,3091
5160,3886
5161,5027
5162,1293
5163,3665
5164,4941
5165,3741
5166,2791
5167,5085
5168,4372
5169,6131
5170,5173
5171,2779
5172,4034
5173,4571
5174,5894
5175,5940
5176,789
5177,2872
5178,2754
5179,1269
5180,5972
5181,2940
5182,3065
5183,184
5184,2256
5185,2350
5186,1234
5187,122
5188,5429
5189,2635
5190,3126
5192,1587
5193,3726
5194,1584
5195,5816
5196,3059
5197,5613
5198,2092
5199,555
5200,691
5201,2060
5202,338
5203,2322
5204,2170
5205,740
5206,2379
5207,3639
5208,5841
5209,4504
5210,466
5211,1765
5212,3746
5213,2731
5214,2311
5215,4083
5216,173
5217,5115
5218,928
5219,3096
5220,1034
5221,2159
5222,745
5223,3854
5224,688
5225,55
5226,940
5227,4232
5228,3953
5229,5228
5230,362
5231,3177
5232,861
5233,2047
5234,2315
5235,190
5236,2925
5237,4644
5238,3458
5239,5370
5240,2939
5241,2776
5242,1841
5243,3963
5244,3764
5245,1387
5246,2538
5247,4047
5248,35
5249,1108
5250,5407
5251,5840
5252,2189
5253,5785
5254,1889
5255,4814
5256,267
5257,5760
5258,5878
5259,1674
5260,1290
5261,2206
5262,3627
5263,284
5264,1530
5265,4700
5266,4113
5267,3773
5268,306
5269,2993
5270,3176
5271,3494
5272,5810
5273,1268
5274,459
5275,4564
5276,5359
5277,114
5278,2520
5279,5673
5280,3187
5281,2919
5282,534
5283,1115
5285,4234
5286,4688
5287,515
5288,2319
5289,5332
5290,5138
5291,377
5292,1565
5293,1768
5294,2817
5295,1109
5296,4168
5297,894
5298,325
5299,1448
5300,5813
5301,5889
5302,4480
5303,3693
5304,2965
5305,435
5306,1707
5307,836
5308,4804
5309,4020
5310,1246
5311,2439
5312,3276
5313,5703
5314,6000
5315,1670
5316,6025
5317,3598
5318,6047
5319,4771
5320,150
5321,208
5322,1327
5323,5258
5324,4913
5325,730
5326,1810
5327,2195
5329,2634
5330,3368
5331,3261
5332,724
5333,4603
5334,1511
5335,617
5336,4012
5337,5456
5338,4281
5339,2579
5340,3002
5341,705
5342,2746
5343,1322
5344,4187
5345,4092
5346,4891
5347,2473
5348,5685
5349,5582
5350,3302
5351,3268
5352,2435
5353,3970
5354,4874
5355,2148
5356,1536
5357,2396
5358,5844
5359,3812
5360,3801
5361,2697
5362,1030
5363,4331
5364,5146
5365,1585
5366,798
5367,2317
5368,1527
5369,5124
5370,5614
5371,6074
5372,434
5373,5964
5374,6031
5375,928
5376,5527
5377,1093
5378,5614
5379,1652
5380,559
5381,2134
5382,4821
5383,2469
5384,4549
5385,4880
5386,4004
5387,438
5388,4178
5389,2942
5390,4176
5391,4462
5392,603
5393,4625
5394,5965
5395,5802
5396,2117
5397,4342
5398,5656
5399,6048
5400,2099
5401,1747
5402,3429
5403,5613
5404,486
5405,2454
5406,1013
5407,6006
5408,758
5409,5422
5410,954
5411,1937
5412,5930
5413,558
5414,3317
5415,2958
5416,63
5417,3450
5418,3259
5419,663
5420,1566
5421,3731
5422,5759
5423,2633
5424,3605
5425,2035
5426,97
5427,803
5428,128
5429,4580
5430,1404
5431,6129
5432,4262
5433,1414
5434,3988
5435,4240
5436,1444
5437,871
5438,378
5439,3721
5440,2421
5441,2905
5442,4136
5443,4328
5444,2388
5445,5901
5446,5928
5447,904
5448,3263
5449,1612
5450,4690
5451,4694
5452,5678
5453,1117
5454,1660
5455,5999
5456,4525
5457,2215
5458,3349
5459,2565
5460,1945
5461,866
5462,572
5463,3868
5464,3221
5465,2828
5466,1534
5467,386
5468,3600
5469,199
5470,1099
5471,3006
5472,3907
5473,5418
5474,1276
5475,1109
5476,4066
5477,1528
5478,5862
5479,2504
5480,2719
5481,5041
5482,6075
5483,5128
5484,816
5485,2747
5486,36
5487,1766
5488,2121
5489,5927
5490,5648
5491,357
5492,5719
5493,2162
5494,2143
5495,4209
5496,3142
5497,3646
5498,513
5499,4183
5500,3282
5501,2431
5502,5703
5503,2665
5504,667
5505,3178
5506,1501
5507,2378
5508,4384
5509,6004
5510,2314
5511,3327
5512,1418
5513,4415
5514,3914
5515,4596
5516,443
5517,5593
5518,3229
5519,805
5520,4591
5521,3321
5522,3400
5523,2614
5524,4810
5525,1772
5526,3762
5527,787
5528,3595
5529,145
5530,3630
5531,4266
5532,4159
5533,1674
5534,3486
5535,2729
5536,2354
5537,5284
5538,5327
5539,4024
5540,5781
5541,2278
5542,4191
5543,4647
5544,2811
5545,109
5546,4976
5547,4924
5548,4431
5549,3834
5550,4387
5551,354
5552,769
5553,6111
5554,4471
5555,3648
5556,2775
5557,2615
5558,5710
5559,4509
5560,707
5561,2889
5562,1477
5563,3272
5564,3065
5565,465
5566,843
5567,1313
5568,5766
5569,4630
5570,788
5571,1683
5572,2420
5573,2320
5574,2266
5575,384
5576,2111
5577,472
5578,6056
5579,1566
5580,2955
5581,4404
5582,3591
5583,4057
5584,4721
5585,4608
5586,1357
5587,339
5588,526
5589,5696
5590,2628
5591,1817
5592,4384
5593,4135
5594,6078
5595,198
5596,1613
5597,1785
5598,3523
5599,1881
5600,808
5601,622
5602,1637
5603,6001
5604,914
5605,2936
5606,1941
5607,762
5608,123
5609,1126
5610,5588
5611,1633
5612,1089
5613,3100
5614,3803
5615,3042
5616,5194
5617,285
5618,718
5619,1649
5620,245
5621,5811
5622,1480
5623,1267
5624,5544
5625,885
5626,5004
5627,1259
5628,2765
5629,4050
5630,4399
5631,4846
5632,74
5633,409
5634,3077
5635,1592
5636,5072
5637,4698
5638,3800
5639,570
5640,5791
5641,821
5642,5959
5643,3745
5644,3518
5645,2367
5646,6042
5647,670
5648,4014
5649,2247
5650,5901
5651,5613
5652,3163
5653,191
5654,3836
5655,5300
5656,5381
5657,405
5658,3866
5659,1359
5660,6086
5661,4003
5662,75
5663,4566
5664,2719
5665,5031
5666,4470
5667,1404
5668,1704
5669,2240
5670,3185
5671,693
5672,5537
5673,4339
5674,5123
5675,627
5676,4272
5677,4411
5678,1792
5679,232
5680,5682
5681,1197
5682,3611
5683,1395
5684,5644
5685,6071
5686,3162
5687,254
5688,6020
5689,4343
5690,468
5691,3372
5692,5336
5693,118
5694,2034
5695,2497
5696,3650
5697,1500
5698,971
5699,581
5700,3944
5701,2715
5702,3659
5703,477
5704,1530
5705,2287
5706,3320
5707,1195
5708,2133
5709,5497
5710,5469
5711,5860
5712,2725
5713,241
5714,4741
5715,1171
5716,3921
5717,1307
5718,1511
5719,1839
5720,1079
5721,2572
5722,1185
5723,5238
5724,4483
5725,5467
5726,589
5727,4785
5728,1584
5729,4756
5730,2304
5731,3534
5732,1553
5733,5149
5734,4317
5735,3700
5736,3814
5737,5806
5738,1330
5739,3049
5740,1763
5741,4089
5742,3393
5743,2645
5744,5432
5745,3813
5746,2350
5747,3582
5748,4556
5749,4617
5750,5475
5751,3675
5752,4444
5753,2386
5754,566
5755,5807
5756,2492
5757,3806
5758,2096
5759,654
5760,856
5761,2932
5762,4601
5763,2640
5764,4468
5765,860
5766,3252
5767,4688
5768,4678
5769,4686
5770,1657
5771,5531
5772,645
5773,697
5774,4716
5775,1497
5776,4974
5778,3981
5779,1529
5780,467
5781,2888
5782,5213
5783,5524
5784,5064
5785,3793
5786,5073
5787,2007
5788,1816
5789,2179
5790,4946
5791,2691
5792,4200
5793,677
5794,4284
5795,2962
5796,5761
5797,3918
5798,4757
5799,1397
5800,320
5801,2912
5802,2261
5803,4091
5804,4093
5805,5766
5806,1730
5807,5161
5808,5915
5809,4571
5810,1977
5811,3305
5812,3642
5813,79
5814,323
5815,3200
5816,636
5817,3086
5818,4948
5819,3179
5820,2074
5821,5360
5822,2406
5823,4018
5824,1609
5825,586
5826,5169
5827,4010
5828,3717
5829,5323
5830,2620
5831,4201
5832,1929
5833,547
5834,1168
5835,3669
5836,534
5837,5016
5838,5633
5839,5497
5840,1662
5841,3416
5842,463
5843,5204
5844,5535
5845,976
5846,3130
5847,652
5848,1317
5849,3580
5850,3255
5851,3238
5852,3782
5853,4200
5854,2707
5855,5481
5856,3303
5857,3751
5858,5913
5859,6065
5860,685
5861,5934
5862,5499
5863,2741
5864,5098
5865,657
5866,809
5867,632
5868,619
5869,2543
5870,5732
5871,4611
5872,298
5873,4952
5874,4070
5875,4520
5876,2777
5877,1212
5878,2931
5879,5438
5880,5284
5881,5614
5882,5810
5883,5259
5884,5345
5885,4993
5886,1950
5887,4861
5888,2982
5889,5805
5890,5949
5891,1022
5892,183
5894,1579
5895,724
5896,425
5897,1355
5898,4761
5899,3712
5900,5233
5901,2552
5902,1570
5903,2714
5904,209
5905,3993
5906,4728
5907,353
5908,3726
5909,5287
5910,1471
5911,3884
5912,3053
5913,3161
5914,1741
5915,5509
5916,3273
5917,5134
5918,868
5919,5533
5920,1863
5921,2128
5922,737
5923,1819
5924,501
5925,4641
5926,2548
5927,1127
5928,5872
5929,2875
5930,507
5931,4224
5932,2044
5933,1593
5934,4746
5935,5956
5936,4197
5937,462
5938,3413
5939,509
5940,1147
5941,342
5942,1189
5943,1510
5944,5987
5945,3281
5946,3291
5947,4855
5948,5830
5949,415
5950,297
5951,4303
5952,4175
5953,2311
5954,1784
5955,4163
5956,5738
5957,3063
5958,4264
5959,687
5960,5833
5961,5183
5962,4309
5963,6036
5964,844
5965,616
5966,2103
5967,2798
5968,265
5969,5429
5970,5429
5971,902
5972,5413
5973,340
5974,5758
5975,2896
5976,4389
5977,5851
5978,1712
5979,1727
5980,727
5981,781
5982,5708
5983,1432
5984,5285
5985,1997
5986,1537
5987,5986
5988,582
5989,4443
5990,5559
5991,1775
5992,3177
5993,4612
5994,5145
5995,1181
5996,5377
5997,991
5998,4912
5999,1410
6000,5613
6001,3300
6002,5472
6003,1540
6004,3076
6005,4971
6006,3600
6007,923
6008,27
6009,4596
6010,5245
6011,5383
6012,1096
6013,3996
6014,6052
6015,942
6016,5337
6017,2831
6018,5182
6019,189
6020,189
6021,4949
6022,3134
6023,3547
6024,5099
6025,913
6026,3770
6027,2771
6028,5782
6029,5809
6030,1019
6031,5101
6032,3983
6033,1799
6034,4482
6035,3512
6036,3441
6037,5636
6038,1310
6039,4512
6040,4903
6041,4930
6042,4777
6043,1304
6044,5113
6045,5262
6046,771
6047,79
6048,1720
6049,607
6050,4280
6051,6023
6052,2260
6053,5243
6054,2937
6055,1944
6056,4081
6057,412
6058,2351
6059,795
6060,1737
6061,3286
6062,4139
6063,4690
6064,3827
6065,801
6066,310
6067,57
6068,3851
6069,2427
6070,1456
6071,5330
6072,5240
6073,2661
6074,502
6075,3453
6076,1121
6077,5994
6078,1913
6079,4594
6080,6017
6081,3507
6082,676
6083,3135
6084,4592
6085,2226
6086,5119
6087,377
6088,1682
6089,5901
6090,407
6091,4598
6092,4853
6093,1213
6094,758
6095,5399
6096,2355
6097,794
6098,2011
6099,5435
6100,214
6101,508
6102,4895
6103,5083
6104,1447
6105,5396
6106,851
6107,812
6108,2400
6109,5799
6110,5492
6111,3831
6112,3451
6113,3994
6114,5721
6115,5361
6116,4370
6117,2546
6118,4179
6119,426
6120,2090
6121,3230
6122,5039
6123,2223
6124,5720
6125,1463
6126,4899
6127,5153
6128,1967
6129,1653
6130,2776
6131,4165
6132,5912
6133,305
6134,3360
6135,3397
6136,4353
6137,961
6138,2947
6139,1190
6140,2669
6141,3957
6142,1392
6143,5395
6144,211
6145,5655
6146,4095
6147,4569
6148,535
6149,1602
6150,2841
6151,4511
6152,6102
6153,1264
6154,5221
6155,5792
6156,663
6157,5300
6158,633
6159,2736
6160,3823
6161,3662
6162,4806
6163,2523
6164,4695
6165,247
6166,3414
6167,4804
6168,4535
6169,3500
6170,1306
6171,3790
6172,5808
6173,4976
6174,1130
6175,3350
6176,4894
6177,183
6178,3895
6179,3805
6180,2809
6181,3952
6182,3757
6183,4127
6184,2613
6185,6111
6186,2848
6187,3203
6188,3311
6189,4999
6190,1766
6191,3272
6192,4680
6193,5407
6194,1942
6195,2592
6196,3628
6197,2181
6198,3503
6199,126
6200,1390
6201,3987
6202,5093
6203,1987
6204,4383
6205,1847
6206,4774
6207,3411
6208,797
6209,756
6210,5370
6211,6104
6212,1196
6213,5476
6214,5981
6215,4391
6216,5796
6217,2071
6218,1376
6219,2703
6220,6122
6221,4651
6222,3854
6223,4088
6224,927
6225,2770
6226,4447
6227,5156
6228,1624
6229,4700
6230,6046
6231,2806
6232,5602
6233,1337
6234,4664
6235,2639
6236,5138
6237,1770
6238,1117
6239,3673
6240,2259
6241,4874
6242,3239
6243,3776
6244,4272
6245,2924
6246,1845
6247,5365
6248,2768
6249,5205
6250,1670
6251,3980
6252,2307
6253,5995
6254,4222
6255,1316
6256,5648
6257,5755
6258,79
6259,4044
6260,3593
6261,347
6262,1606
6263,2127
6264,5188
6265,4555
6266,5082
6267,3148
6268,3210
6269,4046
6270,4504
6271,5088
6272,1632
6273,474
6274,2631
6275,1882
6276,6042
6277,2637
6278,3116
6279,4981
6280,5365
6281,5127
6282,4456
6283,3816
6284,2612
6285,5172
6286,2376
6287,4887
6288,4158
6289,603
6290,4111
6291,653
6292,5363
6293,2934
6294,5674
6295,2035
6296,4684
6297,5793
6298,2620
6299,1618
6300,5756
6301,4920
6302,4483
6303,4453
6304,1372
6305,3579
6306,1012
6307,2796
6308,1739
6309,3533
6310,1536
6311,2870
6312,301
6313,573
6314,1015
6315,1562
6316,2866
6317,6097
6318,1955
6319,3264
6320,2790
6321,3642
6322,5074
6323,2891
6324,5120
6325,2228
6326,2348
6327,4940
6328,2977
6329,5912
6330,471
6331,3477
6332,1688
6333,5339
6334,3380
6335,738
6336,1809
6337,1234
6338,3775
6339,79
6340,3024
6341,3045
6342,3647
6343,2904
6344,4434
6345,1288
6346,2686
6347,4384
6348,4707
6349,845
6350,3730
6351,4502
6352,5
6353,2335
6354,463
6355,2408
6356,1791
6357,5219
6358,5046
6359,1895
6360,249
6361,2908
6362,3171
6363,4858
6364,1594
6365,1610
6366,5398
6367,4210
6368,3800
6369,1472
6370,2002
6371,1631
6372,3400
6373,222
6374,2854
6375,5490
6376,4140
6377,2642
6378,2631
6379,744
6380,354
6381,1362
6382,3762
6383,2326
6384,4508
6385,5387
6386,1565
6387,3581
6388,695
6389,3571
6390,5974
6391,1152
6392,2410
6393,1669
6394,1666
6395,5150
6396,5624
6397,2782
6398,3246
6399,1915
6400,5880
6401,1519
6402,1251
6403,3227
6404,2547
6405,4526
6406,3656
6407,2270
6408,1952
6409,4220
6410,5244
6411,2922
6412,1165
6413,2693
6414,3375
6415,6118
6416,5621
6417,4789
6418,1466
6419,2550
6420,4906
6421,5498
6422,128
6423,236
6424,4102
6425,1989
6426,489
6427,4748
6428,4704
6429,799
6430,4062
6431,5011
6432,4488
6433,3177
6434,2598
6435,1756
6436,4667
6437,482
6438,4909
6439,655
6440,5135
6441,3938
6442,5085
6443,949
6444,3738
6445,2198
6446,5494
6447,371
6448,902
6449,3058
6450,5582
6451,700
6452,2520
6453,2956
6454,4329
6455,5021
6456,5576
6457,3514
6458,3163
6459,4310
6460,5970
6461,5587
6462,1692
6463,2629
6464,724
6465,332
6466,4989
6467,2836
6468,1216
6469,795
6470,30
6471,1285
6472,2802
6473,2788
6474,3231
6475,5004
6476,2805
6477,3834
6478,4958
6479,6033
6480,5777
6481,4237
6482,2741
6483,4561
6484,2169
6485,560
6486,5281
6487,3146
6488,3430
6489,2542
6490,611
6491,2598
6492,2021
6493,6083
6494,5487
6495,630
6496,3400
6497,5397
6498,1112
6499,2099
6500,113
6501,3091
6502,4333
6503,3486
6504,348
6505,1808
6506,901
6507,183
6508,864
6509,3727
6510,136
6511,2377
6512,141
6513,283
6514,287
6515,2102
6516,6012
6517,2983
6518,5137
6519,171
6520,208
6521,3623
6522,3831
6523,4611
6524,3961
6525,3453
6526,4272
6527,4280
6528,5404
6529,5533
6530,3101
6531,2067
6532,5146
6533,3396
6534,3372
6535,1722
6536,1078
6537,2155
6538,5497
6539,3343
6540,5471
6541,2310
6542,5319
6544,1972
6545,656
6546,741
6547,5912
6548,3115
6549,1296
6550,5181
6551,5717
6552,5373
6553,6094
6554,576
6555,1579
6556,93
6557,1927
6558,3061
6559,4448
6560,4746
6561,1232
6562,5901
6563,61
6564,5496
6565,4550
6566,2977
6567,559
6568,1247
6569,617
6570,4853
6571,944
6572,3111
6573,4768
6574,3135
6575,4891
6576,662
6577,4012
6578,2697
6579,4721
6580,2244
6581,5685
6582,2598
6583,1175
6584,732
6585,3377
6586,5905
6587,5392
6588,4635
6589,4408
6590,3240
6591,3734
6592,3182
6593,759
6594,4940
6595,3511
6596,2060
6598,470
6599,104
6600,4054
6601,1478
6602,3457
6603,2567
6604,2420
6605,2906
6606,5781
6607,4749
6608,2977
6609,4745
6610,5151
6611,5364
6612,5623
6613,5514
6614,125
6615,2253
6616,3394
6617,3752
6618,70
6619,21
6620,3819
6621,219
6622,5826
6623,3804
6624,4409
6625,3283
6626,1095
6627,663
6628,3052
6629,2412
6630,5077
6631,911
6632,1763
6633,6041
6634,1191
6635,2189
6636,839
6637,2833
6638,3982
6639,5025
6640,3276
6641,5586
6642,5317
6643,1112
6644,599
6645,5393
6646,2849
6647,542
6648,5080
6649,3847
6650,117
6651,922
6652,4136
6653,358
6654,546
6655,1065
6656,1049
6657,2345
6658,4688
6659,2712
6660,683
6661,747
6662,2708
6663,5554
6664,1203
6665,2016
6666,1538
6667,5010
6668,3955
6669,4539
6670,6089
6671,1979
6672,3807
6673,5925
6674,2850
6675,1062
6676,5027
6677,532
6678,6001
6679,2971
6680,2677
6681,1586
6682,4863
6683,5954
6684,1666
6685,709
6686,5134
6687,5340
6688,1906
6689,4900
6690,4080
6691,3188
6692,5901
6693,355
6694,5036
6695,5026
6696,2104
6697,2304
6698,1796
6699,4445
6700,1854
6701,2083
6702,3366
6703,979
6704,3240
6705,2579
6706,3598
6707,4924
6708,6007
6709,706
6710,5376
6711,1768
6712,1700
6713,1048
6714,1421
6715,5815
6716,1473
6717,1497
6718,2143
6719,4986
6720,1087
6721,1964
6722,1650
6723,4115
6724,495
6725,1665
6726,481
6727,3103
6728,1517
6729,3598
6730,1407
6731,220
6732,3167
6733,1820
6734,5267
6735,2601
6736,2418
6737,2510
6738,2594
6739,3731
6740,1536
6741,5724
6742,4323
6743,2917
6744,5502
6745,962
6746,3189
6747,4907
6748,5983
6749,1435
6750,4264
6751,4627
6752,1871
6753,145
6754,3107
6755,1777
6756,4599
6757,6103
6758,2996
6759,5130
6760,1464
6761,3149
6762,4814
6763,2853
6764,931
6765,3915
6766,1047
6767,4574
6768,5602
6769,4318
6770,3777
6771,3214
6772,938
6773,4476
6774,3083
6775,3978
6776,2090
6777,2406
6778,2616
6779,2449
6780,291
6781,548
6782,4021
6783,5595
6784,444
6785,1695
6786,5301
6787,4698
6788,2858
6789,3866
6790,4844
6791,5596
6792,3125
6793,574
6794,5518
6795,3097
6796,1377
6797,357
6798,4471
6799,2212
6800,2861
6801,4954
6802,4514
6803,4397
6804,1888
6805,4217
6806,335
6807,1326
6808,1361
6809,2142
6810,755
6811,1293
6812,3355
6813,2600
6814,2279
6815,2074
6816,2922
6817,4465
6818,5251
6819,4784
6820,165
6821,1151
6822,2989
6823,2096
6824,913
6825,3524
6826,5381
6827,541
6828,4781
6829,3141
6830,5361
6831,4139
6832,5094
6833,3447
6834,1734
6835,3784
6836,5668
6837,3207
6838,203
6839,1334
6840,941
6841,3875
6842,1758
6843,2235
6844,4267
6845,3340
6846,708
6847,1104
6848,641
6849,3239
6850,2659
6851,5759
6852,1227
6853,788
6854,97
6855,1109
6856,2651
6857,1124
6858,278
6859,3399
6860,1628
6861,2946
6862,383
6863,368
6864,4368
6865,4400
6866,4672
6867,1572
6868,6018
6869,4011
6870,6131
6871,5210
6872,2632
6873,2941
6874,1246
6875,1400
6876,563
6877,3626
6878,2655
6879,5781
6880,4669
6881,5146
6882,1555
6883,2575
6884,2941
6885,3020
6886,3820
6887,3418
6888,4320
6889,4992
6890,3193
6891,857
6892,1612
6893,4165
6894,1359
6895,2941
6896,2955
6897,1704
6898,5323
6899,1488
6900,1353
6901,644
6902,3759
6903,5578
6904,1395
6905,701
6906,2479
6907,2565
6908,4616
6909,3470
6910,4976
6911,4068
6912,5390
6913,12
6914,5150
6915,4600
6916,2690
6917,1025
6918,26
6919,3900
6920,4734
6921,4245
6922,4910
6923,1395
6924,4319
6925,4280
6926,1415
6927,5104
6928,2568
6929,2592
6930,2856
6931,6093
6932,2425
6933,3163
6934,504
6935,5031
6936,649
6937,2977
6938,836
6939,3762
6940,6042
6941,2721
6942,1370
6943,4418
6944,3950
6945,5769
6946,3371
6947,3075
6948,2598
6949,183
6950,5704
6951,2602
6952,483
6953,3500
6954,356
6955,4009
6956,4902
6957,2418
6958,2876
6959,4828
6960,392
6961,4364
6962,5606
6963,5888
6964,3178
6965,266
6966,3600
6967,4270
6968,4183
6969,3785
6970,993
6971,735
6972,5967
6973,5800
6974,3662
6975,4812
6976,2761
6977,2873
6978,4638
6979,4820
6980,4272
6981,1401
6982,200
6983,1413
6984,4110
6985,2994
6986,4859
6987,1159
6988,2492
6989,1056
6990,5348
6991,510
6992,2079
6993,1046
6994,1549
6995,838
6996,2821
6997,5747
6998,1566
6999,5128
7000,5742
7001,3034
7002,980
7003,3191
7004,5821
7005,1432
7006,6066
7007,2700
7008,527
7009,4965
7010,3363
7011,903
7012,5446
7013,4167
7014,5627
7015,2417
7016,2808
7017,5159
7018,1761
7019,5782
7020,2780
7021,1786
7022,4737
7023,660
7024,1614
7025,995
7026,2505
7027,4470
7028,2611
7029,4619
7030,1034
7031,3653
7032,2178
7033,5260
7034,4351
7035,4013
7036,4440
7037,4240
7038,4401
7039,1295
7040,2460
7041,79
7042,5324
7043,2818
7044,1238
7045,4729
7046,132
7047,3582
7048,3268
7049,142
7050,2537
7051,3740
7052,6002
7053,3104
7054,5723
7055,5407
7056,3025
7057,3494
7058,3697
7059,1319
7060,2398
7061,4214
7062,3089
7063,2434
7064,3307
7065,4109
7066,497
7067,502
7068,2438
7069,4125
7070,2697
7071,4577
7072,5933
7073,3087
7074,872
7075,4691
7076,1527
7077,4444
7078,5378
7079,2023
7080,5942
7081,4717
7082,4049
7083,4810
7084,2077
7085,154
7086,742
7087,4302
7088,2118
7089,5851
7090,2164
7091,1223
7092,4178
7093,4893
7094,1530
7095,5735
7096,4440
7097,4440
7098,1516
7099,2871
7100,1339
7101,1343
7102,2188
7103,5977
7104,164
7105,4767
7106,3356
7107,4106
7108,1497
7109,2203
7110,198
7111,6022
7112,4199
7113,3212
7114,2502
7115,1807
7116,2570
7117,3422
7118,1954
7119,1789
7120,3606
7121,1817
7122,5184
7123,2605
7124,1017
7125,3800
7126,126
7127,2778
7128,5620
7129,370
7130,6100
7131,2285
7132,2740
7133,2953
7134,3893
7135,104
7136,5173
7137,5000
7138,216
7139,1365
7140,951
7141,3992
7142,4624
7143,1197
7144,2099
7145,4185
7146,5890
7147,5061
7148,4919
7149,1132
7150,4241
7151,3478
7152,1383
7153,4399
7154,3295
7155,4
7156,2613
7157,1427
7158,5429
7159,5009
7160,5458
7161,2238
7162,3235
7163,787
7164,688
7165,1474
7166,3384
7167,3530
7168,2120
7169,3145
7170,5508
7171,5848
7172,3235
7173,1543
7174,3902
7175,287
7176,2051
7177,309
7178,2521
7179,1256
7180,965
7181,93
7182,322
7183,3048
7184,2067
7185,4373
7186,14
7187,5344
7188,1924
7189,494
7190,5405
7191,2008
7192,2820
7193,4387
7194,1494
7195,3838
7196,2741
7197,5689
7198,5249
7199,2322
7200,4684
7201,5651
7202,3723
7203,2233
7204,1956
7205,5318
7206,4023
7207,4965
7208,3729
7209,2301
7210,1210
7211,5229
7212,5004
7213,3696
7214,4686
7215,225
7216,5370
7217,551
7218,574
7219,231
7220,5368
7221,1119
7222,2271
7223,437
7224,5488
7225,4746
7226,6009
7227,4327
7228,5407
7229,5846
7230,4549
7231,2747
7232,1246
7233,5766
7234,5023
7235,339
7236,586
7237,5196
7238,1987
7239,434
7240,4474
7241,2520
7242,902
7243,2463
7244,2350
7245,5829
7246,1719
7247,4685
7248,6055
7249,4416
7250,4259
7251,1178
7252,4670
7253,4571
7254,1503
7255,1279
7256,4613
7257,5520
7258,1687
7259,4216
7260,517
7261,5288
7262,65
7263,330
7264,4677
7265,5354
7266,5906
7267,2842
7268,838
7269,2946
7270,3486
7271,1397
7272,3666
7273,6046
7274,1553
7275,2428
7276,3332
7277,3401
7278,2163
7279,5016
7280,4774
7281,619
7282,100
7283,31
7284,5099
7285,2530
7286,5357
7287,4316
7288,1327
7289,174
7290,1630
7291,700
7292,1957
7293,5467
7294,3003
7295,2952
7296,5955
7297,3580
7298,1139
7299,375
7300,4286
7301,4485
7302,5371
7303,4331
7304,3921
7305,5497
7306,5264
7307,5157
7308,1512
7309,4108
7310,5005
7311,4971
7312,3856
7313,2807
7314,5778
7315,3501
7316,3014
7317,4204
7318,277
7319,52
7320,5662
7321,5586
7322,4518
7323,529
7324,1347
7325,3631
7326,6062
7327,2200
7328,3583
7329,1949
7330,5106
7331,2964
7332,2248
7333,3390
7334,1511
7335,3722
7336,3735
7337,3518
7338,1534
7339,3549
7340,388
7341,3552
7342,3359
7343,2992
7344,4453
7345,5006
7346,1391
7347,5069
7348,5182
7349,47
7350,4833
7351,3065
7352,6108
7353,3453
7354,693
7355,703
7356,3457
7357,4161
7358,183
7359,479
7360,1595
7361,2708
7362,1973
7363,5752
7364,5139
7365,1677
7366,2880
7367,1618
7368,1579
7369,58
7370,418
7371,1360
7372,3510
7373,1453
7374,3719
7375,1980
7376,441
7377,14
7378,5088
7379,4824
7380,1398
7381,2305
7382,5491
7383,303
7384,2029
7385,1997
7386,1970
7387,5774
7388,1485
7389,3592
7390,5655
7391,629
7392,3741
7393,3316
7394,36
7395,4535
7396,3539
7397,2329
7398,5456
7399,5952
7400,2089
7401,4073
7402,4973
7403,2631
7404,2587
7405,3427
7406,3215
7407,3333
7408,4868
7409,559
7410,2062
7411,5957
7412,4569
7413,4982
7414,2114
7415,182
7416,3557
7417,5208
7418,3072
7419,2198
7420,984
7421,1107
7422,2732
7423,1404
7424,4128
7425,145
7426,5827
7427,415
7428,6114
7429,5795
7430,5725
7431,5191
7432,3678
7433,3082
7434,217
7435,5167
7436,5715
7437,834
7438,163
7439,3490
7440,3650
7441,4798
7442,3004
7443,5198
7444,150
7445,2191
7446,4853
7447,3272
7448,1992
7449,1580
7450,5755
7451,889
7452,2202
7453,2746
7454,234
7455,2390
7456,5430
7457,1016
7458,5762
7459,696
7460,4977
7461,1403
7462,462
7463,405
7464,2405
7465,5521
7466,3353
7467,705
7468,1832
7469,2018
7470,372
7471,1262
7472,635
7473,297
7474,377
7475,833
7476,2195
7477,1856
7478,3064
7479,1324
7480,1085
7481,268
7482,1237
7483,5746
7484,2222
7485,3849
7486,5402
7487,5840
7488,798
7489,2421
7490,928
7491,3570
7492,463
7493,656
7494,3635
7495,347
7496,803
7497,1422
7498,2615
7499,5632
7500,4432
7501,4885
7502,5179
7503,1755
7504,5837
7505,297
7506,5141
7507,1423
7508,4731
7509,5309
7510,3654
7511,736
7512,4664
7513,2606
7514,5119
7515,2109
7516,5714
7517,5058
7518,684
7519,169
7520,1259
7521,605
7522,5484
7523,237
7524,417
7525,315
7526,1315
7527,410
7528,4357
7529,3863
7530,352
7531,2962
7532,4995
7533,4159
7534,3753
7535,5751
7536,4132
7537,4714
7538,1536
7539,506
7540,5391
7541,4272
7542,4634
7543,3726
7544,2724
7545,1915
7546,138
7547,814
7548,2824
7549,1385
7550,2576
7551,326
7552,2676
7553,5234
7554,4536
7555,769
7556,3513
7557,5381
7558,3249
7559,3670
7560,2294
7561,511
7562,141
7563,569
7564,4091
7565,751
7566,4145
7567,284
7568,3451
7569,3148
7570,1647
7571,689
7572,2733
7573,959
7574,1707
7575,1608
7576,186
7577,3567
7578,5703
7579,1702
7580,3508
7581,5345
7582,1101
7583,419
7584,1018
7585,5367
7586,2006
7587,4783
7588,4595
7589,6042
7590,1041
7591,724
7592,5855
7593,3265
7594,3571
7595,3291
7596,5211
7597,5486
7598,912
7599,2533
7600,3441
7601,4701
7602,2572
7603,1147
7604,1083
7605,1941
7606,502
7607,4945
7608,6021
7609,3966
7610,3544
7611,5563
7612,3036
7613,1411
7614,4383
7615,2806
7616,827
7617,4022
7618,1189
7619,1394
7620,1351
7621,2620
7622,4400
7623,2749
7624,195
7625,3928
7626,788
7627,1438
7628,3147
7629,2230
7630,3259
7631,735
7632,3163
7633,3909
7634,971
7635,2986
7636,583
7637,4237
7638,3211
7639,1038
7640,1859
7641,4535
7642,356
7643,2581
7644,5248
7645,2057
7646,591
7647,2000
7648,5082
7649,1299
7650,2317
7651,6046
7652,2447
7653,543
7654,3287
7655,4525
7656,1411
7657,2977
7658,4690
7659,4623
7660,168
7661,2499
7662,4723
7663,1212
7664,5842
7665,1683
7666,2525
7667,3066
7668,3034
7669,198
7670,771
7671,1701
7672,452
7673,190
7674,4121
7675,3152
7676,1307
7677,4380
7678,3450
7679,5503
7680,4615
7681,1088
7682,1966
7683,853
7684,2720
7685,1999
7686,3243
7687,4448
7688,1413
7689,183
7690,931
7691,6074
7692,2863
7693,4580
7694,1184
7695,4237
7696,4382
7697,4396
7698,5384
7699,2174
7700,3675
7701,1565
7702,3805
7703,2739
7704,1827
7705,796
7706,6088
7707,5319
7708,2862
7709,982
7710,603
7711,892
7712,6002
7713,3116
7714,297
7715,1666
7716,2010
7717,2090
7718,4899
7719,5290
7720,5864
7721,4575
7722,1766
7723,908
7724,2179
7725,2617
7726,447
7727,568
7728,5910
7729,5138
7730,4542
7731,1842
7732,4410
7733,1396
7734,737
7735,2242
7736,2706
7737,5098
7738,2637
7739,2687
7740,4773
7741,1621
7742,2565
7743,1834
7744,533
7745,4310
7746,2823
7747,5004
7748,588
7749,1526
7750,1988
7751,89
7752,95
7753,1842
7754,2982
7755,1447
7756,5813
7757,1141
7758,5362
7759,1993
7760,5682
7761,1255
7762,981
7763,5614
7764,2307
7765,4161
7766,5022
7767,4933
7768,3662
7769,2802
7770,2444
7771,1014
7772,2630
7773,3622
7774,5226
7775,6115
7776,4918
7777,71
7778,3135
7779,5365
7780,2296
7781,619
7782,5297
7783,820
7784,4632
7785,5429
7786,3111
7787,3127
7788,2167
7789,1576
7790,1536
7791,1175
7792,37
7793,245
7794,3024
7795,2099
7796,5912
7797,996
7798,3617
7799,1284
7800,3710
7801,5259
7802,2699
7803,5752
7804,1275
7805,5580
7806,4407
7807,2725
7808,1520
7809,434
7810,4993
7811,5331
7812,5619
7813,3251
7814,2892
7815,654
7816,436
7817,4653
7818,2124
7819,4630
7820,930
7821,5698
7822,5803
7823,4379
7824,2539
7825,851
7826,3153
7827,1668
7828,750
7829,2067
7830,3177
7831,144
7832,3637
7833,5205
7834,4772
7835,4679
7836,297
7837,4473
7838,5830
7839,3462
7840,1037
7841,3310
7842,23
7843,4303
7844,5497
7845,6031
7846,4182
7847,504
7848,720
7849,3349
7850,3839
7851,4308
7852,4467
7853,6029
7854,4489
7855,4611
7856,4432
7857,4303
7858,1354
7859,270
7860,2668
7861,5150
7862,61
7863,4033
7864,2074
7865,3845
7866,4272
7867,5984
7868,4303
7869,4823
7870,2691
7871,3802
7872,2523
7873,362
7874,4225
7875,4748
7876,5344
7877,1579
7878,1948
7879,4855
7880,164
7881,1044
7882,2132
7883,5765
7884,3632
7885,5170
7886,3225
7887,1998
7888,2705
7889,1279
7890,2585
7891,4165
7892,2033
7893,15
7894,4812
7895,72
7896,499
7897,5883
7898,5781
7899,381
7900,556
7901,4877
7902,1372
7903,6030
7904,1750
7905,3477
7906,6025
7907,4896
7908,2718
7909,2545
7910,2517
7911,6015
7912,4061
7913,863
7914,4264
7915,2170
7916,177
7917,294
7918,1293
7919,2302
7920,374
7921,4564
7922,4739
7923,1972
7924,5497
7925,5428
7926,916
7927,160
7928,1502
7929,5167
7930,4596
7931,5355
7932,5796
7933,1893
7934,5877
7935,5779
7936,2201
7937,1139
7938,2879
7939,6118
7940,637
7941,4656
7942,662
7943,1215
7944,867
7945,3123
7946,5540
7947,3492
7948,4361
7949,2087
7950,5525
7951,5060
7952,445
7953,4236
7954,6040
7955,1691
7956,194
7957,1960
7958,5930
7959,4687
7960,3932
7961,3049
7962,1071
7963,3196
7964,520
7965,3223
7966,4263
7967,5721
7968,599
7969,3005
7970,5013
7971,1624
7972,2248
7973,918
7974,1379
7975,5051
7976,3604
7977,675
7978,2169
7979,4256
7980,4668
7981,3320
7982,6049
7983,574
7984,3757
7985,742
7986,1323
7987,559
7988,4630
7989,5931
7990,5885
7991,2776
7992,542
7993,3060
7994,4419
7995,4074
7996,907
7997,4598
7998,780
7999,5088
8000,5533
8001,1672
8002,1138
8003,936
8004,6104
8005,5048
8006,3170
8007,1790
8008,3850
8009,2024
8010,3523
8011,2723
8012,2305
8013,4976
8014,4295
8015,171
8016,2353
8017,4589
8018,1726
8019,1023
8020,2795
8021,1906
8022,2619
8023,4491
8024,42
8025,2867
8026,2741
8027,2487
8028,4323
8029,2936
8030,4600
8031,2125
8032,5059
8033,644
8034,3395
8035,1678
8036,3831
8037,2050
8038,535
8039,2853
8040,6131
8041,397
8042,3020
8043,4605
8044,383
8045,3125
8046,5631
8047,4533
8048,5841
8049,3731
8050,4908
8051,50
8052,316
8053,1320
8054,3601
8055,4081
8056,1005
8057,3745
8058,3872
8059,3040
8060,1135
8061,4718
8062,4822
8063,2148
8064,181
8065,786
8066,2859
8067,5001
8068,2677
8069,4055
8070,4133
8071,4602
8072,3766
8073,5031
8074,2835
8075,495
8076,3760
8077,2552
8078,3143
8079,4515
8080,5125
8081,663
8082,4843
8083,5124
8084,6004
8085,2948
8086,6061
8087,2792
8088,5312
8089,5719
8090,2279
8091,2240
8092,179
8093,767
8094,5576
8095,2141
8096,4929
8097,846
8098,4471
8099,2105
8100,1241
8101,5395
8102,5102
8103,1880
8104,3330
8105,1094
8106,2579
8107,572
8108,6019
8109,5987
8110,2477
8111,5596
8112,2345
8113,1523
8114,913
8115,3939
8116,5950
8117,2578
8118,5733
8119,118
8120,1488
8121,6053
8122,454
8123,4369
8124,2435
8125,2589
8126,1031
8127,3748
8128,1855
8129,2570
8130,693
8131,4195
8132,2020
8133,2855
8134,5770
8135,3135
8136,2464
8137,2631
8138,4383
8139,1597
8140,590
8141,1779
8142,1982
8143,4920
8144,401
8145,4343
8146,386
8147,1328
8148,4366
8149,4495
8150,3652
8151,2839
8152,695
8153,1524
8154,4707
8155,3789
8156,5757
8157,2162
8158,5678
8159,5138
8160,5745
8161,5284
8162,1371
8163,3503
8164,5015
8165,4504
8166,4536
8167,2708
8168,3116
8169,5811
8170,4295
8171,5135
8172,4280
8173,5653
8174,5614
8175,463
8176,1616
8177,2592
8178,5971
8179,4070
8180,5798
8181,2128
8182,3858
8183,6099
8184,2574
8185,2386
8186,2420
8187,1117
8188,183
8189,3605
8190,799
8191,2955
8192,6042
8193,1768
8194,4664
8195,895
8196,185
8197,2527
8198,123
8199,3841
8200,4317
8201,754
8202,4414
8203,2139
8204,1521
8205,3350
8206,994
8207,810
8208,2536
8209,5283
8210,4831
8211,534
8212,3134
8213,4137
8214,2518
8215,2624
8216,4631
8217,4667
8218,2358
8219,611
8220,5441
8221,5599
8222,3916
8223,4923
8224,2492
8225,1249
8226,622
8227,3382
8228,1497
8229,642
8230,3968
8231,2954
8232,1399
8233,5871
8234,5348
8235,2738
8236,247
8237,5017
8238,5533
8239,1566
8240,2761
8241,4135
8242,3043
8243,1562
8244,1267
8245,3562
8246,2385
8247,4425
8248,5791
8249,1425
8250,2727
8251,5686
8252,5874
8253,6000
8254,1015
8255,343
8256,3597
8257,5808
8258,5061
8259,3263
8260,2011
8261,4811
8262,3172
8263,749
8264,2342
8265,1671
8266,4415
8267,4988
8268,3057
8269,1244
8270,2311
8271,628
8272,1458
8273,3103
8274,4343
8275,1419
8276,3791
8277,4940
8278,5583
8279,216
8280,1682
8281,1864
8282,3494
8283,4703
8284,353
8285,3680
8286,2766
8287,3525
8288,1136
8289,5598
8290,3873
8291,62
8292,4138
8293,3358
8294,5188
8295,1097
8296,1246
8297,2015
8298,1332
8299,660
8300,2277
8301,3123
8302,5069
8303,5823
8304,79
8305,5401
8306,4056
8307,3301
8308,885
8309,4062
8310,4566
8311,1639
8312,698
8313,5150
8314,3331
8315,790
8316,1170
8317,4279
8318,5529
8319,5165
8320,376
8321,3076
8322,5489
8323,4353
8324,1762
8325,2896
8326,2945
8327,2688
8328,5050
8329,502
8330,1853
8331,2338
8332,861
8333,323
8334,2394
8335,825
8336,4721
8337,4294
8338,1289
8339,5224
8340,2668
8341,5766
8342,1599
8343,586
8344,405
8345,594
8346,221
8347,4409
8348,1685
8349,5571
8350,3506
8351,1542
8352,4427
8353,5704
8354,2916
8355,5538
8356,3490
8357,598
8358,5721
8359,2413
8360,3439
8361,1182
8362,3534
8363,3447
8364,508
8365,2626
8366,3192
8367,5748
8368,3673
8369,6094
8370,5616
8371,3433
8372,3648
8373,3486
8374,2170
8375,4225
8376,5039
8377,1994
8378,2044
8379,5901
8380,3530
8381,2213
8382,5759
8383,1827
8384,2280
8385,3347
8386,618
8387,4323
8388,1019
8389,1287
8390,5545
8391,4045
8392,6059
8393,2917
8394,4590
8395,5150
8396,6000
8397,5414
8398,452
8399,4587
8400,4955
8401,5323
8402,4684
8403,4144
8404,2776
8405,53
8406,5868
8407,3699
8408,3502
8409,4331
8410,1519
8411,1666
8412,425
8413,6105
8414,4687
8415,5480
8416,2009
8417,446
8418,906
8419,3914
8420,3262
8421,2625
8422,5136
8423,3742
8424,665
8425,5907
8426,1616
8427,6051
8428,1541
8429,682
8430,3458
8431,5824
8432,3446
8433,2633
8434,8
8435,5098
8436,3982
8437,1132
8438,5990
8439,5483
8440,4867
8441,3771
8442,2149
8443,5604
8444,3065
8445,2554
8446,4477
8447,822
8448,3117
8449,2147
8450,803
8451,4596
8452,1707
8453,948
8454,2286
8455,176
8456,4501
8457,4159
8458,1477
8459,4098
8460,3415
8461,2472
8462,4094
8463,3342
8464,4911
8465,1343
8466,4016
8467,3245
8468,1242
8469,2542
8470,417
8471,5959
8472,1530
8473,1679
8474,4596
8475,2142
8476,96
8477,3437
8478,2256
8479,3512
8480,3349
8481,4700
8482,4387
8483,4721
8484,1172
8485,406
8486,3281
8487,3451
8488,4012
8489,3044
8490,5735
8491,636
8492,3891
8493,4330
8494,2917
8495,5597
8496,5416
8497,5108
8498,449
8499,2923
8500,5969
8501,472
8502,1006
8503,1130
8504,146
8505,607
8506,5500
8507,522
8508,1980
8509,1887
8510,1969
8511,3765
8512,1202
8513,5346
8514,3805
8515,4141
8516,125
8517,3061
8518,4184
8519,651
8520,76
8521,1332
8522,2652
8523,3600
8524,6119
8525,5536
8526,3347
8527,5504
8528,2557
8529,4688
8530,5464
8531,559
8532,5845
8533,98
8534,5782
8535,938
8536,606
8537,2001
8538,5708
8539,4729
8540,611
8541,3075
8542,2991
8543,291
8544,5001
8545,2597
8546,1017
8547,1011
8548,3232
8549,279
8550,1105
8551,2259
8552,464
8553,4991
8554,4096
8555,2598
8556,5475
8557,6074
8558,2813
8559,5103
8560,4345
8561,2194
8562,1913
8563,3199
8564,3809
8565,5291
8566,1229
8567,560
8568,1263
8569,737
8570,3339
8571,5204
8572,4578
8573,3555
8574,3516
8575,5909
8576,1799
8577,2612
8578,3444
8579,2794
8580,1818
8581,2036
8582,3970
8583,5422
8584,5626
8585,1885
8586,626
8587,4335
8588,4006
8589,2204
8590,3203
8591,3030
8592,4569
8593,3299
8594,524
8595,2998
8596,3234
8597,5010
8598,5450
8599,455
8600,2090
8601,5294
8602,2420
8603,724
8604,5712
8605,5662
8606,4431
8607,5721
8608,1447
8609,2279
8610,5347
8611,1850
8612,387
8613,1625
8614,2455
8615,3398
8616,4779
8617,1404
8618,244
8619,1630
8620,2436
8621,5849
8622,1295
8623,4266
8624,2832
8625,5645
8626,1445
8627,3138
8628,5389
8629,5194
8630,2759
8631,3739
8632,4590
8633,2395
8634,151
8635,1046
8636,4518
8637,1874
8638,4275
8639,4399
8640,3866
8641,6093
8642,1310
8643,2003
8644,6000
8645,614
8646,6000
8647,3443
8648,5131
8649,2476
8650,4229
8651,2843
8652,3741
8653,1009
8654,2977
8655,3829
8656,3552
8657,5719
8658,3092
8659,5218
8660,3407
8661,5026
8662,4562
8663,1481
8664,3221
8665,5596
8666,2000
8667,2600
8668,2679
8669,1206
8670,4078
8671,663
8672,3795
8673,2029
8674,902
8675,3296
8676,5722
8677,3520
8678,1321
8679,57
8680,1667
8681,5932
8682,521
8683,5295
8684,3529
8685,1426
8686,3452
8687,1414
8688,557
8689,5611
8690,2522
8691,2620
8692,1923
8693,2043
8694,2134
8695,5631
8696,978
8697,4960
8698,4810
8699,2602
8700,4614
8701,4613
8702,3606
8703,4622
8704,4580
8705,596
8706,3312
8707,714
8708,5726
8709,2769
8710,1402
8711,664
8712,2317
8713,4950
8714,5349
8715,1837
8716,3177
8717,3899
8718,4925
8719,1758
8720,4894
8721,228
8722,4172
8723,2236
8724,5578
8725,400
8726,5004
8727,1500
8728,5513
8729,3668
8730,281
8731,5755
8732,5532
8733,3626
8734,5110
8735,73
8736,5377
8737,991
8738,849
8739,3776
8740,4116
8741,2973
8742,287
8743,1967
8744,1572
8745,6125
8746,1606
8747,3189
8748,1659
8749,5231
8750,589
8751,272
8752,1560
8753,2160
8754,4649
8755,4302
8756,6
8757,732
8758,5885
8759,2127
8760,3119
8761,5134
8762,348
8763,3894
8764,833
8765,191
8766,2112
8767,3005
8768,690
8769,848
8770,3573
8771,5780
8772,1721
8773,111
8774,3933
8775,3769
8776,4072
8777,1259
8778,4480
8779,4165
8780,4642
8781,150
8782,706
8783,857
8784,6113
8785,309
8786,5476
8787,4256
8788,3280
8789,1809
8790,3193
8791,3527
8792,4561
8793,1926
8794,6046
8795,2760
8796,1964
8797,366
8798,2761
8799,4599
8800,2639
8801,1562
8802,4091
8803,443
8804,3147
8805,255
8806,5522
8807,4215
8808,2777
8809,165
8810,3763
8811,3540
8812,6027
8813,4805
8814,3998
8815,4068
8816,3087
8817,344
8818,612
8819,1197
8820,5597
8821,3831
8822,1346
8823,2055
8824,2235
8825,3531
8826,5669
8827,4011
8828,278
8829,3762
8830,4161
8831,238
8832,3986
8833,790
8834,1558
8835,1489
8836,3413
8837,4507
8838,3269
8839,1783
8840,3410
8841,490
8842,2581
8843,5358
8844,3367
8845,2951
8846,3536
8847,178
8848,909
8849,2085
8850,3782
8851,273
8852,4520
8853,5709
8854,2934
8855,4882
8856,2454
8857,1521
8858,656
8859,5642
8860,4075
8861,705
8862,824
8863,4931
8864,1883
8865,1688
8866,5701
8867,923
8868,3866
8869,4272
8870,1350
8871,3106
8872,5795
8873,1760
8874,4071
8875,739
8876,3344
8877,2663
8878,5613
8879,4161
8880,2208
8881,4949
8882,4638
8883,2035
8884,5851
8885,4474
8886,5573
8887,1854
8888,2196
8889,982
8890,4367
8891,79
8892,3941
8893,1939
8894,433
8895,919
8896,2648
8897,4724
8898,2713
8899,3579
8900,2032
8901,440
8902,6022
8903,3343
8904,4163
8905,2309
8906,1309
8907,1122
8908,1654
8909,1662
8910,2332
8911,340
8912,1461
8913,3969
8914,1588
8915,6087
8916,3284
8917,2747
8918,1158
8919,206
8920,292
8921,2099
8922,4178
8923,4340
8924,434
8925,1812
8926,4244
8927,5734
8928,6058
8929,1473
8930,4432
8931,3162
8932,1879
8933,5465
8934,1110
8935,4108
8936,1751
8937,1536
8938,4757
8939,1954
8940,779
8941,3661
8942,2812
8943,5533
8944,3405
8945,4414
8946,437
8947,1758
8948,4512
8949,4323
8950,5206
8951,3022
8952,4748
8953,5010
8954,4047
8955,3489
8956,5159
8957,4429
8958,995
8959,2680
8960,3502
8961,1116
8962,1666
8963,5226
8964,511
8965,102
8966,2728
8967,337
8968,1529
8969,5345
8970,2345
8971,668
8972,200
8973,224
8974,421
8975,2852
8976,5456
8977,1175
8978,107
8979,4936
8980,431
8981,147
8982,3581
8983,4000
8984,4535
8985,2925
8986,1713
8987,4386
8988,6108
8989,4417
8990,5106
8991,3787
8992,1629
8993,834
8994,2279
8995,5699
8996,218
8997,933
8998,2386
8999,3230
9000,4171
9001,5706
9002,2240
9003,5844
9004,2211
9005,5900
9006,5901
9007,5803
9008,2068
9009,3854
9010,1494
9011,5961
9012,124
9013,4259
9014,2300
9015,3815
9016,4547
9017,3892
9018,2189
9019,2683
9020,4780
9021,5184
9022,2027
9023,3134
9024,2884
9025,254
9026,1953
9027,3943
9028,5682
9029,4444
9030,4288
9031,5031
9032,2299
9033,4976
9034,308
9035,3858
9036,1768
9037,5526
9038,5678
9039,2703
9040,3903
9041,5344
9042,1217
9043,2964
9044,3457
9045,183
9046,2936
9047,4010
9048,4621
9049,5364
9050,3636
9051,1125
9052,6104
9053,1652
9054,5284
9055,2119
9056,1365
9057,2641
9058,4545
9059,5790
9060,5524
9061,86
9062,2982
9063,720
9064,212
9065,3766
9066,339
9067,4408
9068,4295
9069,5635
9070,2598
9071,44
9072,114
9073,2307
9074,823
9075,3248
9076,6042
9077,4685
9078,5275
9079,1293
9080,5154
9081,5192
9082,3184
9083,907
9084,4409
9085,3686
9086,156
9087,5133
9088,962
9089,4946
9090,2669
9091,6051
9092,2568
9093,4194
9094,1497
9095,2230
9096,208
9097,3633
9098,3118
9099,4197
9100,5319
9101,5888
9102,5614
9103,5004
9104,22
9105,4686
9106,2010
9107,4679
9108,1988
9109,4856
9110,1975
9111,4134
9112,69
9113,5467
9114,1198
9115,5895
9116,5255
9117,4812
9118,3625
9119,4677
9120,599
9121,1348
9122,2708
9123,6122
9124,4132
9125,1441
9126,341
9127,339
9128,4498
9129,1144
9130,710
9131,2421
9132,871
9133,1965
9134,2271
9135,1710
9136,3153
9137,1612
9138,1545
9139,2897
9140,5078
9141,6002
9142,652
9143,1707
9144,294
9145,3279
9146,27
9147,3530
9148,3694
9149,4365
9150,2483
9151,2789
9152,4259
9153,3333
9154,1352
9155,1424
9156,2684
9157,2597
9158,198
9159,843
9160,6009
9161,1246
9162,6005
9163,1502
9164,2090
9165,243
9166,5205
9167,4484
9168,5517
9169,5772
9170,3970
9171,5485
9172,5243
9173,5929
9174,182
9175,4262
9176,3036
9177,2380
9178,330
9179,1779
9180,4883
9181,1531
9182,862
9183,4911
9184,5876
9185,565
9186,1842
9187,2511
9188,3334
9189,5714
9190,575
9191,2067
9192,632
9193,4975
9194,5405
9195,4794
9196,586
9197,5284
9198,4420
9199,251
9200,5753
9201,1061
9202,540
9203,5139
9204,5016
9205,4613
9206,4016
9207,3005
9208,1282
9209,3276
9210,963
9211,811
9212,2978
9213,4126
9214,357
9215,5308
9216,4866
9217,2272
9218,3538
9219,5013
9220,3232
9221,1140
9222,1326
9223,3379
9224,5505
9225,3569
9226,317
9227,6001
9228,542
9229,5336
9230,5608
9231,365
9232,4211
9233,3102
9234,3618
9235,5613
9236,5614
9237,5650
9238,4977
9239,4567
9240,12
9241,4218
9242,5199
9243,3800
9244,2757
9245,68
9246,5901
9247,3920
9248,3057
9249,1211
9250,3424
9251,3025
9252,1115
9253,362
9254,5215
9255,5461
9256,5991
9257,14
9258,5354
9259,354
9260,3801
9261,795
9262,5225
9263,869
9264,804
9265,2790
9266,2666
9267,5252
9268,3263
9269,5487
9270,902
9271,6022
9272,803
9273,4972
9274,6031
9275,1959
9276,1071
9277,2108
9278,3774
9279,3767
9280,3131
9281,420
9282,4281
9283,29
9284,3972
9285,1286
9286,1465
9287,2715
9288,6020
9289,1680
9290,2424
9291,5236
9292,495
9293,4710
9294,5364
9295,4302
9296,5692
9297,1668
9298,1216
9299,5368
9300,4750
9301,3602
9302,5091
9303,5973
9304,377
9305,1629
9306,3113
9307,775
9308,713
9309,4240
9310,2348
9311,1003
9312,6045
9313,2697
9314,4095
9315,5789
9316,4235
9317,5289
9318,2615
9319,5869
9320,644
9321,4039
9322,2919
9323,2823
9324,1273
9325,4102
9326,5936
9327,5284
9328,1717
9329,4220
9330,729
9331,647
9332,227
9333,1558
9334,4684
9335,1715
9336,6031
9337,4887
9338,2322
9339,3018
9340,196
9341,480
9342,2326
9343,5150
9344,947
9345,3406
9346,889
9347,4096
9348,2817
9349,5448
9350,5775
9351,603
9352,627
9353,5452
9354,2792
9355,2556
9356,3654
9357,6082
9358,1295
9359,1373
9360,2921
9361,833
9362,525
9363,1773
9364,1156
9365,2162
9366,2227
9367,77
9368,3750
9369,4383
9370,1705
9371,1662
9372,1179
9373,2022
9374,3473
9375,798
9376,1220
9377,2787
9378,3634
9379,222
9380,94
9381,5393
9382,1618
9383,1146
9384,3281
9385,4388
9386,3412
9387,652
9388,1977
9389,4065
9390,6050
9391,1247
9392,358
9393,1647
9394,3710
9395,5510
9396,4551
9397,1416
9398,5784
9399,1041
9400,2429
9401,5653
9402,119
9403,2204
9404,4783
9405,3664
9406,5553
9407,792
9408,2950
9409,2325
9410,3486
9411,1814
9412,988
9413,3515
9414,2311
9415,765
9416,2179
9417,2569
9418,3168
9419,3913
9420,5031
9421,4094
9422,4920
9423,1724
9424,2493
9425,958
9426,1439
9427,5716
9428,4864
9429,3611
9430,4553
9431,3897
9432,2462
9433,1640
9434,502
9435,2420
9436,5555
9437,1768
9438,3314
9439,1848
9440,1189
9441,3865
9442,4877
9443,4078
9444,11
9445,3518
9446,5088
9447,5652
9448,5921
9449,3640
9450,3854
9451,4454
9452,895
9453,5037
9454,3614
9455,579
9456,3205
9457,2829
9458,1687
9459,5651
9460,3452
9461,2752
9462,5497
9463,1952
9464,5360
9465,3235
9466,1315
9467,5666
9468,475
9469,4333
9470,3146
9471,6132
9472,256
9473,3135
9474,4140
9475,149
9476,1973
9477,5123
9478,2872
9479,1901
9480,4721
9481,752
9482,5482
9483,4392
9484,757
9485,5645
9486,2837
9487,4039
9488,3323
9489,4559
9490,3190
9491,2324
9492,5558
9493,1902
9494,4228
9495,423
9496,347
9497,2499
9498,852
9499,1256
9500,1131
9501,2531
9502,5952
9503,3159
9504,903
9505,1385
9506,838
9507,3662
9508,5061
9509,4219
9510,304
9511,5189
9512,2381
9513,4824
9514,2474
9515,6049
9516,1275
9517,584
9518,4664
9519,2590
9520,4690
9521,4267
9522,5331
9523,4897
9524,4933
9525,1299
9526,1072
9527,268
9528,1108
9529,1312
9530,4964
9531,4508
9532,5395
9533,5675
9534,2353
9535,291
9536,6062
9537,5305
9538,3294
9539,5258
9540,5992
9541,4225
9542,5647
9543,1360
9544,3709
9545,132
9546,5134
9547,1842
9548,4597
9549,2552
9550,528
9551,1835
9552,1985
9553,3482
9554,3582
9555,1859
9556,2296
9557,2853
9558,1224
9559,5547
9560,4937
9561,3831
9562,2696
9563,1562
9564,5884
9565,807
9566,3297
9567,2033
9568,5691
9569,4078
9570,4723
9571,2198
9572,5183
9573,4667
9574,13
9575,5190
9576,2336
9577,2143
9578,1772
9579,2021
9580,1343
9581,529
9582,5336
9583,4139
9584,5288
9585,2480
9586,5187
9587,2909
9588,1031
9589,2916
9590,3909
9591,3770
9592,4396
9593,1536
9594,3150
9595,226
9596,2312
9597,4433
9598,5201
9599,1860
9600,4657
9601,509
9602,175
9603,6069
9604,4647
9605,4647
9606,240
9607,1020
9608,1535
9609,1746
9610,1552
9611,4048
9612,2099
9613,5279
9614,3766
9615,4034
9616,4091
9617,3229
9618,913
9619,2986
9620,2120
9621,5843
9622,5901
9623,1080
9624,715
9625,4647
9626,2963
9627,4584
9628,4383
9629,5658
9630,2697
9631,929
9632,3781
9633,2002
9634,5247
9635,1279
9636,1566
9637,3332
9638,5581
9639,1972
9640,2011
9641,4097
9642,2335
9643,969
9644,2670
9645,1232
9646,959
9647,3313
9648,1408
9649,1616
9650,4735
9651,5344
9652,4516
9653,733
9654,5975
9655,5687
9656,1781
9657,1103
9658,5582
9659,5599
9660,4788
9661,4586
9662,236
9663,1241
9664,130
9665,4711
9666,2420
9667,2339
9668,2240
9669,2445
9670,421
9671,3073
9672,1483
9673,3069
9674,245
9675,3839
9676,2347
9677,510
9678,2613
9679,1698
9680,5144
9681,2827
9682,5365
9683,875
9684,402
9685,193
9686,4741
9687,229
9688,462
9689,3271
9690,4564
9691,703
9692,3383
9693,810
9694,1558
9695,3374
9696,5655
9697,4404
9698,753
9699,618
9700,1148
9701,782
9702,3598
9703,1246
9704,3009
9705,4746
9706,5023
9707,3457
9708,5606
9709,2631
9710,5874
9711,4698
9712,4768
9713,5098
9714,3395
9715,1970
9716,4350
9717,61
9718,3141
9719,69
9720,2808
9721,4156
9722,3554
9723,1034
9724,3918
9725,4341
9726,5370
9727,3843
9728,1428
9729,2801
9730,3325
9731,4445
9732,83
9733,3870
9734,571
9735,4149
9736,4873
9737,2959
9738,5947
9739,898
9740,3903
9741,1125
9742,3805
9743,2404
9744,2695
9745,2613
9746,2052
9747,3158
9748,5602
9749,2740
9750,1240
9751,2961
9752,4549
9753,2972
9754,3601
9755,996
9756,4501
9757,4744
9758,1365
9759,1388
9760,2342
9761,559
9762,5613
9763,2501
9764,3158
9765,1739
9766,4331
9767,5054
9768,4470
9769,2086
9770,5410
9771,523
9772,1896
9773,74
9774,1215
9775,5813
9776,5085
9777,5549
9778,1175
9779,5782
9780,5284
9781,3841
9782,4348
9783,1171
9784,2540
9785,1628
9786,221
9787,4355
9788,1221
9789,5898
9790,3610
9791,6035
9792,5800
9793,2167
9794,3436
9795,4447
9796,4575
9797,5350
9798,5035
9799,1069
9800,3641
9801,4272
9802,1147
9803,5901
9804,669
9805,2520
9806,2565
9807,766
9808,2072
9809,3498
9810,447
9811,5364
9812,4289
9813,2538
9814,5965
9815,3676
9816,6118
9817,5196
9818,4346
9819,3980
9820,3341
9821,3783
9822,6063
9823,3421
9824,2508
9825,2606
9826,3930
9827,3061
9828,3512
9829,3609
9830,1525
9831,2478
9832,5226
9833,492
9834,971
9835,1928
9836,2992
9837,4412
9838,3947
9839,3802
9840,2788
9841,3199
9842,5296
9843,3462
9844,5766
9845,745
9846,5493
9847,2351
9848,254
9849,4186
9850,983
9851,4274
9852,1216
9853,1675
9854,4327
9855,1521
9856,5409
9857,5417
9858,5105
9859,1405
9860,1889
9861,1898
9862,877
9863,4916
9864,934
9865,5723
9866,5457
9867,5445
9868,2832
9869,4081
9870,1982
9871,4450
9872,198
9873,5792
9874,2141
9875,2149
9876,6040
9877,1079
9878,5315
9879,5048
9880,4124
9881,3810
9882,5767
9883,5177
9884,4707
9885,145
9886,4604
9887,3607
9888,3301
9889,5284
9890,4459
9891,5988
9892,5882
9893,2819
9894,4173
9895,1595
9896,5152
9897,495
9898,5178
9899,3250
9900,3347
9901,4891
9902,4868
9903,638
9904,2955
9905,3177
9906,322
9907,4569
9908,6074
9909,456
9910,1680
9911,3443
9912,302
9913,5219
9914,4024
9915,1136
9916,36
9917,5022
9918,6112
9919,3023
9920,1073
9921,1713
9922,5783
9923,562
9924,2136
9925,2452
9926,5222
9927,1017
9928,1803
9929,5010
9930,5512
9931,5996
9932,2941
9933,5204
9934,1827
9935,396
9936,5498
9937,4540
9938,2317
9939,4568
9940,1615
9941,1434
9942,385
9943,2114
9944,4986
9945,2903
9946,591
9947,606
9948,4406
9949,845
9950,4182
9951,5704
9952,1691
9953,1678
9954,1714
9955,2
9956,1984
9957,5462
9958,1725
9959,1664
9960,2268
9961,5996
9962,4532
9963,3520
9964,1805
9965,3016
9966,5150
9967,6038
9968,2979
9969,3247
9970,3885
9971,1117
9972,2176
9973,4012
9974,4390
9975,2573
9976,4354
9977,5490
9978,2989
9979,5754
9980,2000
9981,3569
9982,961
9983,382
9984,5781
9985,2917
9986,4781
9987,3762
9988,3200
9989,3596
9990,161
9991,5755
9992,3453
9993,4563
9994,5787
9995,3241
9996,5829
9997,2153
9998,3691
9999,3714
10000,187
10001,1218
10002,589
10003,4760
10004,2656
10005,1447
10006,3147
10007,525
10008,2113
10009,4474
10010,2276
10011,4957
10012,1522
10013,216
10014,2673
10015,4053
10016,2964
10017,686
10018,4100
10019,4183
10020,3222
10021,3800
10022,5006
10023,3792
10024,4583
10025,3756
10026,5631
10027,4924
10028,3
10029,4877
10030,10
10031,5763
10032,4602
10033,3125
10034,2609
10035,2805
10036,5412
10037,1825
10038,3733
10039,587
10040,4855
10041,2316
10042,3906
10043,4993
10044,4836
10045,5560
10046,2218
10047,1558
10048,3904
10049,2144
10050,3333
10051,1239
10052,5269
10053,2820
10054,6089
10055,881
10056,626
10057,5838
10058,2579
10059,985
10060,2702
10061,4414
10062,406
10063,223
10064,5456
10065,324
10066,4337
10067,5822
10068,2349
10069,5120
10070,3088
10071,4944
10072,2065
10073,3005
10074,5951
10075,2309
10076,5246
10077,3813
10078,4480
10079,3772
10080,2177
10081,673
10082,5102
10083,4976
10084,3304
10085,4054
10086,4949
10087,4661
10088,4122
10089,4815
10090,3519
10091,1565
10092,3732
10093,5503
10094,2506
10095,1024
10096,3508
10097,2337
10098,2543
10099,3835
10100,2169
10101,2662
10102,2094
10103,4552
10104,5914
10105,5459
10106,340
10107,2796
10108,3344
10109,1589
10110,1054
10111,5172
10112,4384
10113,18
10114,3593
10115,43
10116,3745
10117,1045
10118,166
10119,2495
10120,5423
10121,3024
10122,4268
10123,2423
10124,2373
10125,2600
10126,2551
10127,5314
10128,5897
10129,4634
10130,569
10131,4186
10132,4611
10133,84
10134,2678
10135,1354
10136,4078
10137,2598
10138,1820
10139,2902
10140,5682
10141,2922
10142,5191
10143,3908
10144,1192
10145,1433
10146,2010
10147,5613
10148,4572
10149,5808
10150,1290
10151,5970
10152,3487
10153,4537
10154,224
10155,4700
10156,4166
10157,2514
10158,34
10159,1935
10160,5962
10161,3758
10162,425
10163,5911
10164,3134
10165,4192
10166,3193
10167,1267
10168,2065
10169,751
10170,1572
10171,3494
10172,2090
10173,233
10174,1623
10175,5678
10176,2935
10177,1801
10178,2043
10179,3935
10180,5060
10181,598
10182,5183
10183,1680
10184,4819
10185,3346
10186,81
10187,2492
10188,4299
10189,246
10190,4400
10191,237
10192,865
10193,1370
10194,897
10195,1509
10196,1622
10197,3737
10198,1964
10199,3459
10200,5992
10201,3396
10202,4670
10203,1823
10204,87
10205,4130
10206,5779
10207,4306
10208,4012
10209,4535
10210,2995
10211,4323
10212,267
10213,960
10214,4664
10215,5138
10216,415
10217,4485
10218,3611
10219,1043
10220,3856
10221,5818
10222,457
10223,4052
10224,1856
10225,4898
10226,5095
10227,2612
10228,3365
10229,4080
10230,3953
10231,724
10232,5343
10233,5661
10234,5885
10235,855
10236,3909
10237,183
10238,5803
10239,1078
10240,4352
10241,3510
10242,1866
10243,102
10244,3129
10245,4163
10246,4946
10247,4148
10248,2034
10249,1892
10250,2727
10251,2368
10252,5264
10253,50
10254,64
10255,4774
10256,2825
10257,2880
10258,3788
10259,3704
10260,1327
10261,5829
10262,671
10263,4165
10264,5721
10265,5483
10266,2725
10267,6052
10268,261
10269,2568
10270,2809
10271,1246
10272,668
10273,6046
10274,656
10275,5018
10276,5830
10277,3390
10278,2523
10279,1948
10280,5259
10281,6030
10282,1688
10283,2299
10284,4475
10285,2089
10286,1068
10287,4501
10288,4978
10289,488
10290,3576
10291,4302
10292,351
10293,258
10294,3122
10295,6018
10296,2534
10297,3829
10298,5901
10299,82
10300,5536
10301,4548
10302,2225
10303,282
10304,4987
10305,6118
10306,2317
10307,5809
10308,2049
10309,705
10310,3378
10311,4231
10312,4590
10313,6065
10314,3682
10315,3581
10316,3529
10317,4933
10318,3875
10319,3677
10320,1000
10321,2437
10322,476
10323,2761
10324,5384
10325,5752
10326,4189
10327,4979
10328,2790
10329,5696
10330,4990
10331,2924
10332,432
10333,2857
10334,2250
10335,2767
10336,3741
10337,1652
10338,5513
10339,3924
10340,2954
10341,404
10342,2649
10343,4039
10344,4198
10345,6015
10346,585
10347,5248
10348,1430
10349,4915
10350,4067
10351,1121
10352,4177
10353,360
10354,4701
10355,2747
10356,3454
10357,833
10358,4101
10359,363
10360,152
10361,4272
10362,2687
10363,202
10364,2627
10365,3654
10366,3107
10367,1279
10368,670
10369,3451
10370,3315
10371,2064
10372,1909
10373,3447
10374,1893
10375,6026
10376,1376
10377,5003
10378,4721
10379,950
10380,2196
10381,1335
10382,2243
10383,2170
10384,6072
10385,4300
10386,2692
10387,1493
10388,5749
10389,45
10390,357
10391,9
10392,3726
10393,3409
10394,1854
10395,3301
10396,1307
10397,5243
10398,876
10399,4497
10400,3858
10401,2158
10402,2138
10403,2608
10404,680
10405,3172
10406,1641
10407,4848
10408,3743
10409,4321
10410,3120
10411,4183
10412,3956
10413,606
10414,3834
10415,1627
10416,4439
10417,5479
10418,5948
10419,2720
10420,143
10421,1470
10422,3858
10423,5899
10424,2429
10425,2031
10426,2330
10427,1768
10428,5707
10429,2271
10430,5338
10431,3521
10432,1662
10433,4870
10434,1281
10435,1569
10436,5496
10437,5253
10438,4966
10439,3997
10440,3349
10441,1282
10442,2763
10443,1075
10444,4254
10445,2975
10446,473
10447,3352
10448,4853
10449,151
10450,1008
10451,299
10452,3378
10453,248
10454,197
10455,835
10456,1226
10457,4914
10458,4402
10459,343
10460,39
10461,3588
10462,1252
10463,1171
10464,3463
10465,5304
10466,4080
10467,4869
10468,1742
10469,3259
10470,5902
10471,3236
10472,3011
10473,2998
10474,1375
10475,5858
10476,1314
10477,1908
10478,1858
10479,5936
10480,902
10481,5306
10482,4727
10483,4753
10484,4256
10485,682
10486,4272
10487,3797
10488,307
10489,1838
10490,4532
10491,379
10492,5263
10493,982
10494,892
10495,1149
10496,4359
10497,3235
10498,4571
10499,36
10500,5284
10501,2800
10502,3457
10503,769
10504,5497
10505,3152
10506,5284
10507,313
10508,943
10509,3291
10510,2846
10511,439
10512,4646
10513,1553
10514,5400
10515,5250
10516,1021
10517,97
10518,4069
10519,4569
10520,790
10521,1261
10522,874
10523,1516
10524,793
10525,3145
10526,4768
10527,2489
10528,5434
10529,4237
10530,414
10531,1529
10532,3683
10533,5115
10534,3761
10535,6000
10536,5750
10537,1624
10538,2420
10539,737
10540,1312
10541,2793
10542,19
10543,574
10544,4119
10545,4422
10546,2238
10547,4522
10548,3828
10549,4775
10550,2289
10551,1001
10552,1917
10553,5979
10554,1614
10555,359
10556,5148
10557,1092
10558,2210
10559,1429
10560,3921
10561,3778
10562,5342
10563,5963
10564,1487
10565,3385
10566,5032
10567,3573
10568,719
10569,4487
10570,3543
10571,5150
10572,305
10573,2887
10574,5375
10575,1840
10576,253
10577,422
10578,2120
10579,816
10580,2727
10581,4903
10582,390
10583,5321
10584,1728
10585,2586
10586,2342
10587,327
10588,3859
10589,1497
10590,1215
10591,3608
10592,4931
10593,274
10594,4938
10595,534
10596,1978
10597,1829
10598,1462
10599,5677
10600,2713
10601,4988
10602,5732
10603,611
10604,5740
10605,4161
10606,3497
10607,5733
10608,5888
10609,5283
10610,1685
10611,5756
10612,1514
10613,5451
10614,2500
10615,6000
10616,1082
10617,833
10618,1632
10619,826
10620,2447
10621,3878
10622,4530
10623,4591
10624,6046
10625,2842
10626,2446
10627,2045
10628,3239
10629,540
10630,595
10631,5904
10632,3825
10633,4674
10634,1197
10635,3062
10636,554
10637,4518
10638,1044
10639,3708
10640,1676
10641,4032
10642,2777
10643,4869
10644,5116
10645,5913
10646,5227
10647,3144
10648,3362
10649,1878
10650,4423
10651,508
10652,6089
10653,4155
10654,3053
10655,1200
10656,5134
10657,3095
10658,6028
10659,5673
10660,1624
10661,2359
10662,4947
10663,5704
10664,4356
10665,4805
10666,3604
10667,451
10668,5821
10669,348
10670,22
10671,2967
10672,3322
10673,3253
10674,819
10675,5380
10676,3794
10677,3525
10678,1303
10679,5476
10680,812
10681,188
10682,847
10683,4875
10684,1905
10685,5937
10686,817
10687,5596
10688,428
10689,6042
10690,5771
10691,2909
10692,2145
10693,1696
10694,1836
10695,6128
10696,183
10697,5217
10698,3341
10699,3986
10700,4219
10701,4832
10702,663
10703,1271
10704,1822
10705,1990
10706,6086
10707,3909
10708,5185
10709,5497
10710,2704
10711,5098
10712,3356
10713,5741
10714,5997
10715,5903
10716,2245
10717,14
10718,2099
10719,3112
10720,6125
10721,2544
10722,4562
10723,4939
10725,4007
10726,3506
10727,4126
10728,2968
10729,5744
10730,247
10731,906
10732,326
10733,1531
10734,5388
10735,5150
10736,2068
10737,821
10738,5235
10739,2125
10740,4345
10741,1965
10742,1248
10743,1175
10744,4430
10745,1519
10746,1219
10747,1527
10748,2434
10749,4162
10750,1813
10751,5171
10752,5959
10753,183
10754,224
10755,207
10756,4490
10757,650
10758,1703
10759,423
10760,5582
10761,1467
10762,1363
10763,4103
10764,5504
10765,4859
10766,1636
10767,1244
10768,3919
10769,2188
10770,2126
10771,1083
10772,2985
10773,127
10774,644
10775,564
10776,5582
10777,204
10778,1964
10779,1582
10780,2347
10781,3858
10782,5755
10783,2595
10784,3631
10785,3328
10786,5401
10787,3785
10788,3301
10789,1670
10790,1071
10791,5582
10792,2065
10793,5212
10794,1653
10795,5613
10796,50
10797,5219
10799,5951
10800,3647
10801,2265
10802,4936
10803,5582
10804,60
10805,2189
10806,2637
10807,3530
10808,5697
10809,3081
10810,4042
10811,2078
10812,1680
10813,4949
10814,5408
10815,4688
10816,5582
10817,1976
10818,337
10819,4667
10820,4935
10821,4081
10822,1884
10823,3449
10824,909
10825,5085
10826,4649
10827,4821
10828,3539
10829,5164
10830,4550
10831,1793
10832,2863
10833,4300
10834,4899
10835,260
10836,5968
10837,1758
10838,4876
10839,4427
10840,5273
10841,5634
10842,4310
10843,3585
10844,5464
10845,5073
10846,4812
10847,5923
10848,3364
10849,2082
10850,2028
10851,1264
10852,2213
10853,2127
10854,5603
10855,3692
10856,97
10857,1775
10858,290
10859,4336
10860,2247
10861,1626
10862,3292
10863,2044
10864,5162
10865,2361
10866,3061
10867,3541
10868,4419
10869,5297
10870,2260
10871,5119
10872,4319
10873,5958
10874,1015
10875,5258
10876,648
10877,2855
10878,4450
10879,4463
10880,2040
10881,3486
10882,3197
10883,4923
10884,3246
10885,5704
10886,450
10887,1000
10888,596
10889,5387
10890,5111
10891,5440
10892,2474
10893,3486
10894,4373
10895,4189
10896,3484
10897,1821
10898,5454
10899,3661
10900,2517
10901,6127
10902,5762
10903,337
10904,5403
10905,3464
10906,4859
10907,495
10908,4468
10909,3320
10910,4813
10911,2053
10912,3642
10913,3442
10914,5781
10915,1907
10916,2890
10917,4426
10918,302
10919,5771
10920,1804
10921,2958
10922,1758
10923,1290
10924,4853
10925,4810
10926,613
10927,2671
10928,958
10929,1862
10930,3335
10931,2295
10932,2241
10933,496
10934,1689
10935,5478
10936,5519
10937,4700
10938,1912
10939,4302
10940,1125
10941,6104
10942,799
10943,318
10944,666
10945,1164
10946,1715
10947,4131
10948,1106
10949,1787
10950,5147
10951,3528
10952,2487
10953,5545
10954,417
10955,1414
10956,5782
10957,79
10958,5002
10959,5936
10960,1309
10961,1897
10962,3379
10963,1250
10964,1991
10965,3657
10966,2757
10967,2269
10968,1277
10969,1101
10970,4560
10971,1050
10972,644
10973,4445
10974,1202
10975,1455
10976,2804
10977,3901
10978,663
10979,5875
10980,524
10981,2190
10982,2783
10983,2972
10984,2370
10985,5463
10986,716
10987,3718
10988,3911
10989,3001
10990,4523
10991,481
10992,5082
10993,5179
10994,6074
10995,5313
10996,5124
10997,658
10998,1228
10999,2302
11000,1018
11001,2784
11002,989
11003,4492
11004,5510
11005,4820
11006,746
11007,2212
11008,491
11009,2491
11010,3991
11011,5370
11012,4091
11013,2513
11014,4857
11015,1583
11016,1067
11017,2317
11018,216
11019,6104
11020,842
11021,1167
11022,5791
11023,316
11024,1477
11025,1507
11026,5076
11027,2326
11028,2982
11029,4368
11030,5709
11031,1981
11032,815
11033,3786
11034,4279
11035,5453
11036,5657
11037,5053
11038,6116
11039,3331
11040,3057
11041,1293
11042,5019
11043,4424
11044,1443
11045,6118
11046,4313
11047,1340
11048,5734
11049,1342
11050,1833
11051,4173
11052,6107
11053,1147
11054,2184
11055,3972
11056,502
11057,5898
11058,1035
11059,5203
11060,4845
11061,4510
11062,3135
11063,6009
11064,4213
11065,1997
11066,4940
11067,4638
11068,4690
11069,2541
11070,2755
11071,1911
11072,3910
11073,36
11074,2090
11075,3821
11076,225
11077,1809
11078,3710
11079,3509
11080,1278
11081,3350
11082,3060
11083,1774
11084,2386
11085,1998
11086,3826
11087,3169
11088,3253
11089,1534
11090,4077
11091,2663
11092,5613
11093,3653
11094,1476
11095,106
11096,5356
11097,1992
11098,1105
11099,321
11100,991
11101,3653
11102,5385
11103,958
11104,3270
11105,5284
11106,4436
11107,5160
11108,69
11109,3653
11110,2745
11111,110
11112,4250
11113,4383
11114,3831
11115,1480
11116,2646
11117,97
11118,4937
11119,5696
11120,579
11121,4853
11122,4905
11123,3805
11124,5239
11125,6043
11126,5088
11127,3663
11128,2144
11129,5480
11130,2708
11131,5232
11132,3834
11133,1815
11134,5879
11135,2432
11136,5752
11137,1562
11138,1508
11139,3553
11140,3669
11141,4620
11142,1539
11143,1051
11144,5812
11145,1894
11146,2602
11147,813
11148,5254
11149,5963
11150,4757
11151,2026
11152,5441
11153,4351
11154,5121
11155,4596
11156,2413
11157,5407
11158,4414
11159,4464
11160,3688
11161,336
11162,4266
11163,1481
11164,4453
11165,5358
11166,4474
11167,923
11168,743
11169,3711
11170,840
11171,1502
11172,4000
11173,3266
11174,2038
11175,4459
11176,3982
11177,280
11178,3351
11179,1243
11180,3426
11181,3424
11182,2878
11183,630
11184,1688
11185,481
11186,5351
11187,5237
11188,3796
11189,5288
11190,5944
11191,334
11192,1174
11193,1364
11194,2661
11195,1005
11196,4424
11197,2631
11198,548
11199,3084
11200,4486
11201,1797
11202,4684
11203,4224
11204,3698
11205,3344
11206,2958
11207,1246
11208,5670
11209,713
11210,5429
11211,4256
11212,4396
11213,723
11214,5735
11215,3530
11216,5295
11217,5524
11218,271
11219,3899
11220,424
11221,4720
11222,502
11223,3550
11224,1961
11225,2515
11226,2219
11227,3917
11228,1174
11229,4842
11230,1267
11231,141
11232,3299
11233,421
11234,1237
11235,4634
11236,1070
11237,2883
11238,2106
11239,5922
11240,2058
11241,981
11242,104
11243,1859
11244,4159
11245,3403
11246,1536
11247,3345
11248,4865
11249,180
11250,3089
11251,231
11252,968
11253,5004
11254,5803
11255,5222
11256,268
11257,2643
11258,4541
11259,64
11260,4032
11261,3824
11262,3726
11263,1666
11264,1938
11265,177
11266,6011
11267,6001
11268,2894
11269,4928
11270,300
11271,5319
11272,4112
11273,5503
11274,1809
11275,1720
11276,6018
11277,5933
11278,2941
11279,3361
11280,223
11281,4159
11282,5870
11283,1071
11284,4304
11285,763
11286,2411
11287,2336
11288,4920
11289,4596
11290,2909
11291,1500
11292,4877
11293,3457
11294,1372
11295,713
11296,2871
11297,172
11298,3695
11299,2331
11300,5706
11301,2658
11302,4877
11303,4791
11304,829
11305,4330
11306,3296
11307,2697
11308,1188
11309,2173
11310,4937
11311,1725
11312,1982
11313,5061
11314,3645
11315,4091
11316,2625
11317,36
11318,2222
11319,5222
11320,918
11321,5004
11322,3005
11323,5543
11324,4639
11325,4544
11326,4686
11327,5008
11328,4707
11329,4687
11330,4943
11331,4235
11332,3157
11333,1327
11334,932
11335,4611
11336,1482
11337,4428
11338,4297
11339,22
11340,61
11341,902
11342,3369
11343,4949
11344,5345
11345,5134
11346,5614
11347,2982
11348,4114
11349,2307
11350,3147
11351,674
11352,3818
11353,3612
11354,915
11355,1172
11356,4108
11357,3580
11358,3905
11359,4700
11360,1679
11361,357
11362,2984
11363,520
11364,1245
