movieid,genreid
1,11
1,15
1,4
1,10
2,3
2,11
2,4
2,10
3,9
3,23
3,10
4,6
5,21
5,25
6,9
6,6
6,20
7,9
7,20
8,17
8,25
9,3
10,5
10,6
10,20
11,9
11,6
12,6
13,23
13,6
14,6
14,20
14,7
15,1
15,9
16,17
16,25
16,14
16,6
17,9
18,8
19,3
19,6
19,20
19,10
20,3
20,9
20,25
21,6
21,4
21,10
22,6
23,9
23,25
23,7
24,9
24,6
25,9
25,6
26,1
26,21
26,25
26,14
27,5
27,23
27,8
28,3
28,9
28,6
28,20
28,7
29,9
30,9
30,6
31,9
31,6
31,20
32,1
32,9
32,25
32,7
33,6
34,9
35,9
35,6
36,6
37,17
37,6
37,7
38,9
38,25
38,7
39,6
39,20
40,21
40,6
41,8
42,9
42,25
43,3
43,21
43,9
43,25
44,9
44,17
44,25
44,11
44,14
45,5
45,23
45,8
46,5
46,9
46,20
47,25
47,14
48,9
48,6
49,9
49,6
50,9
50,17
51,1
51,9
51,25
51,20
51,7
52,9
52,25
52,20
53,9
53,25
54,9
54,20
56,9
56,10
57,9
57,17
57,25
57,20
58,9
58,6
58,20
59,1
59,25
59,11
59,14
59,4
60,9
61,9
61,6
61,20
61,15
62,9
62,23
63,3
63,6
63,20
63,4
63,10
64,1
64,9
64,25
64,14
64,7
65,9
65,25
65,15
66,9
66,13
66,20
67,9
68,6
68,20
69,23
69,6
70,9
71,9
71,6
71,20
72,1
72,9
72,25
72,26
73,23
73,8
74,5
74,15
74,8
75,9
76,9
76,25
76,7
77,9
77,6
78,9
78,6
78,20
79,9
80,8
80,2
81,8
82,1
82,9
82,25
83,9
83,6
83,7
84,9
84,7
85,9
85,7
86,9
86,17
86,25
87,9
88,9
88,23
88,20
89,9
89,13
89,20
90,9
90,17
91,1
91,9
91,26
92,9
92,6
92,20
93,9
93,6
94,21
94,9
94,25
95,9
95,6
96,6
96,10
97,9
97,6
98,9
99,9
99,6
99,20
100,6
101,1
101,3
101,9
101,13
102,9
102,6
102,15
103,9
104,9
105,9
105,6
105,20
106,6
106,20
107,23
107,8
108,5
108,9
108,8
109,9
110,9
111,1
111,21
112,9
112,15
113,6
113,20
114,9
114,25
114,20
115,6
116,9
117,6
117,7
118,8
119,9
119,11
119,10
119,16
119,22
120,3
120,25
120,4
120,10
121,9
122,3
122,6
123,6
123,7
124,1
124,3
124,25
125,9
125,6
126,9
126,15
126,8
127,9
127,6
128,9
128,17
128,20
129,1
129,3
129,6
129,27
130,6
131,1
131,6
131,7
132,13
132,8
133,3
133,9
133,13
133,26
133,10
135,8
136,1
136,25
136,7
137,9
137,15
138,6
138,20
138,16
139,8
140,9
140,13
140,20
140,26
141,9
141,6
141,20
142,9
142,26
142,15
143,9
143,17
144,9
145,9
145,20
145,26
146,1
146,25
146,7
147,6
148,3
148,21
148,4
149,6
149,4
149,10
150,6
151,9
152,1
152,9
152,26
153,17
153,6
153,7
154,3
154,11
154,6
154,4
154,10
155,1
155,3
155,9
155,25
155,20
156,9
157,9
157,6
157,20
158,6
159,6
160,9
160,6
161,8
162,11
162,6
162,10
163,9
163,6
164,9
164,25
165,9
165,6
165,15
166,25
166,20
167,9
168,1
168,21
168,25
169,9
169,17
169,25
170,9
171,9
171,20
172,8
173,9
173,25
173,7
174,6
174,20
175,1
175,3
175,4
175,10
176,5
176,8
177,9
177,17
177,25
177,14
178,11
178,10
179,9
179,6
180,9
180,6
180,20
181,21
181,6
182,9
183,9
184,6
185,9
185,6
185,20
185,15
186,1
186,21
186,25
186,14
187,17
187,14
187,6
188,6
188,7
189,3
189,25
190,9
190,6
190,20
191,9
192,9
192,20
192,26
193,9
193,20
194,9
194,20
195,25
195,14
196,1
196,6
197,13
197,15
197,8
198,9
198,6
199,9
199,6
199,20
199,7
200,23
200,6
201,1
201,3
201,21
201,25
201,14
202,9
202,7
203,5
203,9
203,20
204,5
204,15
204,8
205,21
205,25
205,11
205,14
206,6
206,8
207,8
208,23
208,6
210,9
211,9
211,6
211,20
212,9
212,20
212,7
212,15
213,6
213,20
214,9
214,20
215,1
215,25
216,6
216,7
217,9
218,9
219,8
220,1
220,21
220,11
221,9
222,9
223,6
223,20
224,9
225,1
225,9
225,7
225,15
226,8
227,25
227,6
227,20
227,7
228,9
228,20
229,9
230,17
230,25
230,7
231,1
231,9
231,25
231,7
232,9
233,9
233,15
234,13
234,26
234,8
235,9
235,6
236,1
236,25
236,7
237,9
237,25
238,9
238,6
238,15
239,5
239,9
239,26
240,9
241,26
241,8
242,9
242,25
243,9
243,6
244,9
244,16
245,9
245,6
246,9
247,20
247,16
248,1
248,11
248,6
250,9
250,26
251,9
251,25
251,7
252,17
252,25
252,14
253,6
253,20
254,6
255,8
256,9
256,6
257,9
257,23
258,9
258,23
259,9
259,23
259,6
259,20
260,8
261,9
261,6
261,15
262,9
262,6
262,20
263,4
263,22
264,1
264,3
264,25
264,11
264,4
265,1
265,9
265,25
265,7
266,6
266,20
267,9
268,9
268,13
269,9
270,9
270,20
270,15
271,9
271,7
272,9
272,6
272,15
273,9
274,9
274,6
274,20
275,9
275,6
276,9
276,25
276,14
277,9
278,9
279,9
279,25
280,6
281,11
281,6
281,20
282,15
282,8
283,6
283,20
284,23
284,6
284,10
285,9
285,20
286,1
286,6
287,11
287,14
287,6
287,20
288,9
288,25
288,7
289,8
290,9
290,6
291,9
291,26
292,17
292,25
292,14
292,7
293,9
294,6
294,20
295,6
295,7
296,9
296,7
297,9
297,6
298,3
298,11
298,14
298,6
298,10
299,25
300,9
300,6
300,20
301,9
301,6
302,9
302,6
303,9
304,1
304,3
304,6
304,7
305,9
305,26
306,8
307,9
307,23
307,20
308,9
309,9
309,20
310,11
310,6
310,20
311,9
312,5
312,9
313,1
313,6
313,7
314,8
315,1
315,21
315,25
316,6
316,20
317,9
318,9
318,20
319,11
319,6
319,10
320,9
320,6
321,9
322,13
322,23
322,8
323,3
323,6
323,4
323,10
324,9
324,20
325,1
325,21
325,25
326,6
326,10
327,5
327,9
327,13
327,20
328,9
328,26
329,9
329,17
329,25
329,11
330,9
331,9
331,20
332,9
333,1
333,3
333,9
333,11
333,20
334,1
334,3
334,11
335,1
335,3
335,9
335,25
335,20
336,9
336,6
337,9
337,6
338,1
338,3
338,25
339,9
339,17
339,20
340,1
340,21
340,17
340,6
341,5
341,9
342,3
342,11
342,6
342,4
342,10
343,9
344,11
344,6
344,20
345,9
346,17
346,25
346,14
347,5
347,9
348,3
348,9
349,1
349,14
349,20
350,1
350,25
350,6
350,7
351,1
351,6
351,7
352,3
352,6
352,7
352,15
353,9
353,6
354,9
354,11
354,6
354,20
355,9
355,20
356,9
356,20
356,27
357,6
358,9
358,6
358,20
358,26
359,9
359,13
359,25
360,5
360,9
360,20
361,9
361,25
361,7
362,9
362,20
362,16
363,9
363,14
364,9
364,20
364,27
365,9
365,25
366,1
366,25
366,6
366,7
367,9
367,25
367,6
367,7
368,9
368,20
368,15
369,5
369,8
370,9
370,6
370,20
371,8
372,25
372,7
373,9
374,9
374,17
374,25
374,7
375,9
375,15
376,6
376,7
377,6
377,20
378,9
378,20
379,6
379,20
380,25
381,17
381,6
381,20
382,9
382,20
383,21
383,9
383,25
383,11
384,9
384,6
384,20
385,9
386,9
386,17
386,25
387,25
387,14
388,9
388,20
389,25
389,7
390,9
391,6
391,20
391,7
392,9
393,9
393,6
393,20
394,6
395,11
395,6
395,20
396,21
396,17
396,6
396,4
396,10
397,9
397,6
397,20
398,9
398,11
398,6
398,20
399,1
399,25
399,6
399,7
400,9
400,20
401,11
401,6
401,20
401,4
402,8
403,9
403,20
404,9
404,6
404,20
405,9
405,6
405,20
406,6
406,10
407,25
407,6
408,9
408,17
408,25
408,7
408,15
409,8
410,1
410,3
410,6
410,20
410,7
411,9
411,6
411,20
412,8
413,1
413,9
413,25
413,7
414,9
415,6
415,20
416,9
416,17
416,11
416,20
417,6
417,20
418,9
418,6
418,20
419,9
419,6
420,9
420,6
420,20
421,9
421,13
421,25
421,26
422,1
422,9
422,25
422,6
422,7
423,3
423,8
424,17
424,25
425,6
425,20
425,7
426,6
426,20
427,9
427,6
428,17
428,6
429,9
429,25
430,9
430,6
431,6
431,20
432,1
432,3
432,21
432,6
432,10
433,9
433,25
434,6
435,15
435,8
436,17
436,25
436,7
437,9
437,25
437,6
437,7
438,5
438,9
438,7
439,9
440,11
440,6
441,8
442,1
442,3
442,11
442,4
442,10
443,9
443,13
443,20
444,9
444,6
445,9
445,17
445,20
446,5
446,9
446,7
447,3
447,17
447,6
447,20
448,6
448,15
449,9
449,6
449,10
450,9
450,6
450,20
451,9
451,17
451,7
452,9
453,9
454,9
454,25
454,20
455,9
456,9
456,20
457,3
457,6
458,6
459,9
459,25
459,6
460,8
461,9
462,9
462,20
463,1
463,9
463,23
464,6
464,7
465,25
465,14
466,9
466,20
467,6
468,9
469,1
469,9
469,7
470,9
471,3
471,9
471,20
471,26
472,1
472,3
472,21
472,25
472,11
473,6
474,1
474,9
474,25
474,7
475,9
475,17
476,6
476,20
477,8
478,1
478,3
478,20
479,9
480,6
481,8
482,9
483,9
483,4
483,16
484,9
484,25
484,20
485,6
485,20
486,9
486,11
486,6
486,20
487,9
487,20
487,16
488,3
488,11
488,6
488,4
488,10
489,9
489,6
490,9
491,3
491,9
492,1
492,9
492,20
492,26
493,9
493,20
493,26
493,15
494,9
494,20
495,6
496,5
496,20
497,9
498,9
498,20
499,25
499,7
500,6
501,6
501,7
502,3
502,21
502,4
502,10
503,5
503,9
503,15
504,9
504,25
504,7
505,9
505,6
505,26
506,9
506,6
507,21
507,6
508,9
508,20
509,6
509,20
510,1
510,25
510,7
511,9
511,6
512,9
512,7
513,9
513,17
513,25
514,15
514,8
515,1
515,3
515,11
516,9
516,6
516,20
517,9
517,15
518,9
518,6
518,20
519,8
520,15
520,8
521,8
522,6
522,20
522,10
523,9
523,25
523,11
523,4
524,1
524,25
524,7
525,9
525,20
526,9
526,6
526,20
526,7
527,5
527,9
527,13
527,26
528,3
528,21
528,9
529,9
529,20
530,9
530,20
531,9
532,9
533,1
533,3
533,6
533,16
534,6
535,17
535,25
535,7
536,1
536,3
536,6
536,10
537,6
538,9
539,9
539,6
539,15
540,9
540,6
540,20
541,1
541,9
541,25
541,7
542,9
542,20
544,9
545,1
545,3
545,21
545,25
545,11
545,4
546,9
546,25
546,7
547,9
547,6
548,6
549,9
549,25
549,6
549,7
550,9
550,16
551,1
551,9
551,25
551,7
552,1
552,3
552,21
552,25
553,6
553,20
554,9
554,25
554,7
555,9
555,6
556,9
556,6
556,15
557,6
557,20
558,9
558,6
558,20
559,17
559,25
559,14
559,7
560,6
560,20
560,7
561,9
561,20
562,9
562,6
563,1
563,3
563,21
563,25
564,17
564,25
564,7
565,25
565,6
566,6
566,20
567,1
567,9
567,26
568,9
568,17
568,25
568,20
569,1
569,25
569,6
569,7
570,25
570,6
570,20
570,10
571,21
571,9
571,6
571,20
572,9
572,20
573,9
573,17
573,25
573,14
573,20
574,9
574,17
574,25
574,7
575,6
575,20
576,6
576,20
577,9
578,1
578,3
578,25
578,11
578,6
578,7
578,4
579,17
579,25
579,14
580,17
580,25
580,14
581,15
581,8
582,9
583,1
583,27
584,9
584,20
584,26
584,15
585,9
585,20
586,3
586,6
587,9
587,6
588,3
588,6
588,20
589,8
590,1
590,21
590,14
591,21
591,6
591,20
592,3
592,6
593,6
593,20
594,9
594,23
594,6
594,20
595,17
595,6
595,7
596,9
596,6
597,9
597,6
597,20
598,9
598,17
598,25
598,14
599,9
599,25
599,20
601,21
601,6
601,16
602,9
602,25
602,7
603,9
604,9
604,20
604,7
605,9
605,6
605,15
606,9
606,17
606,25
606,14
607,6
608,1
608,3
608,9
608,20
609,6
609,20
610,9
610,16
611,17
611,25
611,14
611,7
612,9
613,6
614,9
614,23
615,9
615,25
615,20
615,7
616,25
617,8
618,20
618,15
619,23
619,8
620,9
621,13
621,8
622,1
622,3
622,21
622,17
622,25
622,11
622,20
622,4
623,6
624,9
625,9
625,20
625,7
626,9
626,25
626,7
627,9
627,17
627,25
628,9
628,6
628,20
629,6
630,9
630,6
630,20
630,7
631,9
631,6
632,5
632,8
633,8
634,1
634,25
634,14
635,6
635,10
636,11
636,6
636,20
637,9
637,6
638,9
638,25
638,7
639,9
640,21
640,9
640,17
640,25
640,14
640,7
641,9
641,6
641,20
641,7
642,6
642,7
643,9
643,6
643,20
644,1
644,6
644,7
645,9
645,6
645,8
646,9
646,17
646,25
646,20
647,9
647,6
647,20
648,13
648,8
649,9
649,25
650,8
651,9
651,25
651,20
651,7
652,15
652,8
653,9
653,17
654,9
654,20
655,17
655,25
655,7
656,9
656,2
657,8
658,5
658,9
658,6
659,1
659,9
659,25
660,9
660,17
660,11
660,4
661,14
661,7
662,8
663,9
663,20
664,21
664,9
664,17
665,9
665,14
666,1
666,9
666,6
667,13
667,8
667,2
668,21
668,9
668,17
669,25
669,11
669,14
670,9
670,20
671,6
671,20
671,10
672,9
673,17
673,25
673,14
674,9
674,7
675,9
675,17
676,6
676,20
677,1
677,14
677,6
678,17
678,25
678,7
679,9
680,9
680,6
681,3
681,11
681,6
681,4
681,10
682,6
682,20
682,15
683,9
684,1
684,21
684,25
685,9
686,1
686,9
686,25
686,7
687,5
687,8
688,9
688,25
688,7
689,20
690,9
690,11
690,6
690,20
691,6
692,8
693,3
693,17
693,11
693,10
694,9
694,25
694,6
694,7
695,9
695,6
695,20
696,9
697,5
697,8
698,3
698,11
698,6
699,9
700,23
700,6
701,6
701,20
702,1
702,25
702,7
703,9
703,17
703,25
703,11
703,14
704,1
704,25
704,20
704,7
705,9
705,7
706,26
706,8
707,9
708,1
708,9
708,25
708,26
709,9
710,3
710,9
710,27
711,9
711,13
712,6
713,9
713,25
713,14
714,9
714,20
715,9
715,20
716,21
716,9
716,25
717,3
717,6
717,20
718,9
719,9
719,6
719,26
720,25
720,6
720,7
721,9
721,20
722,9
722,20
723,9
723,25
724,9
724,6
724,20
725,9
726,5
726,9
726,20
727,5
727,9
727,26
728,9
728,17
728,25
728,7
729,6
730,5
730,9
731,9
731,6
732,21
732,17
732,25
732,20
733,9
733,6
733,20
734,9
734,25
734,11
734,14
734,6
734,4
735,1
735,3
735,11
736,5
736,9
737,9
737,20
737,15
738,6
739,3
739,21
739,6
739,4
739,10
740,11
740,6
740,20
741,9
741,20
742,5
742,9
742,23
743,9
743,20
744,9
744,17
744,6
745,9
745,20
746,1
746,9
746,26
747,9
747,25
747,20
747,26
748,1
748,9
748,20
748,26
749,9
750,8
751,1
751,21
751,9
751,25
752,1
752,13
752,17
752,14
753,8
754,5
754,9
755,9
755,6
756,9
756,20
757,9
758,9
758,6
758,20
759,3
759,23
759,6
759,10
760,1
760,9
760,7
761,6
761,20
762,9
763,9
763,20
764,9
765,1
765,3
765,21
765,9
765,25
765,11
765,20
765,4
766,21
766,11
766,6
767,1
767,6
768,9
769,1
769,3
769,21
769,9
769,25
769,20
769,7
769,4
770,9
770,6
771,1
771,3
771,9
771,13
771,25
771,20
771,7
772,9
772,17
772,25
772,14
773,9
773,17
774,6
775,8
776,9
777,25
777,6
777,20
777,7
778,6
778,20
779,3
779,6
779,10
780,1
780,25
781,1
781,21
781,23
782,6
782,7
783,1
783,9
783,17
783,25
783,20
783,7
784,8
785,3
785,9
785,6
785,20
785,15
786,9
786,26
787,9
787,25
787,7
788,3
788,11
788,4
788,10
789,15
789,8
790,17
790,6
790,7
791,1
791,9
791,25
791,6
791,20
792,17
792,25
792,14
793,9
794,9
794,17
794,25
794,11
794,20
795,9
795,6
796,9
797,9
797,23
797,6
798,9
798,6
798,20
799,11
799,14
799,15
800,6
800,8
801,9
802,9
802,6
802,20
803,9
803,20
804,9
805,9
806,1
806,13
806,26
807,1
807,25
807,6
807,7
808,6
809,1
809,3
809,21
810,9
811,9
811,20
811,26
812,3
812,6
812,4
812,10
813,9
813,6
814,8
815,1
815,21
815,25
815,14
816,1
816,6
816,7
817,9
817,6
818,1
818,3
818,25
818,11
819,5
819,23
819,8
820,9
821,9
821,6
821,20
822,6
823,6
823,16
824,9
824,17
824,25
824,7
825,3
825,21
825,25
826,25
826,6
826,7
826,16
827,9
827,11
827,14
827,6
828,25
829,6
830,9
830,15
831,9
831,23
831,10
832,9
833,9
833,6
833,20
834,9
834,6
835,25
835,6
835,7
836,9
836,25
836,7
837,9
837,20
838,6
838,20
838,7
839,8
840,6
840,20
841,9
841,20
841,16
842,9
842,25
843,21
843,9
843,25
843,14
844,9
844,6
845,8
846,9
846,17
846,25
847,9
847,17
848,3
848,5
848,9
849,6
849,20
850,6
850,20
851,9
852,9
852,17
852,25
852,20
852,26
853,9
853,6
854,9
854,25
854,7
855,5
855,9
855,7
856,21
856,6
856,4
857,6
857,20
858,25
858,7
859,8
860,1
860,3
860,25
860,11
860,20
861,9
862,15
862,8
863,9
864,23
864,8
865,21
865,14
866,6
866,20
867,9
868,9
868,20
869,5
869,9
869,13
869,7
870,9
870,8
871,9
872,9
872,17
872,25
872,7
873,9
873,25
873,7
874,8
875,14
876,9
876,23
877,8
878,9
878,20
879,6
879,20
880,8
881,1
881,3
881,11
882,9
882,6
883,9
883,6
883,20
884,9
884,6
884,7
885,9
885,23
885,20
885,16
886,9
886,25
887,6
888,9
888,13
888,26
889,6
890,23
890,8
890,22
891,9
891,25
891,20
892,9
893,8
894,1
894,3
894,21
894,11
895,9
895,6
895,20
896,9
896,6
896,20
897,9
898,9
898,6
898,20
899,9
899,6
900,21
900,9
900,6
901,9
901,25
902,9
902,17
902,25
902,7
903,3
903,20
903,27
903,4
903,10
904,9
905,9
905,6
906,5
907,9
907,6
907,20
908,9
909,1
909,9
909,25
910,1
910,6
911,25
912,9
912,11
913,1
913,3
913,25
913,6
914,9
914,17
914,25
914,6
915,6
916,9
917,6
918,15
918,8
919,9
919,20
919,7
920,9
920,25
921,9
921,25
921,7
922,3
922,17
922,6
922,10
923,1
923,3
923,17
923,25
924,9
924,6
925,9
925,6
925,20
926,1
926,13
926,20
926,26
927,9
928,26
928,8
929,9
930,5
930,9
930,25
930,14
930,7
931,9
931,23
931,6
931,20
932,3
932,21
932,4
932,10
933,1
933,21
933,17
933,25
934,9
935,9
936,9
937,9
937,25
937,6
937,20
937,7
938,3
938,6
938,4
938,10
939,9
939,6
940,6
940,20
941,6
942,9
942,23
942,6
942,20
943,8
944,23
944,11
944,6
944,10
945,1
945,21
945,6
946,9
946,6
947,1
947,3
947,9
947,11
947,6
947,4
947,10
948,9
948,6
949,9
950,9
950,25
950,20
950,7
951,9
951,7
952,5
952,15
952,8
953,9
953,25
953,7
953,15
954,25
954,14
955,8
956,9
956,6
956,20
957,6
957,20
958,1
958,21
958,25
958,11
959,3
959,9
959,25
959,7
960,9
960,20
961,1
961,3
961,6
962,9
962,16
963,1
963,21
963,25
963,14
963,6
965,9
965,13
965,25
966,3
966,11
966,6
966,4
966,10
967,9
967,6
967,20
968,9
968,6
969,1
969,3
969,6
969,7
970,9
970,6
971,15
971,8
972,9
972,20
973,9
974,6
974,15
974,10
974,16
975,5
975,8
976,6
976,7
977,9
977,17
977,25
977,7
978,8
979,6
979,20
980,5
980,6
980,8
981,9
981,6
981,20
982,21
982,9
982,17
982,25
982,14
983,6
983,10
984,1
984,3
984,21
984,6
984,10
985,9
985,6
985,20
986,5
986,9
986,6
986,15
987,1
987,9
987,17
987,25
987,7
988,9
989,6
990,6
991,1
991,3
991,25
991,7
992,9
992,26
992,15
993,9
993,6
994,25
994,14
994,6
994,20
994,16
995,9
995,23
995,20
996,9
996,6
996,20
997,9
997,17
997,20
998,1
998,21
998,6
999,9
999,25
1000,6
1000,20
1001,8
1002,9
1002,25
1003,9
1003,6
1003,15
1003,10
1004,9
1004,16
1005,21
1005,9
1005,11
1006,6
1006,20
1007,9
1008,1
1008,9
1008,23
1008,7
1009,9
1010,25
1010,14
1010,7
1011,5
1011,9
1011,13
1011,20
1012,8
1013,15
1013,8
1014,9
1014,17
1014,25
1014,7
1015,25
1015,6
1016,9
1017,9
1017,25
1018,8
1019,8
1020,9
1020,25
1020,6
1020,7
1021,9
1021,6
1022,14
1022,6
1023,9
1023,6
1024,5
1024,9
1024,15
1025,9
1025,6
1025,7
1026,5
1026,9
1026,25
1026,7
1027,5
1027,9
1027,20
1028,9
1028,25
1029,17
1029,6
1029,7
1029,16
1030,1
1030,25
1031,9
1031,26
1032,9
1032,6
1032,20
1033,9
1033,25
1034,3
1034,11
1034,4
1034,10
1035,9
1035,6
1036,3
1036,9
1036,26
1037,9
1038,9
1038,25
1038,7
1040,8
1041,5
1041,7
1041,15
1041,8
1042,9
1042,6
1043,9
1043,25
1044,6
1044,20
1045,9
1045,20
1046,8
1047,9
1047,17
1048,9
1048,7
1049,6
1049,20
1050,9
1050,20
1051,1
1051,21
1051,25
1051,6
1052,1
1052,9
1052,25
1052,6
1052,7
1053,9
1053,13
1053,26
1054,9
1054,25
1054,20
1054,7
1055,3
1055,9
1055,6
1055,4
1055,10
1055,16
1056,6
1056,20
1057,25
1057,7
1058,6
1058,7
1059,8
1060,9
1061,17
1061,25
1061,14
1062,13
1062,8
1063,9
1063,6
1063,20
1063,15
1064,8
1065,8
1066,9
1066,25
1066,6
1066,7
1067,1
1067,3
1067,4
1067,10
1068,9
1068,6
1068,20
1069,5
1069,9
1069,13
1069,26
1070,6
1070,20
1071,9
1071,25
1071,6
1071,20
1072,1
1072,25
1072,7
1073,9
1073,11
1073,20
1073,10
1074,9
1075,8
1076,9
1076,17
1076,25
1077,5
1077,9
1077,7
1078,5
1078,8
1079,1
1079,6
1079,7
1080,9
1081,3
1081,9
1082,23
1082,8
1083,9
1083,6
1084,9
1084,15
1085,9
1086,17
1086,25
1086,14
1087,8
1088,9
1088,6
1089,1
1089,9
1089,6
1089,26
1090,9
1090,20
1090,7
1091,9
1091,15
1092,5
1092,9
1092,20
1093,3
1093,17
1093,25
1093,14
1094,1
1094,6
1095,1
1095,9
1095,7
1096,9
1096,6
1097,9
1097,25
1098,17
1098,25
1099,6
1099,20
1100,6
1100,20
1101,26
1101,8
1102,1
1102,3
1102,25
1102,6
1103,9
1103,6
1103,20
1104,4
1104,22
1105,11
1105,6
1105,10
1106,17
1106,25
1107,9
1108,3
1108,21
1108,20
1108,4
1108,10
1109,25
1109,7
1110,8
1111,9
1111,7
1112,9
1112,15
1113,6
1113,20
1114,15
1114,8
1115,9
1115,20
1116,9
1116,6
1117,9
1117,20
1118,9
1119,9
1119,26
1120,1
1120,25
1120,7
1121,3
1121,17
1121,11
1121,10
1122,8
1123,9
1124,25
1125,15
1125,8
1126,9
1126,20
1127,9
1128,6
1129,1
1129,3
1129,25
1130,6
1131,9
1132,9
1133,8
1134,9
1135,9
1136,9
1136,25
1136,20
1136,26
1137,9
1137,6
1137,4
1137,16
1138,1
1138,3
1138,25
1139,21
1139,9
1139,17
1139,20
1140,25
1140,14
1141,21
1141,9
1141,25
1141,6
1141,7
1142,3
1142,9
1142,13
1143,9
1143,13
1143,11
1144,13
1144,26
1144,8
1145,9
1145,6
1145,7
1146,6
1146,7
1147,9
1147,26
1148,9
1148,25
1148,7
1149,1
1149,21
1149,9
1149,25
1150,9
1150,6
1151,9
1151,6
1151,20
1151,15
1152,9
1153,9
1153,25
1154,9
1154,6
1154,20
1155,9
1156,1
1156,21
1156,25
1157,9
1158,11
1158,6
1159,9
1159,6
1159,26
1160,1
1160,3
1160,11
1161,9
1161,7
1162,5
1162,9
1162,20
1163,9
1163,13
1163,7
1164,9
1165,9
1165,25
1165,7
1166,9
1166,20
1167,9
1167,17
1168,3
1168,11
1168,6
1168,4
1168,10
1169,6
1169,20
1170,5
1170,9
1170,6
1170,7
1171,11
1171,6
1171,10
1172,9
1172,6
1172,7
1172,16
1173,9
1173,26
1174,9
1175,9
1175,7
1176,9
1177,5
1177,9
1177,26
1178,9
1178,6
1179,5
1179,9
1179,25
1179,6
1179,20
1179,7
1180,9
1180,23
1181,6
1181,20
1182,9
1183,1
1183,21
1183,7
1183,4
1184,9
1184,25
1185,6
1185,20
1186,9
1186,7
1187,9
1187,6
1187,20
1187,26
1188,9
1189,3
1189,6
1189,7
1190,1
1190,25
1190,6
1190,7
1191,6
1192,9
1192,7
1192,26
1193,5
1193,26
1193,8
1194,25
1194,14
1195,5
1195,8
1196,9
1196,6
1196,7
1197,1
1197,9
1197,7
1198,25
1198,14
1199,8
1200,11
1200,6
1200,20
1200,15
1201,1
1201,25
1202,9
1202,6
1202,20
1203,6
1203,20
1204,9
1204,26
1205,9
1205,25
1205,14
1205,20
1206,1
1206,3
1206,6
1206,27
1207,11
1207,6
1207,20
1208,9
1208,8
1209,9
1209,20
1210,1
1210,21
1210,25
1210,11
1210,7
1211,3
1211,9
1212,25
1212,20
1213,9
1213,20
1214,5
1214,9
1215,3
1215,4
1215,10
1215,16
1216,13
1216,15
1216,8
1217,15
1217,8
1218,1
1218,9
1218,25
1218,7
1219,1
1219,9
1219,13
1219,26
1220,9
1220,6
1221,6
1222,9
1222,20
1223,9
1223,6
1224,9
1224,25
1224,7
1225,9
1226,9
1227,1
1227,9
1227,25
1227,7
1228,9
1228,25
1229,9
1230,8
1231,9
1231,25
1232,9
1233,6
1234,9
1234,17
1234,25
1234,7
1235,9
1235,15
1236,5
1236,9
1237,1
1237,9
1237,25
1237,26
1238,9
1239,9
1239,23
1239,6
1239,20
1240,1
1240,3
1240,25
1240,6
1240,20
1240,7
1240,10
1241,9
1241,6
1241,7
1242,1
1242,9
1242,25
1242,7
1243,9
1244,9
1244,25
1244,14
1245,9
1245,13
1246,9
1247,6
1248,9
1248,25
1248,7
1249,6
1249,15
1250,21
1250,9
1250,25
1250,11
1250,14
1251,9
1251,17
1251,6
1252,9
1252,6
1252,20
1253,3
1253,17
1253,4
1253,10
1254,6
1254,20
1255,9
1255,6
1256,9
1256,25
1256,20
1256,7
1257,9
1257,17
1257,25
1257,7
1258,6
1259,9
1259,20
1260,8
1261,1
1261,3
1261,21
1261,25
1262,9
1263,5
1263,8
1264,9
1264,25
1264,7
1265,1
1265,9
1265,25
1265,7
1266,1
1266,21
1266,25
1266,6
1266,7
1266,4
1267,6
1267,8
1268,9
1268,7
1269,6
1270,17
1270,25
1271,9
1271,25
1271,6
1271,20
1271,7
1271,15
1272,6
1272,20
1273,6
1273,20
1274,9
1274,7
1275,10
1275,8
1275,22
1276,14
1277,9
1278,9
1279,9
1279,20
1280,6
1280,15
1281,1
1281,3
1281,6
1282,6
1283,8
1284,3
1284,17
1284,6
1284,10
1285,9
1285,7
1286,6
1286,7
1287,1
1287,9
1287,11
1287,14
1288,6
1288,20
1289,8
1290,13
1290,8
1291,9
1291,25
1291,7
1292,25
1292,7
1293,9
1294,17
1294,25
1294,14
1295,9
1296,9
1296,6
1297,9
1298,9
1299,9
1299,7
1300,6
1301,8
1302,8
1303,9
1304,9
1304,20
1305,6
1306,9
1306,25
1306,7
1307,6
1307,8
1308,9
1308,25
1308,7
1309,3
1309,6
1309,20
1309,15
1309,10
1310,1
1310,21
1310,25
1311,6
1311,20
1312,6
1312,10
1313,6
1313,20
1314,9
1314,6
1315,15
1315,8
1316,9
1316,6
1316,20
1317,9
1317,6
1317,20
1318,9
1318,20
1319,14
1319,16
1320,1
1320,3
1320,21
1320,25
1321,9
1321,6
1321,20
1321,16
1322,8
1323,9
1324,6
1325,9
1325,6
1325,20
1326,1
1326,3
1326,7
1326,4
1326,10
1327,8
1328,9
1328,7
1329,9
1330,1
1330,9
1330,17
1330,25
1330,6
1330,7
1331,9
1331,11
1331,6
1332,15
1332,8
1333,9
1333,6
1334,1
1334,25
1334,6
1335,5
1335,17
1335,7
1335,8
1336,3
1336,6
1336,4
1336,10
1337,1
1337,14
1338,1
1338,25
1338,7
1339,9
1340,9
1340,15
1341,25
1341,14
1342,8
1343,1
1343,25
1343,7
1344,9
1345,9
1345,20
1345,7
1346,9
1346,25
1346,14
1347,6
1347,15
1347,8
1348,9
1348,10
1349,6
1350,17
1350,6
1350,7
1351,1
1351,25
1351,6
1351,7
1352,6
1352,20
1353,9
1353,10
1354,1
1354,9
1354,7
1355,3
1355,6
1355,4
1355,10
1356,9
1356,25
1356,7
1357,9
1357,20
1358,13
1358,26
1358,8
1359,9
1359,7
1360,6
1360,20
1361,1
1361,3
1361,9
1361,13
1361,26
1362,6
1362,20
1362,10
1362,16
1363,1
1363,21
1363,25
1364,8
1365,1
1365,21
1365,25
1365,14
1366,1
1366,3
1366,6
1366,7
1367,9
1368,9
1368,20
1369,7
1370,6
1371,3
1371,11
1371,4
1371,10
1372,9
1372,17
1372,25
1372,7
1373,1
1373,21
1373,25
1374,9
1374,6
1374,20
1375,9
1375,25
1375,7
1376,5
1376,9
1376,7
1376,15
1377,1
1377,3
1377,11
1377,20
1377,10
1378,9
1378,6
1378,20
1379,9
1379,20
1380,9
1380,6
1380,20
1381,9
1381,11
1382,9
1382,6
1382,26
1383,9
1384,1
1384,21
1384,11
1385,1
1385,25
1385,6
1385,7
1386,9
1386,25
1386,7
1387,9
1387,6
1387,15
1388,9
1388,6
1388,20
1389,1
1389,3
1389,6
1390,9
1391,9
1391,6
1391,20
1392,9
1392,20
1393,9
1393,20
1394,9
1394,7
1395,8
1396,9
1396,6
1396,15
1397,9
1397,25
1397,6
1397,7
1397,26
1398,8
1398,22
1399,9
1399,6
1399,16
1400,6
1401,1
1401,3
1401,25
1401,11
1402,3
1402,9
1402,17
1402,25
1402,6
1402,20
1402,7
1403,9
1404,9
1404,13
1404,23
1405,1
1405,3
1405,21
1405,6
1405,10
1406,6
1406,20
1407,9
1407,25
1407,20
1408,6
1408,20
1408,7
1409,9
1410,9
1411,9
1412,11
1412,6
1412,10
1413,9
1413,6
1413,20
1414,1
1414,25
1414,7
1415,23
1415,8
1416,1
1416,21
1417,5
1417,9
1417,6
1418,1
1418,25
1418,14
1419,3
1419,23
1419,6
1420,8
1421,9
1421,20
1421,27
1422,9
1422,6
1422,20
1423,1
1423,23
1423,6
1424,9
1424,6
1424,20
1425,7
1425,8
1426,9
1426,20
1427,9
1427,6
1427,10
1428,9
1429,6
1430,9
1430,27
1431,6
1431,15
1432,6
1432,20
1433,9
1433,6
1434,23
1434,8
1435,9
1435,6
1435,20
1436,1
1436,25
1436,11
1436,6
1437,8
1438,9
1438,6
1439,9
1439,25
1439,7
1440,25
1440,14
1441,9
1441,6
1441,20
1442,8
1443,9
1443,6
1443,20
1443,16
1444,9
1444,6
1445,6
1446,1
1446,9
1446,25
1446,7
1446,12
1447,9
1448,5
1448,9
1448,25
1448,7
1449,9
1449,26
1449,15
1450,1
1450,17
1450,25
1450,14
1451,6
1452,3
1452,8
1453,25
1453,14
1454,9
1454,6
1454,20
1455,9
1455,20
1456,9
1456,25
1456,6
1456,7
1457,9
1457,20
1457,4
1458,1
1458,9
1458,25
1458,27
1459,1
1459,3
1459,9
1459,25
1459,6
1459,20
1459,7
1460,6
1460,20
1461,9
1462,9
1462,17
1462,25
1463,9
1463,17
1463,25
1464,9
1464,8
1465,9
1466,9
1466,6
1467,9
1467,6
1467,10
1468,9
1468,6
1468,20
1468,15
1469,13
1469,8
1470,10
1470,8
1471,1
1471,21
1471,25
1471,11
1472,9
1472,20
1472,26
1473,9
1473,6
1473,20
1473,16
1474,17
1474,11
1474,14
1474,6
1475,6
1476,5
1476,9
1476,13
1477,9
1477,20
1478,9
1478,15
1479,9
1479,6
1479,15
1480,1
1480,3
1480,25
1480,6
1481,9
1481,6
1481,20
1482,15
1482,8
1483,9
1483,25
1483,7
1484,6
1484,15
1484,10
1485,9
1486,9
1486,6
1487,9
1487,17
1487,25
1487,7
1488,7
1488,8
1489,9
1489,17
1489,25
1489,7
1490,9
1490,6
1490,20
1491,6
1491,20
1492,9
1492,11
1492,6
1492,10
1493,1
1493,25
1493,14
1494,6
1494,20
1494,7
1495,1
1495,25
1495,7
1496,9
1497,9
1498,9
1498,25
1499,6
1499,7
1500,9
1500,6
1501,1
1501,3
1501,21
1502,9
1502,25
1503,5
1503,9
1503,20
1504,25
1504,14
1505,5
1505,9
1505,25
1505,7
1506,17
1506,25
1506,20
1507,8
1508,3
1508,9
1508,20
1508,26
1509,3
1509,11
1509,4
1509,10
1510,9
1510,7
1511,8
1512,9
1512,23
1513,6
1514,8
1515,17
1515,6
1515,16
1516,7
1516,8
1517,6
1518,9
1518,13
1519,25
1520,25
1520,20
1521,1
1521,3
1521,21
1521,25
1522,8
1523,1
1523,3
1523,23
1523,8
1524,11
1524,6
1524,10
1525,9
1525,20
1526,8
1527,9
1527,14
1528,8
1529,9
1529,6
1529,20
1530,6
1531,5
1531,8
1532,9
1533,20
1533,16
1534,9
1534,17
1534,7
1535,3
1535,6
1535,4
1535,10
1536,1
1536,3
1536,9
1536,26
1537,9
1537,11
1537,20
1538,5
1538,9
1538,13
1539,5
1539,15
1539,8
1540,3
1540,25
1540,27
1541,9
1541,25
1541,7
1542,9
1543,9
1543,20
1544,9
1545,17
1545,25
1545,14
1546,9
1546,17
1546,6
1546,20
1546,7
1547,3
1547,6
1547,10
1548,9
1548,6
1548,7
1549,9
1550,9
1550,20
1551,9
1551,20
1552,17
1552,25
1552,11
1552,6
1552,10
1553,3
1553,6
1553,15
1553,4
1554,1
1554,3
1554,21
1554,11
1555,8
1556,8
1557,8
1558,8
1559,9
1559,20
1559,15
1560,9
1561,1
1561,3
1561,9
1561,13
1561,26
1562,9
1562,7
1563,3
1563,9
1563,11
1564,9
1565,5
1565,9
1565,20
1566,9
1566,6
1566,20
1567,8
1568,5
1568,8
1569,6
1569,20
1570,6
1571,9
1571,25
1572,1
1572,3
1572,11
1573,9
1573,6
1574,9
1575,9
1575,20
1576,9
1576,6
1577,26
1577,8
1578,6
1579,9
1580,5
1580,9
1580,20
1580,7
1581,6
1581,10
1582,9
1582,20
1582,26
1583,1
1583,21
1583,17
1583,25
1584,3
1584,11
1584,20
1584,10
1585,9
1585,20
1585,15
1586,3
1586,9
1586,10
1587,9
1587,20
1588,9
1588,20
1589,9
1589,11
1589,6
1589,20
1590,5
1590,8
1591,7
1591,8
1592,6
1592,20
1593,6
1594,6
1594,20
1595,8
1596,11
1596,6
1596,4
1596,10
1596,16
1597,9
1597,13
1598,3
1598,9
1598,6
1598,4
1599,15
1599,8
1600,1
1600,25
1600,7
1601,8
1602,9
1602,6
1603,21
1603,17
1603,25
1604,3
1604,9
1604,23
1604,8
1605,6
1605,20
1606,8
1607,9
1607,6
1607,20
1608,9
1608,25
1608,7
1609,25
1609,6
1609,7
1610,6
1610,7
1611,9
1611,23
1611,6
1611,15
1611,10
1612,9
1613,6
1613,20
1614,6
1615,1
1615,3
1615,6
1615,7
1615,10
1616,8
1617,9
1617,13
1617,23
1617,10
1618,9
1618,26
1619,9
1619,13
1619,20
1620,21
1620,14
1620,6
1621,9
1622,6
1622,20
1623,9
1623,7
1624,5
1624,8
1625,9
1625,25
1625,14
1625,6
1625,20
1626,21
1626,9
1627,1
1627,9
1627,25
1627,7
1628,9
1628,6
1629,9
1629,20
1629,16
1630,8
1631,5
1631,9
1631,23
1631,20
1632,9
1632,6
1633,4
1633,10
1634,6
1634,20
1634,15
1634,10
1635,3
1635,6
1636,9
1636,6
1637,9
1638,21
1638,9
1638,20
1639,6
1639,20
1640,9
1640,13
1641,9
1641,6
1642,25
1642,6
1643,8
1644,9
1644,20
1645,9
1645,6
1645,20
1646,9
1646,16
1647,8
1648,9
1648,17
1648,25
1648,7
1649,8
1650,9
1651,1
1651,3
1651,9
1652,9
1652,6
1653,1
1653,11
1653,8
1653,22
1654,1
1654,6
1654,7
1655,9
1655,17
1656,1
1656,3
1656,17
1656,6
1656,20
1656,7
1656,10
1657,9
1658,6
1658,19
1659,9
1660,8
1661,8
1661,22
1662,17
1662,25
1662,14
1663,1
1663,9
1663,17
1663,25
1663,7
1664,9
1664,6
1665,8
1666,9
1667,9
1667,6
1667,26
1668,9
1668,25
1668,14
1669,9
1669,20
1670,9
1670,25
1670,6
1670,7
1671,17
1671,25
1672,9
1673,9
1673,17
1673,25
1674,9
1674,6
1674,20
1675,5
1675,15
1675,8
1676,1
1676,3
1676,5
1676,13
1676,7
1676,27
1677,1
1677,9
1677,25
1677,7
1678,9
1679,1
1679,3
1679,17
1679,11
1679,6
1679,10
1680,25
1680,6
1680,7
1681,9
1681,6
1681,26
1682,9
1683,1
1683,3
1683,21
1683,11
1683,14
1684,27
1684,15
1684,4
1684,10
1685,9
1686,9
1687,9
1688,21
1688,9
1688,11
1688,4
1689,6
1689,20
1690,9
1690,7
1691,1
1691,5
1691,9
1691,25
1691,6
1692,6
1693,8
1694,11
1694,6
1694,20
1694,10
1695,9
1695,17
1695,25
1696,6
1697,9
1697,13
1697,26
1697,27
1698,9
1698,6
1698,20
1699,9
1700,25
1700,6
1700,7
1701,9
1701,14
1702,9
1702,20
1703,6
1703,7
1704,9
1705,1
1705,25
1705,7
1706,9
1707,1
1707,9
1707,25
1707,7
1708,9
1708,25
1708,7
1709,8
1710,8
1710,22
1711,11
1711,6
1711,20
1712,25
1712,14
1712,7
1713,8
1714,8
1715,1
1715,9
1715,25
1715,7
1716,9
1717,9
1717,14
1717,20
1718,8
1719,9
1719,20
1720,5
1720,9
1720,23
1720,20
1721,9
1721,6
1721,20
1721,7
1722,6
1723,9
1723,25
1723,14
1724,6
1724,20
1725,9
1725,6
1726,8
1727,9
1728,9
1728,13
1729,9
1729,11
1729,6
1729,20
1729,15
1729,16
1730,5
1730,8
1731,9
1731,6
1731,20
1732,6
1733,9
1733,20
1734,6
1735,9
1735,6
1735,8
1736,9
1737,9
1738,1
1738,3
1738,9
1738,17
1738,25
1738,11
1739,9
1739,17
1739,11
1739,6
1740,9
1740,20
1740,15
1741,6
1741,20
1742,9
1742,7
1743,9
1743,6
1743,15
1744,9
1744,20
1745,9
1745,20
1745,26
1746,1
1746,20
1747,13
1747,8
1748,13
1748,26
1748,8
1749,3
1749,11
1749,6
1749,4
1749,10
1750,8
1751,9
1751,6
1751,20
1752,9
1752,6
1753,9
1753,20
1754,9
1755,6
1756,9
1756,6
1756,20
1757,8
1758,5
1758,9
1759,5
1759,8
1760,9
1760,6
1761,6
1761,15
1762,1
1762,3
1762,21
1762,25
1763,9
1763,20
1764,8
1765,9
1766,8
1767,8
1768,9
1769,3
1769,17
1769,11
1769,10
1770,5
1770,9
1770,15
1770,8
1771,13
1771,8
1772,9
1772,10
1772,8
1773,5
1773,8
1774,13
1774,15
1774,8
1775,6
1775,10
1776,9
1776,8
1777,6
1778,1
1778,3
1778,21
1778,25
1779,25
1779,11
1779,6
1780,6
1780,8
1781,1
1781,3
1781,6
1781,20
1781,27
1781,10
1782,23
1782,6
1783,9
1783,20
1784,9
1785,9
1785,6
1786,9
1786,17
1786,25
1786,7
1787,8
1788,6
1789,11
1789,6
1789,20
1790,8
1791,9
1791,6
1791,20
1792,9
1792,6
1792,8
1793,9
1794,13
1794,26
1794,8
1795,6
1796,6
1796,7
1797,1
1797,3
1797,21
1797,11
1797,4
1797,10
1798,9
1799,9
1799,20
1800,9
1801,3
1801,9
1801,10
1802,1
1802,21
1802,25
1802,11
1803,8
1804,9
1804,20
1805,9
1805,6
1806,5
1806,9
1806,20
1806,15
1806,16
1807,9
1807,25
1808,1
1808,3
1808,9
1808,13
1808,26
1809,6
1809,20
1810,15
1810,8
1811,13
1811,23
1811,8
1812,6
1813,9
1814,8
1815,17
1815,6
1816,9
1816,17
1816,6
1817,6
1817,20
1817,10
1818,6
1819,15
1819,8
1820,1
1820,21
1820,17
1820,25
1821,9
1821,25
1821,7
1822,9
1822,6
1822,20
1823,9
1823,20
1824,9
1824,20
1825,1
1825,11
1825,7
1826,9
1826,20
1827,8
1828,25
1828,14
1829,6
1829,20
1830,8
1831,1
1831,9
1831,6
1831,7
1831,15
1832,1
1832,3
1832,17
1832,25
1833,9
1833,6
1833,20
1834,13
1834,8
1835,9
1835,6
1836,9
1837,13
1837,15
1837,8
1838,9
1838,17
1838,25
1838,14
1838,7
1839,3
1839,6
1840,9
1840,20
1841,9
1841,20
1842,9
1842,17
1842,25
1843,17
1843,25
1844,1
1844,3
1844,21
1844,11
1844,6
1844,10
1845,1
1845,9
1845,13
1845,26
1846,21
1846,9
1846,25
1846,20
1847,9
1847,25
1847,7
1848,9
1849,9
1849,6
1849,20
1850,9
1850,6
1850,20
1851,9
1851,25
1851,14
1852,8
1853,5
1853,9
1853,7
1854,1
1854,5
1854,9
1854,7
1855,9
1855,20
1856,6
1856,20
1857,25
1857,6
1857,20
1857,10
1858,1
1858,21
1858,25
1858,14
1859,9
1859,20
1860,1
1860,3
1860,25
1860,11
1860,4
1860,10
1861,9
1861,6
1862,9
1862,10
1863,9
1863,6
1863,26
1864,5
1864,15
1864,8
1865,25
1865,14
1866,9
1866,6
1867,9
1867,7
1868,1
1868,9
1868,6
1868,7
1869,9
1869,25
1870,9
1870,26
1871,26
1871,8
1872,3
1872,17
1872,6
1873,8
1874,1
1874,3
1874,25
1874,14
1875,26
1876,8
1877,1
1877,3
1877,13
1878,6
1879,6
1879,10
1880,21
1880,25
1880,14
1880,7
1881,9
1882,9
1882,20
1883,1
1883,25
1883,7
1884,8
1885,9
1885,6
1885,20
1886,1
1886,9
1886,26
1887,6
1888,9
1889,1
1889,3
1889,9
1890,9
1890,17
1890,25
1890,20
1891,8
1892,1
1892,9
1892,25
1892,7
1893,9
1893,25
1893,6
1893,7
1894,9
1895,8
1896,9
1896,20
1897,1
1897,21
1897,25
1898,9
1898,6
1899,9
1899,25
1900,9
1900,6
1901,1
1901,21
1901,9
1901,25
1901,11
1901,4
1902,9
1902,6
1903,9
1903,20
1903,26
1904,3
1904,14
1904,6
1905,6
1906,9
1906,23
1906,6
1906,20
1907,6
1907,7
1908,9
1909,9
1909,17
1909,25
1909,6
1910,1
1910,3
1910,21
1910,17
1910,25
1911,9
1911,23
1911,6
1911,20
1912,9
1912,20
1913,8
1914,6
1915,9
1915,2
1916,9
1916,20
1917,8
1918,9
1918,6
1918,20
1919,9
1919,6
1920,9
1920,6
1920,20
1921,17
1921,25
1921,7
1922,9
1922,6
1923,13
1923,15
1923,8
1924,9
1925,9
1925,25
1926,14
1926,6
1927,21
1927,17
1927,25
1927,14
1928,6
1929,3
1929,5
1929,9
1930,8
1931,15
1931,8
1932,5
1932,13
1932,8
1933,9
1933,6
1934,1
1934,9
1934,25
1935,6
1935,4
1935,10
1936,5
1936,9
1937,8
1938,9
1939,8
1940,1
1940,25
1940,6
1940,7
1941,8
1942,9
1943,1
1943,9
1943,23
1944,8
1945,21
1945,9
1945,25
1946,20
1946,15
1946,10
1947,9
1948,9
1949,25
1949,14
1949,7
1950,9
1950,6
1951,6
1951,16
1952,9
1952,7
1953,9
1954,9
1954,6
1954,20
1955,9
1955,6
1956,6
1956,20
1957,8
1958,9
1959,9
1959,11
1959,6
1959,20
1960,25
1960,14
1961,1
1961,3
1961,9
1961,26
1962,9
1962,6
1962,20
1963,1
1963,3
1963,6
1964,21
1964,25
1965,9
1965,6
1965,20
1966,26
1966,8
1967,9
1967,6
1967,20
1968,9
1968,6
1969,26
1969,8
1970,15
1970,8
1971,9
1972,9
1972,6
1972,20
1973,6
1974,6
1974,20
1975,17
1975,25
1975,14
1976,17
1976,25
1977,9
1977,25
1977,14
1977,7
1978,9
1978,25
1979,8
1980,9
1980,6
1980,7
1980,27
1981,9
1981,6
1982,9
1982,17
1982,25
1982,20
1983,9
1983,25
1984,8
1985,21
1985,9
1985,25
1985,20
1986,17
1986,25
1986,14
1986,7
1987,5
1987,9
1987,15
1988,17
1988,25
1988,14
1988,7
1989,26
1989,8
1990,6
1991,9
1991,6
1992,9
1993,9
1993,6
1994,9
1995,8
1997,1
1997,3
1997,4
1997,10
1998,25
1998,11
1998,14
1998,6
1999,8
2000,3
2000,11
2000,4
2000,10
2001,1
2001,9
2001,6
2001,7
2002,6
2002,20
2003,9
2004,5
2004,9
2004,10
2005,5
2005,9
2006,9
2007,9
2008,25
2008,14
2008,6
2009,1
2009,9
2009,26
2010,9
2010,25
2011,9
2011,17
2011,25
2011,11
2011,20
2011,7
2012,6
2013,1
2013,3
2013,25
2014,3
2014,6
2014,4
2014,10
2015,6
2016,1
2016,3
2016,5
2016,9
2016,13
2016,20
2016,26
2017,6
2017,10
2018,9
2018,13
2019,26
2019,8
2020,9
2020,17
2020,20
2020,26
2021,9
2021,20
2022,9
2022,6
2022,20
2023,5
2023,13
2023,7
2023,26
2023,8
2024,9
2024,13
2024,26
2025,6
2026,6
2026,20
2027,9
2027,20
2028,9
2029,8
2030,1
2030,3
2030,9
2030,11
2030,20
2031,9
2032,8
2033,9
2033,26
2034,9
2035,9
2035,6
2036,8
2036,18
2037,1
2037,3
2037,25
2037,11
2038,8
2039,9
2039,17
2039,25
2039,14
2040,9
2040,13
2040,6
2040,26
2041,9
2041,20
2042,25
2042,7
2043,3
2043,9
2043,6
2044,9
2044,23
2045,5
2045,9
2045,15
2045,16
2046,1
2046,3
2046,9
2046,25
2047,9
2048,3
2048,11
2048,6
2048,10
2049,9
2049,6
2049,20
2050,5
2050,9
2051,5
2051,9
2052,9
2052,13
2052,25
2052,26
2053,5
2053,8
2054,6
2054,20
2055,9
2056,9
2056,25
2056,20
2056,16
2057,9
2057,11
2057,20
2057,10
2057,16
2058,9
2059,17
2059,25
2059,14
2060,11
2060,6
2060,20
2060,10
2061,9
2062,9
2062,6
2062,20
2063,5
2063,9
2063,13
2063,25
2063,7
2064,9
2065,1
2065,21
2065,11
2065,4
2066,21
2066,9
2066,17
2066,25
2066,14
2067,1
2067,21
2067,4
2068,9
2068,23
2069,1
2069,3
2069,11
2070,3
2070,9
2070,23
2070,6
2070,10
2071,8
2072,9
2072,15
2073,1
2073,9
2073,25
2073,7
2074,5
2074,9
2075,8
2076,5
2076,8
2077,3
2077,9
2077,6
2077,20
2077,10
2078,1
2078,9
2079,9
2079,20
2080,5
2080,9
2080,17
2081,9
2082,13
2082,23
2082,8
2083,8
2084,8
2085,1
2085,11
2085,14
2086,25
2086,20
2087,25
2088,9
2088,17
2088,25
2088,14
2089,6
2090,8
2091,3
2091,9
2092,9
2092,6
2093,9
2094,9
2095,9
2095,17
2095,25
2095,14
2096,9
2097,9
2098,9
2099,9
2099,6
2100,8
2101,5
2101,9
2101,23
2102,5
2102,15
2102,8
2103,6
2103,20
2104,8
2105,9
2105,6
2105,20
2105,16
2106,6
2106,20
2107,13
2107,8
2108,9
2109,1
2109,3
2109,25
2109,7
2110,17
2110,11
2110,4
2110,10
2111,8
2112,9
2112,6
2113,8
2114,9
2114,6
2114,10
2115,9
2115,6
2115,20
2116,25
2116,11
2116,14
2117,5
2117,9
2117,13
2117,26
2118,9
2119,5
2119,15
2119,8
2120,9
2120,6
2120,15
2121,3
2121,11
2121,6
2121,10
2122,4
2123,9
2123,26
2124,9
2125,25
2125,11
2125,14
2125,6
2126,9
2126,6
2126,20
2127,1
2127,6
2128,9
2128,25
2129,9
2129,6
2130,9
2130,20
2131,6
2131,7
2132,9
2132,20
2133,9
2134,26
2134,8
2135,9
2135,6
2136,21
2136,17
2136,25
2136,11
2136,14
2137,1
2137,9
2137,25
2137,6
2137,10
2138,9
2138,17
2138,25
2139,9
2139,6
2140,8
2141,9
2141,20
2142,9
2142,25
2142,20
2143,1
2143,9
2143,25
2143,7
2144,9
2145,6
2146,9
2146,6
2146,7
2146,10
2147,1
2147,9
2147,14
2147,6
2147,7
2148,9
2149,3
2149,21
2149,6
2149,20
2149,4
2149,10
2150,6
2150,20
2150,15
2151,9
2151,6
2151,20
2152,9
2152,7
2153,9
2154,9
2154,23
2154,6
2154,10
2155,9
2155,6
2156,9
2157,1
2157,3
2157,21
2157,25
2157,4
2157,10
2158,9
2159,9
2159,17
2159,25
2159,14
2160,8
2161,8
2162,1
2162,6
2162,7
2163,1
2163,6
2163,20
2164,6
2164,20
2165,8
2166,9
2166,6
2167,1
2167,9
2167,17
2167,25
2168,9
2169,6
2170,8
2171,9
2171,25
2171,20
2171,7
2172,1
2172,3
2172,8
2173,6
2174,9
2174,6
2174,20
2174,15
2175,1
2175,25
2175,7
2176,15
2176,8
2177,9
2177,20
2178,8
2179,9
2179,6
2179,15
2180,9
2180,14
2181,6
2182,9
2183,9
2183,23
2183,6
2183,20
2184,1
2184,11
2184,6
2184,7
2185,3
2185,26
2185,27
2186,1
2186,3
2186,6
2187,9
2188,8
2189,9
2190,3
2190,9
2190,6
2191,1
2191,9
2191,7
2191,16
2192,9
2192,6
2193,9
2193,6
2193,15
2194,9
2194,13
2194,26
2195,9
2195,17
2195,25
2195,14
2196,1
2196,21
2196,6
2197,8
2198,9
2198,6
2199,25
2199,14
2199,6
2199,16
2200,21
2200,9
2200,25
2200,11
2200,6
2201,9
2201,6
2201,20
2202,8
2203,8
2204,6
2204,7
2205,9
2205,23
2206,17
2206,14
2207,9
2207,13
2207,23
2208,9
2208,17
2208,25
2209,9
2209,6
2209,20
2209,7
2210,8
2211,9
2211,20
2211,7
2212,8
2213,6
2213,16
2214,9
2214,6
2215,9
2215,17
2215,20
2215,15
2216,8
2217,3
2217,21
2217,6
2218,9
2219,1
2219,9
2219,13
2219,25
2220,1
2220,3
2220,25
2220,7
2221,9
2221,25
2221,20
2221,7
2222,8
2223,6
2224,9
2224,26
2225,9
2225,7
2226,9
2226,23
2227,25
2227,14
2228,6
2229,1
2229,3
2229,13
2230,9
2230,17
2231,9
2231,6
2231,20
2232,6
2232,8
2233,23
2233,6
2233,10
2234,9
2234,6
2235,9
2235,25
2235,7
2236,15
2236,10
2236,8
2237,9
2237,17
2237,25
2238,5
2238,9
2239,6
2239,20
2240,9
2241,5
2241,8
2242,1
2242,9
2242,25
2242,20
2242,7
2242,15
2243,8
2244,8
2245,1
2245,21
2245,11
2246,25
2246,6
2246,7
2247,25
2247,14
2248,6
2249,6
2249,20
2250,8
2251,9
2251,20
2252,23
2252,8
2253,1
2253,9
2254,8
2255,3
2255,6
2255,4
2255,10
2256,9
2256,6
2256,20
2257,15
2257,8
2258,9
2258,23
2258,6
2259,9
2259,26
2260,9
2261,3
2261,6
2261,20
2262,3
2262,8
2263,6
2263,20
2264,9
2264,6
2265,5
2265,9
2265,23
2266,8
2267,5
2267,9
2267,23
2268,9
2269,15
2269,8
2270,9
2270,20
2271,9
2272,9
2272,7
2273,9
2273,25
2273,14
2273,20
2273,7
2274,3
2274,11
2274,20
2274,4
2275,1
2275,25
2275,6
2275,20
2276,9
2276,6
2276,20
2277,1
2277,3
2277,11
2277,10
2278,9
2278,20
2279,9
2279,6
2279,20
2279,10
2280,3
2280,9
2280,10
2281,9
2282,1
2282,9
2282,25
2282,7
2283,9
2283,25
2283,26
2284,8
2285,9
2285,25
2286,9
2287,9
2287,6
2288,9
2288,6
2289,9
2289,25
2289,20
2290,9
2291,9
2291,25
2291,7
2292,9
2292,26
2293,6
2293,20
2293,10
2294,9
2294,6
2295,3
2295,23
2295,11
2295,6
2295,20
2295,10
2296,8
2297,11
2297,6
2297,20
2298,9
2299,21
2299,25
2299,14
2300,9
2300,20
2300,7
2301,10
2301,8
2302,9
2302,17
2302,25
2302,7
2303,15
2303,8
2304,5
2304,8
2305,9
2305,20
2306,8
2307,9
2307,25
2307,20
2308,9
2308,11
2308,20
2309,1
2309,3
2309,21
2309,9
2309,25
2310,23
2310,6
2310,10
2311,1
2311,9
2311,25
2311,20
2311,7
2311,15
2312,9
2313,8
2314,1
2314,21
2314,14
2314,6
2315,8
2316,9
2316,25
2316,7
2317,9
2317,25
2317,14
2318,8
2319,1
2319,3
2319,21
2319,11
2320,23
2320,8
2321,9
2321,15
2322,9
2322,6
2322,20
2323,9
2324,9
2325,8
2326,3
2326,11
2326,6
2326,10
2327,9
2328,9
2328,25
2328,6
2328,15
2329,9
2329,6
2329,20
2330,3
2330,9
2331,6
2331,20
2332,9
2332,20
2332,15
2333,23
2333,6
2333,10
2334,9
2334,7
2334,15
2335,5
2335,9
2335,15
2336,8
2337,9
2337,17
2337,25
2338,25
2338,14
2338,7
2339,9
2339,20
2339,7
2340,1
2340,21
2340,25
2341,26
2341,8
2342,9
2342,6
2342,20
2343,5
2343,9
2343,6
2343,20
2344,6
2344,20
2345,9
2345,6
2345,20
2346,3
2346,21
2346,6
2346,10
2347,1
2347,3
2347,21
2347,25
2348,6
2348,8
2349,9
2350,8
2351,9
2351,6
2352,21
2352,9
2352,11
2352,20
2353,9
2353,17
2353,6
2354,3
2354,9
2354,10
2355,8
2356,9
2356,23
2356,6
2357,1
2357,9
2357,25
2357,7
2358,9
2358,6
2359,1
2359,3
2359,6
2360,8
2361,25
2361,20
2362,9
2362,14
2362,7
2363,9
2363,15
2364,6
2365,1
2365,9
2365,17
2365,25
2365,7
2366,5
2366,8
2367,9
2367,6
2368,25
2368,14
2369,5
2369,13
2369,26
2369,8
2370,1
2370,9
2370,26
2371,9
2371,17
2371,25
2371,14
2372,9
2373,8
2374,1
2374,9
2374,23
2374,20
2375,5
2375,8
2376,25
2376,6
2376,7
2377,25
2378,9
2378,25
2378,7
2379,6
2379,20
2380,8
2381,3
2381,6
2381,26
2381,4
2381,10
2382,17
2382,25
2382,14
2383,9
2383,6
2383,20
2384,3
2384,25
2384,11
2384,6
2385,1
2385,3
2385,14
2386,1
2386,9
2386,25
2386,7
2387,6
2387,20
2387,15
2388,8
2389,13
2389,15
2389,8
2390,9
2390,20
2391,9
2391,25
2391,20
2392,5
2392,8
2393,9
2394,1
2394,3
2394,21
2394,25
2395,6
2395,26
2396,1
2396,25
2396,7
2397,1
2397,9
2397,25
2397,6
2397,7
2398,8
2399,9
2400,9
2401,6
2401,20
2401,16
2402,9
2402,7
2403,6
2404,9
2404,17
2404,25
2405,15
2405,8
2406,8
2407,9
2408,9
2408,25
2408,14
2408,7
2409,1
2409,6
2409,7
2410,9
2411,9
2412,8
2413,9
2413,13
2413,20
2414,11
2414,20
2414,15
2414,4
2415,9
2415,17
2415,25
2415,14
2416,9
2416,6
2417,8
2418,9
2418,20
2419,9
2420,25
2420,14
2421,11
2421,6
2421,20
2422,9
2422,25
2422,7
2423,8
2424,9
2425,9
2425,25
2425,20
2426,9
2426,6
2427,6
2428,9
2428,6
2429,25
2429,14
2430,9
2430,25
2430,7
2431,9
2431,6
2432,9
2432,6
2432,20
2432,7
2433,6
2433,20
2434,6
2435,9
2435,17
2435,25
2436,4
2436,8
2436,22
2437,26
2437,8
2438,9
2438,10
2439,9
2439,6
2439,20
2439,15
2440,9
2441,9
2442,5
2442,9
2442,7
2443,9
2443,20
2444,1
2444,3
2444,25
2444,7
2445,6
2445,20
2445,10
2446,3
2446,9
2446,11
2446,10
2447,6
2448,27
2449,1
2449,3
2449,21
2449,25
2450,9
2450,13
2450,23
2451,5
2451,9
2452,9
2453,9
2454,9
2454,14
2454,20
2455,9
2455,6
2456,3
2456,6
2456,4
2456,10
2457,9
2457,23
2457,26
2458,9
2458,20
2459,9
2459,13
2460,9
2460,6
2460,20
2461,6
2462,8
2463,9
2463,15
2464,9
2464,23
2464,25
2465,6
2466,5
2466,13
2466,8
2467,9
2468,1
2468,9
2468,25
2468,7
2469,9
2469,6
2469,20
2470,9
2470,26
2471,9
2472,9
2473,9
2474,9
2474,23
2474,6
2474,20
2475,1
2475,17
2475,25
2475,14
2476,9
2476,13
2476,6
2476,7
2477,9
2477,17
2477,25
2478,8
2479,9
2480,8
2481,1
2481,3
2481,21
2481,25
2481,14
2482,9
2482,23
2482,10
2483,8
2484,9
2484,17
2485,9
2485,6
2486,17
2486,25
2486,6
2486,7
2487,8
2488,8
2489,9
2489,20
2490,9
2490,17
2490,25
2491,14
2492,13
2492,8
2493,9
2494,13
2494,15
2494,8
2495,15
2495,8
2496,9
2496,7
2497,9
2497,6
2497,20
2498,17
2498,25
2498,14
2499,1
2499,3
2499,27
2500,9
2500,6
2501,14
2502,8
2503,5
2503,15
2503,8
2504,9
2504,6
2505,3
2505,21
2505,6
2505,4
2505,10
2506,6
2506,20
2506,10
2507,8
2508,9
2508,17
2509,5
2509,9
2509,26
2510,9
2510,20
2511,8
2512,5
2512,9
2512,7
2512,15
2513,8
2514,9
2515,9
2515,6
2516,9
2516,25
2517,9
2517,6
2518,6
2519,9
2520,9
2520,20
2521,6
2521,15
2522,1
2522,3
2522,21
2522,11
2522,6
2522,10
2523,9
2523,6
2524,9
2525,9
2525,6
2526,8
2527,8
2528,3
2528,17
2528,11
2528,10
2529,9
2530,9
2530,26
2531,9
2531,25
2531,20
2531,7
2532,5
2532,9
2532,20
2532,15
2533,5
2533,20
2533,8
2534,6
2534,20
2534,7
2534,15
2535,6
2535,20
2536,9
2536,20
2536,16
2537,9
2537,25
2538,9
2538,25
2538,6
2538,7
2539,9
2540,6
2540,20
2540,10
2541,9
2542,9
2542,6
2543,8
2544,5
2544,15
2544,8
2545,23
2545,8
2546,9
2547,6
2548,3
2548,9
2548,6
2549,1
2549,3
2549,21
2549,25
2550,5
2550,9
2550,23
2551,9
2551,20
2551,27
2552,8
2553,9
2553,17
2553,11
2553,14
2554,9
2554,20
2555,25
2556,9
2556,6
2556,7
2556,26
2556,15
2557,3
2557,11
2557,10
2558,9
2559,3
2559,9
2559,20
2560,8
2561,9
2562,17
2562,7
2562,4
2562,10
2563,9
2563,6
2563,20
2564,6
2564,16
2565,3
2565,9
2565,17
2565,7
2565,27
2566,3
2566,6
2566,10
2567,6
2567,7
2568,9
2568,13
2568,20
2568,26
2569,9
2569,17
2569,25
2570,9
2570,13
2570,25
2571,9
2572,9
2572,25
2572,6
2572,7
2573,23
2573,6
2574,3
2574,9
2574,6
2574,20
2575,6
2575,20
2576,3
2576,5
2576,9
2576,13
2576,20
2577,25
2577,14
2578,8
2579,9
2579,23
2579,25
2579,20
2579,7
2580,1
2580,9
2580,11
2581,1
2581,3
2581,11
2581,14
2581,6
2582,9
2583,6
2584,17
2584,25
2584,14
2585,9
2586,9
2587,8
2588,6
2588,20
2589,6
2590,8
2591,9
2591,23
2592,5
2592,8
2593,3
2593,9
2593,6
2594,8
2595,1
2595,3
2595,9
2595,20
2596,9
2596,6
2596,20
2597,8
2598,8
2599,8
2600,3
2600,9
2601,6
2602,8
2603,6
2604,6
2605,8
2606,1
2606,21
2606,25
2606,11
2607,13
2607,26
2607,8
2608,9
2608,23
2608,20
2609,1
2609,25
2609,6
2610,9
2610,17
2610,7
2611,1
2611,9
2611,7
2612,9
2612,6
2612,20
2613,9
2614,9
2615,11
2615,6
2615,10
2616,8
2616,22
2617,6
2618,8
2619,8
2620,9
2620,20
2621,25
2621,11
2621,14
2622,9
2623,6
2624,9
2624,8
2625,25
2625,14
2626,9
2626,6
2626,20
2627,9
2628,3
2628,6
2628,4
2628,10
2629,17
2629,25
2629,14
2630,25
2630,7
2631,9
2631,20
2632,15
2632,8
2633,9
2633,17
2633,25
2634,3
2634,17
2634,6
2634,7
2635,5
2635,23
2635,8
2636,9
2636,6
2637,9
2637,20
2638,6
2638,20
2639,3
2639,9
2639,20
2639,10
2640,9
2640,17
2640,25
2640,7
2641,1
2641,11
2642,5
2642,9
2642,13
2642,7
2642,26
2643,9
2644,9
2644,6
2645,8
2646,9
2646,6
2646,20
2646,15
2647,9
2647,25
2647,7
2648,3
2648,6
2648,4
2648,10
2649,8
2650,9
2650,25
2650,20
2650,7
2651,9
2651,6
2651,20
2652,1
2652,9
2652,25
2652,7
2653,8
2654,9
2654,7
2655,5
2655,8
2656,8
2657,8
2658,9
2658,25
2659,1
2659,9
2659,25
2659,7
2660,11
2660,6
2660,20
2660,10
2661,6
2661,15
2661,8
2662,8
2662,22
2663,9
2663,20
2663,26
2663,15
2664,1
2664,21
2665,9
2666,1
2666,9
2666,26
2667,9
2667,20
2668,6
2669,9
2669,23
2670,6
2670,20
2671,9
2671,23
2671,6
2672,8
2673,9
2674,25
2674,14
2675,11
2675,6
2675,10
2676,9
2677,9
2677,17
2677,25
2677,7
2678,9
2679,9
2679,15
2680,9
2681,9
2681,6
2681,7
2682,9
2683,6
2683,20
2684,9
2684,20
2685,9
2685,6
2686,8
2687,1
2687,21
2687,25
2688,9
2689,9
2689,25
2689,7
2690,9
2690,20
2690,7
2691,6
2691,20
2692,9
2692,6
2693,8
2694,25
2694,14
2695,5
2695,9
2695,15
2696,8
2697,5
2697,8
2698,11
2699,8
2700,9
2700,6
2700,20
2700,7
2700,15
2701,6
2701,20
2702,15
2702,8
2703,17
2703,25
2703,7
2704,9
2704,17
2704,7
2705,3
2705,6
2705,4
2705,10
2706,9
2706,7
2707,9
2708,9
2708,6
2708,20
2708,16
2709,21
2709,14
2709,6
2710,5
2710,15
2710,8
2711,8
2712,5
2712,6
2713,9
2714,9
2715,6
2715,8
2716,9
2716,6
2717,9
2717,20
2718,25
2718,7
2719,9
2720,6
2721,26
2721,8
2722,9
2722,15
2723,23
2723,6
2723,10
2724,8
2725,6
2726,8
2727,6
2728,9
2728,25
2729,15
2729,8
2730,9
2730,6
2730,15
2731,9
2732,9
2732,17
2732,20
2733,15
2733,8
2734,1
2734,9
2735,9
2736,6
2737,5
2737,9
2738,9
2739,3
2739,6
2739,4
2739,10
2740,6
2740,15
2741,9
2741,6
2742,9
2742,17
2742,25
2742,11
2742,14
2743,9
2743,20
2744,9
2744,6
2744,20
2745,8
2746,3
2747,1
2747,25
2747,7
2748,9
2749,9
2749,20
2750,9
2750,10
2751,9
2751,23
2751,6
2751,20
2752,9
2752,25
2752,7
2753,9
2753,7
2754,3
2754,6
2754,10
2755,9
2756,9
2756,23
2756,6
2757,9
2758,9
2759,9
2759,13
2759,7
2760,9
2760,20
2761,17
2761,25
2761,14
2762,9
2762,6
2763,9
2763,25
2763,20
2764,3
2764,6
2764,10
2765,1
2765,3
2765,25
2766,9
2766,6
2767,9
2767,7
2767,27
2768,9
2768,6
2768,20
2769,9
2769,25
2769,7
2770,8
2771,9
2771,23
2772,11
2772,6
2772,20
2773,6
2774,1
2774,3
2774,25
2775,9
2775,10
2776,5
2776,8
2777,9
2778,9
2778,17
2778,25
2779,9
2780,3
2780,6
2780,4
2780,10
2781,1
2781,17
2781,25
2781,14
2781,7
2782,17
2782,25
2783,9
2784,9
2785,8
2786,9
2786,17
2786,25
2787,8
2788,25
2789,1
2789,21
2789,25
2790,9
2791,1
2791,21
2791,25
2791,7
2792,8
2793,9
2793,23
2793,20
2794,9
2794,6
2794,20
2795,8
2796,9
2796,6
2796,20
2797,26
2797,8
2798,1
2798,9
2798,25
2799,25
2799,14
2800,9
2801,9
2801,6
2801,15
2801,16
2802,9
2802,6
2803,9
2803,7
2804,23
2804,6
2804,4
2804,10
2805,15
2805,8
2806,23
2806,8
2807,8
2808,6
2808,10
2809,9
2810,9
2810,20
2811,9
2812,23
2812,6
2812,10
2813,6
2813,20
2814,1
2814,9
2814,25
2814,7
2815,9
2815,11
2815,20
2816,6
2816,20
2817,8
2818,5
2818,15
2818,8
2819,9
2819,11
2819,6
2820,9
2820,6
2821,9
2821,6
2822,9
2822,20
2823,9
2823,8
2824,9
2825,1
2825,9
2825,25
2825,7
2826,9
2826,6
2827,9
2828,6
2829,1
2829,3
2829,21
2830,9
2830,6
2831,8
2832,26
2832,8
2833,9
2833,20
2834,21
2834,9
2834,17
2834,25
2834,7
2834,4
2835,1
2835,3
2835,9
2835,11
2836,9
2837,15
2837,8
2838,23
2838,8
2839,1
2839,3
2839,11
2840,9
2840,20
2841,9
2841,25
2842,9
2842,20
2843,6
2843,7
2844,9
2844,6
2844,7
2845,9
2845,6
2845,20
2845,15
2846,9
2846,6
2846,20
2847,9
2848,6
2848,20
2849,1
2849,3
2849,9
2849,25
2849,11
2850,8
2851,9
2851,6
2852,3
2852,6
2852,20
2852,26
2853,17
2853,25
2853,11
2854,17
2854,11
2854,6
2854,4
2854,10
2855,21
2855,9
2855,25
2855,6
2855,20
2855,7
2856,9
2856,25
2856,7
2857,8
2858,3
2858,9
2858,6
2859,9
2859,25
2859,7
2860,8
2861,6
2862,9
2862,15
2863,8
2864,6
2864,20
2865,1
2865,9
2865,25
2865,7
2866,17
2866,11
2866,6
2866,20
2867,3
2867,11
2867,6
2867,4
2867,10
2868,6
2868,4
2868,10
2869,6
2869,20
2870,9
2871,8
2872,9
2873,1
2873,23
2873,6
2874,9
2874,25
2874,20
2875,1
2875,3
2875,9
2875,25
2875,14
2876,17
2876,25
2877,14
2878,9
2878,13
2879,9
2879,6
2879,20
2880,9
2881,9
2882,9
2883,21
2883,17
2883,25
2883,11
2883,14
2884,9
2884,20
2884,7
2884,15
2885,9
2885,14
2886,1
2886,3
2886,21
2886,10
2887,9
2887,17
2887,25
2887,7
2888,6
2889,9
2889,6
2889,20
2890,8
2891,6
2891,20
2891,10
2892,1
2892,9
2892,25
2892,7
2893,1
2893,9
2893,25
2893,11
2893,14
2893,6
2893,7
2894,1
2894,25
2895,9
2895,17
2895,25
2895,20
2896,9
2896,6
2896,20
2897,8
2898,9
2899,9
2900,6
2901,6
2901,10
2902,9
2902,20
2902,7
2902,16
2903,5
2903,9
2903,23
2904,6
2904,20
2905,6
2907,9
2907,25
2908,8
2909,8
2910,1
2910,9
2910,25
2910,7
2911,1
2911,23
2912,3
2912,21
2912,25
2912,11
2912,6
2913,3
2913,9
2913,6
2913,10
2914,9
2914,6
2915,6
2916,9
2917,17
2917,25
2917,14
2918,8
2919,8
2920,9
2920,15
2921,5
2921,9
2921,13
2921,17
2921,25
2921,7
2922,15
2922,8
2923,26
2923,8
2924,9
2924,7
2925,9
2926,9
2927,9
2927,6
2928,9
2929,1
2929,25
2929,14
2930,1
2930,9
2930,25
2930,7
2931,8
2932,8
2933,9
2933,20
2934,6
2934,20
2935,3
2935,23
2935,6
2935,4
2935,10
2936,9
2936,23
2936,7
2937,9
2937,7
2938,6
2938,7
2939,9
2939,13
2939,17
2939,25
2939,20
2939,7
2940,26
2940,8
2941,9
2941,6
2941,20
2942,5
2942,8
2943,9
2944,6
2944,20
2945,9
2945,25
2946,8
2947,15
2947,8
2948,1
2948,5
2948,9
2948,23
2949,1
2949,25
2949,14
2949,6
2950,1
2950,3
2950,9
2950,13
2950,20
2950,26
2951,6
2951,8
2952,9
2952,8
2953,1
2953,21
2953,25
2953,4
2954,9
2954,6
2955,9
2955,11
2955,6
2955,20
2956,9
2956,17
2956,6
2957,5
2957,9
2957,13
2957,25
2958,9
2958,7
2959,9
2959,20
2960,9
2960,20
2961,3
2961,6
2961,4
2961,10
2962,6
2962,20
2963,1
2963,3
2963,9
2964,15
2964,8
2965,5
2965,9
2966,8
2967,9
2967,6
2967,20
2968,8
2969,5
2969,8
2970,8
2971,9
2971,25
2972,6
2972,20
2973,6
2973,20
2974,9
2974,20
2975,8
2976,17
2976,25
2976,7
2977,25
2977,14
2978,8
2979,1
2979,3
2979,10
2980,7
2980,8
2981,9
2981,6
2982,5
2982,9
2982,7
2983,9
2983,25
2983,6
2983,20
2984,9
2985,9
2986,9
2986,17
2986,25
2986,14
2987,1
2987,9
2987,25
2988,13
2988,26
2988,8
2989,9
2989,25
2989,11
2990,6
2990,20
2991,8
2992,14
2992,6
2992,20
2992,4
2993,9
2993,20
2994,1
2994,9
2994,13
2994,26
2995,3
2995,9
2995,10
2996,13
2996,8
2997,5
2997,9
2997,13
2998,9
2999,9
2999,6
3000,9
3000,6
3000,20
3001,9
3001,17
3001,25
3002,6
3002,16
3003,8
3004,9
3005,5
3005,9
3005,13
3005,25
3006,9
3007,7
3007,8
3008,3
3008,9
3009,9
3009,17
3009,25
3009,7
3010,25
3010,14
3010,7
3011,5
3011,15
3011,8
3012,8
3013,21
3014,8
3015,6
3016,8
3017,9
3017,6
3018,3
3018,6
3018,4
3018,10
3019,1
3019,9
3019,7
3020,3
3020,11
3020,6
3020,10
3021,9
3021,17
3021,25
3021,7
3022,9
3022,17
3022,6
3022,7
3023,9
3023,23
3023,6
3023,10
3024,9
3024,6
3024,20
3025,9
3026,6
3027,9
3027,20
3028,9
3028,13
3028,15
3029,8
3030,5
3030,9
3030,17
3030,20
3031,9
3031,25
3031,7
3032,26
3032,8
3033,9
3033,11
3033,6
3033,20
3034,9
3035,9
3035,17
3035,25
3035,14
3036,20
3037,8
3038,9
3038,13
3038,6
3039,9
3039,20
3040,1
3040,3
3040,25
3041,9
3042,6
3043,3
3043,6
3043,20
3043,15
3043,4
3043,10
3044,6
3044,7
3045,9
3045,25
3045,7
3046,9
3046,11
3046,20
3046,15
3047,9
3047,6
3048,9
3048,15
3049,6
3049,10
3050,1
3050,21
3050,25
3050,20
3051,9
3051,10
3052,3
3052,6
3052,15
3053,21
3053,9
3053,20
3054,6
3054,20
3055,8
3056,9
3056,6
3056,20
3057,9
3058,8
3059,9
3060,9
3060,25
3061,9
3061,10
3062,3
3062,9
3062,17
3062,25
3062,14
3063,9
3063,6
3064,6
3064,20
3065,1
3065,9
3065,26
3066,9
3066,17
3066,25
3067,1
3067,3
3067,9
3068,1
3068,3
3068,9
3068,25
3069,9
3069,6
3070,5
3070,8
3071,9
3072,15
3072,8
3073,6
3073,20
3074,3
3074,6
3074,10
3075,21
3075,14
3076,9
3076,25
3076,20
3077,11
3077,6
3077,10
3078,9
3078,16
3079,1
3079,3
3079,11
3079,10
3080,1
3080,9
3080,26
3081,9
3082,9
3082,17
3082,25
3083,5
3083,9
3084,9
3085,8
3086,9
3086,13
3086,26
3087,8
3088,9
3088,23
3089,9
3089,20
3090,1
3090,9
3090,20
3091,9
3091,6
3091,20
3092,1
3092,3
3092,11
3092,6
3092,10
3093,9
3093,25
3094,9
3094,23
3095,25
3095,14
3096,3
3096,21
3096,9
3096,17
3096,25
3097,9
3098,3
3098,11
3098,10
3099,5
3099,9
3100,5
3100,9
3101,9
3101,17
3101,25
3101,11
3101,26
3102,9
3102,25
3103,9
3103,17
3103,25
3104,9
3104,23
3105,9
3105,6
3105,20
3105,26
3106,17
3106,6
3106,20
3107,1
3107,6
3107,7
3108,9
3109,5
3109,9
3109,7
3110,11
3110,6
3110,4
3110,10
3111,9
3111,17
3111,25
3111,14
3112,17
3112,7
3112,8
3113,9
3113,7
3114,8
3115,25
3115,14
3116,9
3116,20
3116,16
3117,1
3117,6
3117,20
3118,9
3118,25
3118,7
3119,9
3120,1
3120,25
3120,14
3120,7
3121,9
3121,10
3122,9
3123,5
3123,9
3123,13
3124,9
3124,11
3124,14
3124,20
3125,9
3125,6
3125,20
3126,8
3127,3
3127,6
3128,21
3128,6
3129,9
3129,25
3129,26
3129,27
3130,1
3130,9
3130,25
3130,7
3131,5
3131,8
3132,6
3132,20
3133,8
3134,9
3135,8
3136,6
3136,8
3137,8
3138,6
3138,20
3139,9
3139,25
3139,14
3140,9
3141,8
3142,25
3142,7
3143,6
3143,20
3144,9
3145,9
3146,9
3146,20
3147,6
3147,20
3147,15
3148,9
3148,25
3148,7
3149,9
3149,6
3149,20
3150,9
3150,17
3150,25
3150,7
3151,3
3151,9
3151,11
3151,10
3152,9
3153,1
3153,25
3153,11
3154,9
3155,5
3155,9
3155,13
3155,20
3156,15
3156,8
3157,6
3157,20
3158,6
3158,7
3159,9
3159,6
3159,20
3160,17
3160,25
3160,14
3161,3
3161,9
3162,21
3162,9
3162,6
3162,16
3163,8
3164,9
3165,9
3165,15
3166,9
3166,6
3167,8
3168,1
3168,3
3168,6
3169,9
3169,17
3169,25
3169,7
3170,9
3170,11
3171,1
3171,11
3171,26
3172,9
3172,13
3173,8
3174,21
3174,9
3174,25
3174,11
3174,14
3174,6
3175,9
3176,9
3177,9
3177,6
3178,8
3179,25
3179,14
3179,6
3180,17
3180,25
3180,14
3181,9
3181,6
3181,20
3182,9
3182,13
3182,26
3183,9
3183,17
3183,25
3183,11
3184,9
3184,13
3184,26
3185,5
3185,6
3185,15
3185,8
3186,9
3187,9
3187,6
3188,9
3188,25
3189,9
3190,9
3190,23
3190,6
3191,9
3191,23
3191,7
3191,10
3192,9
3193,1
3193,17
3193,25
3193,7
3194,1
3194,3
3194,9
3194,11
3194,6
3194,4
3194,10
3195,3
3195,25
3195,14
3196,3
3196,21
3196,9
3196,11
3196,10
3197,9
3197,25
3197,15
3198,8
3199,6
3200,9
3200,20
3200,16
3201,9
3202,23
3202,6
3202,20
3203,9
3204,3
3204,21
3204,6
3204,4
3204,10
3205,9
3205,20
3206,8
3207,9
3208,9
3208,25
3208,7
3209,9
3209,6
3209,10
3210,9
3210,25
3210,26
3211,1
3211,6
3211,10
3212,25
3212,14
3213,1
3213,25
3214,9
3214,23
3214,6
3215,9
3215,6
3216,9
3216,6
3217,9
3217,6
3218,17
3218,25
3219,8
3220,15
3220,8
3221,1
3221,3
3221,21
3221,11
3221,6
3221,4
3222,3
3222,9
3222,17
3223,6
3224,9
3224,25
3224,20
3224,7
3225,1
3225,3
3225,9
3225,13
3225,25
3225,26
3226,9
3226,17
3226,25
3226,7
3227,9
3227,20
3228,9
3228,17
3228,25
3229,1
3230,9
3230,17
3230,25
3231,9
3231,6
3232,9
3233,8
3234,9
3234,17
3234,25
3234,7
3235,1
3235,17
3235,6
3236,9
3236,6
3236,20
3237,8
3238,9
3239,9
3239,6
3240,17
3240,25
3240,14
3241,9
3241,25
3241,7
3242,8
3243,9
3243,6
3244,1
3244,3
3244,9
3245,9
3245,17
3245,25
3245,7
3246,6
3247,9
3248,1
3248,21
3248,25
3248,11
3248,20
3249,9
3249,20
3250,8
3251,1
3251,25
3251,7
3252,9
3252,17
3252,25
3252,11
3252,20
3252,7
3253,9
3253,6
3253,15
3254,9
3254,25
3254,14
3255,9
3255,6
3255,20
3256,9
3256,20
3257,9
3257,25
3258,6
3259,9
3259,23
3259,20
3260,9
3260,20
3261,1
3261,25
3262,9
3262,6
3262,20
3263,9
3263,11
3264,9
3264,25
3264,7
3265,1
3265,25
3265,14
3266,9
3266,6
3267,1
3267,3
3267,6
3268,9
3269,9
3269,6
3269,20
3270,9
3271,8
3272,6
3272,20
3273,15
3273,8
3274,9
3274,6
3275,9
3275,20
3275,15
3276,9
3276,7
3277,9
3277,7
3278,1
3278,25
3278,6
3279,9
3279,26
3280,9
3280,6
3280,20
3281,15
3281,8
3282,9
3283,9
3284,25
3284,14
3284,6
3285,3
3285,11
3285,6
3285,4
3285,10
3286,9
3286,6
3286,20
3287,9
3287,6
3287,20
3288,6
3289,9
3290,11
3290,6
3290,20
3291,9
3291,25
3291,14
3292,3
3292,9
3292,11
3292,20
3293,21
3293,17
3293,4
3294,1
3294,3
3294,11
3295,9
3296,8
3297,1
3297,25
3297,11
3298,9
3298,23
3299,9
3299,6
3299,20
3300,6
3300,20
3301,9
3301,17
3301,25
3301,7
3302,9
3303,3
3303,9
3303,6
3304,9
3304,6
3304,15
3305,25
3305,14
3306,5
3306,9
3306,15
3307,25
3307,7
3308,23
3308,6
3308,4
3308,10
3309,15
3309,8
3310,9
3310,7
3311,9
3311,14
3312,6
3312,8
3313,1
3313,3
3314,6
3314,20
3315,1
3315,3
3315,21
3315,25
3315,11
3316,9
3316,14
3316,6
3316,20
3317,9
3317,25
3318,3
3318,17
3318,25
3318,6
3318,7
3318,10
3319,9
3320,15
3320,8
3321,8
3322,25
3322,14
3323,5
3323,9
3323,13
3323,25
3323,26
3324,14
3324,6
3325,9
3325,6
3325,20
3326,11
3326,6
3326,10
3327,5
3327,9
3328,9
3328,20
3329,25
3329,6
3329,20
3329,7
3330,1
3330,9
3330,20
3330,26
3330,15
3330,8
3331,9
3332,1
3332,25
3332,7
3333,8
3334,9
3334,20
3335,11
3335,6
3335,4
3335,10
3336,9
3336,13
3336,8
3337,9
3337,15
3338,6
3338,20
3339,1
3339,3
3339,21
3339,25
3339,6
3340,9
3340,6
3341,1
3341,3
3341,5
3341,9
3341,26
3342,9
3342,25
3343,9
3344,3
3344,17
3344,11
3344,10
3345,25
3345,14
3345,7
3346,9
3346,15
3347,6
3348,5
3348,9
3348,13
3348,26
3348,15
3349,1
3349,3
3349,7
3349,4
3350,9
3350,20
3351,9
3352,9
3352,6
3352,20
3353,5
3353,9
3353,26
3354,6
3354,20
3354,16
3355,6
3355,20
3356,3
3356,21
3356,25
3357,10
3357,8
3358,8
3359,17
3359,25
3359,7
3360,13
3360,6
3361,26
3361,8
3362,9
3362,6
3362,20
3363,8
3364,3
3364,6
3364,4
3365,9
3365,7
3366,23
3366,6
3367,5
3367,9
3367,20
3368,6
3368,15
3368,10
3369,5
3369,9
3369,15
3370,6
3371,9
3371,13
3372,9
3373,1
3373,3
3373,17
3373,25
3374,6
3375,1
3375,3
3375,21
3375,6
3375,10
3376,6
3376,10
3377,9
3377,20
3378,9
3378,6
3378,20
3379,8
3380,6
3380,20
3381,9
3381,25
3382,9
3382,6
3383,1
3383,25
3383,6
3383,7
3384,1
3384,25
3384,11
3384,14
3385,3
3385,11
3385,20
3385,10
3386,9
3386,6
3387,6
3388,6
3389,8
3390,8
3391,6
3392,8
3393,21
3393,25
3394,23
3394,8
3395,1
3395,3
3395,11
3395,26
3396,17
3396,25
3396,14
3397,9
3398,9
3398,6
3398,20
3399,13
3399,23
3399,8
3400,9
3400,25
3400,7
3401,6
3401,10
3402,9
3402,23
3403,9
3403,25
3404,9
3404,13
3404,20
3404,27
3405,9
3406,9
3406,6
3406,20
3407,1
3407,25
3407,7
3408,1
3408,23
3408,6
3408,20
3408,7
3409,8
3410,1
3410,9
3410,25
3411,1
3411,25
3411,7
3412,6
3412,20
3413,14
3414,1
3414,3
3414,6
3414,7
3415,5
3415,9
3416,21
3416,9
3416,17
3416,11
3417,6
3417,20
3418,1
3418,9
3418,7
3418,27
3419,9
3420,14
3420,6
3421,8
3422,1
3422,3
3422,5
3422,9
3423,6
3423,20
3423,16
3424,1
3424,3
3424,25
3424,6
3424,7
3425,6
3426,9
3426,20
3427,3
3427,9
3427,25
3427,6
3427,26
3428,3
3428,9
3428,20
3428,16
3429,9
3429,20
3430,1
3430,9
3430,25
3430,11
3430,14
3431,9
3431,17
3431,25
3431,7
3432,6
3433,9
3433,17
3433,25
3433,7
3434,6
3435,9
3435,6
3436,23
3436,6
3437,15
3437,8
3438,9
3438,20
3439,9
3439,25
3439,7
3440,13
3440,8
3441,9
3442,9
3442,6
3442,20
3443,3
3443,5
3443,9
3444,1
3444,21
3444,25
3444,11
3444,14
3445,6
3445,20
3446,5
3446,9
3446,13
3446,7
3446,27
3447,9
3447,20
3448,25
3448,14
3449,9
3449,20
3450,9
3450,25
3450,20
3450,26
3451,9
3451,6
3451,20
3452,23
3452,6
3452,10
3453,1
3453,9
3453,25
3454,8
3455,9
3455,25
3455,7
3456,3
3456,9
3456,6
3457,15
3457,8
3458,8
3459,9
3459,15
3460,6
3461,8
3462,9
3462,17
3462,25
3462,7
3463,17
3463,8
3464,8
3465,9
3465,11
3465,6
3465,20
3466,6
3466,20
3467,3
3467,9
3467,25
3467,11
3468,5
3468,9
3468,15
3469,5
3470,9
3471,5
3471,9
3471,13
3471,20
3472,9
3473,8
3474,9
3474,6
3475,9
3475,17
3475,25
3476,5
3476,13
3476,8
3477,9
3477,23
3478,9
3478,25
3478,7
3479,9
3479,6
3480,9
3481,25
3481,14
3482,9
3482,17
3482,25
3482,7
3483,8
3484,9
3484,7
3485,9
3485,25
3485,26
3486,9
3486,25
3487,23
3487,6
3488,9
3489,9
3489,11
3489,20
3490,9
3490,25
3490,7
3491,9
3491,20
3492,9
3492,6
3492,20
3493,5
3493,8
3494,8
3495,7
3495,8
3496,5
3496,9
3496,6
3496,20
3496,26
3496,15
3497,9
3498,25
3498,14
3498,7
3499,21
3499,9
3499,17
3499,25
3499,11
3499,6
3500,9
3500,7
3501,3
3501,6
3501,4
3501,10
3502,8
3503,6
3504,8
3505,9
3505,10
3506,8
3507,15
3507,8
3508,11
3508,6
3508,10
3509,9
3510,9
3510,26
3511,9
3511,25
3511,7
3511,27
3512,25
3513,20
3513,8
3514,5
3514,6
3515,26
3515,15
3515,8
3516,21
3516,9
3516,25
3516,6
3517,1
3517,3
3517,11
3517,4
3518,9
3518,20
3519,9
3519,6
3520,11
3520,6
3520,10
3521,9
3521,7
3521,26
3522,3
3522,6
3523,6
3523,8
3524,9
3524,20
3524,15
3525,11
3525,6
3525,20
3525,10
3525,16
3526,1
3526,9
3526,25
3526,7
3527,5
3527,9
3527,15
3528,6
3529,21
3529,9
3529,25
3530,9
3530,6
3530,20
3531,13
3531,8
3532,1
3533,9
3533,20
3534,17
3534,25
3534,14
3535,9
3535,6
3536,25
3536,7
3537,9
3538,8
3539,8
3540,5
3540,9
3541,8
3542,9
3542,6
3543,8
3544,9
3544,17
3544,20
3544,26
3545,9
3545,6
3546,9
3547,9
3547,6
3548,9
3548,17
3548,25
3548,7
3549,3
3549,11
3549,10
3550,9
3550,17
3550,7
3551,13
3551,26
3551,8
3552,6
3552,20
3552,10
3553,9
3553,11
3553,6
3553,15
3553,10
3554,9
3554,6
3554,15
3555,21
3555,9
3555,25
3556,9
3556,25
3557,9
3557,20
3558,9
3558,17
3558,25
3558,11
3558,20
3559,6
3560,5
3560,9
3561,1
3561,3
3561,17
3561,25
3561,6
3562,9
3562,20
3563,23
3563,8
3564,9
3564,25
3564,14
3564,16
3565,6
3565,15
3566,1
3566,21
3566,25
3566,14
3567,5
3567,9
3567,26
3567,4
3568,3
3568,9
3568,6
3569,5
3569,9
3570,3
3570,11
3570,10
3571,9
3571,25
3572,9
3572,15
3573,9
3573,17
3573,25
3573,14
3574,9
3574,7
3575,17
3575,25
3575,14
3576,8
3577,9
3577,6
3577,20
3578,9
3578,6
3578,7
3579,1
3579,3
3579,9
3579,11
3580,3
3580,6
3580,4
3580,10
3581,6
3581,20
3582,9
3582,25
3582,20
3582,7
3583,1
3583,21
3583,17
3583,25
3584,25
3584,6
3584,20
3584,7
3585,9
3585,20
3586,9
3586,20
3587,7
3587,26
3587,8
3588,25
3588,14
3588,6
3589,9
3590,15
3590,8
3591,9
3592,9
3593,6
3593,26
3594,1
3594,25
3595,9
3595,25
3595,20
3595,7
3596,9
3596,25
3596,7
3597,9
3597,6
3597,20
3598,15
3598,8
3599,11
3599,6
3599,20
3600,8
3601,6
3602,9
3602,25
3602,14
3603,9
3604,3
3604,25
3604,6
3604,20
3605,9
3605,25
3605,7
3606,9
3606,25
3606,7
3607,9
3607,6
3607,15
3608,6
3608,20
3609,6
3609,20
3610,6
3610,8
3611,9
3612,9
3612,6
3612,20
3613,1
3613,3
3613,21
3613,25
3614,9
3614,20
3614,15
3615,3
3615,11
3615,10
3616,21
3616,25
3616,14
3617,9
3618,9
3618,6
3619,9
3619,6
3620,9
3620,7
3620,26
3621,9
3621,20
3621,15
3622,21
3622,25
3622,14
3623,1
3623,9
3623,25
3623,7
3625,9
3625,6
3626,13
3626,26
3626,4
3626,8
3627,9
3627,7
3628,11
3628,6
3628,20
3629,23
3629,6
3630,5
3630,9
3630,13
3630,20
3631,8
3632,3
3632,8
3633,3
3633,9
3633,11
3634,21
3634,9
3634,11
3634,6
3634,10
3635,3
3635,9
3635,6
3635,10
3636,26
3636,8
3637,15
3637,8
3638,9
3638,20
3638,7
3639,6
3639,20
3640,9
3640,23
3640,17
3640,25
3640,7
3641,9
3641,20
3642,9
3642,25
3642,7
3643,9
3644,1
3645,1
3645,21
3645,25
3646,9
3646,25
3647,9
3647,13
3647,26
3647,15
3648,3
3648,6
3648,4
3648,10
3649,1
3649,9
3649,23
3650,9
3651,9
3652,9
3652,25
3653,6
3654,9
3655,9
3655,20
3655,16
3656,9
3656,6
3656,20
3657,13
3657,15
3657,8
3658,9
3658,23
3658,20
3659,17
3659,25
3659,14
3660,6
3661,23
3661,6
3661,20
3662,9
3662,26
3663,9
3663,25
3664,9
3665,6
3666,9
3666,7
3667,9
3667,25
3667,7
3668,9
3668,6
3668,7
3668,15
3669,6
3669,20
3670,23
3670,6
3670,20
3671,9
3671,26
3672,1
3672,21
3672,25
3672,6
3673,8
3674,9
3674,10
3675,9
3675,23
3675,6
3675,20
3676,9
3677,9
3677,6
3678,9
3678,20
3679,3
3679,6
3679,10
3680,9
3680,6
3680,20
3681,15
3681,8
3682,25
3682,14
3683,9
3683,20
3684,9
3685,26
3685,8
3686,15
3686,8
3687,23
3687,8
3688,9
3688,6
3688,20
3689,9
3690,17
3690,25
3690,14
3691,9
3691,6
3691,20
3692,1
3692,9
3692,25
3692,7
3693,9
3693,7
3694,9
3694,20
3694,7
3694,15
3695,9
3695,17
3695,25
3696,25
3697,8
3698,9
3698,6
3698,20
3699,25
3699,14
3699,7
3700,23
3700,8
3701,1
3701,3
3701,11
3701,6
3701,20
3702,9
3702,25
3703,6
3703,26
3703,8
3704,14
3704,6
3705,6
3705,20
3706,9
3707,9
3707,17
3707,25
3707,20
3707,7
3708,3
3708,6
3709,9
3710,7
3710,26
3710,8
3711,9
3711,6
3711,20
3712,8
3713,8
3714,9
3715,1
3715,3
3715,21
3715,25
3716,6
3716,20
3717,9
3717,6
3718,1
3718,9
3718,23
3719,9
3719,6
3719,10
3720,9
3721,9
3721,6
3721,16
3722,9
3723,9
3723,13
3723,26
3724,6
3724,20
3725,9
3725,25
3725,20
3726,9
3726,6
3726,7
3727,3
3727,6
3727,7
3728,1
3728,23
3728,10
3729,23
3729,8
3730,9
3731,3
3731,9
3731,11
3732,9
3733,9
3734,6
3734,20
3735,9
3736,9
3737,9
3737,25
3738,1
3738,3
3738,11
3738,10
3739,8
3740,9
3741,1
3741,3
3741,25
3742,1
3742,25
3742,6
3743,9
3743,26
3744,1
3744,25
3744,6
3744,26
3745,23
3745,8
3746,9
3747,9
3747,6
3747,20
3748,25
3748,14
3748,6
3748,7
3749,6
3750,9
3750,25
3750,14
3751,9
3751,17
3751,25
3752,8
3753,1
3753,6
3753,4
3753,10
3754,5
3754,9
3754,20
3754,26
3755,25
3755,11
3755,14
3756,9
3756,6
3757,6
3758,1
3758,9
3758,6
3759,8
3760,9
3760,6
3761,5
3761,20
3761,8
3762,9
3762,13
3762,8
3763,9
3763,25
3764,21
3764,9
3764,17
3764,25
3765,1
3765,21
3765,25
3766,9
3767,9
3767,6
3767,20
3768,1
3768,3
3768,6
3769,9
3769,10
3770,9
3770,20
3771,23
3771,6
3771,20
3772,9
3772,6
3773,9
3773,6
3773,20
3774,8
3775,9
3776,9
3776,20
3777,5
3777,8
3778,3
3778,21
3778,20
3778,4
3778,10
3779,1
3779,25
3779,7
3780,9
3780,6
3781,1
3781,11
3781,7
3782,9
3782,17
3782,25
3782,7
3783,9
3783,6
3783,20
3784,6
3785,5
3785,15
3785,8
3786,6
3787,8
3788,8
3789,9
3790,5
3790,9
3790,6
3790,15
3791,9
3791,25
3791,20
3792,9
3793,9
3794,1
3794,3
3794,11
3795,1
3795,3
3795,21
3795,25
3795,10
3796,3
3796,21
3796,6
3796,20
3796,10
3797,7
3797,8
3798,7
3798,8
3799,9
3799,20
3800,8
3801,9
3801,7
3802,1
3802,25
3802,7
3803,6
3803,20
3803,16
3804,3
3804,21
3804,6
3804,4
3804,10
3805,9
3805,25
3805,7
3806,1
3806,9
3806,25
3806,7
3807,9
3807,17
3807,25
3807,7
3808,9
3808,20
3808,7
3809,8
3810,9
3810,14
3810,6
3810,20
3811,9
3811,20
3812,23
3812,8
3813,15
3813,8
3814,7
3814,8
3815,6
3816,8
3817,21
3817,9
3817,17
3817,25
3818,8
3819,9
3819,7
3820,6
3820,20
3821,5
3821,9
3821,6
3822,9
3822,6
3823,1
3823,3
3823,25
3823,11
3824,9
3824,6
3825,15
3825,8
3826,1
3826,25
3826,6
3826,7
3827,9
3827,6
3827,20
3828,15
3828,8
3829,9
3829,20
3830,1
3830,3
3830,9
3830,25
3831,6
3832,9
3832,25
3833,5
3833,9
3833,15
3834,1
3834,3
3834,6
3834,26
3835,15
3835,8
3836,3
3836,4
3836,10
3837,9
3837,6
3838,1
3838,14
3838,6
3839,17
3839,25
3839,14
3840,1
3840,3
3840,21
3840,25
3840,4
3841,9
3841,25
3842,9
3842,20
3843,6
3843,15
3844,1
3844,21
3844,25
3845,6
3846,8
3847,9
3848,6
3848,20
3849,9
3849,23
3849,6
3849,10
3850,8
3851,9
3851,25
3851,7
3852,1
3852,3
3852,21
3852,25
3853,6
3854,6
3855,9
3855,6
3855,20
3855,26
3856,1
3856,27
3857,11
3857,20
3857,4
3858,9
3858,6
3859,9
3859,26
3860,9
3861,1
3861,25
3861,7
3862,6
3862,20
3863,9
3863,20
3864,23
3864,6
3864,10
3865,9
3866,9
3866,6
3866,7
3867,8
3868,8
3869,9
3869,17
3869,25
3869,7
3870,9
3871,9
3871,6
3872,9
3873,8
3874,9
3874,20
3875,1
3875,9
3875,7
3875,27
3876,1
3876,9
3877,9
3877,25
3877,20
3877,7
3878,11
3878,6
3878,20
3879,9
3879,15
3880,11
3880,6
3880,4
3880,10
3881,9
3881,25
3881,7
3882,6
3882,20
3883,5
3883,9
3883,13
3883,20
3884,5
3884,8
3885,9
3885,6
3886,1
3886,17
3886,25
3887,9
3887,23
3888,9
3888,6
3889,1
3889,9
3889,25
3889,7
3889,26
3890,9
3890,20
3891,5
3891,8
3892,5
3892,9
3893,9
3893,6
3893,26
3894,9
3895,6
3895,10
3895,8
3895,24
3896,11
3896,6
3897,3
3897,9
3897,6
3897,20
3897,10
3898,9
3898,17
3898,25
3898,20
3899,9
3900,6
3900,20
3901,9
3901,6
3901,20
3901,15
3902,9
3902,20
3903,6
3903,8
3904,1
3904,7
3905,1
3905,9
3905,25
3906,9
3906,23
3906,20
3906,15
3907,3
3907,21
3907,11
3907,10
3908,1
3908,9
3909,9
3909,6
3909,20
3910,9
3910,6
3911,21
3911,9
3911,17
3911,25
3912,5
3912,9
3912,23
3913,8
3914,9
3914,6
3914,20
3914,15
3915,1
3915,9
3915,17
3915,25
3915,7
3916,23
3916,8
3917,3
3917,6
3917,20
3918,9
3919,5
3919,9
3920,9
3920,17
3920,14
3920,4
3921,8
3922,9
3922,13
3922,17
3922,25
3923,9
3923,6
3923,20
3923,10
3923,16
3924,9
3924,17
3925,9
3926,9
3926,17
3926,25
3926,11
3926,14
3926,20
3927,9
3927,17
3927,25
3927,20
3928,9
3928,25
3928,7
3929,25
3929,14
3929,7
3930,9
3930,6
3931,8
3932,5
3932,9
3932,7
3932,8
3933,25
3933,7
3934,14
3934,6
3935,9
3935,25
3935,14
3936,9
3936,25
3936,14
3937,6
3937,20
3938,9
3938,6
3938,20
3939,1
3939,9
3939,7
3940,1
3940,3
3940,6
3940,4
3940,10
3941,8
3942,21
3942,14
3942,16
3943,6
3944,9
3944,6
3944,15
3945,9
3945,25
3945,26
3946,9
3946,20
3947,9
3947,6
3948,3
3948,9
3948,13
3948,20
3948,26
3949,9
3950,9
3950,25
3951,9
3951,6
3952,1
3952,3
3952,25
3953,9
3953,6
3953,7
3953,15
3954,8
3955,5
3955,23
3955,26
3955,8
3956,3
3956,11
3956,6
3956,4
3956,10
3957,9
3958,9
3958,11
3959,8
3960,9
3960,25
3960,11
3960,20
3961,9
3961,6
3961,20
3962,5
3962,9
3963,1
3963,3
3963,25
3963,7
3964,5
3964,9
3964,13
3964,20
3964,15
3965,9
3965,13
3966,9
3966,13
3967,9
3967,25
3967,6
3967,7
3968,1
3968,9
3968,25
3968,7
3969,9
3970,9
3970,20
3971,9
3972,9
3972,26
3973,5
3973,9
3973,13
3973,26
3974,9
3974,25
3975,3
3975,11
3975,6
3975,20
3975,4
3976,9
3976,17
3977,9
3978,9
3978,6
3978,20
3979,21
3979,9
3979,25
3980,1
3980,3
3980,21
3980,9
3980,25
3981,9
3981,7
3982,9
3982,25
3983,5
3983,15
3983,8
3984,9
3984,23
3985,9
3985,6
3985,20
3986,9
3987,9
3988,3
3988,11
3988,6
3988,4
3988,10
3989,6
3989,20
3990,9
3991,8
3992,11
3992,6
3992,10
3993,9
3993,20
3994,9
3994,6
3994,20
3994,10
3995,9
3995,17
3995,11
3995,20
3996,1
3996,9
3996,25
3996,11
3996,7
3997,9
3997,13
3997,25
3997,26
3998,5
3998,9
3998,26
3998,4
3999,9
3999,20
4000,1
4000,9
4000,13
4000,25
4000,26
4001,9
4002,9
4003,6
4003,20
4004,9
4004,25
4004,7
4005,9
4005,20
4006,17
4006,25
4006,14
4007,1
4007,3
4007,9
4007,11
4007,6
4007,16
4008,9
4008,20
4009,6
4009,10
4010,17
4010,25
4010,14
4010,7
4011,5
4011,9
4011,15
4012,1
4012,6
4012,7
4012,10
4013,5
4013,13
4013,8
4014,9
4014,25
4015,3
4015,11
4015,10
4016,1
4016,3
4016,21
4017,9
4017,17
4017,25
4017,14
4017,7
4018,1
4018,3
4018,25
4018,11
4019,8
4020,6
4020,20
4021,9
4022,1
4022,9
4022,25
4022,7
4023,9
4023,17
4023,25
4023,14
4024,6
4024,20
4025,3
4025,11
4025,4
4025,10
4026,3
4026,9
4026,6
4027,9
4027,6
4027,20
4028,1
4028,21
4028,9
4028,25
4029,1
4029,17
4029,25
4029,7
4030,3
4030,17
4030,6
4030,7
4031,14
4032,9
4032,7
4033,9
4033,20
4034,8
4035,9
4035,13
4035,26
4036,8
4037,6
4038,9
4038,6
4038,7
4039,8
4040,8
4041,9
4042,9
4043,15
4043,8
4044,1
4044,3
4044,21
4044,25
4045,9
4045,17
4045,7
4046,9
4046,25
4046,7
4046,26
4047,9
4048,9
4049,16
4049,8
4050,3
4050,9
4050,11
4050,6
4050,10
4051,6
4052,9
4053,1
4053,21
4053,9
4053,17
4053,25
4054,26
4054,8
4055,6
4056,3
4056,21
4056,25
4056,11
4056,10
4057,9
4057,6
4058,9
4058,20
4059,5
4059,9
4059,20
4059,26
4060,9
4060,25
4060,14
4060,7
4061,9
4062,8
4063,25
4063,20
4064,6
4064,20
4065,1
4065,21
4065,9
4065,17
4065,25
4066,3
4066,9
4066,25
4066,7
4067,6
4068,6
4069,1
4069,25
4069,7
4070,8
4071,9
4072,8
4073,1
4073,3
4073,21
4073,6
4073,4
4073,10
4074,6
4074,20
4075,9
4076,9
4077,9
4077,25
4077,14
4078,9
4078,6
4079,9
4079,6
4079,20
4080,21
4080,25
4080,14
4080,6
4081,6
4082,1
4082,9
4082,25
4082,7
4083,9
4083,8
4084,6
4084,20
4085,9
4085,15
4086,9
4086,23
4087,9
4087,25
4087,7
4088,9
4089,9
4089,6
4090,5
4090,15
4090,8
4091,1
4091,3
4091,21
4091,25
4091,11
4092,9
4092,6
4092,20
4092,15
4092,10
4093,9
4093,6
4093,7
4094,3
4094,9
4094,6
4095,9
4095,6
4095,20
4096,9
4097,1
4097,25
4097,7
4098,15
4098,8
4099,9
4100,9
4101,21
4102,9
4102,17
4102,25
4103,8
4105,1
4105,9
4105,23
4106,5
4106,9
4107,9
4107,25
4108,9
4108,25
4108,7
4109,5
4109,9
4109,15
4110,15
4110,10
4110,8
4111,23
4111,8
4112,1
4112,3
4112,21
4112,25
4112,26
4112,4
4113,11
4113,6
4113,20
4114,9
4114,25
4114,20
4114,7
4115,9
4115,17
4115,25
4115,7
4116,9
4117,9
4118,1
4118,21
4118,25
4118,11
4119,1
4119,3
4119,21
4120,9
4121,9
4121,25
4121,7
4122,5
4122,9
4123,1
4123,6
4123,7
4124,8
4125,9
4125,23
4125,6
4126,17
4126,25
4127,21
4127,6
4128,9
4129,6
4129,20
4130,9
4130,10
4131,3
4131,9
4131,6
4131,20
4132,13
4132,25
4132,7
4132,8
4133,1
4133,3
4133,21
4133,25
4134,1
4134,6
4134,15
4135,6
4135,20
4136,1
4136,3
4136,11
4136,6
4136,10
4137,9
4137,6
4138,8
4139,9
4140,8
4141,9
4141,6
4141,15
4142,25
4142,14
4143,25
4143,14
4144,3
4144,9
4144,6
4144,4
4144,10
4145,9
4146,8
4147,9
4148,9
4148,6
4148,20
4149,9
4149,25
4150,5
4150,8
4151,3
4151,21
4151,6
4152,6
4152,20
4153,5
4153,9
4153,26
4154,9
4155,6
4155,7
4156,9
4156,17
4157,8
4158,9
4158,11
4158,6
4158,10
4159,21
4159,9
4159,17
4159,25
4160,8
4161,1
4161,25
4161,7
4162,15
4162,16
4162,8
4163,9
4163,4
4164,25
4164,14
4164,6
4165,8
4166,9
4166,6
4166,20
4167,8
4168,6
4168,20
4169,3
4169,6
4170,1
4170,3
4170,21
4170,25
4171,15
4171,8
4172,9
4172,20
4173,9
4174,9
4174,20
4175,9
4175,17
4175,25
4175,7
4176,1
4176,9
4176,25
4176,26
4177,9
4177,7
4178,1
4178,3
4178,6
4178,20
4178,4
4178,10
4179,5
4179,9
4179,13
4179,25
4179,20
4179,7
4180,5
4180,8
4181,6
4181,20
4182,9
4182,6
4183,1
4183,25
4183,11
4183,14
4184,6
4185,6
4186,6
4187,9
4188,15
4188,8
4189,5
4189,8
4190,1
4190,3
4190,17
4190,11
4190,20
4190,10
4191,9
4191,6
4192,9
4192,6
4192,20
4193,9
4193,26
4194,9
4194,20
4194,26
4195,1
4195,3
4195,11
4195,6
4195,10
4196,6
4197,9
4197,25
4197,14
4198,9
4199,6
4199,20
4200,6
4200,20
4201,9
4201,6
4201,20
4202,9
4202,6
4202,15
4203,3
4203,21
4203,11
4203,10
4204,9
4204,13
4204,25
4204,7
4204,26
4205,9
4205,6
4206,9
4207,8
4208,25
4208,14
4208,7
4209,9
4209,8
4210,9
4210,14
4210,20
4211,9
4211,17
4211,25
4212,9
4212,6
4213,9
4214,9
4214,6
4215,1
4215,3
4215,21
4215,25
4216,14
4216,6
4217,5
4217,9
4217,6
4217,20
4218,9
4218,6
4218,20
4219,9
4219,6
4219,20
4219,15
4219,10
4220,1
4220,21
4220,25
4221,8
4222,15
4222,8
4223,3
4223,11
4223,4
4223,10
4224,9
4224,6
4224,20
4225,9
4225,14
4225,6
4226,6
4227,9
4227,17
4227,11
4227,20
4228,8
4229,9
4229,17
4229,25
4230,8
4231,6
4231,16
4232,9
4232,25
4233,9
4233,25
4233,7
4234,9
4234,25
4234,26
4235,9
4235,6
4236,16
4237,6
4238,11
4238,6
4238,10
4239,9
4240,1
4240,5
4240,9
4240,13
4240,7
4241,6
4242,9
4242,6
4243,23
4243,8
4244,9
4244,6
4244,15
4245,1
4245,3
4245,8
4246,9
4246,23
4246,6
4246,7
4247,25
4247,14
4248,6
4248,20
4249,6
4250,25
4250,14
4251,8
4252,8
4253,9
4253,20
4254,8
4255,9
4255,6
4256,6
4257,9
4258,1
4258,6
4258,7
4259,6
4259,20
4259,7
4260,1
4260,21
4260,25
4261,3
4261,21
4261,9
4261,11
4261,4
4262,8
4263,8
4264,9
4264,17
4264,25
4264,7
4265,9
4265,6
4266,8
4267,25
4268,25
4268,14
4269,9
4270,6
4271,1
4271,9
4271,17
4271,25
4271,7
4272,9
4273,5
4273,9
4273,20
4274,8
4275,6
4275,4
4275,10
4276,9
4277,6
4278,25
4278,11
4278,14
4278,6
4279,9
4279,20
4280,9
4280,6
4280,20
4281,9
4281,20
4281,7
4282,9
4282,25
4282,6
4283,8
4284,5
4284,15
4284,8
4285,9
4285,6
4285,20
4286,9
4286,6
4286,20
4287,9
4287,6
4288,5
4288,9
4289,9
4289,6
4289,20
4289,10
4289,16
4290,6
4291,1
4291,21
4291,25
4291,14
4292,25
4292,14
4293,1
4293,21
4293,25
4294,9
4295,8
4296,8
4297,9
4298,9
4299,9
4300,8
4301,23
4301,8
4302,11
4302,6
4302,20
4303,9
4303,23
4303,6
4304,1
4304,3
4304,14
4304,6
4305,8
4306,8
4307,6
4307,15
4308,9
4309,1
4309,5
4309,9
4309,25
4309,7
4310,6
4311,6
4311,8
4312,9
4312,20
4313,5
4313,9
4313,23
4314,9
4315,8
4316,8
4317,9
4317,25
4317,7
4318,9
4318,20
4319,9
4320,9
4321,17
4321,25
4322,3
4322,9
4322,11
4322,10
4323,9
4323,6
4323,15
4324,3
4324,5
4324,9
4324,20
4325,9
4326,1
4326,21
4326,4
4326,10
4327,1
4327,3
4327,25
4327,11
4327,14
4327,6
4328,6
4329,1
4330,17
4330,25
4330,14
4331,9
4331,26
4332,15
4332,8
4333,6
4334,6
4335,5
4335,9
4335,17
4336,1
4336,9
4336,25
4336,7
4337,25
4337,14
4338,9
4338,11
4338,4
4338,10
4339,8
4340,9
4341,6
4342,9
4343,21
4343,9
4343,17
4343,25
4344,21
4344,17
4344,25
4345,6
4345,26
4346,1
4346,3
4346,21
4346,9
4346,25
4347,9
4348,3
4348,6
4348,7
4348,4
4348,10
4349,8
4350,9
4350,6
4350,20
4350,15
4351,8
4352,9
4352,20
4352,26
4353,9
4354,8
4355,6
4356,1
4356,3
4356,9
4356,13
4356,26
4357,9
4357,25
4357,20
4358,8
4359,9
4360,3
4360,21
4360,11
4360,6
4360,4
4360,10
4361,9
4361,7
4362,5
4362,9
4362,23
4363,9
4363,17
4363,6
4364,9
4364,13
4365,9
4365,11
4365,20
4366,9
4367,1
4367,9
4367,25
4367,7
4368,6
4368,10
4369,11
4369,20
4369,4
4369,10
4369,16
4370,3
4370,9
4370,25
4371,9
4372,9
4372,20
4373,1
4373,9
4373,25
4374,8
4375,1
4375,9
4375,25
4375,7
4376,9
4376,25
4376,26
4377,9
4378,9
4379,6
4379,20
4379,7
4380,5
4380,9
4380,13
4381,6
4382,14
4382,6
4383,15
4383,8
4384,9
4384,20
4385,9
4386,5
4386,9
4386,13
4386,23
4387,9
4387,14
4388,9
4388,25
4388,11
4389,6
4390,4
4391,9
4391,20
4391,15
4392,9
4392,11
4392,6
4393,1
4393,3
4393,21
4393,11
4394,9
4394,6
4394,20
4395,9
4395,20
4395,16
4396,5
4396,9
4396,13
4396,20
4397,11
4397,6
4397,20
4397,15
4397,4
4397,10
4398,9
4398,6
4398,7
4399,6
4399,20
4400,1
4400,3
4400,17
4400,25
4400,7
4401,11
4401,6
4401,20
4401,4
4401,16
4402,3
4402,17
4402,11
4403,25
4404,9
4404,20
4405,9
4405,17
4405,7
4406,3
4406,27
4406,8
4407,6
4407,7
4408,1
4408,21
4408,9
4408,25
4408,11
4408,14
4409,6
4409,20
4410,8
4411,9
4411,20
4412,9
4412,6
4412,20
4413,9
4413,7
4414,9
4415,1
4415,3
4415,9
4415,25
4415,27
4416,1
4416,6
4416,10
4417,5
4417,9
4418,9
4419,1
4419,25
4419,11
4420,13
4420,15
4420,8
4421,9
4422,9
4423,11
4423,6
4423,10
4424,9
4424,25
4424,7
4425,3
4425,9
4425,13
4425,23
4426,9
4426,6
4427,6
4427,20
4428,9
4429,9
4429,20
4429,26
4430,1
4430,21
4431,9
4432,1
4432,25
4432,7
4433,9
4433,25
4434,9
4435,9
4435,20
4436,8
4437,3
4437,11
4438,25
4438,14
4439,6
4439,20
4440,8
4441,9
4442,9
4443,9
4444,8
4445,9
4445,17
4445,25
4446,9
4446,17
4446,25
4447,6
4447,20
4448,9
4448,7
4449,1
4449,6
4449,7
4450,9
4451,25
4452,8
4453,8
4454,21
4454,17
4454,25
4455,9
4455,20
4456,8
4457,3
4457,11
4457,10
4458,1
4458,9
4458,25
4458,7
4459,3
4459,11
4459,4
4460,9
4461,1
4461,9
4461,25
4461,26
4462,9
4462,17
4462,25
4462,7
4463,6
4463,20
4464,9
4464,20
4465,8
4466,6
4466,20
4467,9
4467,17
4467,25
4467,7
4468,9
4469,9
4469,6
4470,9
4470,6
4471,6
4471,10
4472,9
4472,6
4473,8
4474,15
4474,8
4475,1
4475,21
4475,25
4476,1
4476,6
4476,20
4476,7
4477,17
4477,25
4477,7
4478,9
4478,15
4479,5
4479,9
4479,13
4480,11
4481,9
4481,25
4482,8
4483,9
4483,25
4483,14
4484,21
4484,6
4485,3
4485,9
4485,11
4485,6
4485,4
4485,10
4486,9
4486,6
4487,9
4487,14
4487,20
4488,8
4489,9
4489,20
4490,5
4490,13
4490,8
4490,18
4491,1
4491,3
4491,9
4491,11
4492,20
4493,9
4493,17
4493,25
4494,9
4494,25
4494,6
4494,7
4495,9
4495,20
4496,8
4497,1
4497,9
4497,13
4497,26
4498,6
4499,9
4499,25
4499,14
4500,25
4500,6
4500,20
4501,9
4501,20
4502,6
4502,8
4503,9
4504,9
4504,10
4505,25
4505,11
4505,14
4506,9
4506,6
4507,9
4507,25
4508,15
4508,8
4509,9
4510,9
4511,6
4512,6
4512,8
4513,9
4513,7
4514,1
4514,25
4514,7
4515,9
4516,8
4517,9
4518,9
4519,9
4519,23
4519,10
4520,9
4520,17
4520,25
4520,20
4520,7
4521,15
4521,8
4522,9
4522,8
4523,8
4524,8
4525,9
4525,6
4526,6
4526,20
4527,1
4527,3
4527,6
4527,27
4528,1
4528,3
4528,17
4528,25
4528,7
4529,9
4530,9
4530,14
4531,17
4531,25
4531,14
4532,6
4532,10
4533,9
4533,25
4533,7
4534,9
4534,20
4535,9
4535,6
4536,9
4537,8
4538,8
4539,9
4540,1
4540,3
4540,21
4540,25
4541,9
4542,9
4543,3
4543,6
4544,8
4545,14
4546,9
4547,8
4548,9
4548,6
4549,9
4549,6
4550,6
4550,20
4551,9
4551,6
4551,20
4552,9
4552,23
4552,11
4552,6
4553,9
4554,1
4554,3
4554,9
4555,6
4556,9
4557,8
4558,9
4558,7
4559,5
4559,9
4559,13
4559,26
4560,1
4560,25
4560,20
4561,1
4561,6
4562,9
4562,6
4562,7
4563,23
4563,8
4564,3
4564,11
4564,6
4564,4
4564,10
4565,9
4565,6
4566,8
4567,9
4567,6
4567,20
4568,3
4568,9
4568,13
4568,20
4569,9
4570,9
4570,20
4571,8
4572,6
4572,7
4573,8
4574,1
4574,3
4574,11
4574,20
4575,14
4576,8
4577,14
4577,8
4578,6
4578,20
4579,6
4580,1
4580,25
4580,6
4580,20
4581,8
4582,6
4582,10
4583,9
4583,20
4584,6
4585,21
4585,25
4585,14
4586,8
4587,9
4587,20
4588,1
4588,9
4588,7
4589,8
4590,8
4591,1
4591,3
4591,25
4592,1
4592,9
4592,23
4592,10
4593,9
4593,8
4593,18
4594,9
4594,25
4595,8
4596,8
4597,6
4598,9
4599,1
4599,9
4599,25
4599,27
4600,9
4600,6
4601,13
4601,8
4602,9
4602,25
4602,7
4602,27
4603,3
4603,11
4603,6
4603,4
4603,10
4604,3
4604,9
4605,1
4605,25
4605,6
4606,9
4607,6
4608,26
4608,8
4609,8
4610,9
4610,20
4611,9
4612,8
4613,21
4613,9
4613,25
4613,11
4613,20
4614,1
4614,3
4614,11
4614,10
4615,8
4616,6
4616,4
4616,10
4617,1
4617,3
4617,21
4617,25
4618,1
4618,17
4618,25
4618,7
4619,9
4619,6
4620,6
4620,8
4621,25
4621,14
4622,1
4622,3
4622,9
4622,11
4622,6
4623,9
4623,10
4624,1
4624,21
4624,9
4624,17
4624,25
4625,9
4626,1
4626,3
4627,8
4628,8
4629,25
4630,9
4630,6
4631,8
4632,3
4632,11
4632,6
4632,10
4633,1
4633,17
4633,25
4634,9
4635,1
4635,6
4635,10
4636,9
4636,11
4636,20
4637,6
4638,9
4638,17
4638,6
4639,8
4640,5
4640,9
4641,8
4642,9
4642,6
4642,15
4643,9
4644,6
4645,8
4646,17
4646,15
4646,8
4647,9
4647,7
4648,9
4648,20
4649,9
4649,6
4649,20
4650,9
4650,26
4651,9
4651,6
4651,7
4652,9
4652,6
4652,20
4653,9
4654,9
4654,20
4654,15
4655,9
4655,25
4655,7
4656,1
4656,6
4656,7
4657,5
4658,9
4658,25
4659,9
4659,7
4660,9
4660,20
4661,9
4661,7
4662,8
4663,9
4663,6
4664,9
4664,20
4665,1
4665,3
4665,11
4665,6
4665,20
4666,3
4666,11
4666,4
4667,1
4667,3
4667,25
4668,6
4669,9
4669,13
4669,8
4670,6
4671,6
4672,9
4673,11
4673,6
4673,10
4674,1
4674,25
4674,14
4674,6
4675,6
4676,9
4676,13
4676,26
4677,9
4677,6
4677,20
4678,8
4679,1
4679,3
4679,9
4679,13
4679,25
4679,26
4680,9
4680,6
4681,1
4681,5
4681,9
4681,25
4681,7
4682,1
4682,25
4682,7
4683,25
4683,14
4684,9
4684,15
4685,9
4685,4
4686,9
4686,25
4686,7
4687,9
4688,6
4688,20
4689,9
4689,8
4690,1
4690,3
4690,25
4690,6
4690,7
4691,1
4691,5
4691,9
4691,13
4691,26
4692,1
4692,5
4692,9
4692,25
4692,7
4693,20
4693,15
4694,9
4695,23
4695,6
4696,6
4696,20
4697,5
4697,8
4698,9
4698,6
4698,16
4699,8
4700,6
4700,20
4701,9
4702,6
4702,15
4702,8
4703,9
4703,23
4704,9
4704,20
4705,1
4705,21
4705,25
4705,14
4706,9
4706,6
4706,20
4707,6
4708,15
4708,8
4709,9
4709,13
4709,10
4709,8
4710,9
4710,25
4711,3
4711,6
4711,4
4711,10
4712,25
4712,8
4713,9
4713,17
4713,25
4713,14
4714,6
4714,20
4715,6
4715,20
4717,9
4717,25
4717,7
4718,6
4718,20
4719,9
4719,17
4719,25
4720,9
4720,25
4721,9
4721,4
4722,3
4722,11
4722,4
4723,8
4724,9
4725,6
4726,17
4726,25
4726,14
4727,9
4727,6
4728,8
4729,1
4729,25
4729,14
4729,6
4730,1
4730,5
4730,9
4730,13
4731,9
4731,20
4732,9
4732,17
4732,25
4732,11
4732,14
4732,20
4733,6
4734,5
4734,9
4734,13
4734,6
4735,9
4736,25
4736,14
4736,7
4737,8
4738,9
4738,6
4739,14
4739,6
4740,9
4740,6
4741,9
4741,6
4742,8
4743,25
4743,14
4744,5
4744,9
4744,15
4745,9
4745,13
4745,23
4745,10
4746,9
4746,25
4747,6
4748,9
4749,5
4749,9
4749,13
4749,25
4749,7
4750,5
4750,9
4750,25
4751,6
4751,7
4752,8
4753,9
4753,25
4753,11
4754,1
4754,6
4754,8
4755,1
4755,6
4755,7
4756,9
4756,20
4757,8
4758,9
4758,25
4759,25
4760,17
4760,25
4760,14
4761,6
4762,9
4763,15
4763,8
4764,9
4764,14
4765,9
4765,7
4766,9
4767,21
4767,9
4767,25
4767,14
4767,20
4768,17
4768,25
4768,14
4768,7
4769,9
4769,13
4769,26
4770,9
4770,25
4770,7
4771,8
4772,8
4773,9
4774,1
4774,9
4774,6
4774,7
4775,1
4775,9
4775,13
4775,7
4776,3
4776,5
4776,9
4776,25
4777,8
4778,6
4779,1
4779,5
4779,9
4779,25
4780,9
4781,9
4781,6
4782,9
4782,16
4783,5
4783,13
4783,23
4783,8
4784,1
4784,21
4784,6
4784,4
4784,10
4785,25
4785,7
4785,27
4786,9
4786,6
4786,20
4787,8
4788,8
4789,21
4789,25
4790,6
4791,1
4791,9
4791,25
4792,8
4793,1
4793,3
4793,17
4793,11
4794,9
4794,25
4794,11
4794,14
4795,9
4795,13
4795,6
4796,9
4796,25
4796,20
4796,7
4797,6
4798,9
4799,9
4799,20
4799,16
4800,1
4800,9
4800,25
4800,7
4801,6
4801,20
4802,6
4802,4
4802,10
4802,16
4803,8
4804,1
4804,11
4804,10
4805,9
4805,13
4806,9
4807,9
4807,17
4807,25
4808,5
4808,8
4809,9
4809,25
4810,5
4810,9
4811,9
4811,6
4811,20
4812,9
4812,20
4813,9
4813,6
4814,1
4814,11
4814,6
4815,1
4815,11
4815,27
4816,8
4817,9
4818,3
4818,11
4818,10
4819,9
4819,23
4820,9
4820,11
4820,6
4820,20
4821,9
4821,25
4822,9
4822,6
4823,1
4823,9
4824,25
4825,9
4825,6
4825,20
4826,9
4827,1
4827,3
4827,21
4827,25
4828,3
4828,6
4828,4
4828,10
4829,9
4829,15
4830,6
4831,8
4832,9
4832,6
4833,9
4833,27
4834,9
4835,3
4835,6
4836,4
4837,9
4837,6
4838,9
4839,9
4839,20
4840,3
4840,21
4840,6
4840,4
4841,9
4842,9
4843,5
4843,13
4843,15
4843,8
4844,3
4844,9
4844,11
4845,9
4845,13
4846,9
4846,6
4846,7
4847,9
4848,9
4848,6
4849,9
4849,6
4850,1
4850,25
4850,7
4851,9
4852,5
4852,8
4853,9
4854,9
4855,6
4855,20
4856,9
4857,25
4858,9
4859,8
4860,9
4860,6
4860,20
4861,1
4861,5
4861,13
4862,21
4862,6
4863,5
4863,15
4863,8
4864,1
4864,9
4864,25
4865,9
4865,25
4865,14
4866,9
4867,8
4868,5
4868,15
4868,8
4869,9
4870,1
4870,3
4870,9
4870,25
4871,9
4871,6
4872,9
4872,25
4873,9
4873,20
4874,9
4874,25
4874,20
4874,7
4875,10
4875,8
4876,6
4877,6
4878,13
4879,11
4879,20
4879,4
4879,10
4880,6
4880,20
4881,15
4881,8
4882,6
4883,8
4884,9
4885,9
4886,8
4887,9
4888,6
4889,1
4889,21
4890,6
4891,9
4891,6
4892,9
4893,6
4893,10
4894,8
4895,9
4895,17
4895,25
4896,17
4896,25
4896,14
4897,9
4897,14
4898,1
4898,25
4899,6
4900,9
4900,20
4901,9
4901,13
4902,9
4903,9
4903,11
4903,20
4904,9
4904,6
4905,9
4905,25
4905,14
4905,7
4906,1
4906,3
4906,6
4906,4
4906,10
4907,9
4907,6
4908,21
4908,25
4908,20
4909,9
4910,11
4910,6
4911,9
4912,1
4912,21
4913,3
4913,9
4913,17
4913,14
4914,9
4915,6
4916,8
4917,9
4918,9
4918,20
4919,1
4919,7
4920,8
4921,3
4921,21
4921,6
4921,4
4921,10
4922,9
4923,9
4923,25
4924,3
4924,5
4924,9
4924,13
4924,26
4924,8
4925,5
4925,8
4926,16
4927,9
4927,25
4927,20
4928,5
4928,9
4929,25
4930,9
4930,8
4931,21
4931,6
4932,9
4933,9
4934,6
4935,9
4935,13
4935,26
4936,5
4936,13
4936,10
4936,8
4936,18
4937,6
4938,9
4939,4
4939,10
4940,9
4941,6
4942,6
4943,1
4943,25
4943,11
4944,9
4945,9
4946,1
4946,6
4947,9
4947,8
4948,6
4949,9
4950,11
4950,14
4950,6
4951,9
4952,21
4952,9
4952,17
4952,14
4952,6
4953,1
4953,21
4953,25
4954,1
4954,9
4954,6
4955,9
4956,25
4957,8
4958,6
4959,5
4959,6
4959,4
4959,8
4960,6
4961,8
4962,6
4963,1
4963,3
4963,25
4964,6
4965,27
4966,9
4966,6
4966,20
4967,1
4967,9
4967,23
4968,8
4969,9
4969,11
4969,16
4970,3
4970,25
4970,11
4970,6
4971,9
4972,26
4972,8
4973,21
4973,9
4973,17
4974,8
4975,9
4976,9
4976,17
4977,3
4977,6
4977,4
4977,10
4978,17
4978,25
4978,14
4979,8
4980,9
4981,9
4981,17
4981,25
4982,9
4982,6
4983,1
4983,9
4983,13
4983,20
4984,8
4985,8
4986,9
4987,1
4987,9
4987,13
4988,9
4988,6
4989,6
4989,8
4990,14
4991,9
4992,20
4992,15
4992,8
4993,9
4994,5
4994,8
4995,1
4996,13
4996,8
4997,17
4997,25
4997,14
4998,9
4999,6
4999,8
5000,1
5000,9
5000,25
5000,7
5001,4
5002,9
5003,9
5003,6
5004,9
5004,6
5005,6
5006,5
5006,9
5006,23
5006,7
5007,9
5008,9
5009,9
5009,20
5010,8
5011,1
5011,3
5011,25
5011,7
5012,6
5013,9
5013,20
5014,9
5014,25
5015,9
5015,6
5015,20
5016,9
5016,6
5017,6
5017,8
5018,5
5018,9
5019,1
5019,3
5019,9
5019,11
5020,9
5020,13
5020,26
5021,6
5022,8
5023,9
5023,6
5024,9
5025,5
5025,13
5025,8
5025,18
5026,8
5027,8
5028,8
5029,1
5029,25
5029,14
5030,9
5031,17
5031,25
5032,5
5032,9
5033,6
5033,15
5033,8
5034,1
5034,9
5034,13
5035,8
5036,9
5036,7
5037,6
5037,20
5038,1
5038,3
5038,11
5039,8
5040,9
5040,6
5041,1
5041,3
5041,6
5041,4
5041,10
5042,6
5043,9
5044,9
5044,11
5045,9
5045,20
5046,8
5047,9
5048,5
5048,9
5048,13
5048,20
5048,10
5049,9
5050,9
5051,6
5052,9
5052,6
5053,8
5054,9
5054,6
5055,8
5056,1
5056,21
5056,9
5057,8
5058,9
5059,6
5060,8
5061,9
5061,8
5062,25
5062,20
5063,21
5064,6
5065,1
5065,3
5065,9
5065,25
5065,14
5066,9
5067,25
5067,14
5068,9
5068,8
5069,8
5070,1
5070,21
5071,8
5072,6
5073,8
5074,20
5075,5
5075,9
5075,13
5075,26
5076,13
5076,7
5076,8
5076,18
5077,13
5077,15
5078,9
5079,9
5080,6
5081,6
5081,4
5082,8
5083,9
5084,6
5085,6
5086,8
5087,9
5088,9
5089,1
5089,3
5089,21
5090,5
5090,7
5090,8
5090,18
5091,9
5091,6
5092,8
5093,3
5093,6
5093,20
5094,25
5094,7
5095,6
5096,25
5097,9
5098,8
5099,15
5099,8
5100,8
5100,18
5101,6
5101,7
5102,1
5102,3
5103,8
5104,9
5104,17
5104,6
5105,9
5105,25
5106,9
5107,25
5107,14
5108,6
5108,20
5108,10
5109,25
5110,3
5110,17
5110,11
5111,9
5112,6
5113,25
5113,6
5114,9
5114,13
5115,8
5116,9
5116,20
5117,5
5117,8
5118,4
5118,10
5119,9
5119,6
5120,9
5121,1
5121,3
5121,21
5121,25
5122,6
5123,9
5124,9
5124,6
5125,8
5126,21
5126,7
5127,8
5128,1
5128,21
5128,6
5129,1
5129,21
5129,25
5129,27
5130,6
5130,20
5131,25
5131,6
5131,7
5132,9
5132,20
5132,16
5133,8
5134,1
5134,25
5134,7
5135,8
5136,1
5136,5
5136,9
5137,9
5138,25
5138,6
5139,8
5140,11
5140,4
5140,10
5141,1
5141,9
5141,20
5142,9
5143,8
5144,9
5144,17
5145,9
5146,1
5146,3
5146,21
5147,6
5148,9
5148,15
5149,9
5150,9
5151,9
5152,3
5152,6
5153,25
5153,14
5154,15
5154,8
5155,9
5156,5
5156,23
5156,8
5157,8
5158,1
5158,9
5158,26
5159,9
5160,1
5160,3
5160,11
5161,6
5161,7
5162,14
5162,6
5163,9
5163,6
5163,20
5164,9
5165,6
5165,20
5166,8
5167,1
5167,3
5167,21
5167,6
5167,10
5168,9
5168,6
5169,6
5170,9
5170,25
5170,7
5171,8
5172,9
5173,1
5173,3
5173,9
5173,25
5174,25
5174,14
5175,9
5176,9
5176,8
5177,6
5178,9
5178,6
5179,13
5179,6
5180,9
5180,6
5181,5
5181,9
5181,15
5182,9
5182,25
5183,6
5184,21
5184,25
5184,14
5185,1
5185,17
5185,25
5185,7
5186,9
5187,17
5187,25
5187,7
5188,1
5188,9
5188,6
5188,20
5189,8
5190,8
5191,9
5191,23
5192,25
5192,14
5193,5
5193,23
5193,8
5194,6
5195,6
5196,25
5196,6
5197,1
5197,21
5197,25
5198,14
5199,9
5199,7
5200,1
5200,9
5201,9
5202,8
5203,8
5204,1
5204,9
5205,8
5206,8
5207,9
5207,13
5208,9
5208,6
5208,20
5209,1
5209,9
5210,9
5210,6
5211,6
5212,5
5212,8
5213,6
5214,9
5215,9
5215,13
5215,6
5215,8
5216,9
5217,25
5218,15
5218,8
5219,1
5219,25
5220,9
5221,1
5221,25
5222,8
5223,1
5223,5
5224,9
5225,9
5226,5
5226,13
5226,26
5226,8
5227,8
5228,15
5228,8
5229,9
5229,6
5230,9
5231,9
5231,6
5232,5
5232,13
5232,8
5232,18
5233,15
5233,8
5234,1
5234,9
5234,11
5235,9
5236,9
5236,17
5236,25
5237,8
5238,9
5239,9
5240,8
5241,9
5242,14
5242,6
5243,6
5244,13
5244,8
5244,18
5245,1
5245,13
5245,26
5245,8
5246,1
5246,3
5246,9
5246,13
5246,26
5247,27
5248,9
5249,15
5249,8
5250,1
5250,21
5250,9
5251,9
5251,14
5252,9
5253,13
5253,8
5254,1
5254,3
5254,9
5254,6
5254,7
5255,6
5256,9
5256,16
5256,8
5257,8
5258,9
5258,6
5259,9
5260,9
5260,6
5260,16
5261,1
5261,9
5262,9
5263,9
5263,25
5263,7
5264,6
5265,9
5266,21
5266,17
5266,25
5266,14
5267,9
5267,25
5267,7
5268,8
5269,9
5269,25
5269,7
5270,5
5270,9
5270,13
5270,8
5271,25
5271,14
5272,6
5273,8
5274,8
5275,6
5276,5
5276,23
5276,8
5277,9
5277,6
5278,25
5279,9
5279,25
5280,9
5280,6
5281,9
5282,14
5283,8
5284,1
5284,9
5284,23
5285,1
5286,1
5286,3
5286,20
5287,1
5287,3
5287,21
5288,9
5288,25
5289,6
5290,9
5291,21
5291,25
5292,9
5292,15
5293,9
5293,20
5294,3
5294,5
5294,10
5294,8
5295,3
5295,11
5295,6
5295,4
5296,9
5296,17
5296,25
5296,7
5297,3
5297,9
5298,9
5298,6
5298,15
5298,8
5299,9
5300,6
5301,8
5302,6
5303,15
5303,8
5304,9
5305,8
5306,1
5306,25
5306,7
5307,1
5307,6
5307,7
5308,9
5309,8
5310,5
5310,9
5311,9
5312,1
5312,9
5312,25
5312,7
5313,1
5313,9
5313,11
5314,8
5315,6
5316,20
5316,7
5317,21
5317,9
5317,25
5318,5
5319,3
5320,8
5321,9
5321,6
5322,9
5323,9
5324,5
5324,9
5324,15
5324,16
5324,8
5325,5
5325,8
5326,5
5326,13
5326,8
5327,6
5327,15
5327,4
5327,10
5329,6
5330,3
5330,25
5331,9
5332,9
5332,25
5332,11
5332,20
5333,9
5334,9
5334,25
5335,4
5336,17
5336,10
5337,9
5338,20
5339,6
5339,10
5340,8
5341,9
5342,6
5342,20
5343,5
5343,9
5343,8
5344,1
5344,9
5344,23
5344,10
5345,9
5345,17
5346,9
5346,13
5346,25
5347,5
5347,9
5347,8
5348,9
5348,7
5349,9
5350,9
5351,8
5352,9
5352,25
5352,7
5353,25
5354,9
5354,17
5355,6
5355,20
5356,6
5357,9
5357,25
5358,25
5359,9
5359,20
5360,9
5360,25
5361,9
5361,6
5362,5
5362,8
5363,6
5363,4
5363,10
5364,9
5364,6
5365,9
5366,1
5367,1
5367,17
5368,9
5368,25
5369,9
5370,3
5370,17
5370,4
5370,10
5371,9
5371,13
5372,20
5372,26
5373,11
5373,6
5373,10
5374,16
5374,8
5375,9
5375,6
5376,9
5377,1
5377,21
5377,25
5377,14
5378,26
5379,9
5380,9
5381,9
5382,5
5382,9
5383,5
5383,15
5383,8
5384,9
5385,25
5386,25
5387,9
5387,20
5388,9
5389,25
5389,14
5390,9
5390,6
5390,20
5391,9
5392,25
5393,9
5394,14
5394,16
5395,6
5395,15
5396,9
5397,8
5398,8
5399,21
5399,25
5400,8
5401,5
5401,6
5401,16
5401,8
5402,1
5402,3
5402,21
5402,11
5402,4
5403,1
5403,25
5404,1
5404,3
5404,9
5404,13
5404,26
5405,9
5405,26
5406,9
5406,13
5406,8
5406,18
5407,8
5408,1
5408,11
5408,14
5409,9
5409,6
5410,5
5410,8
5411,9
5412,9
5413,25
5413,7
5414,1
5414,25
5414,6
5414,7
5415,1
5415,3
5415,9
5415,25
5416,23
5416,8
5417,9
5417,20
5418,1
5418,21
5418,9
5418,25
5418,14
5419,25
5419,14
5420,9
5420,20
5421,9
5422,25
5422,14
5423,9
5423,25
5423,14
5424,9
5424,8
5425,20
5425,15
5425,4
5426,9
5427,1
5427,3
5427,21
5427,11
5427,10
5428,9
5429,1
5429,9
5429,25
5429,7
5430,1
5430,17
5430,25
5430,14
5430,7
5431,9
5432,9
5432,20
5433,8
5434,9
5435,9
5435,7
5436,9
5437,1
5437,25
5437,11
5438,9
5438,25
5439,9
5439,8
5440,3
5440,11
5440,4
5440,10
5441,9
5441,6
5441,7
5442,1
5442,6
5442,20
5443,1
5443,3
5443,25
5444,25
5445,9
5445,6
5445,20
5446,9
5446,20
5446,16
5447,9
5447,6
5448,9
5449,6
5450,9
5450,6
5451,9
5452,9
5452,6
5453,11
5453,4
5453,10
5454,8
5455,1
5455,6
5456,6
5457,6
5458,9
5458,25
5458,7
5459,8
5460,6
5461,9
5461,6
5462,9
5463,9
5463,20
5464,9
5465,6
5466,8
5467,1
5467,3
5467,21
5467,11
5468,9
5468,6
5468,20
5469,8
5470,14
5471,25
5471,6
5471,20
5471,7
5471,15
5472,5
5472,20
5472,15
5472,8
5473,9
5473,6
5474,8
5475,1
5475,6
5475,7
5476,6
5477,6
5477,20
5478,9
5479,9
5479,26
5480,6
5481,6
5482,9
5482,6
5482,10
5483,1
5483,9
5483,25
5484,6
5485,9
5486,21
5486,9
5486,11
5487,8
5488,1
5488,25
5488,7
5489,6
5490,9
5490,20
5491,9
5492,9
5492,20
5493,1
5493,3
5493,21
5493,9
5493,25
5494,1
5494,25
5494,7
5495,9
5495,6
5496,8
5497,8
5498,20
5499,23
5499,6
5500,25
5500,14
5501,6
5501,20
5502,3
5502,9
5502,11
5502,6
5503,6
5504,21
5504,9
5504,20
5505,1
5505,3
5505,11
5506,25
5506,14
5507,6
5507,20
5508,8
5509,9
5509,6
5509,20
5510,9
5510,25
5511,1
5511,25
5512,3
5512,9
5513,9
5513,6
5514,6
5515,9
5516,9
5517,9
5517,6
5518,14
5518,6
5519,3
5519,9
5519,20
5520,5
5520,15
5520,8
5521,9
5522,6
5523,1
5523,21
5523,25
5524,9
5524,6
5525,21
5525,25
5525,14
5526,5
5526,9
5527,6
5528,8
5529,8
5530,9
5531,23
5531,8
5532,9
5532,20
5533,6
5534,5
5534,15
5534,8
5535,1
5535,9
5535,13
5535,26
5536,8
5537,9
5538,9
5539,14
5540,6
5540,20
5541,8
5542,8
5543,9
5544,8
5545,9
5545,25
5546,9
5546,6
5546,7
5547,13
5547,17
5547,8
5547,18
5548,9
5548,7
5549,9
5550,1
5550,25
5550,7
5551,9
5551,15
5552,1
5552,25
5552,7
5553,9
5553,25
5554,6
5554,20
5555,9
5555,6
5555,20
5556,3
5556,4
5556,10
5557,17
5557,25
5558,1
5558,9
5558,13
5559,9
5559,6
5559,20
5560,9
5560,6
5560,10
5560,8
5561,8
5562,9
5562,25
5562,14
5562,7
5563,1
5563,3
5563,21
5563,25
5564,9
5564,6
5565,9
5565,6
5566,9
5566,6
5567,9
5568,9
5568,17
5568,25
5568,11
5568,14
5568,6
5569,9
5569,6
5570,6
5570,7
5571,9
5571,6
5571,20
5572,9
5573,17
5573,6
5573,7
5574,8
5575,13
5575,8
5575,18
5576,1
5576,25
5577,6
5578,9
5578,25
5578,14
5578,7
5579,9
5579,6
5579,15
5580,5
5580,13
5580,15
5580,8
5581,9
5581,6
5582,6
5583,9
5583,6
5584,1
5584,3
5584,21
5584,25
5584,26
5585,21
5585,17
5585,25
5586,5
5586,13
5586,8
5587,9
5588,8
5589,6
5589,20
5590,8
5591,9
5591,25
5591,14
5592,8
5593,9
5593,7
5594,9
5595,6
5595,20
5595,10
5596,25
5597,9
5598,9
5598,6
5598,20
5599,8
5600,25
5600,14
5601,1
5601,21
5601,6
5602,9
5602,6
5603,9
5603,6
5603,20
5604,5
5604,8
5605,9
5606,9
5606,6
5607,6
5608,6
5608,7
5608,4
5608,10
5609,9
5609,16
5610,9
5610,23
5611,9
5611,13
5611,26
5612,9
5613,6
5614,8
5615,25
5615,14
5615,6
5616,1
5616,3
5616,9
5616,11
5617,8
5618,5
5618,15
5618,8
5619,9
5620,9
5621,9
5622,6
5623,3
5623,6
5623,4
5623,10
5624,5
5624,6
5624,16
5624,8
5625,9
5625,6
5626,1
5626,3
5626,21
5626,9
5626,25
5626,14
5627,6
5628,5
5628,13
5628,8
5629,9
5630,21
5630,9
5630,6
5631,9
5632,9
5632,6
5632,20
5632,16
5633,15
5633,8
5634,6
5635,1
5635,25
5635,20
5636,25
5636,14
5637,25
5638,9
5638,6
5639,9
5640,1
5640,25
5640,11
5640,14
5641,1
5641,3
5641,11
5641,6
5641,4
5641,10
5642,8
5643,21
5643,9
5643,6
5643,20
5644,9
5644,13
5644,7
5644,8
5645,5
5645,9
5645,15
5646,6
5646,20
5647,9
5647,11
5648,9
5649,9
5650,6
5651,5
5651,9
5651,6
5652,15
5652,8
5653,9
5654,5
5654,15
5654,8
5655,9
5655,6
5656,11
5656,6
5657,9
5658,1
5658,3
5658,25
5658,11
5659,15
5659,8
5660,23
5660,8
5661,9
5661,6
5662,6
5663,9
5663,25
5663,7
5664,6
5665,9
5665,6
5666,17
5666,25
5666,14
5667,9
5667,25
5667,7
5668,8
5669,9
5670,9
5670,23
5670,8
5671,9
5671,13
5672,9
5672,6
5673,3
5673,6
5673,4
5673,10
5674,9
5674,17
5674,25
5674,14
5675,5
5675,8
5676,9
5677,9
5678,15
5678,8
5679,6
5679,20
5680,9
5681,1
5681,3
5681,9
5681,25
5681,7
5682,8
5683,9
5683,20
5684,8
5685,9
5685,8
5686,11
5686,6
5686,20
5687,8
5688,9
5688,25
5688,6
5688,7
5689,6
5690,9
5691,9
5691,13
5692,9
5692,20
5692,15
5693,21
5693,6
5694,9
5694,20
5695,1
5695,9
5695,25
5696,9
5696,6
5696,20
5697,6
5697,10
5698,9
5698,8
5699,9
5700,13
5700,8
5700,18
5701,3
5701,6
5702,1
5702,3
5702,21
5702,25
5703,8
5704,9
5704,6
5704,20
5705,1
5705,6
5705,8
5706,6
5707,6
5708,5
5708,8
5709,9
5710,25
5711,1
5711,3
5711,17
5711,25
5712,6
5713,8
5714,9
5714,11
5714,6
5715,9
5715,20
5715,16
5716,9
5716,6
5717,9
5717,25
5717,7
5718,9
5719,9
5720,3
5720,11
5720,14
5720,6
5720,4
5720,10
5721,21
5721,9
5721,6
5721,7
5722,8
5723,9
5723,15
5723,16
5724,25
5724,14
5725,1
5725,3
5725,25
5726,9
5727,9
5727,6
5728,1
5728,6
5728,20
5729,9
5729,13
5729,8
5729,18
5730,9
5730,6
5731,9
5731,25
5732,1
5732,25
5733,8
5734,6
5735,8
5736,9
5737,25
5737,14
5738,14
5738,6
5739,9
5739,7
5739,27
5740,21
5740,9
5740,25
5741,10
5742,9
5743,6
5744,15
5744,8
5745,8
5746,1
5746,3
5747,9
5747,25
5748,25
5748,14
5749,9
5749,17
5749,25
5749,14
5749,7
5750,9
5751,6
5752,8
5753,8
5754,25
5754,8
5755,9
5755,6
5755,20
5756,9
5757,1
5757,25
5758,9
5759,6
5760,9
5760,25
5760,20
5761,25
5761,11
5761,4
5761,10
5762,25
5762,14
5763,9
5763,6
5763,20
5764,9
5764,25
5765,9
5766,9
5766,6
5767,1
5767,3
5767,21
5767,13
5767,25
5767,14
5768,10
5768,8
5769,9
5770,9
5771,9
5772,23
5772,20
5773,5
5773,8
5774,1
5774,21
5774,25
5774,7
5775,9
5775,17
5775,25
5775,7
5776,9
5777,8
5778,25
5778,14
5779,13
5779,8
5779,18
5780,8
5781,8
5782,6
5782,15
5783,9
5783,20
5784,13
5784,8
5784,18
5785,8
5786,9
5787,6
5787,10
5788,13
5788,8
5788,18
5789,6
5789,4
5789,10
5790,1
5790,21
5790,25
5790,7
5791,6
5791,20
5791,15
5792,1
5792,3
5792,11
5793,6
5794,11
5794,4
5795,3
5795,25
5795,11
5796,23
5796,8
5797,8
5798,8
5799,9
5800,5
5800,8
5801,6
5802,8
5803,8
5803,18
5804,6
5805,21
5805,14
5805,6
5805,4
5805,10
5806,21
5806,9
5806,11
5806,6
5806,4
5807,9
5807,13
5807,26
5808,9
5809,1
5809,9
5809,25
5809,7
5810,8
5811,9
5811,6
5811,20
5812,25
5813,25
5813,14
5814,9
5814,20
5815,6
5816,9
5817,21
5817,9
5817,17
5818,6
5818,20
5819,9
5819,6
5820,1
5820,6
5821,9
5821,7
5822,9
5823,9
5824,9
5825,9
5826,8
5827,9
5827,6
5827,7
5828,9
5829,17
5829,25
5829,14
5829,7
5830,9
5830,6
5831,9
5831,25
5831,14
5832,9
5833,8
5834,3
5834,10
5835,21
5835,9
5835,11
5836,14
5837,1
5837,17
5837,25
5837,7
5838,6
5839,15
5839,8
5840,8
5841,8
5842,6
5842,20
5843,9
5844,1
5844,9
5845,6
5846,9
5846,6
5846,20
5847,9
5848,9
5848,23
5849,21
5849,9
5849,17
5850,6
5851,8
5852,1
5852,9
5852,25
5852,7
5853,17
5853,25
5853,14
5854,25
5854,14
5855,9
5855,10
5856,25
5857,9
5858,8
5859,9
5860,6
5860,4
5861,8
5862,8
5863,9
5863,20
5864,9
5865,5
5865,9
5865,8
5866,9
5866,14
5866,20
5867,9
5868,21
5868,25
5868,14
5869,6
5870,1
5871,9
5871,6
5872,14
5872,6
5872,20
5873,3
5873,6
5873,4
5873,10
5874,9
5875,9
5875,13
5875,20
5876,5
5876,8
5877,9
5877,25
5877,14
5878,9
5878,17
5878,20
5879,9
5880,9
5881,5
5881,9
5881,13
5881,26
5882,6
5883,1
5883,3
5883,25
5883,7
5884,9
5885,9
5886,9
5887,8
5888,9
5889,8
5890,21
5890,9
5890,6
5891,8
5892,8
5893,9
5893,6
5894,9
5894,6
5894,20
5895,3
5895,9
5895,25
5895,11
5895,20
5896,3
5896,9
5897,1
5898,3
5898,11
5898,4
5898,10
5899,8
5900,5
5900,9
5901,9
5901,17
5901,20
5902,8
5903,8
5904,9
5904,6
5904,20
5905,9
5906,1
5906,9
5907,9
5907,25
5907,7
5908,8
5909,9
5910,9
5911,1
5911,25
5911,14
5912,1
5912,21
5912,25
5913,9
5913,8
5914,9
5914,6
5915,9
5915,25
5915,7
5916,5
5916,9
5917,5
5917,9
5917,13
5917,6
5918,9
5919,6
5920,6
5920,20
5920,8
5921,9
5921,23
5921,6
5921,20
5922,8
5923,9
5924,3
5924,4
5925,5
5925,13
5925,15
5925,8
5926,8
5927,9
5927,17
5927,6
5927,4
5928,9
5929,5
5929,15
5929,8
5930,5
5930,13
5930,15
5930,8
5931,6
5931,20
5932,6
5932,7
5933,9
5934,3
5934,11
5935,9
5936,9
5936,20
5937,6
5938,1
5938,9
5938,13
5938,25
5939,9
5940,9
5941,11
5942,1
5942,9
5942,25
5942,7
5943,9
5944,3
5944,9
5945,1
5945,9
5945,13
5945,25
5946,6
5947,1
5947,3
5947,9
5947,7
5947,27
5948,9
5948,25
5948,20
5948,16
5949,6
5950,8
5951,9
5951,20
5952,25
5953,9
5954,9
5954,6
5955,8
5956,9
5957,14
5958,14
5958,6
5959,9
5959,13
5960,9
5960,6
5961,1
5961,9
5961,25
5961,7
5962,6
5963,9
5963,6
5964,9
5964,6
5965,1
5965,6
5965,7
5966,1
5966,13
5966,8
5966,18
5967,8
5968,9
5968,25
5968,7
5969,9
5969,14
5970,9
5970,7
5971,9
5972,9
5973,17
5973,14
5974,3
5974,7
5974,8
5974,18
5975,1
5975,25
5975,7
5976,9
5977,1
5977,11
5977,14
5977,6
5978,8
5979,21
5979,11
5979,14
5979,6
5980,9
5981,6
5982,1
5982,25
5982,7
5983,6
5984,9
5985,9
5985,20
5986,15
5986,8
5987,1
5987,25
5987,7
5988,9
5988,25
5989,5
5989,13
5989,8
5990,8
5991,8
5992,9
5992,14
5992,6
5992,20
5993,9
5994,6
5995,8
5996,6
5996,7
5997,9
5997,25
5997,26
5998,9
5999,9
5999,6
5999,20
6000,9
6000,25
6000,7
6001,9
6002,1
6002,11
6003,25
6003,14
6004,1
6004,25
6004,7
6005,9
6005,11
6005,20
6006,9
6006,17
6006,25
6006,20
6007,3
6007,21
6007,6
6007,4
6007,10
6008,9
6009,9
6009,13
6010,5
6011,1
6011,9
6011,25
6012,5
6012,9
6012,17
6012,7
6012,8
6013,8
6014,9
6015,9
6015,26
6016,21
6016,25
6016,14
6017,9
6018,9
6018,17
6018,25
6018,20
6019,6
6019,20
6020,9
6020,25
6021,1
6021,9
6021,25
6022,6
6023,8
6024,13
6024,6
6024,15
6024,8
6025,3
6025,9
6025,11
6025,20
6026,8
6027,9
6027,10
6028,9
6029,25
6030,9
6030,17
6030,25
6030,14
6031,17
6032,9
6033,25
6033,14
6034,1
6034,9
6034,7
6035,9
6035,26
6036,9
6037,13
6037,8
6037,18
6038,9
6039,1
6039,9
6039,25
6039,7
6040,8
6041,9
6042,9
6042,13
6042,26
6043,8
6044,6
6044,20
6045,1
6045,3
6045,11
6045,10
6046,6
6047,14
6048,9
6048,17
6048,25
6049,9
6049,25
6049,7
6050,9
6051,5
6051,8
6052,9
6052,4
6052,10
6053,9
6054,9
6054,6
6055,8
6056,9
6056,6
6057,15
6057,8
6058,9
6058,25
6058,6
6058,7
6059,25
6060,6
6061,21
6061,9
6061,11
6061,20
6062,9
6063,9
6063,6
6063,20
6064,14
6065,6
6065,20
6066,9
6066,7
6067,9
6067,6
6067,7
6068,9
6068,15
6069,5
6069,9
6070,9
6070,20
6070,26
6071,8
6072,9
6073,26
6073,8
6074,1
6074,25
6075,6
6076,3
6076,6
6076,4
6076,10
6077,5
6077,9
6077,6
6077,16
6078,1
6078,3
6078,25
6078,7
6079,9
6079,11
6080,25
6081,9
6082,9
6082,6
6082,10
6083,1
6083,3
6083,21
6083,25
6084,9
6084,6
6085,9
6086,8
6087,1
6087,3
6087,21
6087,25
6087,20
6088,9
6088,7
6089,9
6090,5
6091,9
6092,9
6092,6
6093,5
6093,9
6093,10
6093,8
6094,17
6094,25
6094,14
6095,8
6096,9
6096,25
6096,20
6097,14
6097,6
6098,25
6098,14
6099,8
6100,9
6101,9
6102,25
6102,11
6102,6
6103,9
6103,25
6104,9
6104,17
6104,25
6104,7
6105,21
6105,9
6106,5
6106,9
6106,23
6107,21
6107,25
6107,14
6108,9
6108,25
6109,9
6109,6
6110,6
6110,20
6111,25
6111,14
6111,6
6112,9
6112,6
6113,13
6113,23
6113,8
6114,9
6114,20
6115,8
6116,8
6117,8
6118,9
6118,15
6119,7
6119,8
6120,17
6120,25
6121,1
6121,3
6121,21
6121,17
6121,25
6122,25
6122,14
6123,6
6123,8
6124,9
6124,6
6124,20
6124,4
6125,9
6125,6
6126,3
6126,9
6126,25
6126,10
6127,25
6127,7
6128,1
6128,3
6128,5
6128,9
6128,13
6129,9
6130,9
6131,1
6131,9
6131,25
6131,6
6131,7
6132,9
6133,9
6133,17
6133,25
6133,20
6133,7
6134,6
6135,1
6135,25
6136,25
6137,9
6138,15
6138,8
6139,6
6139,20
6139,16
6140,9
6140,27
6141,9
6142,9
6143,1
6143,3
6143,21
6143,25
6143,11
6144,14
6145,6
6145,20
6146,8
6147,9
6148,5
6148,9
6148,25
6148,7
6149,9
6149,10
6150,5
6150,15
6150,8
6151,3
6151,25
6151,14
6151,7
6152,9
6152,6
6153,1
6153,9
6153,25
6153,7
6154,25
6154,14
6155,6
6155,20
6156,6
6157,8
6158,9
6158,20
6159,4
6160,8
6161,9
6162,16
6162,8
6163,1
6163,3
6163,21
6163,25
6164,9
6164,15
6165,9
6166,25
6166,14
6167,1
6167,25
6168,9
6168,6
6169,9
6170,9
6170,6
6171,8
6172,6
6173,9
6173,20
6174,3
6174,11
6174,6
6174,4
6174,10
6175,1
6175,3
6175,25
6175,7
6176,9
6177,6
6177,8
6178,5
6178,9
6179,1
6179,3
6179,21
6179,17
6180,25
6180,14
6181,8
6182,17
6182,25
6182,7
6183,15
6183,8
6183,18
6184,9
6184,25
6185,1
6185,9
6185,17
6185,25
6186,21
6186,6
6186,15
6187,6
6188,9
6188,11
6189,9
6189,8
6190,8
6191,9
6191,6
6191,20
6192,11
6192,14
6192,6
6193,6
6194,1
6194,25
6194,7
6195,21
6195,25
6195,14
6196,9
6197,1
6197,9
6197,25
6197,6
6197,7
6198,9
6198,17
6199,9
6200,8
6201,8
6202,8
6203,1
6203,21
6203,11
6203,6
6204,8
6205,9
6206,9
6206,25
6206,14
6207,9
6207,8
6208,8
6209,1
6209,25
6209,14
6209,6
6210,9
6210,13
6210,26
6211,1
6211,3
6211,21
6211,11
6212,3
6212,8
6213,9
6213,6
6213,7
6214,1
6214,9
6215,25
6216,9
6216,25
6217,25
6217,14
6217,7
6218,3
6218,11
6218,6
6218,4
6218,10
6219,8
6220,9
6221,9
6221,6
6221,20
6221,15
6222,1
6222,3
6222,21
6222,9
6222,25
6222,14
6223,8
6224,14
6224,6
6225,8
6226,9
6226,25
6226,11
6226,14
6227,9
6228,8
6229,6
6230,9
6230,20
6231,9
6232,1
6232,9
6232,25
6232,7
6233,9
6233,6
6234,1
6234,6
6234,7
6235,13
6235,6
6235,15
6235,8
6236,1
6236,9
6236,25
6237,8
6238,3
6238,21
6238,6
6238,7
6238,4
6238,10
6239,6
6239,8
6240,1
6240,3
6240,27
6241,9
6242,9
6242,6
6243,5
6243,23
6243,10
6243,8
6244,5
6244,9
6244,6
6245,9
6245,6
6246,13
6246,8
6247,3
6247,6
6248,6
6249,5
6249,9
6250,6
6251,1
6251,9
6251,25
6251,26
6252,1
6252,3
6252,21
6252,11
6253,1
6253,9
6253,6
6253,7
6254,9
6255,8
6255,18
6256,6
6257,9
6258,25
6258,14
6259,9
6260,25
6260,14
6261,6
6262,3
6262,23
6262,6
6262,4
6262,10
6263,9
6263,8
6264,9
6265,17
6265,25
6265,14
6266,6
6267,21
6267,25
6267,14
6267,6
6268,5
6268,8
6269,5
6269,9
6269,13
6269,8
6270,9
6270,25
6270,7
6271,1
6271,11
6271,6
6271,7
6272,1
6272,25
6272,6
6272,7
6273,13
6273,7
6273,8
6274,5
6274,25
6274,14
6275,9
6276,9
6276,6
6277,25
6277,7
6278,1
6278,9
6278,25
6278,7
6279,1
6279,21
6279,14
6280,25
6281,21
6281,14
6282,17
6283,6
6283,20
6284,1
6284,3
6284,21
6284,11
6285,9
6285,25
6285,7
6286,13
6286,25
6286,7
6286,8
6287,11
6287,6
6287,4
6287,10
6288,9
6288,6
6288,8
6289,1
6289,9
6289,25
6289,6
6289,7
6290,14
6290,6
6291,9
6291,23
6292,21
6292,25
6292,14
6293,9
6294,23
6294,8
6295,9
6296,9
6296,25
6297,8
6298,9
6298,6
6298,20
6299,9
6300,1
6300,3
6300,9
6300,11
6300,10
6301,6
6301,7
6302,9
6302,25
6302,7
6303,1
6303,21
6303,9
6303,25
6304,6
6304,20
6305,6
6306,9
6306,25
6306,14
6307,5
6307,9
6308,9
6308,13
6308,8
6308,18
6309,3
6309,6
6309,4
6309,10
6310,9
6310,6
6311,8
6312,13
6312,8
6312,18
6313,9
6313,26
6314,9
6315,9
6315,20
6315,7
6316,6
6316,20
6317,8
6318,8
6319,5
6319,9
6320,1
6320,25
6320,6
6320,7
6321,5
6321,9
6321,13
6322,9
6322,25
6323,1
6323,5
6323,9
6323,8
6324,9
6325,9
6326,1
6326,3
6326,9
6326,17
6326,11
6326,20
6327,17
6327,25
6328,9
6328,6
6328,20
6329,9
6330,9
6330,13
6330,10
6331,9
6331,25
6332,9
6333,5
6333,13
6333,25
6333,7
6334,1
6334,5
6334,9
6335,5
6335,23
6335,26
6335,8
6336,1
6336,21
6336,6
6337,9
6338,9
6339,25
6339,14
6339,6
6340,9
6340,17
6340,25
6340,7
6341,13
6341,8
6341,18
6342,9
6343,9
6343,6
6344,9
6344,13
6344,8
6344,18
6345,1
6345,7
6346,1
6346,9
6346,6
6347,15
6347,8
6348,5
6348,13
6348,8
6349,9
6349,17
6349,25
6349,7
6350,9
6350,6
6350,20
6351,8
6352,8
6353,9
6354,9
6355,1
6355,21
6355,25
6356,13
6356,8
6357,5
6357,13
6357,15
6357,8
6358,14
6358,6
6359,5
6359,8
6360,9
6361,13
6361,8
6361,18
6362,8
6363,6
6364,13
6364,8
6364,18
6365,1
6365,21
6365,25
6366,8
6367,9
6368,9
6369,5
6369,9
6369,13
6370,8
6371,6
6371,8
6372,9
6373,9
6373,7
6374,10
6374,8
6375,8
6376,5
6376,8
6376,18
6377,8
6378,25
6378,14
6379,9
6380,9
6381,8
6382,1
6382,9
6382,25
6382,6
6382,7
6383,9
6384,6
6385,6
6386,9
6386,25
6386,7
6387,5
6387,9
6387,8
6387,18
6388,15
6389,9
6389,6
6390,9
6390,23
6390,8
6391,5
6391,6
6392,1
6392,5
6392,9
6393,3
6393,6
6394,9
6394,25
6394,7
6395,1
6395,5
6395,9
6395,23
6396,9
6396,6
6397,1
6397,21
6397,25
6398,23
6398,8
6399,3
6399,9
6399,25
6399,26
6400,9
6400,8
6401,6
6402,21
6402,11
6402,6
6402,4
6402,10
6403,9
6403,6
6403,20
6404,8
6405,1
6405,15
6405,16
6406,9
6407,5
6407,13
6407,15
6407,8
6408,1
6408,9
6408,25
6408,7
6409,9
6409,20
6410,6
6411,9
6411,25
6411,14
6412,6
6412,20
6413,9
6413,13
6413,25
6413,8
6414,9
6414,8
6415,9
6416,6
6417,9
6417,6
6418,25
6418,14
6418,20
6419,14
6419,6
6420,9
6420,13
6420,15
6421,9
6422,9
6422,20
6422,15
6423,21
6423,9
6423,17
6423,25
6424,9
6424,15
6424,10
6425,8
6426,14
6427,9
6427,17
6427,25
6428,6
6428,20
6429,9
6429,25
6429,7
6430,9
6430,7
6431,8
6432,3
6432,8
6433,17
6433,25
6433,14
6433,20
6434,9
6435,8
6436,1
6436,3
6436,5
6436,9
6436,25
6436,7
6437,25
6437,14
6438,9
6438,11
6438,14
6439,14
6439,6
6440,8
6441,9
6441,25
6441,14
6441,20
6442,1
6442,25
6442,7
6443,9
6443,20
6444,25
6444,27
6445,9
6446,21
6446,17
6446,7
6446,8
6447,6
6448,5
6448,9
6449,5
6449,9
6449,25
6449,20
6450,5
6450,9
6450,13
6451,9
6451,6
6452,1
6452,3
6452,9
6453,8
6454,21
6454,6
6455,8
6456,8
6457,21
6457,9
6457,14
6458,8
6459,1
6459,21
6459,9
6459,17
6459,25
6459,7
6460,17
6460,25
6460,14
6461,9
6461,20
6462,9
6462,6
6463,8
6464,5
6464,9
6464,25
6464,8
6465,8
6465,18
6466,8
6467,9
6468,9
6469,25
6470,9
6470,20
6471,9
6472,8
6473,6
6473,8
6474,8
6475,9
6475,25
6475,7
6476,9
6476,13
6476,6
6476,8
6476,18
6477,9
6477,25
6478,21
6478,9
6478,11
6478,6
6478,20
6479,9
6479,25
6480,9
6480,6
6480,10
6481,9
6482,5
6482,9
6482,13
6483,5
6483,9
6483,20
6484,1
6484,3
6484,21
6485,3
6485,6
6485,4
6485,10
6486,9
6486,6
6487,6
6488,1
6488,9
6489,21
6489,9
6489,11
6489,20
6490,5
6490,9
6490,8
6491,5
6491,9
6492,9
6492,20
6492,15
6493,9
6493,8
6493,18
6494,8
6495,9
6495,8
6495,18
6496,6
6496,20
6497,15
6497,8
6498,3
6498,6
6499,8
6500,8
6501,9
6501,25
6501,7
6502,9
6502,20
6503,1
6503,9
6503,25
6503,26
6504,23
6504,8
6505,25
6505,7
6506,5
6506,9
6506,20
6507,8
6508,9
6508,26
6509,8
6510,9
6510,17
6510,25
6511,5
6511,9
6511,13
6511,20
6511,26
6511,4
6512,1
6512,3
6512,11
6513,5
6513,8
6514,8
6515,1
6515,9
6515,25
6515,6
6515,20
6516,9
6516,6
6517,8
6518,9
6518,6
6518,20
6519,9
6519,11
6520,3
6520,9
6521,9
6522,9
6522,6
6523,9
6523,6
6524,8
6525,9
6525,6
6526,9
6527,4
6527,8
6528,8
6528,18
6529,9
6530,9
6531,1
6531,3
6531,21
6531,9
6531,25
6532,8
6533,9
6533,16
6534,9
6535,8
6536,1
6536,3
6536,17
6536,25
6536,11
6536,6
6536,20
6536,4
6536,10
6536,16
6537,1
6537,25
6537,7
6538,1
6538,9
6538,17
6538,25
6539,5
6539,9
6539,13
6540,8
6541,5
6541,13
6541,8
6541,18
6542,9
6542,25
6542,7
6543,3
6543,9
6543,10
6544,9
6544,15
6545,5
6545,9
6545,23
6545,8
6546,17
6546,25
6546,20
6547,9
6548,9
6549,9
6549,25
6549,7
6550,21
6550,25
6550,14
6551,8
6552,9
6552,20
6552,26
6553,9
6553,6
6554,8
6555,9
6555,13
6555,25
6555,7
6556,25
6556,14
6557,9
6557,25
6558,5
6558,9
6558,13
6558,6
6558,15
6558,10
6559,9
6560,3
6560,9
6560,11
6561,8
6562,9
6562,6
6563,6
6564,21
6564,9
6564,6
6564,20
6565,8
6566,9
6567,9
6567,17
6568,9
6569,1
6569,3
6569,4
6569,10
6569,8
6570,6
6570,7
6571,1
6571,3
6571,9
6571,11
6572,9
6572,6
6573,23
6573,6
6574,15
6574,8
6575,5
6575,9
6575,20
6576,3
6576,9
6576,11
6576,6
6577,5
6577,9
6577,6
6577,7
6578,9
6579,1
6579,5
6579,9
6579,25
6579,26
6580,9
6580,17
6580,20
6580,7
6581,1
6581,9
6581,7
6582,9
6583,25
6583,14
6584,13
6584,15
6584,8
6585,3
6586,9
6586,25
6586,7
6587,1
6587,9
6587,25
6588,8
6589,9
6590,1
6590,14
6591,21
6591,14
6591,6
6592,3
6592,11
6592,10
6593,25
6593,14
6594,1
6594,3
6595,9
6596,9
6596,25
6597,9
6597,13
6597,26
6598,9
6599,25
6599,6
6599,7
6600,14
6601,6
6602,1
6602,9
6602,17
6602,25
6603,9
6604,9
6605,3
6605,8
6606,1
6606,6
6607,3
6607,6
6607,4
6607,10
6608,9
6608,25
6608,7
6609,1
6609,25
6610,9
6611,9
6611,6
6612,1
6612,21
6612,25
6612,11
6612,14
6613,9
6614,9
6614,25
6615,8
6616,9
6616,13
6616,25
6616,8
6617,5
6617,8
6618,6
6618,20
6619,6
6620,9
6620,6
6620,20
6621,6
6621,20
6622,6
6622,20
6623,9
6623,25
6624,5
6624,9
6624,15
6624,8
6625,1
6625,25
6626,6
6627,9
6627,13
6627,25
6627,14
6628,21
6628,9
6628,25
6628,11
6629,6
6630,9
6630,7
6630,8
6630,18
6631,6
6632,25
6632,14
6633,9
6634,1
6634,3
6634,11
6634,6
6634,4
6634,10
6635,1
6635,3
6635,5
6635,9
6635,13
6635,25
6635,6
6635,26
6636,1
6636,9
6636,17
6636,25
6636,7
6637,9
6637,6
6638,1
6638,17
6638,11
6638,14
6638,6
6639,6
6640,1
6640,21
6640,25
6640,7
6641,9
6641,6
6641,20
6642,6
6643,6
6644,1
6644,9
6644,25
6644,7
6645,9
6645,20
6646,9
6646,6
6646,20
6647,9
6648,9
6648,25
6648,7
6649,9
6649,25
6649,14
6650,9
6650,17
6650,11
6650,20
6651,9
6652,1
6652,9
6652,25
6652,7
6653,9
6653,6
6653,20
6654,1
6654,6
6654,7
6655,8
6656,9
6656,25
6656,7
6657,9
6657,25
6658,1
6658,3
6658,9
6658,13
6658,20
6659,9
6659,6
6659,10
6660,9
6660,6
6660,4
6660,10
6661,6
6662,1
6662,17
6662,25
6663,17
6663,25
6663,14
6663,6
6664,9
6665,1
6665,26
6666,9
6666,25
6666,7
6667,9
6667,20
6668,8
6669,1
6669,9
6669,11
6669,26
6670,9
6670,25
6671,17
6671,25
6672,17
6672,14
6673,9
6674,17
6674,25
6674,14
6675,3
6675,11
6675,6
6676,3
6676,21
6676,6
6676,4
6676,10
6677,9
6677,6
6677,20
6678,9
6678,6
6679,1
6679,3
6679,21
6679,4
6680,6
6681,9
6681,6
6682,8
6683,25
6683,14
6684,17
6684,25
6685,13
6685,14
6685,6
6685,8
6686,9
6686,6
6687,1
6687,9
6687,25
6687,7
6688,9
6688,6
6689,6
6689,20
6690,13
6690,8
6691,6
6691,7
6692,9
6692,6
6693,9
6693,25
6694,9
6694,17
6694,6
6694,7
6695,6
6696,9
6696,13
6696,8
6697,9
6697,25
6697,7
6698,25
6698,6
6699,1
6699,3
6699,21
6699,9
6699,20
6700,9
6701,21
6701,8
6702,9
6702,20
6703,9
6704,9
6704,17
6704,25
6704,7
6705,3
6705,6
6705,7
6705,10
6705,16
6706,9
6707,9
6707,7
6708,9
6709,6
6710,6
6711,9
6711,20
6712,5
6713,8
6714,9
6715,6
6715,15
6715,8
6716,1
6716,3
6716,9
6716,11
6717,1
6717,9
6717,25
6717,7
6718,1
6718,25
6718,7
6719,9
6719,6
6719,7
6720,9
6720,13
6720,27
6721,8
6722,25
6722,6
6723,21
6723,25
6723,14
6724,1
6724,3
6724,21
6724,25
6725,9
6725,6
6726,9
6727,1
6727,25
6727,7
6728,3
6728,5
6728,10
6728,8
6728,22
6729,9
6729,17
6730,5
6730,13
6730,17
6730,7
6730,8
6731,6
6732,21
6732,9
6732,25
6732,14
6733,8
6734,5
6734,25
6734,8
6734,18
6735,6
6736,8
6737,9
6737,23
6738,6
6738,20
6739,9
6740,9
6741,9
6741,13
6741,25
6741,7
6742,14
6743,9
6743,14
6743,20
6744,9
6744,17
6744,25
6744,14
6744,7
6745,3
6745,6
6745,4
6745,10
6746,5
6746,9
6747,9
6748,1
6748,21
6748,9
6748,17
6748,25
6749,25
6749,14
6750,14
6750,6
6751,9
6751,20
6752,6
6753,8
6754,6
6755,16
6756,8
6757,9
6757,25
6757,14
6758,9
6759,6
6760,1
6760,7
6761,9
6761,6
6761,8
6762,9
6762,6
6763,25
6764,1
6764,9
6764,7
6765,9
6765,20
6766,5
6766,13
6766,15
6766,8
6767,1
6767,17
6767,25
6768,9
6768,25
6769,23
6769,8
6770,9
6770,13
6770,25
6771,9
6771,20
6772,21
6772,25
6773,6
6773,20
6774,14
6775,1
6775,9
6775,13
6775,20
6775,26
6776,9
6777,9
6777,6
6778,8
6779,11
6779,6
6780,9
6781,9
6782,14
6783,9
6784,5
6784,10
6784,8
6784,18
6785,9
6786,6
6787,9
6788,8
6789,1
6789,3
6789,11
6790,1
6791,6
6792,6
6793,5
6793,9
6793,25
6793,7
6794,8
6795,9
6796,4
6796,10
6796,16
6797,6
6798,6
6799,9
6800,14
6800,16
6801,9
6801,25
6801,6
6802,6
6803,9
6804,9
6804,27
6805,6
6806,9
6806,8
6807,9
6807,6
6807,20
6808,9
6808,6
6809,1
6809,3
6809,21
6809,25
6809,11
6810,9
6810,20
6811,5
6811,9
6811,23
6812,6
6813,9
6813,17
6813,25
6813,20
6814,25
6814,14
6815,6
6816,9
6816,25
6816,7
6817,5
6817,13
6817,8
6818,9
6819,9
6819,6
6820,5
6820,9
6820,11
6821,1
6821,13
6821,26
6821,8
6822,6
6823,9
6823,6
6823,20
6824,1
6824,3
6824,21
6824,25
6824,11
6825,8
6826,6
6826,27
6827,9
6827,13
6828,5
6828,9
6828,10
6828,8
6829,9
6829,6
6829,7
6830,13
6830,26
6830,8
6830,18
6831,9
6832,1
6832,3
6832,9
6832,17
6832,25
6832,11
6832,20
6832,10
6833,9
6833,25
6834,6
6835,9
6836,6
6837,9
6837,25
6838,9
6838,25
6839,5
6839,9
6839,20
6839,26
6840,9
6840,8
6841,9
6842,1
6842,21
6843,6
6843,20
6844,6
6845,1
6845,9
6845,14
6846,5
6846,8
6847,9
6848,5
6848,8
6848,18
6849,9
6849,20
6850,25
6851,25
6851,14
6852,9
6852,6
6853,3
6853,17
6853,25
6853,14
6854,5
6854,9
6855,1
6855,6
6855,7
6856,9
6857,25
6857,14
6857,6
6858,9
6858,7
6859,9
6859,25
6860,1
6860,3
6860,11
6860,6
6860,4
6860,10
6861,9
6862,13
6862,10
6862,8
6862,18
6863,9
6864,9
6865,9
6866,1
6866,21
6866,14
6867,21
6867,9
6867,7
6868,21
6868,25
6869,5
6869,9
6870,14
6870,6
6871,9
6871,8
6872,21
6872,25
6873,9
6874,5
6874,9
6874,15
6874,16
6875,6
6876,9
6877,9
6878,5
6878,9
6879,6
6879,20
6880,9
6880,20
6881,9
6882,5
6882,13
6882,15
6882,8
6883,5
6883,9
6884,9
6885,9
6885,6
6885,20
6885,15
6886,1
6886,6
6886,7
6887,9
6887,25
6888,6
6888,4
6888,10
6889,9
6890,1
6890,21
6890,9
6890,25
6891,5
6891,7
6891,8
6891,18
6892,6
6893,1
6893,3
6893,21
6894,15
6894,8
6895,9
6896,5
6896,7
6896,8
6897,8
6898,1
6898,25
6898,14
6898,7
6899,3
6899,21
6899,10
6900,6
6901,6
6902,9
6902,20
6902,15
6903,5
6903,8
6904,9
6905,9
6905,10
6906,9
6906,4
6908,9
6908,6
6909,9
6910,9
6911,1
6911,21
6911,9
6911,25
6912,25
6913,3
6913,6
6914,15
6914,8
6915,1
6915,25
6915,7
6916,9
6916,25
6917,8
6918,9
6918,20
6919,9
6920,1
6920,25
6921,8
6921,18
6922,9
6922,6
6923,9
6924,21
6924,9
6925,9
6925,11
6925,6
6925,20
6926,1
6926,9
6926,17
6926,25
6927,3
6927,6
6927,4
6927,10
6928,9
6928,6
6929,1
6929,25
6929,14
6930,1
6930,21
6930,13
6930,4
6930,8
6931,9
6931,6
6932,9
6932,11
6932,4
6932,10
6933,9
6934,25
6935,9
6935,6
6935,20
6936,14
6937,9
6937,6
6938,1
6938,3
6939,1
6939,21
6939,25
6940,9
6940,6
6940,20
6941,6
6941,8
6942,8
6943,9
6944,9
6945,6
6946,21
6946,25
6946,14
6947,9
6947,6
6948,9
6948,25
6948,7
6949,5
6949,13
6949,15
6949,8
6950,5
6950,9
6950,15
6951,1
6951,3
6951,21
6952,9
6952,10
6953,9
6954,5
6954,9
6954,10
6954,8
6955,9
6955,6
6956,9
6956,6
6956,10
6957,9
6957,8
6958,9
6959,9
6959,17
6960,8
6961,8
6962,1
6962,25
6963,9
6963,20
6963,15
6964,1
6964,3
6964,21
6964,11
6964,6
6964,4
6965,8
6966,9
6966,20
6967,25
6968,9
6968,6
6968,20
6969,1
6969,6
6970,9
6971,4
6972,9
6972,25
6973,3
6973,9
6973,25
6973,8
6974,9
6974,17
6974,6
6974,15
6975,9
6976,9
6976,11
6976,14
6976,6
6976,20
6977,14
6978,1
6978,3
6978,25
6979,21
6979,9
6979,11
6980,9
6980,6
6981,3
6981,11
6981,6
6981,8
6983,1
6983,9
6983,13
6983,25
6984,6
6985,25
6985,14
6986,9
6986,20
6986,15
6987,5
6987,8
6988,9
6989,9
6989,6
6990,1
6990,9
6990,25
6990,7
6991,9
6991,20
6991,7
6992,1
6992,25
6992,7
6993,9
6993,6
6993,20
6994,14
6995,1
6995,25
6996,8
6997,9
6997,23
6998,9
6999,1
6999,25
6999,7
7000,13
7000,10
7000,8
7001,25
7001,14
7002,9
7003,1
7003,9
7004,9
7004,6
7005,6
7005,7
7006,3
7006,21
7006,9
7006,11
7006,4
7007,25
7008,21
7008,9
7008,4
7009,5
7009,9
7010,9
7010,26
7011,17
7011,25
7011,14
7012,9
7012,6
7012,4
7012,10
7013,9
7013,27
7014,9
7014,20
7014,16
7015,3
7015,17
7015,25
7015,11
7015,14
7015,20
7016,9
7016,6
7016,10
7017,13
7017,26
7017,8
7018,5
7018,13
7018,8
7018,18
7019,9
7020,8
7021,9
7021,15
7022,9
7022,6
7023,3
7023,11
7023,6
7023,4
7023,10
7024,9
7024,6
7025,1
7025,5
7025,23
7025,8
7026,9
7026,6
7027,14
7028,21
7028,9
7028,17
7029,9
7029,11
7029,20
7030,9
7030,10
7031,21
7031,25
7031,14
7031,20
7032,5
7032,8
7033,25
7033,14
7033,7
7034,9
7035,15
7035,8
7036,9
7037,9
7037,7
7038,9
7038,25
7038,8
7039,9
7040,9
7040,15
7040,8
7041,1
7041,17
7041,25
7042,1
7042,9
7042,17
7042,25
7042,7
7043,8
7044,9
7044,26
7045,3
7045,9
7045,6
7046,8
7047,9
7047,6
7048,8
7049,9
7049,25
7050,21
7050,9
7050,6
7051,9
7051,6
7051,15
7052,1
7052,21
7052,17
7052,25
7053,21
7053,17
7053,25
7054,21
7054,9
7054,11
7055,9
7055,6
7056,3
7056,5
7056,9
7057,9
7057,14
7057,6
7058,5
7058,9
7058,6
7058,10
7058,8
7059,25
7060,1
7060,25
7060,7
7061,6
7062,5
7062,9
7062,15
7063,9
7063,20
7064,1
7064,9
7064,6
7064,7
7065,9
7065,13
7065,6
7066,3
7066,11
7066,6
7066,4
7066,10
7067,1
7067,25
7067,7
7068,25
7069,6
7069,20
7070,9
7070,6
7071,8
7072,8
7073,14
7074,1
7074,6
7074,7
7075,9
7076,9
7076,17
7076,25
7077,8
7078,14
7079,4
7079,8
7080,1
7080,21
7080,25
7081,25
7082,25
7082,7
7083,9
7084,4
7084,10
7085,5
7085,9
7085,13
7086,9
7086,25
7087,6
7087,10
7088,21
7088,25
7089,1
7089,14
7089,6
7090,1
7090,9
7090,11
7090,14
7090,26
7091,5
7091,23
7091,8
7092,5
7092,9
7092,17
7092,25
7092,7
7093,1
7093,9
7094,5
7094,9
7094,6
7094,15
7095,9
7095,6
7096,9
7097,9
7097,20
7098,9
7099,9
7099,8
7100,17
7100,25
7100,14
7101,9
7101,15
7102,9
7103,9
7104,9
7104,6
7105,9
7105,26
7106,9
7106,6
7107,25
7108,1
7108,9
7108,26
7109,25
7109,14
7109,6
7110,9
7111,9
7111,6
7111,15
7112,9
7112,20
7113,3
7113,11
7113,6
7113,20
7113,4
7113,10
7114,9
7114,11
7114,4
7115,5
7115,13
7115,8
7115,18
7116,1
7116,21
7116,9
7116,27
7117,8
7118,9
7119,9
7119,23
7119,10
7120,8
7121,14
7122,9
7122,6
7123,5
7123,9
7123,15
7123,10
7123,8
7124,1
7124,25
7125,9
7125,6
7125,20
7126,6
7127,5
7127,9
7127,15
7127,10
7128,1
7128,3
7128,25
7128,14
7129,1
7129,9
7129,7
7130,9
7130,25
7131,9
7131,17
7131,25
7132,9
7133,8
7134,8
7135,14
7135,6
7136,17
7136,25
7137,6
7137,20
7137,7
7138,9
7138,25
7138,11
7138,14
7139,9
7139,25
7139,7
7140,13
7140,25
7140,8
7141,8
7142,9
7142,26
7143,1
7143,3
7143,21
7143,17
7144,13
7144,8
7145,5
7145,8
7146,6
7147,9
7147,8
7148,9
7148,13
7149,1
7149,3
7149,21
7149,6
7149,4
7149,10
7150,9
7150,6
7150,20
7150,10
7151,25
7151,14
7152,1
7152,3
7152,23
7152,8
7153,1
7153,25
7153,7
7154,8
7155,5
7155,9
7155,13
7156,5
7156,9
7156,20
7157,9
7157,20
7158,1
7158,9
7158,6
7159,6
7159,20
7159,15
7160,9
7160,25
7160,7
7161,9
7162,9
7162,11
7162,14
7163,6
7164,5
7164,9
7164,23
7164,25
7165,6
7165,10
7166,9
7166,25
7167,17
7168,5
7168,13
7168,23
7168,8
7169,5
7169,9
7170,5
7170,9
7170,20
7170,8
7171,9
7171,27
7172,25
7172,6
7172,20
7173,1
7173,14
7174,9
7175,9
7175,23
7175,8
7176,15
7176,8
7177,25
7177,14
7177,20
7178,9
7178,6
7178,20
7179,21
7179,14
7180,15
7180,8
7181,9
7181,14
7182,13
7182,26
7182,8
7183,9
7184,1
7184,3
7184,21
7184,9
7184,25
7185,9
7186,1
7186,25
7186,14
7187,6
7187,7
7188,3
7188,6
7188,4
7188,10
7189,3
7189,5
7189,9
7189,8
7190,9
7191,8
7192,9
7192,25
7192,14
7193,5
7193,9
7193,25
7193,26
7194,9
7194,8
7195,8
7196,5
7196,9
7197,9
7197,6
7198,21
7198,9
7198,6
7198,20
7199,9
7199,13
7199,8
7200,9
7200,25
7201,6
7201,20
7202,9
7203,25
7203,6
7204,25
7205,9
7206,13
7206,8
7207,9
7208,9
7208,6
7208,20
7209,14
7210,8
7211,9
7211,7
7212,1
7212,3
7212,9
7213,9
7213,6
7214,9
7214,17
7214,6
7214,20
7214,7
7215,9
7216,8
7217,9
7217,6
7218,25
7219,5
7219,9
7219,20
7220,25
7220,6
7221,6
7221,20
7222,8
7223,9
7223,6
7224,6
7225,3
7225,11
7226,9
7226,6
7226,10
7226,16
7227,5
7227,9
7227,13
7228,3
7228,11
7228,6
7228,10
7229,11
7229,4
7229,10
7230,9
7231,9
7232,1
7232,5
7232,9
7232,26
7233,5
7233,9
7234,3
7234,11
7234,6
7234,10
7234,16
7235,9
7236,5
7236,9
7236,13
7237,9
7237,25
7237,7
7238,1
7238,6
7239,1
7239,5
7239,9
7239,13
7239,23
7239,26
7240,7
7240,8
7241,1
7241,9
7241,25
7241,7
7242,17
7242,6
7242,7
7243,13
7243,17
7243,6
7243,8
7244,3
7245,9
7245,25
7245,14
7246,9
7246,13
7246,20
7247,25
7248,8
7249,9
7250,1
7250,21
7250,9
7250,17
7250,25
7251,25
7251,14
7252,9
7252,20
7253,1
7253,25
7253,7
7254,9
7255,9
7256,9
7257,9
7257,6
7257,15
7257,10
7258,6
7259,1
7259,9
7259,17
7259,25
7259,7
7260,1
7260,9
7260,25
7260,7
7261,9
7262,9
7262,6
7263,9
7264,6
7264,10
7265,9
7265,23
7266,9
7266,6
7267,6
7267,20
7268,1
7268,3
7268,21
7268,25
7269,6
7269,20
7270,3
7270,25
7271,9
7272,9
7272,23
7272,8
7273,9
7274,1
7274,9
7274,6
7274,7
7275,9
7275,6
7276,1
7276,9
7276,25
7276,7
7277,9
7277,15
7278,11
7278,4
7278,10
7278,16
7279,25
7280,9
7281,9
7281,6
7282,9
7283,9
7284,3
7284,13
7284,26
7284,8
7285,1
7285,21
7285,25
7286,9
7286,6
7286,20
7287,9
7288,9
7289,21
7289,9
7290,21
7290,25
7291,5
7291,9
7291,16
7292,25
7293,1
7293,9
7293,25
7293,7
7294,13
7294,25
7294,8
7294,18
7295,9
7295,23
7295,15
7295,8
7296,25
7297,1
7297,3
7297,21
7297,11
7298,6
7298,20
7299,5
7299,9
7299,13
7299,6
7299,8
7300,5
7300,13
7300,8
7301,1
7301,3
7302,1
7302,3
7302,11
7302,10
7303,3
7303,6
7303,4
7303,10
7304,25
7304,6
7304,7
7305,25
7305,6
7305,20
7306,9
7306,20
7306,2
7307,9
7308,9
7308,6
7309,1
7309,3
7309,25
7309,6
7309,7
7310,9
7310,20
7311,9
7311,6
7311,20
7311,16
7312,6
7312,20
7313,14
7313,6
7314,9
7315,1
7315,14
7316,9
7317,9
7318,8
7319,5
7319,9
7319,17
7319,25
7319,11
7319,14
7320,9
7320,10
7321,21
7321,6
7322,9
7322,23
7323,6
7324,9
7324,25
7324,6
7325,17
7325,6
7325,20
7326,1
7326,9
7326,25
7326,26
7327,9
7327,6
7327,20
7328,9
7329,8
7330,9
7331,1
7331,25
7332,9
7332,6
7332,20
7332,7
7333,9
7334,9
7334,6
7335,8
7336,25
7336,14
7337,8
7337,18
7338,25
7338,14
7339,9
7339,27
7340,9
7340,6
7341,9
7342,5
7342,13
7342,6
7342,8
7343,9
7343,6
7344,1
7344,21
7344,25
7344,6
7345,9
7345,25
7345,6
7345,7
7346,1
7346,9
7346,25
7346,7
7347,8
7348,9
7348,25
7348,20
7349,6
7350,6
7350,20
7350,7
7351,9
7351,6
7352,9
7352,25
7353,6
7354,9
7355,23
7355,8
7356,3
7356,9
7356,11
7356,20
7356,10
7357,9
7358,8
7359,9
7359,6
7360,17
7360,14
7361,1
7361,9
7361,17
7361,25
7361,7
7362,5
7362,15
7362,8
7363,9
7363,11
7363,6
7364,1
7364,3
7364,21
7364,20
7365,15
7365,8
7366,9
7366,6
7367,9
7368,6
7368,20
7369,9
7369,25
7369,14
7370,5
7370,13
7370,15
7370,8
7371,9
7371,6
7371,15
7372,7
7372,10
7372,8
7373,6
7374,9
7374,27
7375,9
7376,9
7377,21
7377,14
7377,20
7378,1
7378,3
7378,21
7378,25
7378,20
7379,1
7379,9
7379,17
7379,25
7379,7
7380,1
7380,9
7380,25
7380,7
7381,9
7381,6
7382,9
7382,10
7383,9
7384,9
7384,25
7384,7
7385,6
7385,15
7386,6
7387,3
7387,21
7387,11
7387,6
7387,4
7387,10
7388,9
7388,17
7388,25
7388,7
7389,9
7390,9
7391,25
7392,9
7392,25
7393,5
7393,8
7394,9
7395,9
7395,6
7396,9
7397,9
7398,9
7399,9
7399,6
7399,20
7400,9
7401,25
7402,9
7403,1
7403,3
7403,25
7403,7
7404,5
7404,13
7404,15
7404,8
7405,1
7405,3
7406,9
7406,25
7407,25
7407,7
7408,9
7408,25
7408,8
7408,18
7409,9
7409,17
7410,9
7411,9
7411,17
7411,25
7411,7
7412,9
7413,5
7413,9
7414,8
7415,21
7415,9
7415,25
7416,1
7416,25
7417,9
7417,17
7417,25
7417,11
7418,25
7418,14
7419,9
7419,20
7420,9
7420,17
7420,25
7421,9
7422,25
7423,9
7423,25
7424,9
7424,20
7424,10
7425,8
7426,21
7426,9
7426,25
7426,26
7427,1
7427,6
7427,7
7428,9
7428,13
7428,26
7429,1
7430,9
7430,23
7430,6
7431,9
7431,17
7431,25
7432,25
7432,14
7433,15
7433,8
7434,9
7434,25
7435,9
7435,6
7436,1
7436,25
7437,5
7437,15
7437,8
7438,9
7438,6
7438,26
7439,6
7439,8
7440,9
7440,20
7441,9
7441,25
7441,7
7442,8
7443,9
7443,26
7444,5
7444,13
7444,8
7445,5
7445,15
7445,8
7446,6
7447,1
7447,3
7447,21
7447,25
7447,11
7448,25
7448,7
7449,9
7450,9
7450,20
7451,6
7451,20
7452,9
7452,7
7453,5
7454,3
7454,6
7454,4
7454,10
7455,6
7456,9
7456,6
7457,5
7457,9
7457,8
7458,8
7459,9
7460,9
7461,9
7461,15
7462,1
7462,6
7462,7
7463,9
7464,9
7464,25
7464,11
7464,14
7465,5
7465,9
7466,6
7466,20
7467,5
7467,9
7467,20
7468,1
7468,9
7468,25
7468,7
7469,3
7469,6
7470,6
7471,9
7472,5
7472,8
7473,9
7473,17
7473,7
7474,9
7474,25
7475,9
7475,6
7476,1
7476,3
7476,21
7476,25
7477,6
7477,15
7478,1
7478,25
7478,27
7479,1
7479,25
7479,7
7480,9
7481,6
7482,9
7483,6
7483,20
7484,25
7484,14
7485,5
7485,23
7485,8
7486,9
7486,6
7487,14
7488,1
7488,3
7488,21
7488,17
7488,10
7489,9
7489,17
7489,4
7489,10
7490,3
7490,9
7490,6
7490,20
7491,1
7491,3
7491,6
7492,9
7492,6
7492,20
7493,9
7494,9
7495,6
7496,1
7496,3
7496,9
7496,25
7497,9
7497,17
7497,25
7498,1
7498,25
7498,7
7499,9
7499,6
7500,9
7500,6
7501,9
7501,25
7501,20
7501,7
7502,9
7502,6
7503,6
7504,8
7504,18
7505,8
7506,9
7507,9
7507,25
7508,9
7508,15
7508,10
7509,9
7509,25
7510,9
7510,25
7510,14
7511,5
7511,9
7511,15
7512,1
7512,6
7512,7
7513,5
7513,9
7513,13
7513,26
7514,8
7515,9
7515,23
7516,14
7517,9
7517,7
7518,9
7518,17
7518,7
7518,15
7518,8
7519,5
7519,9
7519,13
7520,1
7520,3
7520,21
7520,25
7521,5
7521,6
7521,8
7521,18
7522,9
7523,9
7523,6
7524,5
7524,9
7525,9
7525,25
7526,5
7526,9
7526,10
7526,8
7527,8
7528,9
7528,7
7529,9
7529,7
7529,8
7529,18
7530,23
7530,6
7531,14
7531,6
7532,9
7532,6
7532,7
7533,9
7533,13
7533,15
7534,9
7534,25
7534,10
7535,9
7536,9
7536,6
7537,3
7537,9
7537,11
7537,6
7537,4
7537,10
7538,9
7539,9
7539,25
7539,7
7540,8
7541,9
7542,17
7542,6
7543,8
7544,9
7544,25
7544,7
7545,9
7546,9
7546,6
7546,20
7547,13
7547,7
7547,8
7547,18
7548,21
7548,9
7548,10
7549,5
7549,10
7549,8
7550,1
7550,3
7551,9
7551,25
7551,20
7551,7
7552,25
7552,14
7552,20
7553,13
7553,15
7553,8
7553,18
7554,9
7554,25
7555,3
7555,10
7556,9
7557,6
7558,9
7558,6
7558,20
7559,15
7559,8
7560,9
7560,6
7560,15
7561,5
7561,9
7561,8
7561,18
7562,1
7562,3
7562,21
7562,25
7563,5
7563,15
7563,8
7564,1
7564,9
7564,26
7564,8
7565,21
7565,25
7565,14
7566,9
7566,6
7566,20
7567,9
7568,9
7568,13
7569,1
7569,3
7569,21
7570,26
7570,8
7571,14
7571,6
7571,20
7572,4
7572,10
7573,9
7573,6
7573,20
7574,9
7575,8
7576,9
7576,6
7576,20
7577,6
7577,4
7577,10
7578,1
7578,21
7578,9
7578,17
7578,25
7579,9
7580,9
7580,25
7581,9
7581,6
7582,25
7582,14
7583,9
7583,6
7584,9
7585,1
7585,25
7585,7
7586,9
7586,25
7587,1
7587,3
7587,21
7587,25
7587,6
7588,9
7588,27
7589,9
7589,17
7590,9
7590,25
7591,9
7591,17
7591,7
7592,9
7593,8
7594,9
7594,25
7595,6
7595,20
7596,5
7596,10
7596,8
7597,8
7598,9
7598,6
7599,9
7599,25
7599,14
7600,9
7601,9
7601,8
7602,3
7602,9
7602,17
7602,20
7603,9
7603,13
7604,1
7604,21
7604,6
7604,4
7605,9
7605,6
7606,1
7606,9
7606,23
7606,25
7607,6
7608,8
7609,25
7609,14
7610,9
7610,6
7611,5
7611,8
7612,3
7612,6
7613,8
7614,13
7614,8
7614,18
7615,8
7616,5
7616,8
7617,9
7617,6
7618,1
7618,3
7618,25
7619,5
7619,9
7619,15
7620,8
7621,9
7622,9
7623,1
7623,3
7623,9
7623,10
7624,9
7624,25
7624,7
7625,3
7625,6
7625,4
7625,10
7626,5
7626,6
7626,8
7627,25
7628,25
7629,9
7629,17
7629,25
7630,1
7630,3
7630,21
7630,11
7631,9
7631,4
7632,9
7632,6
7632,15
7632,16
7633,9
7633,20
7634,9
7634,17
7635,17
7635,25
7635,14
7636,9
7637,9
7637,17
7637,25
7637,14
7638,9
7638,25
7639,6
7640,1
7640,3
7640,23
7640,8
7641,6
7642,9
7642,25
7642,11
7643,6
7644,9
7645,25
7646,5
7646,8
7647,5
7647,9
7647,15
7648,9
7648,6
7648,15
7649,9
7649,25
7649,14
7650,1
7650,3
7650,6
7651,9
7651,25
7652,8
7653,5
7653,7
7653,8
7654,9
7655,1
7655,6
7656,5
7656,13
7656,8
7657,9
7658,6
7659,6
7660,1
7660,3
7660,25
7660,7
7661,9
7661,6
7661,20
7662,9
7662,6
7663,17
7663,25
7663,14
7664,6
7664,20
7665,9
7665,17
7665,25
7665,14
7666,8
7667,9
7667,6
7668,1
7668,25
7669,9
7669,25
7670,6
7671,9
7672,9
7673,9
7674,9
7674,20
7674,15
7675,9
7675,17
7675,14
7676,21
7676,9
7676,25
7677,9
7677,25
7678,3
7678,9
7678,6
7679,8
7680,8
7681,9
7681,6
7681,20
7682,9
7683,14
7683,6
7684,23
7684,6
7685,9
7685,6
7686,9
7686,25
7686,14
7687,9
7687,6
7688,1
7688,3
7688,9
7689,8
7690,1
7690,25
7690,7
7691,9
7692,3
7692,5
7692,13
7692,8
7693,9
7694,25
7694,8
7695,9
7696,9
7696,6
7697,9
7698,9
7698,17
7698,25
7698,11
7698,14
7699,6
7699,20
7699,8
7700,6
7701,9
7701,25
7702,25
7702,14
7702,6
7703,3
7704,5
7704,9
7705,8
7705,18
7706,9
7707,1
7707,5
7707,9
7707,7
7708,9
7708,25
7708,7
7709,1
7709,21
7709,14
7709,6
7710,3
7710,5
7710,9
7710,13
7710,25
7711,14
7712,1
7712,21
7712,25
7713,6
7713,20
7713,16
7714,5
7714,13
7714,8
7715,1
7715,9
7715,17
7715,25
7715,7
7716,9
7716,13
7717,9
7718,9
7718,25
7719,5
7719,10
7719,8
7720,9
7720,6
7720,20
7721,5
7721,8
7722,5
7722,13
7722,6
7722,8
7723,8
7724,11
7724,6
7724,4
7724,10
7725,3
7725,5
7725,15
7725,8
7726,9
7727,9
7728,25
7728,14
7729,9
7729,13
7729,20
7730,1
7730,21
7730,25
7731,3
7731,25
7731,14
7732,6
7733,9
7734,27
7734,8
7735,9
7735,13
7736,8
7737,3
7737,5
7737,9
7737,25
7738,6
7739,14
7739,6
7740,5
7740,9
7740,20
7741,8
7742,9
7742,6
7743,9
7743,15
7744,9
7744,25
7745,9
7745,17
7745,25
7745,20
7746,8
7747,1
7747,3
7747,21
7747,9
7747,6
7748,8
7749,8
7750,9
7750,17
7750,6
7750,20
7751,6
7751,20
7752,9
7752,25
7753,17
7753,25
7753,14
7754,3
7754,11
7754,6
7754,10
7755,5
7755,9
7756,14
7756,6
7757,3
7757,9
7757,17
7757,25
7757,6
7757,7
7758,9
7758,25
7758,7
7759,8
7760,1
7760,14
7760,6
7761,13
7761,15
7761,8
7762,9
7762,26
7763,5
7763,9
7763,13
7763,25
7764,9
7764,17
7764,25
7764,11
7764,14
7764,20
7765,5
7765,9
7765,13
7766,1
7766,3
7766,11
7766,14
7766,6
7767,9
7768,9
7769,5
7769,8
7770,1
7770,9
7771,13
7771,26
7771,8
7771,18
7772,5
7772,9
7773,8
7774,3
7774,9
7774,25
7774,14
7774,27
7775,5
7775,9
7775,13
7775,7
7776,17
7776,4
7777,9
7778,3
7778,9
7778,11
7778,15
7779,9
7780,14
7781,6
7781,15
7782,5
7782,9
7782,13
7783,1
7783,3
7783,11
7784,8
7785,21
7785,9
7785,7
7785,16
7786,9
7786,6
7787,9
7788,9
7788,20
7789,8
7790,9
7790,6
7791,14
7791,6
7792,8
7792,18
7793,9
7794,9
7794,6
7794,20
7795,8
7796,8
7797,9
7797,6
7797,20
7798,13
7798,26
7798,8
7799,9
7799,23
7799,8
7800,5
7800,13
7800,8
7801,1
7801,3
7801,25
7801,7
7802,5
7802,13
7802,8
7803,5
7803,9
7803,13
7803,25
7804,14
7805,3
7805,6
7805,4
7805,10
7806,3
7806,9
7806,25
7807,5
7807,9
7808,8
7809,9
7809,20
7810,9
7811,1
7811,25
7811,7
7812,5
7812,8
7813,9
7814,6
7815,9
7815,6
7815,20
7816,5
7816,9
7816,23
7817,9
7818,8
7819,5
7819,9
7819,13
7820,8
7821,9
7821,17
7821,25
7821,14
7822,9
7822,20
7823,13
7823,8
7824,9
7824,25
7824,7
7825,5
7825,9
7825,25
7825,20
7825,7
7826,9
7827,9
7828,17
7828,25
7829,1
7829,3
7829,21
7829,9
7829,25
7829,26
7830,6
7831,9
7831,20
7832,8
7833,9
7833,23
7834,3
7834,11
7834,6
7834,4
7834,10
7835,21
7835,9
7835,14
7836,5
7836,15
7836,8
7837,9
7837,8
7838,5
7838,9
7838,20
7839,8
7840,9
7840,20
7841,9
7841,6
7841,20
7842,5
7842,9
7842,6
7842,8
7843,9
7844,9
7844,6
7844,7
7844,16
7845,9
7846,11
7846,14
7846,6
7847,5
7847,9
7848,1
7848,9
7848,25
7849,9
7849,26
7850,1
7850,3
7850,11
7850,4
7851,5
7851,9
7851,13
7851,20
7852,5
7852,9
7852,6
7853,9
7854,9
7854,17
7854,25
7854,7
7855,9
7855,6
7856,9
7856,6
7857,9
7858,9
7858,25
7859,3
7859,4
7859,10
7860,3
7860,9
7860,6
7861,1
7861,3
7861,5
7861,9
7861,13
7861,25
7862,5
7862,9
7862,6
7863,9
7864,6
7864,27
7865,13
7865,8
7865,18
7866,8
7867,3
7867,11
7867,6
7867,15
7867,4
7867,10
7868,9
7869,8
7870,6
7871,9
7871,13
7871,25
7871,14
7871,26
7872,1
7872,3
7872,21
7872,11
7873,9
7873,20
7874,8
7875,5
7875,9
7875,23
7876,6
7877,5
7877,9
7877,13
7877,6
7878,1
7878,23
7878,25
7878,7
7879,9
7879,17
7879,25
7879,6
7879,7
7879,27
7880,3
7880,9
7880,25
7880,27
7881,9
7881,11
7881,6
7881,20
7881,4
7882,9
7883,9
7883,25
7884,1
7884,3
7884,25
7884,27
7885,9
7886,9
7886,15
7886,18
7887,17
7887,25
7887,14
7888,17
7888,25
7888,14
7889,6
7890,5
7890,13
7890,8
7891,1
7891,9
7891,25
7891,26
7892,9
7893,3
7893,25
7893,6
7893,7
7894,9
7895,9
7895,25
7895,14
7896,6
7897,3
7897,6
7897,4
7897,10
7898,1
7898,6
7899,9
7900,9
7900,7
7901,3
7901,9
7901,13
7901,6
7901,27
7902,6
7903,1
7903,5
7903,9
7903,13
7904,14
7905,9
7905,25
7905,14
7906,25
7907,1
7907,11
7907,6
7908,3
7908,9
7908,6
7909,21
7909,17
7909,25
7910,1
7910,3
7910,21
7910,25
7911,17
7911,25
7911,14
7912,1
7912,21
7912,6
7913,8
7914,6
7915,1
7915,9
7915,27
7916,1
7916,3
7916,6
7916,4
7916,10
7917,9
7917,13
7918,1
7918,3
7918,5
7918,9
7918,13
7918,25
7919,9
7920,9
7920,6
7921,6
7922,5
7922,6
7922,20
7923,9
7923,17
7923,6
7923,16
7924,15
7924,8
7925,9
7925,25
7926,1
7926,25
7926,14
7926,6
7926,20
7927,9
7927,17
7927,25
7927,14
7927,7
7928,21
7928,25
7928,11
7928,14
7929,9
7929,20
7930,9
7931,6
7931,20
7931,15
7932,9
7932,26
7933,6
7933,20
7934,14
7934,6
7935,1
7935,3
7935,21
7935,25
7935,11
7935,6
7935,20
7936,9
7937,6
7937,20
7938,5
7938,15
7938,8
7939,9
7939,20
7940,14
7940,6
7940,20
7941,9
7941,20
7942,6
7943,3
7943,9
7943,13
7944,9
7944,6
7945,9
7945,27
7946,5
7946,9
7946,23
7947,1
7947,3
7947,9
7947,17
7948,6
7948,8
7948,18
7949,6
7949,4
7949,10
7950,21
7950,9
7950,11
7950,20
7951,17
7951,14
7952,9
7953,9
7953,17
7953,25
7953,14
7954,1
7954,3
7954,9
7954,11
7955,5
7955,9
7955,13
7955,23
7955,6
7956,1
7956,3
7956,11
7957,5
7957,8
7958,9
7958,13
7958,20
7959,9
7959,6
7960,3
7960,5
7960,13
7960,8
7961,1
7961,9
7961,25
7961,7
7962,9
7963,21
7963,17
7963,25
7963,14
7963,6
7964,9
7965,5
7965,13
7965,8
7965,18
7966,25
7966,14
7967,9
7967,20
7968,1
7968,9
7968,25
7968,7
7969,14
7970,1
7970,9
7970,25
7971,8
7972,6
7972,26
7973,1
7973,3
7973,6
7973,7
7973,4
7973,10
7974,1
7974,21
7974,9
7974,17
7974,25
7974,14
7975,6
7975,7
7976,5
7976,8
7977,21
7977,9
7978,9
7978,25
7978,26
7979,9
7979,6
7979,20
7980,9
7980,26
7981,6
7982,9
7983,9
7983,25
7984,1
7984,6
7985,6
7985,20
7986,9
7987,9
7987,17
7988,9
7989,3
7989,21
7989,9
7989,8
7990,9
7990,6
7990,10
7991,3
7991,21
7991,9
7991,25
7992,9
7993,3
7993,6
7994,9
7995,9
7996,9
7996,6
7997,5
7997,9
7997,25
7997,7
7998,6
7999,1
7999,3
7999,21
7999,17
7999,25
7999,20
8000,5
8000,9
8000,23
8001,9
8002,3
8002,17
8002,25
8002,6
8002,4
8003,11
8003,14
8004,1
8004,3
8004,21
8004,11
8005,5
8005,9
8005,15
8005,16
8006,8
8007,6
8008,5
8008,9
8008,20
8008,15
8008,16
8009,8
8010,6
8010,20
8010,10
8011,25
8011,14
8011,6
8012,9
8013,6
8014,25
8014,14
8015,9
8015,13
8015,8
8016,9
8017,25
8017,6
8017,7
8018,5
8018,9
8018,20
8018,15
8019,8
8020,9
8021,9
8022,9
8023,25
8023,14
8023,7
8024,8
8025,9
8025,25
8026,9
8026,6
8027,1
8027,3
8027,21
8027,25
8028,25
8028,14
8029,9
8030,1
8030,6
8030,20
8031,9
8032,9
8032,6
8032,15
8033,6
8034,25
8034,14
8035,9
8036,6
8037,9
8037,13
8037,25
8037,20
8038,1
8038,21
8038,9
8038,17
8038,25
8038,7
8039,25
8039,14
8039,7
8039,15
8040,6
8041,9
8041,11
8041,6
8041,20
8042,9
8042,6
8042,20
8042,15
8042,16
8043,1
8043,9
8043,25
8043,20
8043,7
8044,8
8045,3
8045,9
8045,11
8045,10
8045,16
8046,9
8047,9
8048,9
8048,6
8049,13
8049,6
8050,8
8051,14
8051,6
8052,21
8052,9
8052,17
8052,6
8053,5
8053,9
8053,15
8054,9
8055,13
8055,11
8055,14
8055,20
8056,1
8056,3
8056,9
8056,11
8057,9
8057,6
8057,20
8058,5
8058,13
8058,8
8059,9
8059,6
8060,8
8061,1
8061,6
8062,9
8063,9
8063,6
8064,8
8065,5
8065,9
8066,1
8066,3
8066,21
8066,6
8066,4
8066,10
8067,6
8068,9
8068,17
8068,6
8069,5
8069,9
8070,9
8070,10
8071,9
8072,9
8072,17
8072,7
8073,9
8073,20
8074,9
8075,1
8075,3
8075,21
8075,25
8076,9
8076,8
8077,9
8077,7
8078,8
8079,9
8080,9
8080,25
8081,1
8081,21
8081,9
8081,25
8082,1
8082,25
8082,7
8083,3
8083,9
8083,13
8084,9
8084,6
8084,20
8085,9
8085,17
8085,25
8085,7
8086,9
8087,5
8087,9
8087,23
8088,3
8088,6
8089,9
8090,25
8090,14
8091,21
8091,9
8091,25
8091,6
8091,20
8092,25
8092,6
8092,7
8093,25
8093,14
8094,5
8094,9
8094,8
8094,18
8095,9
8095,17
8096,9
8096,6
8096,20
8097,9
8097,17
8097,25
8097,7
8098,6
8099,7
8099,8
8100,1
8100,6
8100,4
8100,10
8101,1
8101,17
8101,25
8101,6
8101,7
8102,9
8102,8
8103,8
8104,9
8105,9
8105,13
8105,8
8105,18
8106,3
8106,11
8106,10
8107,9
8107,6
8108,8
8109,5
8109,8
8110,15
8110,8
8111,1
8111,3
8111,17
8111,6
8112,5
8112,9
8112,6
8112,15
8113,25
8114,1
8114,3
8114,21
8114,11
8115,21
8115,9
8115,25
8116,5
8116,13
8116,6
8116,8
8117,9
8117,20
8118,9
8118,20
8119,6
8119,15
8120,1
8120,3
8120,21
8120,11
8120,6
8121,1
8121,9
8122,9
8123,9
8124,17
8124,25
8124,11
8124,14
8125,5
8125,17
8125,7
8125,8
8126,8
8127,9
8127,20
8128,9
8128,25
8129,5
8129,8
8130,9
8131,5
8131,9
8132,3
8132,9
8133,9
8133,6
8133,20
8134,9
8134,6
8135,1
8135,3
8135,17
8135,25
8135,6
8135,7
8136,6
8137,17
8137,25
8137,14
8138,15
8138,8
8139,14
8139,6
8140,9
8140,17
8141,1
8141,3
8141,11
8142,9
8143,1
8143,6
8143,7
8144,9
8145,17
8145,25
8145,7
8146,3
8146,6
8146,4
8146,10
8147,9
8148,9
8148,20
8148,8
8149,6
8149,20
8150,9
8151,3
8151,5
8151,9
8151,6
8151,15
8151,8
8152,9
8152,6
8152,20
8153,8
8154,4
8154,8
8155,5
8155,9
8155,15
8155,8
8156,5
8156,15
8156,8
8157,1
8157,5
8157,9
8157,13
8157,26
8158,3
8158,9
8158,6
8159,1
8159,3
8159,21
8160,9
8161,9
8162,3
8162,9
8162,11
8162,6
8162,20
8162,16
8163,9
8163,27
8164,9
8164,6
8165,9
8165,25
8165,14
8166,9
8166,23
8166,10
8167,9
8167,25
8167,14
8168,1
8168,25
8168,7
8169,9
8169,6
8170,1
8170,25
8170,14
8170,7
8171,9
8171,20
8171,4
8171,10
8171,8
8172,3
8172,9
8172,6
8173,25
8174,3
8174,11
8174,10
8175,9
8176,1
8176,3
8176,9
8176,20
8177,1
8177,21
8177,25
8177,14
8178,8
8179,9
8179,6
8179,20
8180,21
8180,25
8180,14
8181,9
8182,9
8182,20
8183,9
8183,13
8183,6
8184,3
8184,6
8184,20
8185,5
8185,13
8185,8
8186,9
8186,6
8187,3
8187,6
8187,4
8187,10
8188,8
8189,5
8189,13
8189,8
8190,5
8190,9
8190,25
8190,7
8191,8
8192,9
8192,6
8192,20
8193,21
8193,9
8193,20
8194,1
8194,21
8194,11
8194,6
8195,8
8196,1
8196,9
8196,23
8196,8
8197,9
8197,25
8197,27
8198,11
8198,4
8199,6
8199,7
8200,9
8200,6
8201,21
8201,9
8201,6
8202,9
8202,7
8202,8
8202,18
8203,1
8203,3
8203,21
8203,6
8203,4
8203,10
8204,25
8204,11
8204,14
8205,1
8205,3
8205,21
8205,25
8206,9
8206,20
8207,9
8207,17
8207,14
8208,9
8208,10
8208,8
8209,1
8209,25
8209,14
8210,8
8211,3
8211,21
8211,17
8211,25
8211,7
8212,6
8213,9
8214,8
8215,9
8216,21
8216,9
8216,25
8217,1
8217,25
8218,9
8218,17
8218,11
8218,14
8218,6
8218,20
8219,15
8219,8
8220,9
8220,6
8220,20
8221,9
8222,9
8223,9
8223,6
8223,20
8224,9
8224,10
8225,9
8225,17
8225,25
8225,11
8225,26
8226,11
8226,6
8226,10
8227,8
8228,1
8228,3
8228,21
8228,25
8228,11
8229,9
8229,17
8229,25
8229,14
8230,3
8230,9
8230,11
8230,4
8230,10
8231,1
8231,21
8231,14
8232,9
8232,6
8233,8
8234,5
8234,13
8234,25
8234,26
8235,1
8235,25
8235,7
8236,9
8236,25
8237,9
8237,25
8238,5
8238,9
8238,6
8238,20
8238,15
8239,9
8239,7
8240,6
8241,9
8241,20
8242,1
8242,9
8242,13
8242,26
8243,3
8243,11
8243,10
8244,3
8244,11
8244,6
8244,4
8245,13
8245,8
8246,8
8247,5
8247,9
8247,13
8248,1
8248,3
8248,9
8248,13
8249,9
8249,25
8249,7
8250,9
8251,1
8251,3
8251,21
8251,9
8251,11
8251,4
8252,3
8252,11
8252,4
8252,10
8253,8
8254,9
8254,6
8254,20
8255,9
8256,5
8256,9
8256,25
8257,9
8257,25
8257,6
8257,7
8257,26
8258,8
8259,9
8259,17
8259,25
8260,25
8260,14
8260,7
8261,9
8261,10
8262,1
8262,5
8262,9
8262,23
8263,25
8264,1
8264,25
8264,6
8264,7
8265,1
8265,25
8265,7
8266,9
8267,5
8267,9
8267,20
8268,9
8268,6
8268,20
8268,10
8269,9
8269,6
8270,9
8271,5
8271,8
8272,14
8273,1
8274,9
8274,6
8275,9
8275,6
8275,10
8276,21
8276,9
8276,17
8276,25
8276,14
8277,1
8277,3
8277,25
8277,6
8277,7
8278,8
8279,17
8279,25
8280,9
8280,20
8281,9
8282,25
8282,11
8282,14
8282,6
8283,9
8283,6
8283,4
8284,15
8284,8
8285,9
8286,8
8287,8
8288,9
8288,13
8288,26
8289,8
8290,25
8290,14
8290,6
8291,5
8291,8
8292,9
8293,3
8294,3
8294,17
8294,25
8294,16
8295,9
8296,5
8296,9
8297,6
8298,9
8298,25
8298,14
8299,3
8299,6
8299,4
8299,10
8300,25
8301,9
8301,17
8301,25
8301,14
8302,8
8303,8
8304,25
8304,14
8305,6
8305,20
8306,6
8307,9
8307,6
8308,9
8308,6
8309,25
8310,1
8310,5
8310,9
8310,25
8311,8
8312,9
8312,20
8313,15
8313,8
8314,9
8315,8
8316,25
8316,11
8316,20
8317,9
8318,9
8319,11
8319,6
8319,10
8320,9
8321,9
8321,17
8321,25
8321,7
8322,9
8322,6
8322,20
8323,5
8323,9
8323,23
8324,3
8324,11
8324,6
8324,4
8324,10
8325,1
8325,9
8325,25
8326,9
8327,9
8328,25
8328,8
8329,1
8329,3
8329,27
8330,9
8331,9
8331,6
8332,7
8332,8
8333,9
8333,6
8334,5
8334,26
8334,8
8334,18
8335,5
8335,13
8335,15
8335,4
8335,8
8336,1
8336,9
8336,25
8337,5
8337,9
8337,13
8338,8
8339,1
8339,3
8339,9
8339,4
8339,10
8340,1
8340,6
8340,7
8341,3
8341,9
8341,11
8341,10
8342,8
8343,7
8343,8
8344,9
8344,20
8345,1
8345,3
8345,4
8346,9
8347,8
8348,9
8348,15
8348,16
8349,9
8349,11
8349,6
8349,4
8349,10
8350,8
8351,11
8351,14
8352,5
8352,9
8352,13
8353,9
8353,17
8353,25
8354,25
8354,14
8354,6
8355,9
8355,6
8355,10
8356,9
8356,6
8356,20
8357,25
8357,14
8358,8
8358,22
8359,1
8359,3
8359,21
8359,9
8359,14
8360,13
8360,7
8360,4
8360,8
8361,6
8362,9
8363,9
8364,5
8364,9
8365,9
8366,1
8366,9
8366,25
8366,14
8367,9
8367,25
8367,14
8368,6
8368,8
8369,9
8369,6
8370,1
8370,3
8370,21
8370,10
8371,5
8371,9
8371,13
8371,4
8372,9
8372,6
8372,15
8373,8
8374,1
8374,9
8374,25
8374,7
8375,8
8376,25
8376,14
8377,9
8377,7
8378,8
8378,18
8379,9
8379,14
8379,6
8380,17
8380,25
8380,14
8381,8
8382,27
8383,1
8383,3
8383,9
8383,17
8383,25
8383,7
8384,1
8384,6
8385,9
8385,7
8386,9
8387,25
8387,14
8388,9
8388,25
8388,20
8389,9
8389,25
8390,15
8390,8
8391,15
8391,8
8392,9
8393,15
8393,8
8394,25
8395,1
8395,3
8395,21
8395,9
8395,17
8395,25
8395,7
8396,8
8397,25
8397,14
8398,9
8399,3
8399,23
8399,10
8399,8
8400,14
8400,6
8400,20
8401,1
8401,3
8401,21
8401,11
8402,1
8402,9
8402,25
8402,7
8403,5
8403,9
8403,13
8403,20
8403,26
8404,5
8404,9
8404,13
8404,20
8405,8
8406,8
8407,9
8407,6
8408,8
8409,3
8409,11
8409,6
8409,4
8409,10
8409,16
8410,9
8410,6
8411,21
8411,9
8411,17
8411,25
8412,9
8412,13
8412,6
8412,26
8413,9
8413,25
8414,9
8414,25
8414,6
8415,8
8416,9
8416,25
8417,9
8417,25
8417,14
8417,6
8418,9
8418,14
8419,1
8419,26
8420,9
8421,9
8421,8
8422,5
8422,9
8422,6
8422,10
8423,8
8424,5
8424,9
8424,23
8425,9
8425,7
8426,3
8426,11
8426,10
8427,6
8428,1
8428,9
8429,8
8430,9
8431,9
8431,25
8432,9
8432,6
8433,1
8433,9
8433,25
8434,5
8434,8
8435,1
8435,9
8435,13
8435,25
8435,20
8435,26
8436,9
8436,6
8436,7
8437,1
8437,3
8437,11
8437,6
8437,4
8437,10
8437,16
8438,9
8438,6
8438,20
8439,25
8440,9
8440,6
8441,21
8441,9
8441,17
8441,14
8442,9
8443,8
8444,9
8444,25
8445,8
8446,1
8446,25
8446,14
8447,5
8447,13
8447,8
8448,25
8449,8
8450,25
8450,14
8451,5
8451,9
8452,9
8452,25
8453,25
8453,14
8454,14
8455,1
8455,9
8455,25
8456,9
8456,14
8457,9
8458,25
8458,14
8459,5
8459,13
8459,8
8460,9
8461,9
8461,25
8461,26
8462,9
8462,17
8462,25
8462,20
8462,7
8463,8
8464,8
8465,9
8465,6
8465,20
8465,16
8466,9
8466,13
8466,26
8467,6
8468,6
8469,11
8469,6
8470,9
8470,25
8471,5
8471,9
8472,9
8472,20
8473,9
8474,5
8474,9
8474,13
8474,7
8475,1
8475,3
8475,21
8475,11
8475,26
8476,9
8476,17
8476,25
8476,7
8477,8
8478,25
8478,7
8479,9
8479,20
8480,1
8480,3
8480,21
8480,9
8480,13
8480,11
8481,9
8481,20
8482,3
8482,21
8482,9
8482,20
8483,9
8483,13
8483,25
8484,9
8484,6
8484,15
8484,4
8484,10
8484,16
8485,14
8486,9
8486,11
8487,9
8488,3
8488,9
8488,13
8489,6
8490,5
8490,9
8490,13
8491,9
8491,7
8492,9
8492,6
8493,9
8493,6
8494,9
8494,6
8494,20
8495,1
8495,25
8495,7
8496,1
8496,6
8496,26
8497,9
8498,1
8498,14
8499,9
8500,9
8501,9
8502,9
8503,1
8503,3
8503,21
8503,11
8503,6
8503,4
8503,10
8504,8
8505,1
8505,25
8505,7
8506,25
8506,14
8507,25
8507,7
8508,9
8509,9
8509,11
8509,14
8510,15
8510,8
8511,3
8511,5
8511,8
8512,25
8513,1
8513,9
8514,25
8514,14
8515,8
8516,9
8516,6
8517,5
8517,9
8517,13
8518,11
8518,4
8519,8
8520,1
8520,9
8520,25
8520,7
8521,1
8521,3
8521,25
8522,5
8522,9
8523,3
8523,9
8523,11
8523,6
8523,10
8524,8
8525,3
8525,9
8525,25
8526,5
8526,9
8527,1
8527,3
8527,17
8527,6
8528,9
8528,20
8529,1
8529,21
8529,25
8529,14
8530,9
8531,9
8531,25
8532,5
8532,8
8533,9
8533,25
8533,14
8533,6
8533,16
8534,9
8535,14
8536,13
8536,8
8537,9
8537,14
8538,6
8539,3
8539,21
8539,9
8539,20
8540,8
8541,1
8541,6
8542,9
8542,6
8543,5
8543,9
8543,20
8544,6
8544,15
8545,9
8545,20
8546,1
8546,25
8546,7
8547,8
8548,8
8549,3
8549,9
8549,23
8549,8
8550,1
8550,3
8550,11
8550,6
8550,4
8550,10
8551,21
8551,9
8551,17
8551,25
8551,11
8551,14
8552,25
8553,6
8554,9
8555,9
8556,9
8557,1
8557,3
8557,17
8557,25
8557,11
8558,14
8559,9
8559,6
8559,20
8560,9
8560,17
8561,9
8561,20
8561,26
8562,1
8562,25
8562,7
8563,17
8563,25
8563,14
8563,6
8564,9
8564,25
8564,6
8564,7
8565,8
8566,9
8566,6
8566,4
8566,10
8567,3
8567,6
8567,15
8567,4
8567,10
8568,9
8568,25
8568,14
8569,8
8570,9
8571,9
8571,17
8572,9
8572,6
8573,9
8573,6
8574,1
8574,9
8574,25
8574,6
8575,1
8575,5
8575,9
8575,25
8575,7
8575,15
8576,9
8576,25
8577,1
8577,21
8577,9
8577,25
8578,9
8579,9
8579,6
8580,9
8580,8
8581,8
8582,9
8582,6
8583,8
8584,9
8584,11
8585,9
8585,6
8586,9
8587,9
8588,17
8588,25
8588,27
8589,9
8590,1
8590,3
8590,21
8590,11
8591,8
8592,9
8592,17
8592,25
8593,9
8593,14
8594,9
8594,25
8594,6
8594,20
8595,9
8595,20
8596,9
8596,26
8597,9
8598,9
8598,11
8598,6
8598,20
8599,9
8599,6
8599,8
8600,9
8600,13
8600,26
8601,8
8602,9
8603,11
8603,20
8603,10
8603,16
8604,8
8605,9
8605,6
8605,7
8606,25
8607,9
8607,20
8607,15
8608,9
8608,6
8609,1
8609,25
8609,14
8610,14
8611,9
8612,21
8612,9
8613,1
8613,9
8613,6
8613,7
8614,17
8614,25
8614,11
8614,14
8615,9
8615,13
8615,15
8615,8
8616,5
8616,9
8616,25
8616,7
8617,21
8617,25
8617,14
8618,9
8618,25
8618,11
8618,14
8618,6
8619,1
8619,3
8619,21
8619,11
8620,9
8621,5
8621,9
8621,13
8622,9
8622,6
8623,8
8624,8
8625,9
8625,6
8626,5
8626,9
8627,5
8627,8
8628,9
8628,17
8628,25
8628,20
8629,1
8629,21
8629,9
8629,17
8629,25
8629,7
8630,5
8630,9
8630,13
8630,17
8630,8
8631,9
8631,25
8632,25
8632,14
8633,11
8633,6
8633,4
8633,10
8634,5
8634,9
8634,13
8635,21
8635,9
8635,17
8635,25
8635,20
8636,5
8636,9
8636,13
8636,26
8637,9
8637,25
8638,9
8638,8
8639,1
8639,21
8639,9
8639,25
8639,11
8639,6
8640,9
8641,6
8641,7
8642,9
8642,7
8643,25
8643,26
8644,5
8644,9
8644,13
8644,20
8645,5
8645,15
8645,8
8646,25
8647,3
8647,11
8647,6
8647,4
8647,10
8648,1
8648,25
8648,7
8649,9
8650,9
8650,14
8651,21
8651,17
8651,14
8652,9
8652,6
8652,20
8652,26
8653,9
8653,6
8654,6
8655,9
8655,11
8655,20
8655,4
8656,9
8657,5
8657,9
8658,5
8658,15
8658,8
8659,9
8659,13
8659,17
8659,7
8659,8
8660,9
8661,9
8661,6
8662,9
8663,9
8663,6
8663,4
8664,9
8664,25
8665,6
8666,1
8666,3
8666,25
8666,7
8667,1
8667,3
8667,5
8667,9
8667,13
8668,5
8668,9
8668,13
8668,23
8668,20
8669,3
8669,10
8669,8
8670,5
8670,13
8670,8
8671,1
8671,9
8671,25
8671,6
8671,7
8672,5
8672,8
8673,9
8673,26
8674,6
8675,5
8675,9
8675,23
8675,20
8676,9
8676,13
8677,9
8678,8
8679,6
8679,20
8680,9
8680,25
8681,8
8682,9
8682,20
8683,9
8683,17
8683,25
8684,8
8685,5
8685,8
8686,6
8687,13
8687,8
8688,9
8688,6
8689,21
8689,25
8689,14
8690,1
8690,21
8690,9
8690,25
8691,21
8691,9
8691,25
8692,9
8692,17
8692,25
8693,26
8693,8
8694,9
8694,6
8695,9
8696,14
8696,6
8697,5
8697,8
8698,5
8698,9
8698,23
8699,1
8699,3
8699,21
8699,6
8700,8
8701,9
8701,6
8702,8
8703,6
8703,7
8704,9
8704,17
8704,25
8705,6
8706,9
8707,9
8707,25
8708,21
8708,6
8709,6
8710,5
8710,8
8711,9
8711,17
8711,25
8711,14
8711,7
8712,1
8712,3
8712,9
8712,11
8713,9
8714,6
8715,9
8715,6
8715,20
8716,1
8716,6
8717,9
8718,3
8718,9
8718,10
8718,8
8719,9
8719,25
8719,26
8720,6
8720,20
8721,9
8721,23
8722,9
8722,7
8723,6
8723,20
8724,8
8725,5
8725,9
8725,13
8726,1
8726,3
8726,21
8726,25
8726,14
8727,6
8727,10
8728,9
8728,20
8729,9
8730,9
8731,9
8731,10
8732,21
8732,9
8732,25
8733,9
8734,9
8735,8
8736,1
8736,9
8736,6
8737,9
8737,17
8737,25
8737,14
8738,25
8739,8
8740,9
8740,6
8741,8
8742,8
8743,1
8743,3
8743,11
8743,6
8744,9
8744,6
8744,26
8745,6
8746,1
8746,3
8746,6
8746,4
8746,10
8747,5
8747,9
8747,25
8748,9
8748,6
8748,20
8749,8
8750,9
8751,9
8752,9
8752,20
8752,26
8753,9
8753,25
8753,7
8754,1
8754,3
8754,21
8754,11
8754,26
8755,9
8755,6
8756,25
8756,14
8757,13
8757,8
8758,17
8758,14
8759,5
8759,9
8759,26
8760,9
8761,9
8761,17
8761,20
8762,8
8763,8
8764,9
8764,6
8765,1
8765,3
8765,25
8765,11
8765,14
8766,9
8767,3
8767,9
8767,25
8767,14
8768,5
8768,9
8768,15
8769,3
8769,23
8769,6
8769,4
8769,10
8770,9
8771,21
8772,6
8773,5
8773,9
8773,20
8774,1
8774,25
8774,6
8775,9
8775,6
8776,15
8776,8
8777,9
8777,25
8777,7
8778,9
8779,1
8779,3
8779,21
8779,25
8780,8
8781,8
8781,18
8782,8
8783,8
8784,8
8785,21
8785,20
8786,9
8787,9
8787,6
8787,20
8788,3
8788,9
8788,17
8789,1
8789,25
8789,6
8789,7
8789,15
8790,1
8790,3
8790,21
8790,9
8791,9
8792,5
8792,9
8792,26
8793,1
8793,3
8793,21
8793,6
8793,4
8793,10
8794,9
8795,8
8796,8
8797,6
8798,6
8798,20
8799,8
8800,8
8801,9
8801,11
8801,20
8802,26
8802,8
8803,9
8803,26
8804,1
8804,3
8804,21
8804,11
8804,10
8805,9
8806,9
8807,9
8807,20
8808,8
8809,5
8809,9
8809,11
8810,9
8810,6
8811,6
8811,16
8812,9
8813,3
8813,9
8813,26
8813,10
8814,9
8814,6
8815,1
8815,3
8815,21
8815,9
8815,25
8815,26
8816,25
8816,11
8816,14
8817,17
8817,8
8818,9
8819,1
8819,9
8819,13
8819,25
8819,26
8820,1
8820,25
8821,6
8822,25
8822,14
8823,9
8823,14
8824,6
8825,9
8825,13
8825,23
8826,4
8827,9
8828,21
8828,9
8828,25
8828,14
8829,1
8829,3
8829,21
8829,11
8830,8
8831,15
8831,8
8832,9
8833,8
8834,1
8834,17
8834,25
8835,9
8835,6
8836,9
8836,13
8836,25
8836,7
8837,9
8837,20
8838,9
8839,9
8839,6
8840,3
8840,9
8841,3
8841,21
8841,6
8841,4
8841,10
8842,6
8843,9
8844,9
8844,6
8844,20
8845,6
8846,9
8846,6
8846,20
8847,6
8848,23
8848,25
8848,8
8849,8
8850,1
8850,9
8850,17
8850,25
8851,8
8852,1
8852,3
8852,21
8852,11
8852,14
8852,27
8853,1
8853,9
8853,17
8853,25
8853,7
8854,9
8855,8
8856,1
8856,9
8856,13
8857,17
8857,25
8857,14
8858,9
8858,25
8858,7
8859,9
8859,13
8859,26
8859,4
8860,9
8860,6
8861,9
8861,25
8862,3
8862,9
8863,9
8863,17
8863,25
8863,11
8863,20
8864,13
8864,8
8865,5
8865,9
8866,9
8866,25
8866,7
8867,3
8867,6
8867,4
8867,10
8868,9
8869,9
8869,6
8870,8
8871,9
8871,20
8872,1
8872,9
8872,13
8872,25
8873,8
8874,5
8874,9
8874,20
8874,7
8875,3
8875,14
8875,6
8876,9
8877,9
8877,6
8878,9
8878,6
8878,7
8879,21
8879,9
8879,17
8879,6
8880,9
8880,15
8881,9
8881,25
8881,7
8882,1
8882,6
8883,9
8883,6
8884,1
8884,3
8884,21
8884,9
8884,17
8884,25
8884,7
8885,15
8885,8
8886,9
8887,9
8888,1
8888,5
8888,9
8889,1
8889,3
8890,9
8890,25
8891,1
8891,3
8891,9
8891,17
8891,25
8891,11
8891,14
8891,7
8892,5
8892,9
8892,15
8893,3
8893,6
8893,4
8893,10
8893,16
8894,9
8895,1
8895,9
8895,25
8895,7
8896,9
8896,6
8897,5
8897,13
8897,8
8898,23
8898,6
8899,6
8900,9
8901,9
8901,25
8902,6
8903,9
8903,20
8904,1
8904,9
8904,17
8904,25
8905,5
8905,9
8905,13
8906,9
8906,6
8906,10
8907,8
8908,3
8908,9
8909,9
8910,9
8910,6
8910,20
8911,3
8911,9
8911,25
8911,14
8912,5
8912,9
8913,21
8913,9
8913,17
8914,8
8915,8
8916,25
8916,14
8917,9
8917,17
8917,25
8917,7
8918,8
8919,9
8919,6
8919,20
8920,9
8921,8
8922,1
8922,25
8923,9
8923,6
8923,15
8924,5
8924,9
8924,13
8925,9
8926,5
8926,9
8926,8
8927,8
8928,8
8929,9
8929,17
8929,25
8929,14
8930,9
8930,6
8930,20
8931,5
8931,9
8931,23
8931,6
8932,9
8932,20
8932,8
8933,25
8933,14
8934,5
8934,15
8934,16
8934,8
8935,1
8935,3
8935,6
8936,5
8936,9
8936,7
8936,4
8937,5
8937,9
8938,8
8939,5
8939,9
8939,13
8939,26
8940,1
8940,3
8940,6
8940,4
8940,10
8941,9
8941,6
8942,9
8942,13
8942,20
8942,8
8943,5
8943,9
8943,13
8944,9
8944,25
8945,8
8946,9
8947,1
8947,5
8947,9
8947,13
8947,25
8947,6
8947,7
8948,21
8948,9
8948,25
8948,14
8949,9
8949,25
8949,14
8950,9
8950,6
8951,9
8951,6
8952,5
8952,9
8952,13
8952,25
8953,9
8953,20
8954,21
8954,9
8955,9
8955,25
8956,23
8956,8
8957,9
8957,13
8958,5
8958,13
8958,15
8958,8
8959,9
8959,25
8959,15
8960,8
8961,25
8961,14
8961,6
8962,21
8962,9
8962,17
8962,25
8963,1
8963,9
8963,25
8963,7
8964,8
8965,8
8966,3
8966,11
8966,6
8966,4
8966,10
8966,16
8967,9
8967,26
8968,8
8969,9
8970,1
8970,3
8970,9
8970,25
8970,20
8971,9
8971,20
8972,3
8972,9
8972,17
8972,25
8973,8
8974,5
8974,9
8974,20
8975,8
8976,5
8976,13
8976,10
8977,17
8977,25
8977,14
8978,8
8979,5
8979,9
8980,5
8980,9
8981,9
8981,11
8981,6
8982,8
8983,1
8983,9
8983,17
8983,25
8983,7
8984,9
8984,6
8985,9
8985,20
8986,5
8986,9
8987,15
8987,16
8987,8
8988,9
8988,17
8988,25
8988,14
8988,7
8989,9
8989,20
8989,4
8990,9
8991,5
8991,8
8992,1
8992,21
8992,25
8993,5
8993,8
8994,1
8994,3
8994,5
8994,9
8994,25
8995,1
8995,6
8996,25
8996,14
8997,9
8997,17
8997,25
8998,8
8999,5
8999,9
9000,9
9001,8
9002,9
9002,17
9002,25
9002,14
9003,9
9003,17
9003,25
9003,14
9003,7
9004,8
9005,14
9005,6
9006,14
9006,6
9007,9
9007,17
9007,10
9008,9
9008,20
9009,9
9009,17
9010,8
9011,8
9012,9
9012,15
9013,17
9013,25
9013,14
9013,7
9014,8
9015,9
9016,6
9017,9
9018,9
9018,17
9018,25
9018,6
9018,7
9019,5
9019,9
9019,26
9020,9
9020,6
9021,9
9021,6
9022,9
9023,1
9023,3
9023,6
9024,9
9025,8
9026,8
9027,8
9028,1
9028,9
9029,5
9029,6
9029,8
9030,6
9031,5
9031,9
9032,9
9032,6
9033,9
9033,6
9033,26
9034,9
9034,25
9034,14
9035,5
9035,9
9035,25
9035,14
9035,7
9036,9
9036,20
9037,9
9037,20
9038,1
9038,3
9038,21
9038,9
9038,11
9038,6
9039,6
9039,8
9040,9
9040,25
9040,6
9040,10
9041,6
9042,13
9042,26
9042,8
9043,1
9043,14
9044,9
9044,17
9044,7
9045,8
9046,21
9046,9
9046,17
9046,25
9046,11
9046,20
9047,9
9047,6
9047,7
9048,5
9048,9
9049,9
9050,13
9050,10
9050,8
9051,8
9052,1
9052,3
9052,21
9052,11
9053,9
9054,9
9055,9
9055,20
9056,9
9056,7
9057,9
9057,25
9058,9
9058,4
9058,10
9059,3
9059,11
9059,6
9059,4
9059,10
9060,9
9060,10
9061,3
9061,17
9061,11
9061,14
9061,6
9061,15
9061,4
9061,10
9061,16
9062,5
9062,9
9062,13
9062,26
9063,5
9063,9
9063,6
9064,5
9064,13
9064,26
9064,8
9065,9
9065,20
9066,9
9067,9
9068,14
9069,5
9069,9
9069,13
9069,15
9070,5
9070,9
9070,13
9070,6
9071,8
9072,9
9072,6
9073,3
9073,9
9073,25
9073,11
9073,14
9073,20
9073,26
9074,9
9075,8
9076,9
9077,9
9077,25
9077,7
9078,9
9079,5
9079,9
9079,23
9079,6
9080,1
9080,6
9081,25
9082,15
9082,10
9082,8
9083,5
9083,9
9084,8
9085,1
9085,3
9085,21
9085,25
9085,14
9086,21
9086,9
9086,14
9086,4
9087,9
9087,13
9087,4
9088,3
9088,11
9088,6
9088,4
9088,10
9089,1
9089,3
9089,21
9089,11
9090,27
9091,9
9091,20
9092,1
9092,3
9092,11
9092,6
9092,10
9093,5
9093,9
9093,20
9093,16
9094,1
9094,21
9094,25
9094,11
9094,7
9095,9
9095,17
9095,7
9096,21
9096,9
9096,6
9097,6
9098,17
9098,25
9098,7
9099,9
9100,3
9100,9
9100,27
9101,6
9101,15
9102,5
9102,9
9102,13
9102,25
9103,5
9103,9
9103,13
9103,17
9103,25
9103,7
9104,5
9104,9
9104,7
9105,9
9105,20
9105,7
9106,9
9106,7
9107,5
9107,9
9107,20
9108,17
9109,9
9110,5
9110,9
9110,26
9110,15
9111,9
9112,9
9112,17
9112,25
9112,14
9113,1
9113,25
9114,9
9114,25
9115,9
9115,6
9116,6
9117,9
9118,9
9119,3
9119,11
9119,6
9119,4
9119,10
9120,1
9120,25
9120,7
9121,9
9121,11
9121,16
9122,1
9122,9
9122,17
9122,25
9122,7
9123,9
9123,25
9124,5
9124,9
9124,6
9125,3
9125,9
9126,8
9127,9
9128,1
9128,9
9128,13
9128,26
9129,1
9129,9
9129,17
9129,25
9129,7
9130,9
9130,20
9130,15
9131,3
9131,11
9131,4
9131,10
9132,25
9132,14
9133,17
9133,25
9133,7
9134,8
9135,8
9136,9
9137,5
9137,6
9138,9
9138,16
9139,6
9139,7
9139,4
9140,9
9140,7
9141,1
9141,21
9141,25
9142,9
9142,6
9143,6
9144,8
9145,13
9145,8
9146,9
9147,21
9147,9
9148,1
9148,9
9149,25
9149,20
9149,7
9150,9
9150,20
9151,1
9151,9
9151,8
9152,5
9152,17
9152,25
9152,11
9152,14
9153,1
9153,3
9153,21
9153,17
9153,25
9153,14
9154,6
9154,20
9154,16
9155,9
9155,20
9155,16
9156,9
9156,6
9156,20
9157,9
9157,25
9157,20
9158,9
9159,9
9159,6
9159,20
9160,3
9160,11
9160,6
9160,4
9160,10
9161,5
9161,9
9161,13
9161,25
9162,6
9163,14
9164,9
9164,25
9164,20
9165,9
9165,4
9166,1
9166,3
9166,21
9166,9
9167,3
9167,11
9167,6
9167,4
9167,10
9168,9
9168,6
9168,20
9169,25
9170,9
9171,9
9171,6
9171,20
9172,9
9172,6
9173,9
9174,1
9174,3
9174,21
9174,9
9174,17
9174,25
9174,11
9174,14
9175,9
9175,11
9175,20
9176,1
9176,17
9176,25
9176,14
9176,6
9176,7
9177,6
9177,20
9178,9
9179,21
9179,17
9179,25
9180,9
9180,11
9180,20
9181,21
9181,9
9181,14
9182,9
9182,25
9182,14
9182,20
9183,5
9183,9
9183,13
9184,8
9185,9
9186,1
9186,9
9186,25
9186,7
9187,25
9187,7
9188,25
9189,1
9189,9
9189,13
9189,25
9189,14
9189,20
9189,26
9190,9
9190,6
9191,9
9191,17
9191,25
9192,9
9192,20
9192,15
9193,9
9194,9
9194,17
9195,25
9196,3
9196,21
9196,11
9196,10
9197,9
9198,1
9198,9
9198,6
9198,7
9199,8
9200,8
9201,1
9201,25
9201,6
9201,7
9202,5
9202,9
9202,13
9202,6
9203,25
9204,1
9204,25
9204,7
9205,3
9205,9
9205,6
9205,20
9206,9
9206,17
9206,25
9206,7
9207,14
9208,9
9208,25
9209,9
9209,13
9209,25
9209,7
9210,9
9210,25
9210,20
9211,9
9211,7
9211,10
9212,6
9213,9
9213,6
9214,9
9214,15
9214,10
9215,9
9215,26
9216,6
9216,20
9217,9
9217,6
9217,20
9218,8
9219,1
9219,3
9219,9
9219,17
9219,25
9219,11
9220,9
9220,25
9220,7
9221,9
9222,9
9222,6
9223,9
9223,7
9224,5
9224,9
9224,6
9225,1
9225,6
9226,9
9226,25
9226,11
9227,3
9227,21
9227,9
9227,11
9227,6
9227,4
9228,9
9228,25
9228,20
9229,9
9229,20
9230,1
9230,3
9230,21
9231,9
9231,13
9232,9
9233,3
9233,17
9233,11
9233,6
9233,20
9233,4
9233,10
9234,9
9235,25
9235,14
9236,1
9236,3
9236,21
9236,25
9236,4
9237,9
9237,6
9238,9
9238,6
9238,20
9239,9
9239,23
9240,17
9240,25
9241,9
9242,9
9243,9
9244,8
9245,9
9246,9
9246,25
9246,6
9247,9
9248,21
9248,9
9248,25
9248,14
9249,3
9249,9
9249,11
9249,20
9249,4
9250,6
9251,5
9251,9
9251,13
9251,25
9251,7
9252,8
9253,3
9253,9
9254,9
9254,25
9254,14
9254,6
9254,7
9255,9
9255,17
9255,25
9256,3
9256,9
9256,13
9256,25
9256,7
9256,27
9257,21
9257,25
9257,11
9257,14
9258,5
9258,9
9258,23
9259,9
9260,9
9260,17
9260,25
9261,9
9261,25
9262,8
9263,9
9264,9
9264,25
9264,26
9265,25
9265,14
9266,5
9266,9
9266,23
9267,9
9267,6
9267,26
9268,9
9269,8
9270,13
9270,16
9271,9
9271,6
9272,1
9272,3
9272,21
9273,3
9273,13
9273,26
9273,4
9273,10
9274,9
9274,25
9274,20
9275,8
9276,3
9276,9
9276,6
9276,20
9276,27
9276,15
9277,9
9277,25
9277,11
9277,14
9278,9
9279,9
9280,8
9281,9
9281,14
9282,5
9282,9
9282,6
9282,20
9283,6
9284,9
9285,9
9286,9
9287,17
9287,6
9287,7
9288,14
9288,8
9289,25
9290,3
9290,11
9290,6
9290,20
9290,4
9290,10
9291,9
9292,1
9292,3
9292,21
9292,11
9293,9
9293,13
9293,25
9294,9
9294,20
9295,9
9295,6
9295,20
9296,9
9297,9
9297,25
9297,20
9297,7
9298,9
9298,6
9298,20
9299,9
9300,9
9300,6
9301,8
9302,6
9303,9
9304,21
9304,25
9305,25
9305,14
9306,1
9306,25
9307,6
9307,20
9308,5
9308,8
9309,9
9309,7
9310,9
9310,13
9310,25
9310,26
9311,3
9311,9
9311,20
9311,27
9311,4
9311,10
9312,9
9313,9
9313,6
9314,8
9315,9
9315,20
9316,9
9317,8
9318,1
9318,9
9318,25
9318,7
9319,8
9320,6
9321,3
9321,11
9321,6
9321,15
9321,4
9321,10
9322,9
9322,6
9323,8
9324,1
9324,25
9324,14
9325,9
9326,9
9326,25
9326,7
9327,9
9327,20
9328,9
9329,9
9330,9
9330,6
9330,20
9331,9
9331,25
9332,9
9332,25
9332,7
9333,1
9333,3
9333,21
9333,6
9334,9
9334,25
9335,9
9335,20
9336,5
9336,8
9337,1
9337,3
9337,6
9337,7
9337,10
9338,8
9339,21
9339,6
9339,20
9339,15
9340,6
9340,20
9341,25
9342,5
9342,9
9342,20
9343,1
9343,3
9343,21
9343,11
9344,9
9344,10
9345,8
9346,9
9346,6
9347,9
9348,9
9348,17
9348,25
9349,9
9349,10
9350,1
9350,3
9350,6
9351,1
9351,3
9351,9
9351,25
9351,20
9352,9
9352,7
9353,9
9353,23
9354,23
9354,8
9355,5
9355,9
9355,20
9356,1
9356,21
9356,25
9356,14
9356,6
9357,1
9357,9
9357,13
9357,25
9357,7
9358,9
9358,6
9359,9
9359,6
9360,9
9361,9
9361,15
9362,9
9362,17
9362,25
9362,14
9363,1
9363,25
9363,7
9364,9
9364,17
9364,25
9365,1
9365,25
9365,6
9365,7
9366,8
9367,23
9367,8
9368,8
9369,5
9369,8
9370,1
9370,25
9370,7
9371,23
9371,8
9372,8
9373,9
9374,5
9374,9
9374,7
9375,1
9375,3
9375,21
9375,6
9375,4
9375,10
9376,6
9376,20
9377,6
9378,9
9378,6
9379,9
9379,26
9380,9
9381,9
9381,6
9382,9
9382,6
9382,27
9383,3
9383,9
9383,6
9383,15
9384,1
9384,3
9384,21
9385,9
9385,25
9386,9
9387,5
9387,9
9387,26
9388,8
9389,25
9390,9
9391,9
9391,17
9391,25
9392,9
9392,6
9393,9
9394,8
9395,1
9395,9
9395,25
9395,7
9396,9
9397,13
9397,26
9397,8
9398,8
9399,23
9399,6
9400,9
9401,5
9401,9
9401,13
9401,27
9402,21
9402,9
9402,11
9402,20
9402,4
9402,10
9403,1
9403,21
9403,25
9403,14
9403,7
9404,1
9404,3
9404,21
9405,1
9405,21
9405,25
9406,8
9407,21
9407,11
9407,6
9408,3
9408,9
9408,6
9409,9
9409,6
9410,5
9410,15
9410,8
9411,5
9411,9
9411,20
9412,11
9412,6
9413,8
9414,5
9414,9
9414,6
9415,9
9415,6
9416,3
9416,21
9416,17
9416,25
9416,11
9416,14
9416,6
9416,7
9416,4
9416,10
9417,8
9418,8
9419,5
9419,6
9419,8
9420,5
9420,9
9420,13
9420,25
9421,25
9421,20
9421,7
9422,1
9422,9
9422,25
9422,7
9423,14
9424,9
9425,9
9425,6
9425,7
9426,1
9426,17
9426,25
9427,9
9427,25
9428,8
9429,8
9430,6
9430,20
9430,16
9431,9
9431,11
9431,4
9432,5
9432,8
9433,9
9434,1
9434,25
9434,7
9435,9
9435,17
9435,7
9436,14
9437,21
9437,20
9438,11
9438,14
9438,16
9439,9
9439,6
9439,20
9439,7
9440,1
9440,3
9440,25
9441,9
9442,5
9442,9
9443,8
9444,1
9444,21
9444,6
9444,4
9444,10
9444,16
9445,8
9446,9
9446,13
9446,26
9447,5
9447,9
9447,15
9448,9
9448,17
9448,25
9449,8
9450,3
9450,9
9450,11
9450,6
9450,4
9450,10
9450,16
9451,9
9452,13
9452,8
9453,9
9454,9
9454,6
9455,9
9455,6
9455,7
9456,9
9457,21
9457,25
9458,9
9458,20
9459,1
9459,3
9459,6
9460,9
9460,6
9461,1
9461,5
9461,9
9461,23
9461,7
9462,5
9462,9
9462,6
9462,7
9463,1
9463,25
9464,21
9464,25
9465,9
9465,17
9465,25
9466,9
9467,17
9467,25
9467,14
9468,9
9468,17
9468,25
9468,14
9469,9
9469,13
9469,20
9470,1
9470,21
9470,25
9470,14
9471,9
9472,8
9473,6
9473,20
9474,8
9475,1
9475,3
9475,9
9475,25
9475,10
9476,5
9476,9
9476,15
9477,9
9477,25
9477,11
9477,14
9478,9
9478,6
9478,20
9478,15
9479,9
9479,13
9480,1
9480,3
9480,25
9480,7
9481,8
9482,14
9482,6
9483,15
9483,8
9484,9
9485,9
9485,20
9486,9
9487,3
9487,11
9487,6
9487,20
9487,4
9487,10
9488,23
9488,8
9489,1
9489,3
9489,21
9489,10
9490,25
9490,6
9491,1
9491,25
9491,6
9491,20
9492,8
9493,8
9494,5
9494,9
9494,17
9494,25
9494,7
9495,9
9495,17
9495,25
9496,6
9497,9
9498,1
9498,17
9498,25
9498,11
9498,14
9498,6
9498,7
9499,25
9499,14
9500,5
9500,9
9500,13
9500,25
9501,8
9502,9
9502,6
9502,20
9503,1
9503,3
9503,21
9503,25
9503,11
9503,7
9503,10
9504,25
9505,8
9506,1
9506,25
9506,7
9507,9
9507,17
9507,25
9507,14
9508,27
9508,8
9509,9
9509,25
9509,27
9510,5
9510,8
9511,9
9512,8
9513,1
9513,9
9513,25
9514,9
9514,6
9514,20
9515,9
9516,17
9516,25
9516,14
9517,11
9517,14
9517,6
9517,7
9518,9
9518,17
9518,25
9518,6
9518,7
9519,8
9520,9
9520,25
9520,20
9520,15
9521,17
9521,25
9521,14
9522,1
9522,25
9523,8
9524,21
9524,9
9524,17
9525,5
9525,9
9525,17
9525,25
9525,7
9526,1
9526,9
9526,25
9526,11
9526,14
9527,9
9527,7
9528,8
9529,8
9530,9
9531,9
9531,6
9532,1
9532,3
9532,21
9532,25
9532,14
9533,8
9534,5
9534,9
9535,9
9535,20
9535,26
9536,9
9536,7
9537,8
9538,6
9539,1
9539,9
9539,17
9539,25
9539,14
9539,6
9539,7
9540,5
9540,9
9540,13
9541,8
9542,8
9543,9
9543,20
9544,8
9545,8
9546,8
9547,21
9547,17
9547,25
9547,11
9547,14
9547,6
9547,10
9548,9
9549,3
9549,9
9549,6
9549,7
9549,27
9550,9
9550,20
9550,16
9551,8
9552,9
9552,6
9553,15
9553,8
9554,1
9554,9
9555,8
9556,14
9557,3
9557,9
9557,17
9557,25
9557,14
9558,9
9558,10
9559,5
9559,15
9559,8
9560,9
9561,6
9562,3
9562,11
9562,6
9562,4
9562,10
9562,16
9563,9
9563,6
9563,7
9564,9
9564,25
9565,9
9565,20
9565,15
9565,16
9566,6
9566,15
9567,1
9567,5
9567,9
9567,13
9567,17
9567,6
9567,20
9567,7
9568,9
9569,8
9570,8
9571,9
9571,7
9572,1
9572,21
9572,25
9572,14
9573,5
9573,9
9573,13
9573,25
9573,7
9574,4
9574,8
9575,5
9575,9
9575,13
9576,9
9576,6
9577,9
9577,17
9577,25
9577,11
9577,14
9578,9
9578,17
9578,25
9578,14
9578,7
9579,5
9579,9
9580,5
9580,9
9580,13
9581,3
9581,11
9581,14
9581,6
9581,10
9582,25
9582,11
9583,9
9584,9
9585,1
9585,9
9585,25
9585,14
9585,6
9586,7
9586,8
9587,9
9587,6
9588,8
9589,6
9589,7
9590,5
9590,9
9590,6
9590,7
9591,8
9592,1
9592,9
9592,25
9592,7
9593,17
9593,25
9593,14
9594,9
9594,6
9595,5
9595,8
9596,9
9596,25
9596,7
9597,8
9598,13
9598,8
9599,9
9600,9
9601,9
9602,5
9602,9
9603,9
9604,9
9604,6
9605,9
9605,6
9606,9
9606,25
9606,11
9606,20
9607,9
9607,17
9608,17
9609,1
9609,25
9610,1
9610,3
9610,6
9611,17
9611,25
9611,7
9612,8
9613,8
9614,17
9614,25
9614,11
9614,14
9615,9
9616,5
9616,9
9616,26
9617,9
9617,6
9617,15
9618,5
9618,9
9618,15
9619,5
9619,9
9620,8
9621,5
9621,8
9622,9
9622,6
9622,20
9623,21
9624,8
9625,9
9626,3
9626,11
9626,10
9627,9
9627,6
9628,8
9629,9
9629,6
9629,15
9630,5
9630,9
9630,13
9630,25
9631,8
9632,5
9632,9
9632,7
9633,9
9633,20
9633,15
9634,9
9634,6
9635,8
9636,1
9636,5
9636,9
9636,13
9636,26
9637,1
9637,3
9637,21
9637,17
9637,25
9637,14
9637,26
9638,9
9639,9
9639,17
9639,6
9639,20
9639,27
9639,16
9640,1
9640,9
9640,25
9640,7
9641,9
9641,11
9641,6
9641,4
9641,10
9641,16
9642,6
9643,9
9643,6
9643,20
9644,9
9645,13
9645,8
9646,9
9646,6
9646,20
9647,5
9647,9
9648,17
9648,25
9648,14
9649,3
9649,11
9649,10
9650,5
9650,9
9650,13
9650,6
9650,15
9651,9
9651,6
9651,10
9652,9
9653,21
9653,9
9654,9
9655,8
9656,9
9656,17
9656,25
9656,14
9657,8
9658,9
9658,25
9658,20
9658,7
9659,1
9659,9
9659,23
9660,3
9660,21
9660,11
9660,6
9660,4
9660,10
9661,1
9661,3
9661,5
9661,9
9661,25
9662,9
9663,3
9663,11
9663,6
9663,4
9663,10
9664,8
9665,5
9665,9
9666,9
9666,7
9667,8
9668,5
9668,9
9668,13
9668,6
9669,9
9670,3
9670,9
9670,11
9670,10
9671,11
9671,14
9671,6
9671,16
9672,6
9672,8
9673,1
9673,3
9673,9
9673,25
9673,6
9673,7
9674,9
9675,3
9675,9
9675,11
9675,4
9675,10
9676,8
9677,9
9677,17
9677,11
9677,20
9677,7
9678,3
9678,5
9678,9
9678,17
9679,17
9679,25
9679,14
9680,6
9680,7
9681,4
9681,10
9682,9
9682,6
9683,9
9683,25
9683,6
9683,10
9684,1
9684,9
9684,4
9684,10
9685,9
9685,25
9686,9
9687,8
9688,9
9688,6
9688,16
9689,5
9689,9
9689,13
9690,9
9690,23
9690,6
9690,20
9691,8
9692,9
9692,6
9693,9
9693,15
9693,16
9694,1
9694,3
9694,21
9694,6
9695,5
9695,8
9696,21
9696,9
9696,25
9696,14
9697,9
9698,8
9699,9
9699,20
9699,7
9700,1
9700,3
9700,21
9700,25
9700,11
9701,1
9701,3
9701,21
9701,6
9701,4
9701,10
9702,9
9702,25
9702,14
9702,6
9702,7
9703,9
9703,17
9703,25
9703,7
9704,1
9704,9
9704,25
9705,13
9705,26
9705,8
9706,3
9706,9
9706,11
9706,6
9706,4
9706,10
9706,16
9707,5
9707,9
9707,13
9708,1
9708,3
9708,9
9708,25
9708,7
9708,26
9709,1
9709,3
9709,21
9709,11
9710,1
9710,3
9710,21
9711,9
9711,20
9711,15
9712,9
9712,6
9712,20
9713,5
9713,9
9713,11
9713,6
9713,4
9714,1
9714,9
9714,17
9714,25
9714,7
9715,3
9715,17
9715,6
9715,7
9716,5
9716,9
9717,5
9717,9
9717,13
9717,6
9718,5
9718,9
9718,6
9719,1
9719,3
9719,21
9719,9
9719,17
9719,25
9719,14
9720,9
9720,25
9721,9
9722,9
9722,17
9722,25
9722,7
9723,3
9723,9
9723,10
9724,9
9724,13
9724,20
9724,26
9725,1
9726,9
9727,6
9728,25
9728,14
9729,21
9729,9
9729,17
9729,25
9729,7
9730,9
9731,9
9731,6
9732,9
9733,9
9734,8
9735,9
9736,9
9736,6
9737,9
9737,25
9738,1
9738,25
9739,21
9739,9
9740,6
9741,15
9741,8
9742,1
9742,21
9742,9
9742,17
9742,25
9742,14
9743,9
9743,25
9743,7
9744,9
9744,7
9745,9
9745,7
9746,9
9746,13
9746,25
9746,20
9747,1
9747,9
9747,25
9747,7
9748,21
9748,9
9748,17
9748,25
9749,9
9750,5
9750,9
9750,13
9750,26
9751,1
9751,3
9751,11
9751,10
9752,9
9753,3
9753,9
9754,9
9755,1
9755,9
9755,25
9756,17
9756,25
9756,14
9757,3
9757,9
9757,6
9758,17
9758,25
9758,14
9759,9
9759,20
9760,1
9760,9
9760,25
9760,7
9761,9
9761,17
9761,25
9761,7
9762,9
9762,23
9763,9
9763,7
9764,5
9764,9
9764,25
9764,14
9764,15
9765,15
9765,8
9766,1
9766,3
9766,11
9766,6
9766,4
9766,10
9766,16
9767,3
9767,21
9767,9
9767,26
9768,25
9768,14
9769,21
9769,9
9770,9
9770,6
9771,20
9772,9
9773,11
9773,6
9773,20
9774,9
9775,11
9775,6
9775,20
9776,1
9776,3
9776,21
9776,25
9776,20
9777,5
9777,9
9777,23
9777,6
9778,21
9778,9
9778,17
9778,25
9778,14
9778,6
9779,9
9780,9
9781,10
9782,1
9782,9
9782,25
9782,7
9782,4
9783,9
9783,20
9784,6
9785,1
9785,3
9785,11
9785,6
9785,4
9785,10
9786,9
9786,6
9787,25
9788,8
9789,9
9789,13
9789,20
9790,23
9790,8
9791,9
9792,13
9792,8
9793,9
9793,17
9793,25
9793,14
9793,15
9793,16
9794,9
9795,9
9795,17
9795,25
9795,14
9796,5
9796,9
9797,5
9797,9
9798,8
9799,9
9800,14
9801,25
9802,9
9803,6
9804,1
9804,3
9804,9
9804,25
9804,6
9805,1
9805,3
9805,9
9805,17
9805,25
9805,7
9806,9
9807,9
9808,9
9809,8
9810,1
9810,3
9810,21
9810,11
9811,9
9811,6
9811,20
9812,9
9813,1
9813,25
9813,6
9813,7
9814,5
9814,9
9814,27
9815,6
9816,9
9816,20
9817,21
9817,25
9818,8
9819,20
9819,7
9820,9
9820,20
9821,9
9822,9
9822,25
9822,14
9822,20
9823,9
9823,17
9823,6
9823,7
9823,10
9824,1
9824,9
9824,25
9824,27
9825,9
9825,20
9825,26
9826,8
9827,5
9827,9
9827,17
9827,25
9827,7
9828,9
9828,25
9829,9
9830,3
9830,11
9830,6
9830,4
9830,10
9831,9
9831,7
9832,1
9832,3
9832,9
9832,17
9832,25
9832,7
9833,9
9833,13
9833,25
9834,9
9834,17
9834,7
9835,9
9836,11
9836,6
9837,8
9838,8
9839,9
9840,5
9840,9
9840,6
9840,15
9841,9
9841,17
9841,25
9841,14
9842,9
9842,17
9842,25
9842,7
9843,9
9844,3
9844,11
9844,4
9844,10
9845,8
9846,6
9847,6
9848,8
9849,9
9850,5
9850,9
9851,9
9852,3
9852,21
9852,9
9852,17
9852,14
9853,17
9853,25
9853,14
9854,9
9854,13
9855,1
9855,3
9855,21
9855,11
9855,6
9856,3
9856,9
9856,10
9857,9
9858,5
9858,9
9858,13
9859,9
9859,25
9859,14
9860,9
9861,14
9861,27
9862,9
9862,11
9862,6
9863,9
9864,9
9865,3
9865,21
9865,9
9865,11
9865,6
9866,17
9866,25
9867,17
9868,9
9868,20
9869,9
9869,25
9869,7
9870,9
9870,26
9871,1
9871,3
9871,21
9871,11
9871,14
9872,9
9872,15
9873,11
9873,6
9873,20
9874,9
9874,17
9875,9
9876,1
9876,7
9877,3
9877,11
9877,6
9877,4
9877,10
9878,15
9878,8
9879,5
9879,9
9879,13
9879,6
9879,7
9880,9
9880,15
9881,13
9881,6
9882,9
9883,5
9883,9
9884,8
9885,8
9886,8
9887,6
9888,21
9888,9
9888,25
9889,9
9890,9
9890,7
9890,27
9891,9
9891,20
9892,5
9892,9
9892,25
9892,20
9893,6
9893,20
9894,17
9894,25
9894,14
9895,9
9895,17
9895,25
9895,6
9895,7
9896,8
9897,1
9897,3
9897,21
9897,11
9898,25
9899,9
9899,17
9899,14
9900,5
9900,9
9901,5
9901,9
9902,8
9903,9
9904,5
9904,9
9904,25
9904,7
9905,6
9905,20
9906,8
9907,9
9907,6
9907,20
9908,1
9908,9
9908,26
9909,9
9909,20
9910,9
9910,17
9910,25
9910,14
9911,3
9911,11
9911,6
9911,4
9911,10
9911,16
9912,6
9913,5
9913,8
9914,5
9914,9
9914,7
9915,9
9915,25
9916,5
9916,9
9917,1
9917,3
9917,21
9917,17
9917,11
9917,6
9917,4
9917,10
9918,9
9918,6
9919,8
9920,6
9920,7
9921,5
9921,9
9921,26
9922,8
9923,9
9924,3
9924,9
9924,11
9924,6
9924,10
9925,21
9925,9
9926,9
9926,20
9927,1
9927,9
9927,25
9927,7
9928,21
9928,17
9928,25
9928,14
9929,9
9929,20
9929,22
9930,1
9930,3
9930,21
9930,9
9930,25
9930,7
9931,9
9931,6
9932,9
9932,17
9932,20
9933,9
9933,20
9934,5
9934,9
9935,3
9935,13
9935,6
9935,8
9936,9
9936,17
9936,25
9937,9
9937,20
9938,3
9938,11
9938,6
9938,20
9938,10
9938,16
9939,6
9940,21
9940,9
9940,17
9940,25
9940,14
9941,21
9941,9
9941,11
9941,6
9942,15
9942,8
9943,8
9944,9
9944,25
9944,14
9945,8
9946,8
9947,13
9947,8
9948,6
9948,20
9949,25
9949,7
9950,1
9950,3
9950,21
9950,11
9950,14
9951,9
9951,25
9951,14
9952,5
9952,9
9952,11
9952,15
9952,16
9953,6
9953,7
9954,9
9955,3
9955,9
9955,6
9956,9
9957,1
9957,3
9957,21
9958,5
9958,9
9958,8
9959,4
9960,21
9960,9
9960,25
9960,14
9961,9
9962,9
9962,6
9963,5
9963,20
9963,15
9964,9
9965,9
9965,6
9966,5
9966,15
9966,8
9967,1
9967,9
9967,7
9968,9
9969,8
9970,8
9971,3
9971,6
9971,4
9971,10
9972,8
9973,5
9973,15
9973,8
9974,9
9974,17
9974,20
9974,7
9974,26
9975,9
9976,6
9977,15
9977,8
9978,9
9978,6
9978,20
9979,9
9980,1
9980,3
9980,21
9980,6
9981,1
9981,9
9981,17
9981,6
9981,20
9981,7
9982,9
9983,9
9983,6
9983,20
9984,1
9984,6
9984,7
9985,11
9985,14
9985,6
9986,13
9986,8
9987,1
9987,25
9988,3
9989,14
9990,14
9991,1
9991,9
9991,13
9991,25
9992,9
9992,6
9993,15
9993,8
9994,8
9995,3
9995,11
9995,6
9995,4
9995,10
9996,9
9996,15
9997,17
9997,25
9997,14
9998,9
9999,3
9999,9
9999,17
10000,23
10000,8
10001,9
10001,13
10001,25
10001,20
10001,26
10002,9
10003,9
10004,9
10005,9
10005,11
10005,6
10005,20
10005,15
10005,16
10006,1
10006,3
10006,21
10006,6
10007,9
10007,17
10007,25
10007,14
10008,1
10008,17
10008,25
10009,15
10009,8
10010,9
10010,6
10011,9
10012,5
10012,8
10013,1
10013,3
10013,9
10013,25
10013,14
10014,9
10015,9
10015,7
10016,1
10016,25
10016,7
10017,9
10017,17
10017,25
10018,13
10018,7
10018,8
10019,1
10019,25
10019,6
10019,7
10020,9
10020,6
10021,9
10021,6
10022,1
10022,9
10022,23
10022,17
10022,25
10022,6
10022,7
10023,9
10023,6
10024,25
10024,14
10025,9
10025,6
10025,20
10026,9
10027,9
10028,15
10028,8
10029,9
10029,6
10030,9
10030,17
10030,25
10030,7
10031,17
10031,25
10031,14
10032,9
10033,3
10033,9
10033,6
10033,4
10033,10
10033,16
10034,8
10035,8
10036,9
10037,8
10038,9
10038,8
10039,5
10039,8
10040,9
10040,13
10040,17
10040,25
10040,6
10040,7
10041,5
10041,9
10041,7
10042,9
10043,9
10044,25
10045,5
10045,8
10046,9
10046,13
10046,25
10047,1
10047,3
10047,25
10047,6
10047,7
10048,9
10048,17
10048,25
10048,11
10048,20
10048,16
10049,5
10049,15
10049,8
10050,9
10051,9
10051,7
10052,9
10052,6
10052,20
10053,3
10053,9
10053,25
10053,7
10054,25
10055,25
10056,9
10057,5
10057,9
10057,23
10058,1
10058,3
10058,10
10059,21
10059,9
10060,6
10061,13
10061,8
10062,17
10062,25
10062,14
10062,10
10063,9
10064,9
10064,23
10064,6
10064,20
10065,1
10065,9
10065,6
10065,7
10066,3
10066,9
10066,23
10066,6
10067,8
10068,9
10069,8
10070,1
10070,3
10070,6
10070,4
10070,10
10071,6
10072,9
10072,17
10072,26
10073,3
10073,9
10073,25
10073,14
10074,8
10075,5
10075,9
10075,6
10075,15
10075,16
10076,5
10076,9
10076,13
10076,4
10077,13
10077,4
10077,8
10078,5
10078,9
10078,25
10079,9
10080,3
10080,6
10081,8
10082,8
10083,9
10083,17
10083,6
10084,8
10085,17
10085,25
10085,14
10085,6
10086,1
10086,9
10086,25
10087,9
10087,6
10088,8
10089,9
10090,6
10091,9
10091,17
10091,25
10091,14
10092,8
10093,15
10093,8
10094,17
10094,11
10094,14
10095,5
10095,9
10095,20
10096,9
10096,17
10096,25
10097,9
10097,6
10098,9
10098,17
10098,25
10098,11
10098,14
10099,1
10099,9
10099,17
10099,25
10099,7
10100,5
10100,9
10100,25
10100,20
10100,26
10101,8
10102,25
10102,7
10103,9
10104,5
10104,8
10105,9
10106,9
10106,25
10106,11
10106,14
10107,15
10107,8
10108,9
10109,1
10109,9
10109,17
10109,25
10109,7
10110,14
10110,6
10111,25
10112,8
10113,9
10114,9
10114,25
10114,14
10115,21
10115,9
10115,17
10115,25
10116,9
10116,25
10116,6
10116,7
10117,15
10117,8
10118,9
10118,25
10119,8
10120,14
10120,6
10121,9
10122,9
10123,1
10123,3
10123,21
10123,9
10123,25
10123,11
10123,6
10123,4
10124,26
10124,8
10125,3
10125,21
10125,9
10125,17
10125,25
10126,8
10127,6
10128,9
10128,23
10128,6
10129,14
10129,6
10130,5
10130,23
10130,8
10131,9
10131,20
10132,5
10132,9
10133,1
10133,3
10133,25
10133,27
10134,9
10134,25
10134,7
10135,9
10135,25
10135,14
10135,6
10135,7
10136,8
10137,9
10137,6
10138,8
10139,3
10139,11
10139,6
10139,4
10139,10
10140,9
10140,6
10140,7
10141,21
10141,17
10141,25
10141,7
10142,5
10142,9
10142,13
10142,20
10142,15
10142,16
10143,5
10144,6
10144,7
10145,21
10145,9
10145,6
10145,7
10146,9
10146,25
10146,14
10146,7
10147,9
10147,13
10147,6
10147,7
10148,8
10149,1
10149,3
10149,9
10149,25
10149,11
10149,7
10150,5
10150,9
10150,6
10151,9
10151,25
10151,14
10152,9
10152,25
10153,21
10153,9
10154,8
10155,9
10156,17
10156,14
10156,6
10156,8
10157,8
10158,14
10158,6
10159,6
10160,1
10160,9
10161,8
10162,1
10162,21
10162,9
10162,25
10162,7
10163,21
10163,9
10164,6
10165,14
10166,9
10166,25
10166,6
10167,11
10167,14
10167,6
10167,4
10167,10
10168,9
10168,7
10168,15
10169,17
10169,25
10169,14
10170,5
10170,9
10170,13
10170,20
10170,26
10171,6
10172,9
10172,7
10173,9
10173,13
10173,6
10174,6
10175,9
10175,6
10175,26
10176,1
10176,3
10176,11
10176,10
10177,9
10177,17
10177,8
10178,26
10178,8
10179,10
10179,8
10180,9
10180,17
10180,11
10180,14
10181,9
10181,17
10181,25
10181,14
10182,1
10182,14
10182,6
10183,1
10183,9
10183,25
10183,7
10184,9
10185,25
10185,14
10186,9
10187,9
10188,8
10189,21
10189,25
10189,11
10190,9
10190,6
10191,5
10191,9
10191,13
10192,1
10192,3
10192,9
10192,13
10193,1
10193,9
10193,25
10193,26
10194,8
10195,15
10195,8
10196,8
10197,9
10198,5
10198,8
10199,9
10200,9
10200,17
10200,25
10200,20
10200,7
10201,1
10201,5
10201,9
10201,13
10202,9
10203,9
10203,17
10203,7
10204,5
10204,9
10204,13
10205,9
10206,1
10206,3
10206,21
10207,9
10208,5
10208,9
10208,13
10208,25
10208,7
10209,9
10209,6
10209,20
10210,1
10210,9
10210,17
10210,25
10210,7
10211,9
10211,25
10211,11
10211,14
10212,9
10213,3
10213,6
10213,4
10213,10
10214,9
10214,6
10214,20
10215,1
10215,9
10215,13
10215,26
10216,6
10216,10
10217,1
10218,8
10219,3
10219,9
10219,6
10219,20
10219,4
10219,10
10219,16
10220,11
10220,6
10220,10
10221,9
10222,9
10223,9
10224,1
10224,3
10224,6
10225,15
10225,8
10226,6
10227,1
10227,5
10227,9
10227,23
10228,9
10228,11
10228,20
10228,4
10229,8
10230,8
10231,9
10231,17
10231,25
10231,7
10232,5
10232,9
10232,13
10232,25
10232,7
10233,1
10233,3
10233,9
10233,11
10233,26
10234,9
10234,23
10234,20
10235,1
10235,9
10235,25
10235,7
10236,5
10236,9
10237,8
10238,5
10238,9
10238,13
10238,25
10239,3
10239,11
10239,6
10239,4
10239,10
10239,16
10240,9
10241,5
10241,8
10242,9
10243,5
10243,8
10244,8
10245,8
10246,9
10246,17
10246,25
10246,6
10246,7
10247,9
10247,20
10247,7
10248,5
10248,9
10248,6
10249,8
10250,9
10251,9
10251,20
10252,9
10253,25
10253,14
10254,9
10254,17
10254,25
10254,14
10254,7
10255,14
10255,6
10256,9
10257,21
10257,9
10257,17
10257,14
10258,1
10258,9
10258,7
10258,8
10259,3
10259,11
10259,6
10259,4
10259,10
10259,16
10260,9
10260,13
10260,20
10261,1
10261,3
10261,5
10261,9
10261,25
10261,20
10262,8
10263,1
10263,3
10263,25
10263,6
10264,5
10264,9
10264,20
10264,26
10265,17
10265,25
10265,14
10266,5
10266,9
10267,8
10268,5
10268,15
10268,8
10269,1
10269,3
10269,11
10269,6
10270,21
10270,14
10271,5
10271,9
10271,7
10272,5
10272,9
10272,25
10273,9
10274,9
10274,17
10274,25
10274,6
10274,7
10275,5
10275,8
10276,9
10276,11
10276,6
10276,4
10276,10
10276,16
10277,9
10278,1
10278,3
10278,21
10278,11
10279,3
10279,5
10279,9
10279,13
10279,10
10280,9
10280,26
10281,1
10281,5
10281,9
10281,13
10282,5
10282,9
10282,7
10283,9
10283,20
10284,1
10284,3
10284,21
10284,6
10284,4
10284,10
10285,9
10286,9
10287,17
10287,14
10288,5
10288,15
10288,8
10289,9
10289,25
10289,7
10291,6
10292,17
10292,25
10293,8
10294,9
10295,1
10295,21
10295,9
10295,17
10295,25
10295,14
10296,6
10297,9
10297,11
10297,20
10297,4
10297,10
10298,25
10299,1
10299,25
10299,6
10299,7
10300,1
10300,3
10300,11
10300,6
10300,10
10301,9
10302,21
10302,25
10303,9
10303,6
10303,10
10304,21
10304,14
10305,13
10305,8
10306,1
10306,6
10306,7
10307,9
10307,26
10308,9
10308,17
10308,14
10309,11
10310,9
10311,8
10312,25
10312,11
10312,14
10313,25
10314,9
10315,15
10315,8
10316,9
10317,1
10317,9
10317,17
10317,25
10318,5
10318,9
10318,7
10319,9
10319,20
10320,1
10320,3
10320,7
10321,9
10321,20
10322,25
10322,14
10322,6
10323,9
10324,9
10324,25
10324,14
10325,3
10325,9
10325,11
10325,6
10325,10
10326,9
10326,6
10326,20
10327,3
10327,21
10327,11
10327,6
10327,4
10327,10
10328,3
10328,17
10328,25
10328,11
10328,14
10328,6
10329,9
10329,6
10330,9
10330,6
10331,9
10331,6
10332,9
10333,9
10333,23
10333,6
10333,20
10334,9
10334,20
10335,1
10335,3
10335,21
10335,11
10335,6
10335,7
10335,4
10335,10
10336,9
10337,9
10337,17
10337,25
10337,7
10338,9
10338,20
10339,8
10340,1
10340,14
10341,25
10341,14
10341,15
10342,9
10343,9
10343,11
10343,6
10343,20
10343,4
10343,10
10344,9
10344,13
10344,25
10345,9
10345,17
10345,25
10345,14
10346,9
10346,6
10347,9
10348,5
10348,13
10348,15
10348,8
10349,9
10349,20
10349,15
10350,9
10350,6
10351,3
10351,9
10351,4
10351,10
10352,9
10352,7
10353,8
10354,9
10355,9
10356,1
10356,3
10356,21
10356,6
10356,4
10356,10
10357,9
10357,20
10358,9
10358,25
10358,7
10359,9
10360,9
10360,17
10360,25
10361,9
10361,6
10362,1
10362,6
10363,9
10363,6
10364,6
10364,20
10365,1
10365,21
10365,9
10365,17
10365,25
10365,14
10366,9
10366,6
10366,20
10366,7
10367,6
10367,7
10368,9
10368,11
10369,9
10370,1
10370,3
10370,21
10370,9
10370,17
10370,25
10370,27
10371,25
10372,11
10372,14
10372,6
10373,9
10374,9
10375,9
10375,20
10376,3
10376,9
10376,11
10376,6
10376,4
10376,10
10377,9
10378,1
10378,9
10378,17
10378,25
10378,6
10378,7
10379,9
10379,25
10379,14
10380,5
10380,9
10381,8
10382,1
10382,9
10382,25
10383,9
10383,23
10384,9
10384,7
10385,9
10386,6
10387,1
10387,21
10387,9
10387,11
10388,13
10388,8
10389,8
10390,5
10390,9
10390,20
10390,15
10391,9
10391,6
10391,20
10392,9
10392,17
10392,25
10393,9
10394,9
10395,9
10395,6
10395,20
10396,1
10396,25
10396,14
10397,9
10398,9
10398,17
10398,25
10398,6
10399,9
10399,6
10400,9
10400,7
10401,6
10402,21
10402,25
10402,14
10403,8
10404,6
10405,5
10405,9
10405,13
10405,6
10405,26
10406,9
10406,25
10407,9
10408,21
10408,17
10408,14
10408,6
10409,9
10409,6
10409,20
10410,25
10410,6
10410,7
10411,1
10411,6
10412,3
10412,5
10412,10
10412,8
10413,8
10414,9
10414,14
10415,6
10415,20
10416,3
10416,21
10416,9
10416,17
10416,25
10416,14
10417,9
10417,25
10417,7
10418,20
10419,1
10419,6
10419,10
10420,9
10421,1
10421,3
10421,11
10421,6
10421,4
10421,10
10421,16
10422,25
10422,14
10422,6
10422,15
10423,21
10423,25
10423,6
10424,9
10425,9
10425,6
10425,10
10426,5
10426,8
10427,9
10428,9
10429,5
10429,9
10429,13
10429,20
10430,17
10430,25
10430,7
10431,9
10431,25
10431,6
10432,9
10432,17
10432,11
10432,6
10433,5
10433,8
10434,3
10434,6
10434,4
10434,10
10435,9
10435,25
10435,14
10436,15
10436,8
10437,1
10437,3
10437,9
10437,25
10437,7
10438,1
10438,13
10439,9
10440,1
10440,5
10440,9
10440,7
10440,27
10441,5
10441,9
10441,6
10441,7
10442,14
10443,8
10444,25
10445,9
10446,9
10447,8
10448,14
10448,6
10450,9
10451,9
10452,9
10453,9
10453,6
10453,20
10454,9
10455,14
10456,9
10456,25
10456,7
10457,9
10457,7
10458,8
10459,9
10460,25
10460,7
10461,9
10462,6
10463,6
10464,14
10464,6
10465,9
10465,8
10466,8
10467,6
10467,20
10467,16
10468,8
10469,5
10469,9
10469,7
10470,6
10470,20
10471,9
10471,6
10471,20
10472,25
10473,9
10474,9
10475,3
10475,17
10475,14
10475,6
10475,4
10475,10
10476,9
10476,14
10476,4
10477,9
10478,8
10479,9
10479,17
10479,25
10480,9
10481,9
10481,6
10482,9
10482,6
10482,16
10483,8
10484,1
10484,9
10484,17
10484,25
10484,6
10484,20
10484,7
10485,8
10486,9
10486,6
10487,9
10488,8
10489,9
10490,9
10490,20
10490,15
10491,21
10491,9
10491,17
10491,25
10491,11
10492,8
10493,1
10493,25
10494,11
10494,14
10494,6
10494,7
10495,9
10495,25
10495,7
10496,9
10496,25
10496,6
10496,7
10497,5
10497,9
10497,25
10498,1
10498,3
10498,25
10498,7
10499,9
10500,9
10500,6
10501,8
10502,3
10502,21
10502,11
10502,10
10503,9
10503,20
10503,15
10504,3
10504,9
10504,26
10505,9
10505,17
10506,9
10507,9
10507,4
10507,10
10508,9
10508,17
10508,6
10509,9
10509,6
10510,9
10511,9
10512,1
10512,9
10512,25
10513,9
10513,17
10513,25
10513,14
10514,9
10514,6
10515,8
10516,9
10517,5
10517,9
10517,25
10518,5
10518,9
10518,15
10518,8
10519,9
10519,25
10519,7
10520,7
10520,8
10521,15
10521,8
10522,9
10522,6
10522,7
10522,15
10523,6
10523,15
10524,9
10525,9
10525,6
10526,1
10526,6
10526,10
10527,9
10528,9
10529,1
10529,9
10530,11
10530,10
10531,8
10532,8
10533,1
10533,9
10533,13
10533,26
10534,6
10534,20
10535,9
10536,5
10536,9
10536,13
10536,16
10537,8
10538,9
10538,10
10539,8
10540,8
10541,14
10542,1
10542,9
10542,13
10542,26
10543,9
10544,17
10544,11
10544,6
10544,20
10545,9
10545,17
10545,25
10545,14
10546,1
10546,3
10546,25
10546,11
10547,9
10547,13
10547,26
10548,9
10548,15
10549,9
10549,25
10550,9
10550,20
10550,7
10551,26
10551,8
10552,25
10552,14
10552,26
10553,9
10553,26
10554,9
10554,20
10555,8
10556,14
10557,9
10557,6
10557,15
10557,10
10557,16
10558,8
10559,5
10559,25
10559,7
10560,5
10560,9
10560,20
10561,9
10561,25
10562,9
10563,6
10563,20
10564,25
10564,14
10565,9
10565,6
10566,14
10567,9
10568,15
10569,9
10569,7
10570,6
10571,8
10572,9
10572,25
10572,6
10573,9
10573,20
10573,26
10574,9
10575,8
10576,8
10577,9
10577,20
10578,8
10579,6
10580,9
10580,25
10580,14
10581,8
10582,1
10582,9
10582,14
10583,8
10584,5
10584,15
10584,8
10585,6
10586,9
10586,17
10587,6
10588,9
10588,11
10588,10
10589,1
10589,9
10589,25
10589,7
10590,9
10591,6
10591,15
10592,9
10592,6
10593,8
10594,8
10595,1
10595,21
10595,25
10595,7
10596,25
10596,6
10597,21
10597,14
10598,8
10599,13
10599,8
10600,9
10600,25
10600,14
10601,9
10601,20
10602,1
10602,9
10602,25
10602,7
10603,13
10603,26
10603,8
10604,9
10604,6
10604,15
10605,5
10605,9
10606,9
10606,13
10607,3
10607,9
10607,11
10607,6
10607,4
10607,10
10608,1
10608,3
10608,6
10608,10
10609,1
10609,25
10609,14
10610,25
10611,9
10611,20
10612,8
10613,9
10613,6
10613,20
10614,9
10615,5
10615,6
10615,8
10616,8
10617,9
10618,3
10618,21
10618,6
10618,15
10619,9
10619,25
10620,8
10621,9
10621,26
10622,1
10622,14
10622,6
10622,15
10623,8
10624,9
10625,6
10626,1
10626,9
10626,26
10627,9
10628,1
10628,21
10628,14
10629,9
10629,6
10630,3
10630,9
10630,17
10630,11
10630,4
10630,10
10631,8
10632,8
10633,9
10634,1
10634,21
10634,9
10634,25
10635,9
10636,6
10636,8
10637,1
10637,3
10637,9
10637,11
10637,10
10638,9
10638,25
10638,14
10639,8
10640,9
10640,6
10641,8
10642,9
10642,8
10643,9
10643,6
10644,9
10644,7
10645,5
10645,9
10645,13
10645,20
10645,15
10646,9
10646,10
10646,8
10647,25
10648,9
10648,6
10649,8
10650,6
10650,20
10651,9
10651,25
10651,14
10651,7
10652,9
10652,25
10653,9
10654,25
10655,25
10655,14
10655,6
10656,9
10657,10
10658,9
10658,25
10659,9
10659,20
10660,8
10661,1
10661,3
10661,9
10661,17
10661,7
10662,8
10663,1
10663,9
10663,17
10663,25
10663,7
10664,9
10664,7
10665,9
10665,13
10665,6
10666,8
10667,1
10667,3
10667,11
10667,6
10667,10
10668,9
10669,6
10670,9
10670,13
10670,25
10671,9
10672,5
10672,9
10672,13
10673,14
10674,25
10674,14
10674,6
10675,21
10676,5
10676,9
10676,25
10676,7
10676,26
10677,9
10677,8
10678,9
10678,6
10678,20
10679,3
10679,9
10679,6
10679,20
10680,21
10680,25
10680,14
10681,21
10681,6
10682,21
10682,11
10682,6
10683,6
10684,21
10684,25
10684,14
10685,9
10685,17
10685,25
10685,14
10685,7
10686,21
10686,9
10686,17
10686,14
10687,6
10688,9
10689,6
10689,20
10690,9
10690,6
10690,10
10691,25
10691,14
10691,6
10692,8
10693,9
10693,15
10694,17
10694,25
10694,14
10695,17
10695,25
10695,14
10696,8
10697,11
10697,14
10698,9
10698,15
10699,1
10699,9
10699,25
10699,20
10699,7
10700,1
10700,3
10700,21
10700,11
10700,6
10701,9
10701,20
10702,9
10702,17
10702,25
10702,20
10703,9
10703,6
10703,20
10704,9
10704,25
10705,9
10705,17
10705,6
10706,1
10706,5
10706,26
10706,8
10706,18
10707,9
10708,15
10708,8
10709,15
10709,16
10709,8
10710,6
10711,3
10711,17
10711,11
10711,14
10711,6
10711,10
10712,14
10712,6
10713,8
10714,9
10715,9
10715,6
10716,3
10716,21
10716,11
10716,6
10716,4
10716,10
10716,16
10717,21
10717,9
10717,14
10718,8
10719,6
10719,20
10720,9
10720,11
10720,14
10721,9
10721,17
10721,25
10721,14
10722,9
10722,7
10723,9
10723,25
10723,14
10724,8
10725,3
10725,9
10725,7
10726,8
10727,9
10728,9
10728,17
10728,25
10728,14
10729,9
10729,25
10729,7
10730,1
10730,3
10730,21
10730,9
10731,14
10732,1
10732,9
10732,25
10732,7
10733,9
10733,6
10733,20
10734,8
10735,9
10736,5
10736,9
10736,20
10737,3
10737,9
10737,11
10738,9
10739,21
10739,9
10740,9
10740,25
10741,6
10742,8
10743,25
10743,14
10743,6
10744,8
10745,11
10745,10
10745,16
10746,9
10747,5
10747,9
10748,9
10748,20
10749,9
10749,6
10750,9
10751,3
10751,11
10751,4
10751,10
10752,15
10752,8
10753,5
10753,7
10753,8
10754,25
10754,8
10755,8
10756,1
10756,9
10756,23
10757,9
10758,1
10758,21
10758,25
10758,11
10758,6
10759,17
10759,25
10759,14
10760,9
10761,9
10761,15
10762,9
10763,5
10763,9
10763,6
10764,1
10764,3
10764,25
10764,6
10765,5
10765,8
10766,10
10766,16
10767,9
10767,6
10767,20
10768,14
10768,4
10769,9
10769,15
10770,5
10770,9
10770,15
10771,3
10771,11
10771,6
10771,10
10772,3
10772,11
10772,6
10772,4
10772,10
10773,9
10774,1
10774,21
10774,6
10774,20
10775,9
10775,10
10776,9
10777,5
10777,15
10777,8
10778,8
10779,8
10780,9
10780,8
10781,9
10781,20
10782,9
10783,15
10783,8
10784,9
10784,6
10785,8
10786,11
10786,6
10787,6
10788,9
10788,7
10789,6
10789,20
10790,9
10791,9
10792,1
10792,9
10792,25
10792,7
10793,9
10793,6
10793,16
10794,9
10795,9
10795,6
10796,1
10796,3
10797,8
10799,8
10800,9
10801,8
10802,5
10802,9
10802,23
10803,9
10804,9
10804,25
10804,6
10804,20
10805,21
10805,9
10805,25
10805,11
10806,6
10807,9
10808,9
10809,9
10809,6
10809,20
10810,9
10811,15
10811,8
10812,25
10813,1
10813,9
10813,25
10814,25
10814,14
10815,1
10815,3
10815,11
10816,9
10817,9
10817,20
10817,15
10818,9
10818,13
10819,1
10819,3
10819,9
10819,13
10819,27
10820,9
10821,9
10821,11
10822,9
10822,25
10822,6
10822,7
10823,3
10823,21
10823,11
10823,6
10823,15
10823,4
10823,10
10824,25
10824,7
10824,8
10825,1
10825,9
10825,11
10825,6
10825,10
10826,1
10826,3
10826,11
10827,9
10828,9
10829,1
10829,14
10829,26
10830,8
10831,9
10831,13
10831,26
10832,8
10833,9
10834,9
10834,7
10835,1
10835,17
10835,25
10835,14
10836,1
10836,25
10837,6
10837,20
10838,8
10839,9
10840,8
10841,9
10842,1
10842,3
10842,21
10842,11
10843,8
10844,5
10844,9
10844,13
10845,1
10845,25
10846,9
10847,21
10847,9
10848,1
10848,9
10848,7
10849,8
10850,9
10851,1
10851,3
10851,25
10851,27
10852,8
10853,9
10854,21
10854,14
10854,6
10855,9
10855,20
10856,9
10856,17
10856,25
10856,6
10856,7
10857,8
10858,9
10859,25
10859,14
10860,9
10861,9
10862,1
10862,3
10862,6
10862,10
10863,9
10864,9
10864,17
10864,14
10865,9
10865,20
10866,25
10867,17
10867,25
10867,14
10868,9
10869,9
10870,11
10870,4
10870,10
10871,8
10872,21
10872,9
10873,9
10874,21
10874,9
10874,20
10875,9
10875,20
10876,9
10877,3
10877,9
10877,6
10878,1
10878,9
10878,13
10878,25
10878,14
10878,20
10879,9
10879,17
10879,11
10880,9
10880,6
10880,20
10881,8
10882,14
10883,9
10884,6
10885,9
10885,25
10885,6
10885,7
10886,9
10887,9
10887,6
10887,10
10887,16
10888,9
10888,6
10889,5
10889,9
10889,13
10890,9
10891,9
10891,16
10892,9
10892,11
10893,9
10893,25
10894,9
10895,20
10896,1
10896,25
10896,14
10896,6
10897,11
10897,6
10897,20
10898,9
10898,6
10898,15
10899,3
10899,6
10899,10
10900,9
10900,25
10900,6
10900,7
10901,9
10901,11
10901,20
10902,9
10902,25
10902,7
10903,5
10903,9
10903,13
10904,9
10904,25
10905,9
10905,25
10906,15
10906,8
10907,9
10907,7
10908,9
10908,25
10909,9
10910,9
10910,11
10911,9
10912,5
10912,9
10912,15
10913,17
10913,25
10913,14
10914,3
10914,6
10914,4
10914,10
10915,5
10915,15
10915,8
10916,9
10917,9
10917,25
10917,11
10917,14
10918,9
10918,6
10918,15
10919,3
10919,6
10919,4
10919,10
10920,9
10921,1
10921,21
10921,17
10921,25
10922,1
10922,3
10922,21
10922,11
10923,6
10924,6
10925,9
10926,25
10926,6
10926,7
10927,9
10927,13
10927,26
10928,1
10928,3
10928,11
10928,6
10928,4
10928,10
10928,16
10929,8
10930,9
10931,8
10932,9
10932,20
10932,4
10933,21
10933,14
10934,14
10935,5
10935,13
10935,8
10936,6
10936,20
10937,9
10937,22
10938,9
10939,6
10939,10
10940,7
10940,8
10941,1
10941,3
10941,21
10941,11
10942,5
10942,9
10942,17
10942,25
10942,7
10943,1
10943,7
10944,21
10944,25
10944,6
10944,20
10944,7
10945,9
10946,9
10946,25
10947,9
10947,17
10947,25
10948,8
10949,9
10949,14
10950,16
10951,6
10952,1
10952,9
10952,25
10952,7
10953,9
10953,6
10954,9
10954,25
10955,5
10955,13
10955,15
10955,8
10956,9
10956,25
10956,20
10956,7
10957,1
10957,21
10957,9
10957,25
10958,9
10959,9
10959,17
10959,25
10960,9
10960,13
10961,6
10962,9
10963,25
10964,9
10964,17
10964,14
10965,9
10966,8
10967,9
10967,23
10968,14
10969,17
10969,25
10969,14
10970,9
10970,20
10970,26
10971,9
10972,1
10972,6
10973,3
10973,21
10973,25
10974,9
10974,25
10974,14
10975,9
10976,8
10977,9
10977,20
10978,14
10979,14
10980,9
10980,20
10981,1
10981,25
10981,7
10982,6
10983,21
10983,9
10983,25
10984,1
10984,3
10984,11
10984,4
10985,1
10985,3
10985,21
10985,25
10985,11
10986,9
10986,6
10987,15
10987,8
10988,13
10988,10
10988,8
10989,5
10989,15
10989,4
10989,8
10990,6
10991,9
10992,9
10992,17
10992,25
10992,14
10993,9
10993,11
10994,25
10995,6
10996,9
10997,9
10998,5
10998,9
10999,9
10999,6
11000,9
11000,15
11001,3
11001,21
11001,6
11001,4
11001,10
11002,9
11003,1
11003,25
11003,7
11004,1
11004,3
11004,9
11004,25
11004,7
11004,26
11005,1
11005,5
11005,25
11005,7
11006,6
11007,9
11007,6
11008,9
11008,7
11009,9
11010,9
11010,25
11011,13
11011,8
11012,5
11012,15
11012,8
11013,9
11013,25
11013,6
11013,7
11014,1
11014,6
11015,3
11015,9
11015,17
11015,25
11015,11
11015,10
11016,25
11016,11
11017,1
11017,25
11018,21
11018,9
11018,25
11018,11
11019,1
11019,21
11019,25
11019,14
11019,7
11020,9
11020,6
11020,20
11021,5
11021,9
11021,7
11022,17
11022,25
11023,1
11023,9
11023,6
11024,17
11024,25
11024,14
11024,7
11025,25
11025,14
11026,9
11027,9
11027,6
11028,9
11028,17
11028,25
11028,7
11029,1
11029,9
11030,1
11030,9
11030,25
11031,5
11031,9
11031,23
11031,6
11032,9
11032,6
11033,8
11034,9
11035,17
11035,14
11036,9
11036,6
11036,20
11037,9
11037,17
11037,25
11037,7
11038,8
11039,3
11039,5
11039,9
11039,10
11040,21
11040,9
11040,25
11040,14
11041,1
11041,25
11041,6
11041,20
11041,7
11041,10
11042,5
11042,15
11042,8
11043,6
11044,9
11044,20
11045,8
11046,9
11046,23
11046,8
11047,25
11047,14
11048,8
11049,9
11049,17
11049,25
11050,3
11050,27
11050,4
11050,10
11051,17
11051,25
11051,14
11052,5
11052,9
11053,9
11053,20
11054,9
11054,25
11054,14
11055,1
11055,3
11055,21
11055,9
11055,25
11056,1
11056,21
11056,25
11057,13
11057,23
11058,9
11058,7
11059,9
11060,14
11061,9
11062,9
11062,20
11062,15
11062,16
11063,3
11063,11
11063,6
11063,4
11063,10
11064,9
11064,6
11064,20
11065,9
11065,6
11065,20
11066,1
11066,3
11066,25
11067,1
11067,3
11067,25
11067,6
11067,7
11068,9
11068,6
11069,9
11069,11
11069,14
11070,9
11071,3
11071,11
11071,6
11071,4
11071,10
11072,8
11073,9
11073,11
11073,14
11074,9
11075,9
11076,9
11077,15
11077,8
11078,8
11079,6
11079,20
11079,7
11080,23
11080,8
11081,1
11081,3
11081,25
11081,7
11082,14
11083,8
11084,9
11085,5
11085,9
11085,13
11085,25
11085,7
11086,9
11087,1
11087,3
11087,9
11087,25
11088,14
11088,6
11089,8
11090,1
11090,3
11090,21
11090,13
11090,11
11090,6
11090,26
11090,4
11091,9
11091,6
11091,7
11092,9
11092,25
11092,7
11093,9
11093,17
11093,14
11094,17
11094,6
11094,7
11095,8
11096,3
11096,11
11096,6
11096,4
11096,10
11097,1
11097,21
11097,25
11097,14
11098,1
11098,3
11098,21
11098,9
11098,25
11098,26
11099,8
11100,1
11100,3
11100,21
11101,9
11101,17
11101,14
11102,9
11102,17
11103,9
11103,6
11103,15
11104,3
11104,8
11105,9
11106,1
11106,3
11106,25
11106,7
11107,8
11108,1
11108,3
11108,21
11108,17
11108,25
11108,14
11109,17
11109,14
11110,9
11110,6
11110,7
11111,8
11112,9
11112,25
11113,8
11114,1
11114,3
11114,21
11114,23
11114,11
11114,6
11114,7
11114,26
11114,4
11114,10
11115,6
11116,8
11117,9
11117,13
11118,5
11118,9
11119,1
11119,6
11120,9
11120,20
11121,11
11121,6
11122,25
11123,9
11123,17
11123,25
11124,8
11125,21
11125,9
11125,25
11126,1
11126,3
11126,21
11126,25
11126,11
11127,8
11128,8
11129,8
11130,1
11130,3
11130,11
11130,6
11130,10
11131,9
11132,9
11132,17
11132,6
11133,9
11133,11
11134,9
11134,6
11135,8
11136,9
11136,25
11136,7
11137,3
11137,9
11137,11
11137,14
11137,20
11138,1
11138,6
11139,8
11140,9
11140,20
11140,16
11141,9
11141,25
11142,9
11143,9
11143,6
11143,7
11144,9
11145,9
11146,1
11146,3
11146,21
11146,17
11146,11
11146,6
11147,3
11147,6
11147,4
11147,10
11147,16
11148,8
11149,6
11149,20
11150,8
11151,1
11151,9
11151,25
11152,9
11152,15
11153,9
11154,1
11154,9
11154,25
11154,14
11154,7
11155,9
11155,20
11155,15
11156,1
11156,21
11156,9
11156,4
11157,1
11157,3
11157,21
11157,11
11157,6
11158,8
11159,8
11160,5
11160,9
11160,15
11161,9
11162,8
11163,4
11164,14
11165,9
11165,25
11166,8
11167,3
11167,6
11167,4
11167,10
11168,9
11168,6
11168,20
11169,21
11169,17
11169,25
11169,20
11170,1
11170,9
11170,25
11171,17
11171,25
11171,14
11172,1
11172,25
11172,7
11173,8
11174,9
11175,25
11175,14
11176,6
11176,20
11177,5
11177,9
11177,17
11177,7
11178,9
11179,3
11179,6
11179,10
11180,9
11181,11
11181,6
11181,20
11181,10
11181,16
11182,8
11183,9
11184,1
11184,3
11184,21
11184,11
11184,6
11186,17
11186,14
11187,9
11187,20
11188,25
11189,5
11189,9
11189,13
11190,25
11191,9
11192,9
11192,6
11192,16
11193,5
11193,9
11193,6
11193,16
11194,8
11195,1
11195,3
11195,9
11195,25
11195,7
11196,9
11197,1
11197,9
11197,17
11197,25
11197,14
11197,7
11198,6
11198,7
11199,9
11199,25
11199,6
11200,8
11201,5
11201,8
11202,9
11202,25
11203,9
11203,17
11203,25
11204,9
11204,6
11205,9
11206,1
11206,25
11206,7
11207,9
11207,25
11207,27
11208,8
11209,8
11210,1
11210,21
11210,25
11210,14
11211,5
11211,9
11211,13
11212,25
11213,9
11213,25
11213,14
11213,6
11213,15
11214,9
11214,11
11214,6
11215,9
11216,9
11217,9
11217,16
11218,6
11219,21
11219,6
11219,20
11220,25
11221,9
11221,13
11221,26
11222,1
11222,3
11222,9
11222,25
11222,7
11223,5
11223,13
11223,8
11224,8
11225,9
11225,17
11225,11
11225,14
11226,11
11226,14
11226,6
11227,14
11228,5
11228,9
11228,16
11229,27
11230,3
11230,21
11230,11
11230,14
11230,6
11230,20
11230,4
11230,10
11231,9
11231,7
11232,9
11233,1
11233,3
11233,21
11233,25
11233,14
11233,6
11234,9
11234,17
11234,25
11234,14
11235,17
11235,25
11235,14
11236,14
11237,8
11238,25
11239,9
11239,17
11239,11
11239,14
11240,9
11241,1
11241,3
11241,25
11242,1
11242,9
11242,17
11242,25
11242,14
11242,7
11243,9
11243,8
11244,9
11245,9
11246,25
11246,14
11247,9
11247,25
11247,20
11247,15
11248,8
11249,9
11250,21
11250,9
11250,11
11250,20
11251,9
11252,3
11252,25
11252,11
11252,14
11252,6
11252,20
11253,1
11253,9
11253,13
11253,25
11254,15
11254,8
11255,9
11255,20
11256,9
11257,8
11258,21
11258,9
11258,13
11258,20
11258,26
11259,1
11259,9
11259,25
11259,14
11259,7
11260,8
11261,8
11262,3
11262,8
11263,1
11263,3
11263,21
11263,9
11264,9
11265,3
11265,21
11265,6
11265,4
11265,10
11266,5
11266,9
11266,13
11267,9
11267,6
11267,20
11268,9
11268,27
11269,9
11270,9
11271,1
11271,9
11271,17
11271,25
11271,11
11271,14
11271,7
11272,1
11272,21
11272,17
11272,25
11272,14
11272,7
11273,8
11274,9
11274,17
11274,25
11274,14
11275,9
11275,17
11275,25
11275,7
11276,17
11276,14
11277,5
11277,8
11278,9
11278,20
11279,9
11280,9
11281,9
11282,9
11283,1
11283,3
11283,21
11283,9
11283,11
11284,3
11284,21
11284,9
11285,9
11286,6
11286,20
11287,6
11288,1
11288,3
11288,25
11288,6
11288,7
11289,9
11289,13
11290,25
11290,14
11291,3
11291,21
11291,9
11291,11
11291,14
11291,6
11291,20
11291,4
11291,10
11291,16
11292,9
11293,9
11294,1
11294,9
11294,6
11294,10
11295,8
11296,8
11297,9
11298,5
11298,9
11298,16
11299,9
11299,23
11299,25
11300,9
11301,9
11302,9
11302,6
11303,9
11303,25
11304,15
11304,8
11305,9
11306,9
11307,1
11307,3
11307,21
11307,9
11307,11
11307,14
11307,6
11307,7
11308,9
11309,6
11310,5
11310,9
11310,23
11311,8
11312,9
11312,20
11313,8
11314,14
11315,9
11315,8
11316,8
11317,25
11317,26
11318,3
11318,9
11318,11
11318,10
11319,9
11320,3
11320,9
11320,11
11320,6
11320,4
11320,10
11320,16
11321,9
11321,25
11321,7
11322,1
11322,21
11322,17
11322,25
11322,14
11323,9
11324,3
11324,9
11324,13
11324,23
11324,17
11324,4
11325,9
11326,9
11326,6
11327,8
11328,8
11329,5
11329,9
11329,13
11329,20
11330,8
11331,21
11331,25
11332,5
11332,9
11332,4
11332,8
11333,9
11334,9
11334,14
11334,6
11335,9
11336,17
11336,25
11336,14
11336,6
11337,9
11337,17
11337,25
11338,9
11338,14
11339,5
11339,9
11339,13
11340,21
11340,9
11340,6
11341,9
11341,6
11342,21
11342,17
11342,11
11343,9
11344,9
11344,6
11345,5
11345,9
11345,6
11346,9
11346,20
11346,7
11346,16
11347,9
11347,16
11348,21
11348,9
11348,25
11349,1
11349,9
11349,17
11349,25
11349,11
11349,14
11349,7
11350,1
11350,3
11350,21
11351,21
11351,9
11352,9
11353,25
11354,9
11355,3
11355,9
11355,11
11355,6
11355,15
11355,4
11355,10
11355,16
11356,1
11356,3
11356,25
11356,6
11356,7
11357,1
11357,21
11358,8
11359,9
11360,9
11361,5
11361,9
11361,23
11362,9
11362,13
11362,25
11362,26
11363,21
11363,9
11364,9
