salesid,theater_count,international,domestic
1,5,1695679,34099640
2,1103,2498725,57176582
3,2280,597626,14218868
4,1971,,20035310
5,1751,1760079,16500786
6,750,,2954405
7,,,378562
8,4,,185577
9,4,,1067773
10,296,,1638202
11,113,,167085
12,3467,72700000,89138076
13,4,,299351
14,1,,233076
15,2664,2444624,60008303
16,2547,,39778599
17,2723,50605267,45542421
18,1,,261360
19,1335,11809674,16963963
20,2618,15829814,36037909
21,1832,13947000,39235088
22,1,,1703901
23,2910,28265375,57262492
24,,,9480
25,19,,467313
26,2204,,23360779
27,10,,221898
28,1253,14033031,19389454
29,678,,9821335
30,1981,553184,15427192
31,14,7342262,3330230
32,2007,9372190,14983572
33,2248,,6291602
34,1,,5373
35,7,227064,144583
36,3054,45125385,60874615
37,1586,39740562,18653746
38,2848,132256558,125548685
39,2587,58734556,53302314
40,1,,5518
41,1,,11132
42,2641,35063424,55973336
43,3,,316431
44,2,,10281
45,1714,350980,10494147
46,5,,1810145
47,62,,327418
48,1,,142544
49,2,,270419
50,1183,20604608,27277055
51,802,,3434515
52,3218,14897339,50802661
53,2412,,35007180
54,1284,,5241315
55,5,745237,642018
56,2585,,12372410
57,24,,73613
58,2007,,32662299
59,3155,10397073,61322858
60,19,,26822
61,1,,612192
62,2523,25028457,37035515
63,1236,19200000,15070285
64,2152,8300000,37036404
65,1,,199086
66,1,,769472
67,,,20021
68,10,,42327
69,1538,,5658940
70,19,870000,6201143
71,1,,31065
72,1525,7482450,5108820
73,1237,268503,27441122
74,3,,469974
75,18,5760295,4859475
76,2583,50544000,77086030
77,2,,1816792
78,6,,31844
79,2621,23095967,44983704
80,8,563344,3150107
81,3040,24200000,35231365
82,2,3341,7235
83,2437,7090880,33771174
84,19,,77313
85,2938,268751783,187683805
86,5,5318483,104257
87,2112,7748805,6543194
88,51,,428535
89,113,,609042
90,89,806952,2933161
91,3307,8253978,21471685
92,1506,4160184,17200925
93,1,,3742
94,4,842382,1577287
95,688,,4714090
96,3,,736812
97,1759,,6982680
98,3257,218400000,137748063
99,2,,51380
100,2530,51213501,68525609
101,865,12668118,17266359
102,4,,80739
103,104,,769009
104,2711,14257530,56932305
105,2802,56000000,117559438
106,2,,313039
107,100,,101431
108,5,,287724
109,9,52211,1115313
110,2,,284291
111,2,,15645
112,1983,,21799652
113,1,405464,1282084
114,2337,36862240,70327868
115,1,,110719
116,2734,14000000,22751979
117,2491,121000000,106793915
118,3019,58700000,90570999
119,1,,30432
120,3061,101969658,113330342
121,7,,291022
122,2458,9129000,26000610
123,3407,146093000,182618434
124,4,303717,2205627
125,2,,1210967
126,2912,120180229,157019771
127,6,,1157764
128,2167,,69688384
129,7,,38530
130,2,,497091
131,1,,21404
132,3025,139572650,157299717
133,1357,,5217498
134,1,,743115
135,1,,36807
136,2016,2786080,15464026
137,2,50413,1029591
138,2813,133229638,155464351
139,2106,,15911332
140,6,,1315573
141,6,17359,1713995
142,3242,43000000,123307945
143,2,,255568
144,4,1405932,413595
145,2,,1432
146,2653,53130205,60786269
147,2956,117990660,73209340
148,7,,267972
149,30,15608247,12178602
150,2805,38420000,90454043
151,9,63827,4342203
152,9,,203849
153,2255,52964753,37752931
154,2524,11061516,29374178
155,2,,3926
156,5,,581142
157,2754,5317452,44737059
158,2111,,10037390
159,11,,76053
160,1,,221893
161,2411,24630263,61280963
162,847,68316,38168022
163,8,,380927
164,3,14789,2637726
165,3,,121045
166,2630,10191826,30199105
167,1510,,13019253
168,1,,435546
169,1543,,12801190
170,16,,60523
171,1561,,4142507
172,2,,5365
173,661,,1244676
174,322,,1184727
175,1459,2562312,25170054
176,1,,172107
177,1,,367939
178,2742,18321214,28946615
179,1515,7014079,6047856
180,131,14848839,32522352
181,2,,89987
182,2352,146842,15325127
183,5,,26394
184,581,1881217,4734235
185,5,,719755
186,16,,124471
187,5,88145,382807
188,10,,1032075
189,1,,2274
190,3,41399283,4157491
191,1,,1113208
192,6,,44757
193,2,,12996
194,,,6096
195,5,,139500
196,19,,334245
197,2539,17105555,21468807
198,1085,5174163,5018450
199,13,2074164,18621249
200,16,,45170
201,646,,3134509
202,28,,1523941
203,1865,21051932,115719751
204,7,277584,1744858
205,17,188671,2185266
206,11,,21172
207,2315,4450000,14967182
208,2614,164200000,166225040
209,2,3753751,3635482
210,2,,131827
211,9,5573,1015122
212,1,71347,1136776
213,1,88875,43805
214,10,87257709,21995263
215,2,,205547
216,6,,39852
217,1970,14540657,16779636
218,16,,21496
219,2,671573,217244
220,1516,,17804273
221,2022,126602,13592872
222,2568,52496228,37879996
223,1,,183140
224,1,,23374
225,32,,1248746
226,1342,,11546543
227,1,,11057
228,8,1400000,882710
229,2,,113512
230,3,,20097
231,16,,701468
232,3317,21300000,26421314
233,5,100906,241816
234,74,,69470
235,2497,,10014234
236,15,,53454
237,10,,77527
238,2009,4794,13555988
239,25,,9972
240,3,,76096
241,8,,32148
242,3037,134430545,125305545
243,5,,111449
244,,,32269
245,2061,8540259,30695227
246,4,,31043
247,2,233690,96778
248,2910,18827520,39442871
249,7,,12565
250,2092,33524574,48814909
251,16,,38442
252,2703,15983079,17480890
253,5,,16659
254,8,1647081,9180275
255,1918,16620004,36805288
256,3127,85096578,260348825
257,2,,61900
258,5,,155158
259,2516,61481197,34543701
260,2704,,66941559
261,9,4671212,7060876
262,,,
263,2708,153100000,94999143
264,7,,208076
265,2,,102353
266,16,85446864,128067808
267,2705,30162074,32598931
268,1,,1742
269,2307,145026640,68473360
270,8,81190583,71309760
271,2087,26450923,46729374
272,2,1960377,8596914
273,2801,80000000,89630573
274,1,11529548,186444
275,3012,191300000,182805123
276,200,28245000,51768623
277,3,32558964,12008642
278,8,4281642,4221817
279,2774,193598374,233632142
280,2204,,33000377
281,2668,106613284,106807667
282,5,30257195,45506619
283,72,2261808,6920692
284,2388,48951778,75764085
285,5,2107328,3041803
286,,2593142,15527125
287,8,,75078
288,8,31987801,34566746
289,2,,49464
290,4,84192524,124107476
291,6,,8279017
292,1,753612,622023
293,2433,6900000,10965209
294,1631,,29823162
295,2230,31206053,91038276
296,97,,47767
297,1275,9686202,19719930
298,4,6475545,7880
299,2785,34327673,60400856
300,6,,10976
301,1,,4068
302,2338,,10397365
303,867,,4221341
304,3,,370562
305,105,418619,77578
306,10,,52526
307,2310,,20384136
308,3230,185008014,165092266
309,1,,13544
310,2467,6521573,19351569
311,2,,635282
312,104,476245,146028
313,2521,7000000,64172251
314,2624,7754709,36696761
315,2268,40466125,25288103
316,1,,111566
317,2545,2970216,15738632
318,14,,114657
319,1722,,5409517
320,2,,323403
321,2656,9700076,33357476
322,2,,171478
323,16,205425,687081
324,2,,582
325,2951,78429635,66808615
326,157,,637769
327,2337,31956428,24375436
328,1742,8300000,11560259
329,1,,38214
330,6,14000000,2252970
331,38,463400,902835
332,1509,45574512,51396781
333,2830,28200000,51758599
334,11,14174564,25544867
335,2750,17419801,40334024
336,1974,,5516708
337,1378,500782,27457409
338,14,,37831
339,2,15500000,5383834
340,3104,85000000,112692062
341,199,14000000,13491653
342,2617,,13558739
343,,,995122
344,2530,31100387,74058698
345,7,412666,55381
346,2249,30291521,52990775
347,1590,11395193,4777007
348,,,
349,5,,149258
350,14,,344235
351,1,,104883
352,2638,3900000,27087695
353,2556,54393,14252830
354,1111,146400,23247539
355,1611,206401817,71500556
356,51,,852206
357,,,5159
358,,,
359,11,,33565
360,7,400000,1096037
361,2123,13802992,25590119
362,2271,,14249005
363,14,,32395
364,6,,1051811
365,2905,22000000,32616869
366,1818,7165425,6276532
367,1514,,6755271
368,5,,3037579
369,2222,3652318,6712451
370,14,27266,49388
371,9,41305,35938
372,3401,233032755,202007640
373,2,,8759
374,3,,88868
375,2,,1450106
376,5,,151559
377,1,,7778
378,34,746128,536465
379,2,,1111273
380,1,546652,1280975
381,125,,152525
382,2375,5500000,24044532
383,3587,224157783,267655011
384,1,,254199
385,3214,250699998,198539855
386,11,1043748,747092
387,6,5500000,1280090
388,,,
389,1,,15712
390,,,512451
391,2788,,55762229
392,2675,6194297,32267774
393,2,101996258,84052762
394,8,,419414
395,1,,3783
396,5,7270,1320112
397,2611,60030798,38311134
398,2678,77307444,69772969
399,11,884559,4013506
400,9,3212299,6946056
401,1,,31200
402,3308,142186002,131144183
403,,,127103
404,7,,3050934
405,1,,258708
406,3049,63151000,112950721
407,1,,94591
408,2628,61946062,144512310
409,1533,,28734552
410,2,,685082
411,,,325838
412,,1438,
413,712,,3293258
414,3040,107324849,93375151
415,3220,69911681,71277420
416,8,,187474
417,2025,,36833473
418,7,,302365
419,1,,28664
420,2649,53000000,32131830
421,6,500000,881824
422,1,,222683
423,2620,45315809,96493426
424,3,167353,5308707
425,2129,42472207,71069884
426,3434,184733885,181166115
427,3011,67040820,93607673
428,11,27099,450594
429,5,2543759,6217849
430,9,672718,3067312
431,2,,94596
432,9,,1439287
433,6,,44452
434,3500,182200000,180011740
435,1,,49007
436,2,,292102
437,2194,,16521410
438,3118,121261546,226164286
439,2537,57090000,108244774
440,6,1158526,8823109
441,1,,1006969
442,3063,141403180,145096820
443,7,,850023
444,2305,,13596911
445,30,1325258,378176
446,1678,111242369,96522687
447,2,,81385
448,1,,64148
449,2348,336123,13264986
450,1595,36569000,25528495
451,2,,2194919
452,2550,30000000,56607223
453,1605,,5002310
454,1,,99938
455,2,42689,688523
456,2765,3703014,30059386
457,2,7000000,19147
458,2335,,19693891
459,903,11000000,7496522
460,,2315099,1034829
461,202,107147,4447014
462,2944,21034860,37904175
463,1434,,16017403
464,1,,19205
465,1,,33884
466,12,,1140965
467,4,,525029
468,2525,2325863,16991902
469,601,1187596,3100650
470,1,,112199
471,2438,,27053815
472,1297,155549,22235901
473,2,,124994
474,1,,2567
475,3,2893265,3708478
476,8,,251058
477,1,,5700
478,1591,4910354,17951431
479,1202,,4273372
480,7,649684,1016021
481,7,,14597
482,52,437277,638227
483,1751,6700000,24185781
484,2507,15608731,45172250
485,1,,179914
486,3,,359237
487,2497,231708,21973182
488,2014,,17292381
489,2601,27221987,50255310
490,,,1743570
491,2712,28244326,76261036
492,4,,725854
493,3207,30000000,41523271
494,2062,1137701,23978402
495,1225,,14681661
496,33,,621377
497,1,,28099
498,7,,60103
499,2,,719901
500,2305,37114057,31598308
501,5,223821,561954
502,1,,8527
503,2770,,29781453
504,2262,2333590,18208078
505,4,,2892011
506,847,1062195,7316658
507,58,6030871,1480006
508,72,288718,284063
509,175,1924306,226792
510,1,,94551
511,29,8236521,15652637
512,900,11856848,4365455
513,2781,26600000,41867960
514,39,14000000,7494849
515,2910,9000000,45207112
516,,7890,
517,2,,251444
518,3237,270334294,290149425
519,1,,159675
520,7,,490475
521,2894,28783380,43905746
522,,,14924
523,1891,5423460,23483357
524,1,,4039
525,1,,27161
526,22,,26918
527,2770,,70836296
528,749,,10097096
529,105,497690,2025238
530,1,,563373
531,4,,18601
532,2,,419597
533,2571,,33422806
534,2011,880000,13906394
535,99,1172849,2402459
536,2770,80687000,62362560
537,4,,755249
538,2,,23300
539,4,6207267,35930604
540,38,,83372
541,2770,,58855732
542,402,,623374
543,18,,430313
544,1,,238431
545,1,,92943
546,2,,125900
547,1,,26114
548,1,,8693
549,2,1616726,1067481
550,3075,267311379,183417150
551,1,,19748
552,8,260000,1030920
553,2,112462,5580479
554,1,,1418314
555,6,,4460426
556,2365,24518792,37882551
557,5,19077240,52353636
558,2742,102111747,100614858
559,2506,1745126,22770864
560,1,,116710
561,3359,575672074,315544750
562,524,146959062,170708996
563,1266,66960,31155435
564,3139,22056304,80936232
565,2361,9510292,27796042
566,2446,29500000,58183966
567,186,13000000,11405825
568,9,16971781,41300105
569,7,12492541,31273922
570,4,51052340,108638745
571,5,,668140
572,5,,258215
573,2,52271523,40270895
574,1870,1860370,6114237
575,2317,2248991,41059716
576,3,,4447186
577,2302,35747336,81150692
578,61,,2099719
579,3,,3094699
580,2411,4833792,41227069
581,2478,1000000,16033556
582,4,1112080,912442
583,2007,21160986,54228104
584,2331,21209859,35228696
585,1,10700000,1014416
586,7,,38247
587,1000,3210831,4919896
588,1893,1127974,4814244
589,2531,4649742,47811275
590,2824,38305176,40048332
591,2762,6861966,18990542
592,2380,19811333,37188667
593,2459,14000000,19076815
594,2,,289885
595,1780,4689861,18492362
596,1,,3908
597,,,99958
598,1,,104294
599,2507,253620,30063805
600,6,,48564
601,1,,129265
602,6,,92723
603,2,13148626,13876974
604,2511,,30307804
605,2,,131188
606,2225,57152885,37939782
607,2,,87074
608,1,,9033
609,13,,119841
610,3143,36538066,78120196
611,1505,390214,25482931
612,6,,298971
613,2944,42298771,56684819
614,398,,1843570
615,3316,209728938,176387405
616,5,,139493
617,2,,243769
618,2528,63667692,40119709
619,2917,41000000,37948765
620,1,,10668
621,6,206512,624153
622,1801,2317456,10198766
623,2540,1803327,36985501
624,2164,18247,8355815
625,9,,60006
626,3053,101000000,95308367
627,1,,28043
628,2511,4891444,75600072
629,2,,448375
630,10,159460,1081130
631,5,,125996
632,1961,1226583,7262288
633,2717,22237893,41543207
634,2613,,66790248
635,1497,6836832,13110448
636,224,,705308
637,1,,10106
638,100,,28658
639,11,,3176936
640,2670,38648484,24430272
641,18,,446942
642,3,,59675
643,25,11733099,4298329
644,1,,68460
645,2663,24768398,31874869
646,2,,225390
647,,,
648,108,133451826,241438208
649,3444,75310634,90580000
650,6,,97000
651,3,,235087
652,20,307271,1293295
653,1878,3830243,13121555
654,3,,16241
655,1,,453517
656,1,,247740
657,1,,11696
658,15,,676698
659,2,,14904
660,1,,8886
661,2,,16063
662,765,10000000,4839383
663,1,,118022
664,3615,418000000,403706375
665,2,,398610
666,1,,62044
667,,,1500
668,3,,11756
669,5,,329845
670,2687,,28972187
671,2613,66362019,52752475
672,1,,2500
673,1207,89956651,40803000
674,2,,1551470
675,4,1434213,406035
676,38,289068,8378141
677,2,,141367
678,7,,411034
679,2623,11793445,39177215
680,2610,46359317,67263182
681,3317,33300000,73215310
682,9,418488,3287435
683,2,85601,313436
684,3,,9763
685,3183,75028680,118471320
686,2167,2565710,38230435
687,2944,39000000,30157016
688,6,,160268
689,1,,2838
690,1,,1465
691,1,,30915
692,3447,123000000,153294164
693,2638,92888411,121468960
694,9,,1779284
695,2,27508,661903
696,2898,36714197,40914068
697,1,,34293
698,,,10575
699,2,4227,144008
700,1325,200000,13571817
701,3191,100028473,145771527
702,3001,226800000,132024714
703,10,217542,3064356
704,1,,56653
705,2527,,13684949
706,3231,44976083,126293452
707,1,,1033395
708,8,,305690
709,1,,220077
710,2410,11000000,51432423
711,2340,5014057,11411644
712,,,6289
713,1,,301175
714,1,1072320,1359133
715,1954,7400000,30259652
716,1,,14781
717,5,1162,307631
718,1797,79300000,104054514
719,7,,2628241
720,2525,5000000,28436931
721,2,,63751
722,2530,19455806,17266505
723,2828,30547160,35168966
724,3255,101043194,64956806
725,6,378840,2891288
726,3,,7874
727,3613,83220874,213117789
728,1,,161483
729,2553,,16988996
730,4,265373,1434436
731,208,925958,2512846
732,3264,180281283,227969295
733,2565,,40363530
734,4,2567207,14018296
735,2,2435935,1169030
736,2525,,26199517
737,1,,18062
738,5,,114183
739,3374,125270000,141930000
740,,,122628
741,3002,11500000,40118420
742,2,251673,4160475
743,270,4702165,10103647
744,2320,2683893,4411102
745,7,20626175,31597131
746,1,,119664
747,,,
748,3,,145396
749,366,,405182
750,1920,,9680913
751,2154,3215965,16930185
752,1,,21075
753,1102,,12398628
754,3,,279605
755,2575,72017,22433915
756,1,,1480
757,3,,251717
758,2856,5519233,28564995
759,1,,1386
760,1605,1281819,75781642
761,10,734686,4777465
762,5,,17717
763,2366,,13973532
764,2705,,14294842
765,4,,80636
766,11,5365278,4046737
767,6,,66339
768,2738,7760937,30306281
769,1912,11576479,18306166
770,2227,88599,6916869
771,1,,515678
772,5,,54834
773,7,,20710
774,5,,64197
775,22,,6830957
776,1,,712446
777,9,,249204
778,3293,55151042,127214072
779,6,,1431625
780,3022,53843625,50586000
781,5,6918475,81525
782,2,,773228
783,4,,774317
784,940,37428,25571351
785,3,,7998
786,3357,113500000,92955420
787,16,4227634,378650
788,2,149457,2942
789,168,,589424
790,8,36664469,21576018
791,1372,952560,27362712
792,4,,2744253
793,1806,759520,11660180
794,5,6800000,17791031
795,2,,26617
796,196,12387,598645
797,1437,5273298,6525762
798,2573,18632485,25296447
799,1185,182616,19161999
800,1510,5300000,16357770
801,2341,1500000,10719367
802,11,641755,2062066
803,2,,120738
804,1857,,5204007
805,2,,132026
806,55,1924596,5853194
807,8,,507443
808,1981,119124462,129094024
809,1,,156450
810,7,1985,184255
811,17,,22723
812,2,,1802
813,1,,43922
814,5,30246239,25885000
815,2787,38236393,30113491
816,2509,15000000,64282312
817,268,32864,3042188
818,4,572588,1266828
819,,,88414
820,753,700000,5303000
821,197,8126,261603
822,1,,656
823,3182,26718685,33561137
824,4,,6259
825,3350,33600000,139225854
826,27,,102622
827,6,,433264
828,3227,53679446,38120554
829,1066,10200000,6630252
830,2470,129044309,116724075
831,,,45500
832,6,13126065,15901849
833,2,,1023156
834,6,64694,1693000
835,2113,3665420,15567860
836,3682,613029172,262424882
837,,,
838,,,47329
839,23,77944,1615732
840,3314,271000000,160942139
841,1616,273226,33253609
842,809,2132763,14060950
843,6,13360556,12987647
844,2503,,23607202
845,1800,7788503,4835968
846,2406,,14970038
847,1615,3300000,12840842
848,9,10667328,6199600
849,1,,26747
850,2635,22872508,32122249
851,867,990849,17504595
852,301,4155851,1190018
853,6,42049267,65005217
854,1836,713,56398162
855,15,2789918,1483975
856,2838,69905321,93932896
857,2711,24058417,43254409
858,2217,19557959,35081550
859,1,,18944
860,3622,576599780,342548984
861,5,12259895,13084595
862,15,2289441,21078145
863,1504,105394121,77730500
864,3,,267194
865,6,1377601,10465659
866,1,,11752
867,3012,20586040,40108697
868,2755,105688391,93354918
869,1195,28000000,3681811
870,77,136083027,170687518
871,6,185478,539197
872,5,1749124,1562800
873,6,,17639
874,11,55354474,41675994
875,6,79334860,32519322
876,4,,213137
877,4,17006087,16007718
878,2,,13134
879,2766,45437773,56127162
880,,3183975,70034
881,2515,1886732,15543862
882,1,171137,421187
883,2818,23835366,66723216
884,2729,18310349,36288951
885,2837,14750077,32539681
886,1,,6015
887,3,,204274
888,1766,197276,21908034
889,2834,43500000,46896664
890,8,1705831,734514
891,62,21099329,3051221
892,2376,48389744,52784696
893,2923,72696268,105807520
894,1,,8963
895,,489263,145540
896,2753,27846615,60470220
897,1,,257616
898,7,153354,549666
899,3471,80239000,102543518
900,2,465016,254683
901,1,,3072
902,3,31518,59413
903,2808,92022620,47901582
904,1,70592,405331
905,3,,1440
906,2176,3024595,9237470
907,1533,41002,12882934
908,2689,11582464,75155000
909,2,146135,135990
910,2002,9225553,19694635
911,5,,120601
912,1,,26272
913,2625,21777211,34657731
914,,,
915,179,,563711
916,1,,105656
917,2801,32000000,132675402
918,7,7341056,792200
919,10,897794,3663356
920,2,394961,6173485
921,2973,42000000,43632458
922,32,,319125
923,3369,10695398,47545060
924,1,612408,410241
925,2516,12979087,34234008
926,1761,,6882696
927,1714,6347337,8586376
928,2945,42000000,33685268
929,1,,3838
930,2084,39767123,23103423
931,2508,3912014,15614000
932,1,,9776
933,7,282204,1000673
934,2876,15999250,26599248
935,2151,495537,37788228
936,2,826594,2073984
937,4,,97044
938,3017,43009532,31111260
939,9,2942961,3517797
940,2459,17297731,26500000
941,10,,209151
942,2481,51270926,46566212
943,2,,921547
944,2964,1226138,35990505
945,3551,59923610,135560942
946,13,6836,3802390
947,97,11648645,17093668
948,,,
949,2,,58163
950,5,,103874
951,133,921071,17583468
952,2955,3911885,23010607
953,585,6531140,6126237
954,2331,3848290,67383924
955,1,27445930,11689053
956,1,,34514
957,6,,325491
958,1871,757984,12212417
959,3,,57722
960,2733,29987772,52131264
961,1207,,7375836
962,1,,3943
963,1,,75535
964,1,,141216
965,5,5572241,121972
966,2261,371440,3816594
967,1,1729129,5728581
968,6,11241,464126
969,1,,121771
970,7,,71475
971,9,136817,1011054
972,,,
973,13,,2374732
974,2825,12800000,42734455
975,2,,50075
976,3370,60136806,104148781
977,1,15151698,20305251
978,12,,57322
979,40,326099,732241
980,1,,305403
981,27,,156022
982,1,41712,39659
983,3603,457023240,281553689
984,1,,11305
985,1,,35363
986,2,,37156
987,1,,61122
988,3483,241763613,242704995
989,2652,3905032,20440627
990,3,1291449,3117985
991,3374,555565482,380529370
992,2633,70136827,106126012
993,1615,13231785,15417771
994,1,,564632
995,3408,109290549,127120058
996,1,,20591
997,6,,43571
998,4,4481,503714
999,9,18594934,20779666
1000,2609,2771512,26214846
1001,2840,20201968,30207785
1002,40,,544434
1003,,,
1004,3041,16040460,39402572
1005,1,,422688
1006,5,335155,196067
1007,2310,1150199,14208384
1008,2001,,4922166
1009,3660,112854445,132177234
1010,3459,126348945,100814328
1011,3,13309,156918
1012,1,,7544
1013,3350,34700000,90639088
1014,3086,54284432,26483452
1015,13,13891174,10130108
1016,3504,282700000,150358296
1017,3269,348900000,305410819
1018,8,5401276,1174139
1019,5,24562,1420578
1020,6,,243187
1021,,,602990
1022,3002,112800000,66465204
1023,3186,134731112,138540870
1024,5,6044339,8112414
1025,23,,20600
1026,2319,16998,14108518
1027,2236,133722282,28013509
1028,,,14369
1029,2,469704,56325
1030,,,37227
1031,4,21991,533344
1032,6,1415233,353743
1033,,10112664,19084280
1034,3,1042225,1629862
1035,2,,28839
1036,7,,146402
1037,1987,28437488,120277854
1038,3344,56091364,111760631
1039,3172,128000000,104354205
1040,2215,1038460,6087542
1041,12,,3707201
1042,1,3169,7221
1043,2954,50600000,110222438
1044,3202,90277151,116877597
1045,5,293739,3681803
1046,4,,69386
1047,6,2682045,6003587
1048,3014,31953748,82622655
1049,2253,7999,5111630
1050,2075,10282738,58331254
1051,74,,536906
1052,2495,,37095657
1053,5,4904953,4601043
1054,1,,13031
1055,3,,77732
1056,,,
1057,1200,,1646664
1058,2201,15655,15549702
1059,1,,9250
1060,1,,131712
1061,5,558794,280351
1062,2648,,22108977
1063,1,35993,18401
1064,1,,27007
1065,35,,254293
1066,6,925678,171830
1067,,,3200
1068,10,,113086
1069,1,,60158
1070,2026,1000000,22734486
1071,3,,3467
1072,1,151132,742898
1073,2,850978,188952
1074,1975,3900000,7659747
1075,11,,85739
1076,2087,9193476,21158188
1077,5,,71305
1078,23,72499844,44585453
1079,2711,22292102,36873198
1080,3282,41082870,56330657
1081,11,,75705
1082,1033,10000000,3203044
1083,2035,,21384035
1084,8,336307,231756
1085,4,,100976
1086,10,237956,74162
1087,3013,5831627,42070939
1088,2026,358496,30238577
1089,2915,43737767,51970690
1090,1,3581,266651
1091,2189,418651,9652000
1092,401,26935977,5781086
1093,7,11834915,432360
1094,1,4049,58040
1095,3152,33190150,47641743
1096,1226,13888516,43601508
1097,105,12598,70000
1098,3076,14406718,41083108
1099,2614,50683495,81261177
1100,27,,54288
1101,3,3668651,5801558
1102,5,67956,1060512
1103,13,66686829,90135191
1104,10,,64950
1105,,,147235
1106,3225,7644471,37667746
1107,1520,3660724,10199354
1108,2564,86000000,35327628
1109,1,,31481
1110,,,66235
1111,2,,181798
1112,6,1042589,2528664
1113,13,,69886
1114,2815,17897223,49440996
1115,3,1601895,1302242
1116,3016,27395664,80571655
1117,472,7868156,1569918
1118,6,18976191,4717455
1119,1798,7000793,4426297
1120,2,165061521,85336277
1121,6,8784561,1266955
1122,3074,959890,52333738
1123,3505,45199918,110000082
1124,5,188291,336456
1125,2,86797,54389
1126,8,1248627,2207975
1127,3,,6869
1128,160,13998160,5381227
1129,3502,288029350,139270910
1130,,,153859
1131,27,83880,155500
1132,3337,46812848,175531840
1133,,,14876
1134,3,,31046
1135,576,187199709,59472278
1136,2,801436,2822522
1137,1,,678
1138,16,,80776
1139,1,,52949
1140,2903,33589842,20950820
1141,3101,118985751,93926386
1142,2756,11353097,26900336
1143,8,43418924,16248701
1144,,,9377
1145,2382,81896744,59588068
1146,2005,17086703,60060328
1147,11,9843255,15539656
1148,11,2839883,8291572
1149,3122,79932634,75817994
1150,2787,7222445,19480739
1151,7,2372,40112
1152,1,,10445
1153,,,
1154,1942,32374509,30272254
1155,2908,345700000,111110575
1156,1,,66988
1157,6,57521456,66432867
1158,3,,48079
1159,7,31519226,11634362
1160,1844,39846,21897389
1161,,,
1162,2677,142000000,124685242
1163,7,779427,765637
1164,3703,742368141,377845905
1165,24,62063000,31011616
1166,2,3149301,13005485
1167,2677,77402069,63803100
1168,8,12458,77755
1169,4,29731111,34469210
1170,3298,51597569,138614544
1171,2163,69541295,95632614
1172,2762,45030476,53789313
1173,2813,46837635,48417850
1174,11,1112021,2281585
1175,5,4000000,647054
1176,1,81488,104533
1177,3,32981,85992
1178,2400,102461,12189514
1179,1447,639,17321573
1180,2984,84970903,88073507
1181,1,,8806
1182,8,480540,366566
1183,2463,25000000,21176322
1184,2,,79766
1185,2605,37713913,57924679
1186,2711,609731,16980098
1187,2,,18752
1188,,32590,833118
1189,2304,154721,6471394
1190,2208,,10387706
1191,1933,10745361,40066497
1192,2711,772000,65070412
1193,2847,255815,16703799
1194,2605,96612,64378093
1195,,844148,1127331
1196,5,12775651,2531462
1197,1,,110536
1198,3,5452134,501752
1199,3591,75543497,120776832
1200,,,6028
1201,1,,131451
1202,,17912,72527
1203,1,,182839
1204,1601,548361,5881504
1205,471,333072,2922354
1206,2503,3787786,29331068
1207,8,2057032,349315
1208,2868,25342,14469428
1209,3043,251530705,370782930
1210,1,,48493
1211,1807,2571896,5001655
1212,,,
1213,2,,251862
1214,1,,2517
1215,2703,14924798,25195050
1216,3063,40800000,67286731
1217,1,168677,63768
1218,3185,82000000,88200225
1219,5,,256620
1220,2973,5188836,23514247
1221,2,,96293
1222,,,25315
1223,68,649121,21550235
1224,3018,44152508,47958031
1225,832,228588,4357745
1226,2,,233053
1227,1,,56214
1228,2745,44462110,58990765
1229,1353,38034860,34366518
1230,10,3662629,889857
1231,2705,31550021,32682342
1232,9,13321268,1530386
1233,1520,11800000,25266129
1234,7,5249,257315
1235,1161,,5644575
1236,1,,13000
1237,1583,37700000,39692139
1238,4,39947,151133
1239,3028,40200000,59623958
1240,3047,26456108,50026353
1241,14,,343816
1242,2836,1642559,46213824
1243,1317,82795,31203964
1244,1931,1286641,22913677
1245,1,,34646
1246,2609,1505000,22406362
1247,2148,17045706,14589444
1248,,,
1249,2654,10000000,16323969
1250,2,26994,54523
1251,1014,1601514,8047525
1252,1,,29367
1253,,,44287
1254,2649,20869404,33664370
1255,9,90735,767240
1256,,,
1257,17,,39381
1258,1,,16265
1259,2979,53061763,77906816
1260,7,28157,226189
1261,1,27334,529212
1262,1332,,2694071
1263,2445,1017924,13548322
1264,2323,2539280,14334645
1265,2449,12091269,17848322
1266,2839,44667242,86047227
1267,1,,15679
1268,2,157691,344974
1269,4,,669128
1270,1,,19050
1271,,,27516
1272,3006,7138351,14018364
1273,16,,87923
1274,41,10704440,11529368
1275,,,62544
1276,2,,275363
1277,3575,180000000,120150546
1278,56,5877131,4180870
1279,1318,279935,12232382
1280,6,,213954
1281,5,1758671,1971135
1282,2,2456075,482357
1283,3411,349853463,133298577
1284,5,,4920
1285,4163,494027731,441226247
1286,1,135210,2589616
1287,3,7838323,548707
1288,1,,81883
1289,156,,174318
1290,1,,50968
1291,2717,12356903,37485528
1292,20,1320391,8886160
1293,1566,631596,13922211
1294,3425,369099318,186740799
1295,7,1976424,1062253
1296,,,
1297,2,,6164
1298,2,809,96638
1299,1,,2422
1300,3855,539834982,249757726
1301,1,,8798
1302,,1350056,3493516
1303,2,2214750,1751698
1304,6,300000,200992
1305,2,38138,353580
1306,6,1581757,44540956
1307,2757,49500000,57712751
1308,3057,36674859,59475623
1309,1,,76481
1310,2801,48000000,24004159
1311,2694,53464968,114326736
1312,7,14916723,541682
1313,1,,38150
1314,,,
1315,2,130205,358804
1316,1,,3826
1317,1,,2509
1318,,28920,376552
1319,2811,141600000,77073959
1320,868,102034442,119114517
1321,2726,42300000,69148997
1322,1,,7522
1323,2303,34935376,81001787
1324,,,61439
1325,2175,43000000,19176754
1326,4152,421173072,373524485
1327,98,,314000
1328,20,5424524,5792822
1329,,5187197,13337299
1330,56,2100000,5763875
1331,3086,151775561,51877963
1332,3091,5339356,84136909
1333,3,1001136,1222708
1334,26,1015965,2276368
1335,2207,15869,9408183
1336,1,,67820
1337,1,,9386
1338,47,2267279,3835551
1339,2625,18674309,51438175
1340,14,,93370
1341,1,,11255
1342,3420,203828562,144801023
1343,7,7911534,6529624
1344,16,35223,564535
1345,5,9211,1029017
1346,3117,41875667,40202379
1347,1,,4397
1348,1,,19257
1349,3165,134913674,176087450
1350,9,9246486,26782316
1351,,,
1352,11,1100000,365134
1353,1,110000,1174079
1354,1,,54419
1355,2135,1249387,18225165
1356,,,62673
1357,2867,30187161,65948711
1358,3730,143444114,114197520
1359,2057,21463389,6768055
1360,1,,22826
1361,3,1591176,197148
1362,3188,117432815,100170152
1363,1,,31747
1364,2445,1336164,20422207
1365,47,25017759,30500882
1366,7,277517,19067
1367,4,,159279
1368,3472,39564000,95149435
1369,7,276260,2037545
1370,877,,3817362
1371,3,1748963,933637
1372,2803,2142678,41814863
1373,4,744799,603951
1374,96,4450000,1109100
1375,1,21818,672105
1376,10,5341090,732036
1377,,,190424
1378,2730,6964845,58156435
1379,1,,77888
1380,2905,38800000,31526393
1381,1,,3270
1382,4,,176610
1383,2,,54444
1384,1276,246047,9109322
1385,1500,11036,8712564
1386,3,264126,366301
1387,1051,3000000,16123851
1388,2115,900000,15712072
1389,,,
1390,2,,223878
1391,1303,,11540112
1392,1,,9501
1393,4,1236000,82382
1394,2598,8575819,13001257
1395,1,,13835
1396,2749,29449800,32003620
1397,77,13543,929233
1398,2,,73287
1399,3284,74428656,50740078
1400,4,,184825
1401,8,,159429
1402,47,,1043896
1403,10,2958074,398179
1404,2,19243,36830
1405,2,,19590
1406,1062,300000,392000
1407,,,
1408,114,,1017376
1409,3170,11970774,37760080
1410,2034,24803891,16862585
1411,6,,329723
1412,1,,1339668
1413,2260,1364074,9055010
1414,4,,72115
1415,1,,9496
1416,1,,2227
1417,,,
1418,607,16289712,13542874
1419,3104,50500000,66711892
1420,35,,463730
1421,3,38209793,16756372
1422,3,75229,198975
1423,163,900,613252
1424,4,7250000,12784713
1425,3260,27791141,74541707
1426,4016,210329123,161412000
1427,8,,37464
1428,408,,6879730
1429,1,570000,592014
1430,3001,31500000,36609966
1431,4,,193571
1432,2667,694849,61255921
1433,4,417166,424760
1434,2521,4400000,10411980
1435,3,253790,776691
1436,1,,306
1437,2,,63672
1438,,,13224
1439,2,9600049,3753806
1440,8,6712273,7739049
1441,22,20674,70527
1442,38,,302990
1443,3,,175408
1444,100,,101107
1445,26,,1310470
1446,2539,18173977,32774834
1447,117,3070786,548039
1448,,,
1449,2,11517,201574
1450,1,,203975
1451,4,38224497,71502303
1452,10,,2574
1453,2750,3130468,11198345
1454,3245,76921753,110359362
1455,3,7573353,1082044
1456,4,,11657
1457,6,,124171
1458,,,14389
1459,550,9597102,5005899
1460,5,240903,358262
1461,,,5494
1462,,220085,126021
1463,2006,49517099,75305995
1464,2315,47911300,55968727
1465,12,,57102
1466,2215,21800000,13395939
1467,1,,79315
1468,1,,99261
1469,5,5327134,445996
1470,170,,728802
1471,3933,370000000,261441092
1472,,15577,
1473,3650,124140582,188578855
1474,2819,10000982,28328132
1475,8,63359502,51676606
1476,5,7228882,10214647
1477,2059,7700000,17016190
1478,1,1167425,14400
1479,,,126071
1480,3017,158318408,173005002
1481,2445,133000000,34297191
1482,3393,22767285,73701902
1483,5,31477,1121744
1484,6,,21589
1485,4,,101439
1486,1,,16051
1487,3,,45463
1488,476,82160780,33987757
1489,1,70997,2598
1490,,,
1491,15,81813851,11050094
1492,226,,284002
1493,1,,604
1494,2,,2483
1495,3,,27301
1496,2912,78955776,52397389
1497,1,305852,3430117
1498,2,,20237
1499,3290,237457442,125531634
1500,2,10800000,24006726
1501,8,131436024,100492203
1502,6,2148108,6144806
1503,2604,13000000,21009180
1504,2,62351,228524
1505,3620,94328907,118627117
1506,2438,12300000,42044321
1507,40,105762065,102608827
1508,7,13001323,23519128
1509,3,,413708
1510,3518,237400000,279167575
1511,622,102544256,51225796
1512,6,136956,1566812
1513,1700,12245764,22163442
1514,2674,449000,48114556
1515,8,824328,159171
1516,3,17973443,45489752
1517,5,4171367,708776
1518,4,15000000,3765585
1519,,1295735,
1520,2524,9400630,67264877
1521,3203,32414911,24409722
1522,3185,40036911,49772522
1523,1,,26676
1524,2709,15440073,82674398
1525,2,,133920
1526,1,,37757
1527,1,,245845
1528,27,3797000,8968684
1529,2124,5409510,5178569
1530,10,66686,16670
1531,,,
1532,3005,72596255,51100486
1533,2,,49048
1534,1,,6355
1535,3052,20440477,46752382
1536,1,,4626
1537,2,1607654,683575
1538,3,1447385,23844
1539,,,8802
1540,17,,47171
1541,2,,74216
1542,1695,15448043,31726995
1543,1,,1058
1544,32,18667961,6601079
1545,3575,189000000,177784257
1546,12,,691880
1547,1,,40246
1548,2529,37588511,18098433
1549,5,160182,3058527
1550,189,,175000
1551,3188,861443,32647042
1552,9,,20149
1553,3006,145617376,75976178
1554,1,,213621
1555,4,3439161,595071
1556,2966,42900000,17018422
1557,4,823545,256822
1558,2805,5820000,19294901
1559,1483,52010,50406346
1560,2422,2400000,19699706
1561,1,,55459
1562,3216,39094616,55849401
1563,5,1758478,1340891
1564,8,,607502
1565,,,102714
1566,1331,9151847,6301131
1567,3131,85000000,113006880
1568,,1730333,2712736
1569,1,1062712,306224
1570,2123,43000000,34636443
1571,9,,163536
1572,2,,62387
1573,5,5753669,6584159
1574,1,,2348
1575,10,,1310368
1576,3776,132436259,128200012
1577,9,10153768,18761993
1578,2501,1351000,24381334
1579,1,16000000,3826280
1580,1,,2438
1581,3332,86000000,75941727
1582,1,2596915,209618
1583,45,,96793
1584,3147,33200000,68915888
1585,4,15581,238487
1586,4,413964,712294
1587,2659,2000000,36351350
1588,2,,639990
1589,1,,11523
1590,,45992,
1591,3230,84424098,74103820
1592,1,,3306
1593,1,,155212
1594,12,1347437,188248
1595,3267,8000000,42071069
1596,3154,52973465,68671925
1597,5,,20702
1598,5,,319355
1599,7,,553368
1600,202,,1691706
1601,2,77574,388532
1602,1,2105983,120620
1603,3323,43942304,65233369
1604,1,2329386,87385
1605,2502,20085806,21835784
1606,3,836079,4071700
1607,1508,41000,4008527
1608,93,,517262
1609,64,,375474
1610,2758,90045676,72708161
1611,1,,23989
1612,16,,41382
1613,2,5628,77070
1614,3133,51727102,51019112
1615,2,957668,304124
1616,2,,46296
1617,1,,8127
1618,1864,45838620,55334418
1619,5,,10514
1620,3111,38000000,32064800
1621,24,,36039
1622,3216,171276525,47398413
1623,1,1435308,713240
1624,10,9405974,2339957
1625,2,1269620,8117961
1626,1040,12090000,4476235
1627,8,,208507
1628,3424,73000000,82931301
1629,1,,39075
1630,110,,251495
1631,2,,22770
1632,1,,2996
1633,1,,18326
1634,2,,14865
1635,1,,16413
1636,4131,362964045,193595521
1637,6,82439,1187266
1638,3634,33439045,158119460
1639,2,,72888
1640,2,,28894
1641,2583,2507056,39053061
1642,2812,43371577,61649911
1643,3,,17528
1644,32,25088,64310
1645,4,,80701
1646,1323,2754196,3681066
1647,1,,21515
1648,6,1646784,49981
1649,1912,339577,12834849
1650,,,225863
1651,3858,153514350,205343774
1652,1,,10178
1653,7,10000,1158405
1654,1,5730330,3885134
1655,17,3726460,1000915
1656,,,
1657,1,,17257
1658,2087,3000000,16535005
1659,1,,66014
1660,3174,67846147,63313159
1661,2,,21108
1662,352,1579120,3278611
1663,7,265186,396035
1664,1,,6395
1665,1,,46750
1666,3908,372556181,234280354
1667,2464,683000,16809014
1668,1,,63663
1669,2,,8129
1670,2657,24000000,25473093
1671,3602,178436670,154696080
1672,8,241825,1531154
1673,4,329547,645634
1674,1,,624
1675,6,432462,442646
1676,,188044,49772
1677,3770,269366408,206459076
1678,52,133000,1315701
1679,1,,18389
1680,4,,48160
1681,2925,74000000,209218368
1682,1,265470,49835
1683,1013,1388974,22202809
1684,12,1465905,454711
1685,8,,191862
1686,1757,3895447,17044981
1687,2,47677,175493
1688,3122,127200000,35818913
1689,2505,14510450,43894863
1690,2,1772376,14470
1691,2905,19169905,63939454
1692,3495,44300000,32116746
1693,4,325143,6377461
1694,1,,129783
1695,1,,203746
1696,7,875243,2678010
1697,27,27000000,13744960
1698,42,124723,870067
1699,61,900000,795126
1700,28,,49526
1701,3785,29578234,80270227
1702,1,,41468
1703,5,172404,375403
1704,,,10289
1705,3127,22873310,22400154
1706,2533,18000000,74494381
1707,29,1326048,3178403
1708,8,,305688
1709,819,430568,10166502
1710,2771,44349203,47907715
1711,1,,31235
1712,1621,150000,3102550
1713,3079,38774683,57891803
1714,,,3724
1715,2014,44710281,19478106
1716,1,,28089
1717,47,,181872
1718,3087,67400000,37899638
1719,2195,12140000,15007991
1720,1304,,1069318
1721,2,,13913
1722,,,8085
1723,1346,52721801,33579798
1724,1,,44435
1725,816,4400000,1900451
1726,8,,39652
1727,1132,,5654777
1728,139,10000000,8535575
1729,11,2306172,141039
1730,7,3987450,345821
1731,1,278894,30303
1732,1,,136594
1733,1,,1600
1734,2981,69456624,75072454
1735,2040,2062976,8330720
1736,,,
1737,1,,81280
1738,5,61411543,53359111
1739,42,,3020784
1740,3508,52368953,48318130
1741,2814,36288095,24149632
1742,1,,15504
1743,8,749000,7535331
1744,2,76000,924260
1745,93,,815101
1746,9,590518,1328679
1747,489,,881745
1748,14,29984015,31493782
1749,13,,12460
1750,7,423332,23106
1751,44,,35657
1752,2,,71469
1753,3424,124685916,89706988
1754,2,,8018
1755,5,24600000,2070920
1756,1625,52206,17380866
1757,3,96741,75828
1758,12,21173549,28750530
1759,6,,31908
1760,2789,23200000,18782227
1761,2,83854,385373
1762,18,108654,864959
1763,1,,4655
1764,2188,14804923,25514517
1765,1014,136977,15331289
1766,41,,627844
1767,1,,73789
1768,1,,2841
1769,4,3818689,7372734
1770,3645,141524605,56068547
1771,1,,144254
1772,2808,49322439,32880591
1773,1,,47219
1774,1,,3769
1775,969,,15778152
1776,1652,2548731,16124543
1777,2223,13404855,10169202
1778,2517,23868947,26850426
1779,65,6144281,837878
1780,4,,115314
1781,7,1100000,478830
1782,2555,5352529,18324242
1783,2972,7537414,29511112
1784,3,,9724
1785,92,543514,872142
1786,6,,1397999
1787,1,,114264
1788,3043,30544841,28212337
1789,2007,6476074,33022286
1790,6,,23578
1791,701,,537667
1792,4,,178875
1793,8,1473895,10284523
1794,1684,491000,3626883
1795,3,,5642
1796,1,372620,815848
1797,5,17464,219672
1798,4,1904673,1452402
1799,1827,44700000,22827153
1800,2949,65900000,87025093
1801,3520,95900000,45575336
1802,1510,2984186,12482775
1803,19,99000,77532
1804,1,,138267
1805,3654,174657158,135386665
1806,25,,279225
1807,1,,3264
1808,2411,34300000,62647540
1809,11,,342297
1810,,58692,
1811,1652,15685105,30981850
1812,21,3592748,1180560
1813,2,,25325
1814,2443,21500000,36020063
1815,1,,13510
1816,6,,34410
1817,215,88176945,38372662
1818,3,,828699
1819,1,,380505
1820,1,,6998
1821,1,,20117
1822,3858,596544488,290201752
1823,1,,15811
1824,2961,68188093,119519402
1825,1,2135,28125
1826,1608,,10223896
1827,2505,10200763,32596916
1828,2433,2593073,29077547
1829,5,41866339,50824620
1830,1552,1140186,9016782
1831,2,4613558,4835065
1832,3206,19000000,53359917
1833,2,13851,29823
1834,1,,323860
1835,243,,739690
1836,,,
1837,114,13863164,5128124
1838,5,93937102,83043761
1839,1,,4433
1840,8,104500000,57010853
1841,3616,428828615,291710957
1842,2,,2443
1843,3568,332437332,218080025
1844,2,,5965
1845,1,,7129
1846,2466,32294631,60062868
1847,3175,52444157,82571173
1848,10,1144595,1669971
1849,532,84113682,47379090
1850,1,,40603
1851,4,4711583,12589255
1852,1829,5013762,35428675
1853,37,24900000,11304403
1854,3,13472307,12712093
1855,1749,12818716,16186348
1856,8,64861002,23089926
1857,985,1306213,2405420
1858,1,,196857
1859,2195,34914637,47326473
1860,,,
1861,5,,16255
1862,1,,17341
1863,2222,151611,42647449
1864,2514,4943286,38399961
1865,,,55398
1866,,,4630
1867,1,,2390
1868,1162,175380,11748661
1869,161,,887416
1870,1,,4059
1871,3,38285,34298
1872,3207,51098887,62318875
1873,6,,1880863
1874,1605,97000,17127992
1875,3261,66881404,70165972
1876,32,,145382
1877,8,2457228,672243
1878,2,469101,74205
1879,1995,81466299,47279279
1880,27,841000,10407978
1881,3,1808350,1253413
1882,1,,27344
1883,1265,15101,11468568
1884,14,,206871
1885,1,,2010
1886,1,,4526
1887,2999,19355221,47860214
1888,2566,12412485,58640119
1889,2880,58700000,54098051
1890,2840,34000000,48751189
1891,7,,12667
1892,4,410575,1828069
1893,3477,76700000,82226474
1894,8,,14769
1895,2896,36597739,48548426
1896,3066,38843429,81612565
1897,2361,2138330,12512886
1898,87,,432253
1899,7,6291,107492
1900,2,,4779
1901,35,,271078
1902,2318,20479706,7578946
1903,1,,10403
1904,5,3200000,22453
1905,2194,62581,63257940
1906,1611,2873951,6855137
1907,1,,26756
1908,6,8624933,2912606
1909,4,,126836
1910,2,,2214
1911,1,,6364
1912,2706,28700000,36895141
1913,2512,4381611,18597342
1914,1200,333329,11718595
1915,2558,12440048,18522064
1916,7,,742614
1917,3057,39687709,88715192
1918,4,,129664
1919,1,,48594
1920,2620,28576950,41778863
1921,3501,26000000,61123569
1922,2,,6437
1923,6,4192564,440793
1924,5,,27105
1925,439,1724552,1173673
1926,2,,14289
1927,3365,59703127,70511035
1928,4,,24098
1929,2818,97164028,88634237
1930,1710,,15680099
1931,2,448602,154187
1932,1,,2500
1933,2009,101026,23086480
1934,6,,38922
1935,1,,225448
1936,1,9000,234743
1937,1602,,21170563
1938,17,,309404
1939,1453,29471026,5946136
1940,2,2168253,2075743
1941,3964,456568661,195330621
1942,1945,5127893,7802450
1943,5,118887,334450
1944,8,,47243
1945,2,,115694
1946,1,,18926
1947,2,,3195
1948,2,,32381
1949,28,4741715,13368437
1950,1984,33000000,22495466
1951,5,787328,186912
1952,1060,239987,7061128
1953,2,,116944
1954,3009,30648427,34742066
1955,3274,5219972,59843754
1956,48,,431513
1957,1,,33312
1958,1,,9528
1959,2,7242426,1024640
1960,2,,2493
1961,9,6996000,1822428
1962,2,2193,105067
1963,3602,88000000,90710620
1964,20,364488,1415082
1965,,,
1966,2854,61626621,37384046
1967,1500,9196944,7314027
1968,2926,47721595,46982632
1969,15,,30142
1970,1,,132596
1971,5,62333,1214661
1972,2822,41800000,36280697
1973,2195,110994,18848430
1974,2038,3488978,26910736
1975,18,2772653,2484186
1976,1795,46067901,31567134
1977,5,5793429,5529144
1978,1680,14145231,16298046
1979,12,,3297137
1980,3,404511,568932
1981,3018,107361,8117637
1982,4054,265886397,133501348
1983,21,,13334
1984,3,3410174,1903434
1985,3,23328146,326095
1986,1,408328,6408
1987,1,,21967
1988,1007,23327618,4283255
1989,2541,20833255,17326650
1990,138,75512,4339241
1991,3555,121000000,60674817
1992,30,,6000
1993,2,287851,439309
1994,26,228289,234750
1995,2,711906,81698
1996,1,,2150
1997,4059,188377907,155019340
1998,1257,3795236,15032800
1999,3735,550284321,217536138
2000,1,440927,282183
2001,3,217553,96464
2002,4,29219764,24146161
2003,,2833553,244771
2004,2,1573,70071
2005,3690,224898484,234362462
2006,1,,7883
2007,1,,10565
2008,10,366513,2893666
2009,3070,87024032,118703275
2010,1,,7451
2011,7,731,194523
2012,1,,254190
2013,2723,64688201,54607383
2014,3,,4012
2015,760,6373339,20342852
2016,3985,217547576,244082982
2017,1,70000,70685
2018,3,1944,444687
2019,2946,119558626,28426747
2020,2,,5244
2021,4,,33223
2022,3070,19098469,80197993
2023,3027,95178695,62615510
2024,2645,62500000,52330111
2025,2,,153122
2026,2,56366,3121270
2027,1,350000,1044254
2028,3749,100329456,137355633
2029,1,,5361
2030,8,,150142
2031,15,751759,326876
2032,1004,,21344312
2033,1,405503,221574
2034,,3737293,5228
2035,2,5199,2072645
2036,4065,190961192,200120000
2037,1,,51540
2038,8,170518,1678874
2039,2847,201332695,124740460
2040,17,1903468,5501616
2041,1,,68820
2042,1,,7753
2043,1,3558905,545255
2044,2,110000,131719
2045,2,2442482,332829
2046,2533,43000000,58636047
2047,7,,49034
2048,3,,128585
2049,14,229494,418689
2050,3131,54600000,75802010
2051,1,,36406
2052,2150,3194178,24148068
2053,3235,30500000,42285169
2054,3553,67606360,73661010
2055,2702,38242561,22530295
2056,22,72324,370627
2057,7,40751255,59891098
2058,1,,121390
2059,10,,87400
2060,2,,654132
2061,1,,45082
2062,2560,27812815,41011711
2063,3021,101441238,63478838
2064,538,29577545,10525717
2065,3050,21468363,28142535
2066,10,,3127472
2067,1,,5741
2068,3803,14657148,148213377
2069,2095,31026597,26024456
2070,1367,2934600,7836393
2071,2957,93016761,70278893
2072,13,918327,379418
2073,2,2213787,2697938
2074,2,,62062
2075,2323,9976999,20264436
2076,2467,45661036,65328121
2077,2501,516860,11989328
2078,6,89080,54702
2079,2914,1734720,36580083
2080,6,2362800,808221
2081,1,,5194
2082,1509,1000000,11449638
2083,3555,28000000,34020814
2084,51,43923420,39868642
2085,38,1017843,1530535
2086,,,
2087,1,,29472
2088,2964,974132,19185184
2089,1870,58469,13040527
2090,973,,12669914
2091,2917,694175,57806952
2092,5,,184927
2093,7,,381420
2094,3,,36089
2095,2515,16086515,27838408
2096,1023,,7009668
2097,130,56203,444093
2098,169,7223748,652163
2099,1,,4480
2100,1,,103509
2101,2784,13308360,24413467
2102,1,,7137
2103,84,,251775
2104,1548,2400000,14426251
2105,,,
2106,2,,216724
2107,1,,36608
2108,2,,97848
2109,2681,14800000,23364784
2110,1,,62356
2111,2,,102990
2112,4,,60729
2113,12,4506731,228498
2114,2896,2477336,14523101
2115,3504,3025011,38432823
2116,2,16494571,1619466
2117,2226,26565712,22672813
2118,1357,,11614790
2119,1,143985,255923
2120,1514,2300000,7221458
2121,1,8322,279665
2122,146,634741,56131
2123,2033,1725749,13090630
2124,13,492445,902544
2125,2,2330769,70644
2126,1,,28041
2127,,,
2128,4,31548687,17606684
2129,8,1611255,516139
2130,1,,29185
2131,3833,106826899,85105259
2132,3004,,17807569
2133,3241,39961808,55011732
2134,3,72444162,56441711
2135,6,,1997497
2136,,,241772
2137,3,,93477
2138,2579,9920000,28444855
2139,,,
2140,5,8658158,5463019
2141,,,
2142,3017,157276304,132384315
2143,2820,11000000,39517763
2144,1,,16411
2145,221,20063240,659210
2146,8,,239962
2147,179,1462387,1151330
2148,2515,3900000,37442180
2149,,,
2150,909,329071,13395961
2151,3211,31600000,39143839
2152,2545,3320824,18844784
2153,1,1006479,66453
2154,,,7763
2155,2,,84689
2156,,,5342
2157,2,,1706325
2158,1876,30055565,33602376
2159,2877,896220,21000147
2160,859,44900000,15962471
2161,2,1522321,9600
2162,6,4326414,15745
2163,2281,51317475,53089891
2164,2,,66217
2165,7,97818375,34302837
2166,1306,1482425,4299773
2167,12,,163000
2168,64,,425045
2169,143,,519086
2170,3167,83638091,80238724
2171,19,,179780
2172,1,,41714
2173,,,4164
2174,3707,114691454,64665672
2175,3458,23000000,84500122
2176,2,3328645,26403
2177,5,74326746,12899867
2178,2066,34604805,7459300
2179,1,,4412
2180,22,,119452
2181,26,6230356,355968
2182,956,2887373,3337931
2183,7,36000,204462
2184,2264,13137632,40435190
2185,1984,1100000,7744785
2186,1,,123301
2187,2,9355005,11242801
2188,1,,45128
2189,3434,427055283,167365000
2190,321,,1005539
2191,23,,5549923
2192,3804,187000000,198000317
2193,1495,,4630045
2194,7,10717702,2730296
2195,1,,12663
2196,3205,11722238,35093569
2197,4,,14443
2198,1472,5317628,10144010
2199,,,37072
2200,,,
2201,1,,13737
2202,3083,8679813,37629831
2203,1570,7293308,7027762
2204,3,1356,849055
2205,2465,70165637,50866635
2206,1910,114000000,57377916
2207,2,,38605
2208,2,,148872
2209,4,,52034
2210,2610,141640447,63280000
2211,2775,5315607,16655224
2212,2,,930469
2213,3566,61000000,82985708
2214,3,52254394,103365956
2215,3020,174457952,75030163
2216,5,5369337,1308696
2217,2852,144725057,162586036
2218,1,6055437,20678
2219,5,54111916,13756082
2220,,,16136
2221,3017,85959151,70269899
2222,4,7058308,8060487
2223,3,4471068,3347411
2224,3685,328583139,250863268
2225,2215,40469706,59908565
2226,2606,,43545364
2227,16,34292628,35552383
2228,22,33068293,17510118
2229,2,32885652,3005605
2230,3,131380170,2223293
2231,2,,19875
2232,1736,,8135024
2233,1,,80550
2234,1360,7027007,36605602
2235,2381,22074786,15849032
2236,458,411569,1008849
2237,1289,17204717,15309602
2238,2444,4740121,10597734
2239,2051,14169497,61356221
2240,1,833590,10787
2241,2835,4476064,16379582
2242,1200,3024722,3526588
2243,1622,,15432542
2244,2,,12185
2245,2801,47119211,39739367
2246,52,,418296
2247,2218,21600709,35662731
2248,1,,176647
2249,2526,26864793,42674040
2250,,,
2251,238,,306533
2252,,,11550
2253,4,,5661
2254,2,,89417
2255,2528,18400000,35374833
2256,2,,48896
2257,3003,52913586,27669725
2258,3136,63300000,95673607
2259,429,,388390
2260,,,112351
2261,2111,242265,31366978
2262,2955,95624296,50572589
2263,2,,2044858
2264,1489,1457899,33000880
2265,3139,55750649,82234139
2266,3619,113742993,115802596
2267,791,10968723,21214987
2268,1,,8419
2269,15,,71561
2270,2702,1509201,20342161
2271,1000,,1255524
2272,2155,137570,11003643
2273,1,,9946
2274,1252,1554283,9396870
2275,15,,14273
2276,3287,85341799,168213584
2277,2362,50000000,33080084
2278,3103,243546996,210614939
2279,1,,40848
2280,6,,58829
2281,6,6678253,13610521
2282,816,,3438735
2283,1,,1305
2284,72,,69136
2285,1805,4040071,16574590
2286,1776,645640,12559771
2287,30,,79123
2288,2831,36294228,47852604
2289,1,12179,71471
2290,3,,220409
2291,3,,214864
2292,4,,635305
2293,5,,179948
2294,1518,37050,7057600
2295,1671,420000,19661987
2296,2806,48534978,47003582
2297,3110,41946920,54149098
2298,2447,16662372,20804166
2299,3017,6048647,21471047
2300,2,,2500
2301,42,,18901
2302,,9136,494152
2303,3372,27000000,118594548
2304,3413,72730548,97822171
2305,1,,5468
2306,1,,32203
2307,955,954433,4600585
2308,2877,8725535,49662533
2309,2860,3165914,13932383
2310,2603,37100000,25126214
2311,2624,25156752,25031037
2312,235,,7164995
2313,8,,265550
2314,1,,11445
2315,2925,37718653,80818974
2316,1,,7000
2317,1,,1948
2318,877,,5520368
2319,1,,21504
2320,1,,19373
2321,23,,188565
2322,1720,20590780,10232081
2323,2661,38765566,23760822
2324,3,1568031,154892
2325,1607,,6881021
2326,1163,,1237615
2327,7,,1540141
2328,1,,48969
2329,2443,50200000,39004700
2330,825,58123832,23618786
2331,2155,3087444,11052958
2332,1,,25751
2333,2551,5300000,19063007
2334,1,,69770
2335,17,,66517
2336,2,,7506
2337,6,2462665,399879
2338,1816,,4500147
2339,2725,55380487,18211013
2340,4,,26651
2341,9,,9777
2342,2310,,7371706
2343,2019,2971947,20568319
2344,42,,31388
2345,4,3119633,19097550
2346,56,,95953
2347,2525,766543,5755286
2348,2,317714,4857374
2349,4252,558329927,336530303
2350,2,,82701
2351,1,,227064
2352,1,4433,31777
2353,2303,35593798,28638916
2354,1,,302845
2355,1931,605378,8130530
2356,,,
2357,2523,1936721,18882880
2358,,2363338,918931
2359,1,,151792
2360,1009,646700,3091922
2361,42,,46208
2362,210,,139084
2363,2,13705420,9445857
2364,1,,458232
2365,6,,64458
2366,28,,126714
2367,4,,171255
2368,1,,140200
2369,2,5812781,137221
2370,4122,484610992,322719944
2371,,,
2372,17,,127188
2373,,,22121
2374,7,,202200
2375,1661,1296287,7006708
2376,2,67256,881302
2377,,,10227
2378,3,,301027
2379,1164,965704,2956339
2380,1,,3567
2381,2871,70504187,148761765
2382,2453,17512793,28476219
2383,2350,16061597,17544812
2384,3565,194600000,117144465
2385,1,,2324
2386,1,,19662
2387,505,7275372,480314
2388,3,1082262,221846
2389,3959,157558953,131921738
2390,2,158704,298110
2391,1,,9613
2392,2612,5119160,25584685
2393,2,254126,442936
2394,1,,395623
2395,2678,59277742,71985628
2396,1355,9976781,9176787
2397,4,4980465,82987
2398,7,987231,956919
2399,3604,73841639,100289690
2400,1,,86051
2401,5,,687414
2402,35,1432113,2426851
2403,1,8522,23465
2404,3408,247758744,134529403
2405,1,,21579
2406,977,478928,12406646
2407,3940,420104041,206445654
2408,1,11997324,24538513
2409,2,5892076,187480
2410,2604,26387270,43799818
2411,4011,389026399,319246193
2412,4,,378921
2413,6,1547463,5490423
2414,6,233349,482355
2415,1,,7699
2416,4285,647482589,292137260
2417,1061,6772940,2686800
2418,6,,416417
2419,33,229146,4526759
2420,9,2871645,25343
2421,49,,1000626
2422,3121,83951012,118871849
2423,10,28342050,3688560
2424,4,194090,833532
2425,1,,132782
2426,1320,,7233485
2427,2425,48835977,43107979
2428,1,,6983
2429,3922,343936008,183135014
2430,1019,,5694308
2431,100,20716920,18663911
2432,1509,15737014,10010209
2433,2607,433232,13938332
2434,1,,2065
2435,3660,216572326,227471070
2436,25,16951,769726
2437,3013,21272723,43760605
2438,2332,4974605,13235267
2439,1,,9258
2440,1,,13875
2441,2,,15233
2442,6,,712391
2443,3778,116459914,140125968
2444,745,,1018965
2445,2540,98387307,38634938
2446,5,,86460
2447,260,38708720,8580428
2448,2948,48491916,121463226
2449,2776,25072851,15074191
2450,2002,19425711,5932060
2451,1,,22509
2452,4,,91164
2453,2,465619,271143
2454,512,,3054430
2455,1605,88173,3172382
2456,20,,64802
2457,857,,1066555
2458,3,,31216
2459,2629,20064522,25926673
2460,2277,18200000,22486409
2461,3052,8893086,32886940
2462,1822,7373573,9534258
2463,1,,10718
2464,16,,100610
2465,2,,63165
2466,2652,17564909,53606916
2467,2,,85410
2468,82,65115,175281
2469,4,1041229,1134358
2470,1,,204784
2471,2108,14000000,12796824
2472,700,,900926
2473,4,6852881,876671
2474,23,5023470,24343673
2475,4,1100000,46474
2476,2269,68937640,10977721
2477,15,38895823,17181265
2478,2,,22011
2479,9,17711409,6777741
2480,5,896641,268461
2481,2231,7235759,25799486
2482,,39,178968
2483,122,,1103075
2484,2755,32998900,36793804
2485,,,
2486,2612,25692671,35017297
2487,4,38468604,18354356
2488,2828,99222424,50648679
2489,2104,1743924,11892415
2490,5,11404482,3909149
2491,25,,3575227
2492,2,,32921
2493,1200,2287895,3508572
2494,8,575965,161593
2495,3103,55942785,90648202
2496,2793,39335207,47467250
2497,1,,5000
2498,90,1299186,214202
2499,2,23174856,11902715
2500,1,690,25317
2501,1015,556209,5867786
2502,,5833,312751
2503,15,43953769,49033882
2504,8,,231274
2505,2,,22441
2506,3229,90981533,36787257
2507,1,8030564,871577
2508,,,
2509,2,,35630
2510,2001,58585626,16285240
2511,,,
2512,,,99279
2513,7,5320639,5956480
2514,9,1869996,342895
2515,1011,,1159691
2516,2362,26744678,28563179
2517,2011,729653,55204525
2518,12,1961189,234480
2519,2855,40707160,39568996
2520,1713,14058812,20300218
2521,2,,20469
2522,1,731039,728
2523,2250,17203880,9736045
2524,14,16500000,101440
2525,2812,189227,13349927
2526,1142,4832833,3287315
2527,3,27604,446165
2528,2,17823577,7085511
2529,165,4312100,8093373
2530,1921,18026038,47642963
2531,26,,103590
2532,17,,153205
2533,5,,22136
2534,3183,72459599,63300095
2535,6,,6273
2536,3054,137820811,130164645
2537,3928,160963300,126631277
2538,3,,109107
2539,2,,11204
2540,2020,1851779,7500310
2541,20,869913,850920
2542,3603,25830861,72006777
2543,1,,163069
2544,2215,48213018,14998070
2545,28,89762248,74273505
2546,2131,3838353,6348315
2547,2,,18918
2548,1,,40227
2549,3,718,115210
2550,63,89227,275380
2551,3153,112800000,82280579
2552,852,26459810,4617608
2553,2,408798,1959420
2554,3164,36130088,32061555
2555,15,795937,65388
2556,1,,9397
2557,1,29260,200010
2558,2310,32941600,31664162
2559,3730,212677264,127706877
2560,2458,59447877,39687694
2561,1,,9936
2562,2423,31595653,25593755
2563,1858,611611,49121934
2564,1,,39081
2565,7,,902115
2566,4,4018941,6623082
2567,2002,18594823,14373825
2568,2,,1924
2569,1,,1796
2570,1,,13850
2571,1,,43129
2572,7,87954837,143495265
2573,1,2567,1476
2574,32,78799569,50980159
2575,2,,20138
2576,4,1100144,50080
2577,,,
2578,18,7795830,84738
2579,3528,297154830,70107728
2580,3,428505,79698
2581,1,404752,161182
2582,1307,,5812781
2583,3475,145278059,217326974
2584,2,,16136
2585,35,58380667,15800078
2586,6,1822309,239495
2587,1,,778
2588,3832,237364303,219961501
2589,2454,102073870,53695808
2590,,,259840
2591,1249,100431771,52898073
2592,2650,2288902,18317151
2593,7,20953784,4443403
2594,16,81340943,93466502
2595,1171,35149,30226144
2596,2,36986197,40222514
2597,4,,267880
2598,1,,6975
2599,2240,17623425,26890041
2600,1,,69348
2601,2213,878729,37931869
2602,1632,8457564,4775656
2603,1337,267175,12981269
2604,3057,83439151,76808654
2605,107,21505120,973018
2606,3411,91253793,80048433
2607,2470,4375214,20668843
2608,2,29811,274661
2609,4,2003063,347578
2610,61,13271555,12898847
2611,1531,1537174,7070641
2612,2605,46413155,38233676
2613,2751,70490185,42754105
2614,7,,25775
2615,2368,23962116,28687835
2616,1977,14025947,7570127
2617,1,,82553
2618,1208,371802,6575282
2619,2436,26159068,31418697
2620,28,26732958,7800825
2621,,13488,
2622,2204,23376217,32241649
2623,3428,142468684,80172128
2624,3847,91644614,71195053
2625,42,4441827,952620
2626,808,19719083,11175164
2627,1122,1345615,3950294
2628,160,155149,251150
2629,3149,78620023,72266306
2630,1,,123731
2631,101,,488393
2632,14,,176545
2633,1196,11363170,10011996
2634,3121,10500665,33479698
2635,1166,51455013,26814957
2636,1,,90287
2637,1,,89169
2638,2706,5263498,45610425
2639,1,,30606
2640,7,3600,159294
2641,9,1468190,1506998
2642,535,2859259,12313694
2643,2,,486021
2644,2,11546,402858
2645,1603,36082345,30060660
2646,1936,10612418,11008770
2647,2729,14468879,24850922
2648,30,,168972
2649,1,,50440
2650,3056,16824159,32862104
2651,1,3392960,44064
2652,2006,,41975388
2653,2,,272791
2654,1,,142666
2655,2753,21853876,25928550
2656,2,,115879
2657,20,,442638
2658,1,,128222
2659,2648,78687064,81159365
2660,1,,12343
2661,1,,56215
2662,35,3800000,1200234
2663,1133,27508998,6003262
2664,1291,313291,10915744
2665,2960,46387782,26638520
2666,,,
2667,2769,9974690,31373938
2668,36,298356,59108
2669,6,21332218,866778
2670,3513,53850663,48006762
2671,5,,23563
2672,276,10668612,5505267
2673,2812,5477719,17432844
2674,1,,71716
2675,23,,113730
2676,,,240476
2677,2,,30591
2678,2700,13324305,43869350
2679,1106,2144330,9511289
2680,2467,39039144,26418667
2681,4,9747791,9427026
2682,2168,16024515,16930884
2683,1,,6873
2684,1052,,7720487
2685,2798,42302847,63172463
2686,46,3161929,109045
2687,20,,124294
2688,3151,77000000,52075270
2689,2543,3676235,60494212
2690,50,,61626
2691,2001,8251527,4598506
2692,2510,5244389,38108728
2693,2,103290,228830
2694,9,3427203,3735717
2695,1,,783969
2696,1,,8663
2697,30,,634379
2698,4105,266567421,318604126
2699,2729,60536004,46012734
2700,1,,165831
2701,6,322237,2344847
2702,,,7197
2703,1,,46011
2704,1,,8443
2705,8,20000,1037128
2706,2,,16513
2707,3606,49448696,43945766
2708,1,,269994
2709,22,,44852
2710,9,300000,2280348
2711,1,,2900
2712,3,607358,554826
2713,3929,275719798,141621490
2714,1,,105651
2715,4260,469534294,317101119
2716,7,7189828,1031872
2717,2,718993,580862
2718,2,534388,434417
2719,3285,262600000,152647258
2720,2,,67505
2721,4,,234286
2722,2467,30454066,52597610
2723,1,,11573
2724,4114,416475940,215434591
2725,5,163,11931
2726,6,,406252
2727,1,307680,944933
2728,2,,156629
2729,4,,11864
2730,2986,98271510,64506874
2731,3505,130766946,134806913
2732,7,2743488,1094998
2733,1,,21489
2734,3911,96420208,130319208
2735,5,,17657973
2736,3012,7923224,32235793
2737,1,,13716
2738,7,,6000
2739,3,,108280
2740,3992,308699861,223808164
2741,3175,207907909,134508551
2742,13,,57297
2743,3965,396287998,227946274
2744,6,1252966,2077046
2745,4,,21291
2746,25,240000,1252100
2747,,,83506
2748,1,,12306
2749,1,,12636
2750,2,,3561
2751,7,,21886
2752,2,,112103
2753,3204,84401560,75986503
2754,2811,141476567,101704370
2755,3011,38845552,11803254
2756,1,,59192
2757,,,
2758,2976,458761592,144130063
2759,2511,36923988,30105968
2760,1,,6627
2761,4366,464894842,533720947
2762,2,4175934,2203641
2763,2,1647281,113662
2764,5,46878,942441
2765,2,,140016
2766,33,7000000,6432256
2767,5,,106100
2768,2,2654825,2962242
2769,3094,27638849,100468793
2770,1,,76173
2771,7,3518653,2511476
2772,2,1156837,172177
2773,2,,224614
2774,2213,1300000,16289867
2775,3760,303268449,102491776
2776,48,737283,4078607
2777,1,131791,6703
2778,3072,15062639,87341380
2779,2707,180167,44089964
2780,1,,56386
2781,6,7881829,3577210
2782,82,,213608
2783,2,,11340
2784,2,,4643
2785,1,,58776
2786,3319,80629943,110515313
2787,,,
2788,527,17484,1835293
2789,2664,46529157,30691439
2790,3452,33533889,35161554
2791,692,81288108,23216709
2792,2784,2357810,6409528
2793,2532,36200787,36316032
2794,103,47888,4886216
2795,18,,821046
2796,,,98672
2797,2714,23153212,48237389
2798,2089,267073,11511323
2799,3,2600,520151
2800,2054,4351395,23530831
2801,3390,47683925,22532572
2802,2123,1481623,4694491
2803,2642,22529851,14190901
2804,1,,50659
2805,,,
2806,,,94901
2807,,,74494
2808,2650,31300000,15298133
2809,98,,351416
2810,2,,60641
2811,9,,77907
2812,1,,83397
2813,2651,107812451,60355347
2814,2,,40864
2815,3152,38400000,40081410
2816,2070,,37105289
2817,2962,23201733,26902075
2818,4,28631,372124
2819,,,
2820,2,,76806
2821,14,7700059,20211394
2822,8,650000,223537
2823,1505,16590604,13367624
2824,11,,132016
2825,2339,11484747,19528602
2826,2464,5557793,39263506
2827,2604,15567861,19219250
2828,7,31311132,13848978
2829,2,,60332
2830,463,1197712,2926565
2831,3510,79144516,101440743
2832,,,719556
2833,9,,82357
2834,1185,1759610,7916887
2835,2704,37500000,41850659
2836,,,
2837,2,,5597
2838,425,,266967
2839,1,,84980
2840,1639,8992,7013191
2841,3215,59703766,94514402
2842,1690,16979566,3073392
2843,1098,61734,4442377
2844,1750,9255850,2775593
2845,2421,2398724,31487293
2846,9,4678614,12796861
2847,502,870157,13011160
2848,7,22093713,5700626
2849,2710,79161864,39394666
2850,5,,46060
2851,2022,9958551,7873007
2852,1,23608,28835
2853,4,17722163,3512016
2854,2461,10232963,31691811
2855,2808,19903,9793406
2856,1,,26976
2857,1,,22406
2858,3376,47085657,40689393
2859,55,,275093
2860,2421,2010000,8402485
2861,1591,2213861,37780486
2862,2030,3041285,25534493
2863,15,78065778,35739802
2864,3623,183833464,90559416
2865,,,
2866,125,,292437
2867,2585,16522145,15740721
2868,3060,61463009,56746769
2869,9,1300000,3083538
2870,,,
2871,10,4287052,7321
2872,4,,14154
2873,2652,1875845,13442412
2874,91,391942,115504
2875,2735,5398360,31457946
2876,2,1839253,470691
2877,4056,419505894,180174880
2878,1,,90066
2879,8,58639,140244
2880,2792,27199871,67300955
2881,2044,263492,12082391
2882,10,242494724,141330703
2883,2642,165526808,49554002
2884,1,,16967
2885,3451,422323651,169368427
2886,4,,26157
2887,3,,268431
2888,3651,213961450,114053579
2889,1,,12686
2890,1,19620,7202
2891,3419,209510305,192769854
2892,3310,48165518,120146040
2893,36,25452072,31841299
2894,2626,81215895,31715062
2895,687,746965,8195551
2896,3,9830914,18622031
2897,1,38788,154084
2898,893,5200,539572
2899,2508,2106557,8050977
2900,,,10342
2901,8,78770468,34194407
2902,2,550351,865695
2903,18,,10958
2904,2160,,915840
2905,15,19744631,33446470
2906,6,126447783,148095302
2907,1671,15754,7503736
2908,3560,158003372,79366978
2909,,45370,
2910,2,223130,3500
2911,4,20396032,26238243
2912,2758,96665504,69951824
2913,3104,39605172,50877145
2914,3434,128300000,97690976
2915,3681,111366960,110101975
2916,6,19598160,14889042
2917,3480,104658260,143153751
2918,2988,202122632,127509326
2919,2509,19200000,19806188
2920,2711,120824345,83107829
2921,5,11628440,2283849
2922,3,56653480,22951340
2923,2,,31631
2924,3226,56434914,58715510
2925,724,160167,10572742
2926,2357,35538402,42670410
2927,130,,921738
2928,3271,49178625,73178547
2929,2534,51290050,51545952
2930,1638,8128501,36843682
2931,3144,39568572,146336178
2932,1,,32677
2933,2,795434,19367
2934,2655,49352514,17303424
2935,81,1084614,166003
2936,,,
2937,1941,13203626,16734283
2938,2344,14182143,28596818
2939,2507,63750351,44277350
2940,2299,50750828,75286229
2941,44,386085,687609
2942,3175,87100004,93953653
2943,2313,17866874,31811527
2944,2364,28400000,25450527
2945,3243,34100000,35922978
2946,3105,27668218,65002019
2947,7,13200000,3149034
2948,49,10638746,36252198
2949,,11764195,118095
2950,,,7986
2951,,,
2952,1,,120712
2953,2,,28044
2954,9,152012,4462332
2955,1271,11266091,19162740
2956,1136,3918026,8742261
2957,5,4456241,125120
2958,1,,28564
2959,1,,129150
2960,11,,73361
2961,1,,13282
2962,1,783000,351059
2963,3611,79466451,107509799
2964,7,,153148
2965,1742,169739,4543320
2966,3187,37931189,67172595
2967,4,5266779,12062558
2968,,,35817
2969,1,3205662,33260
2970,2401,13774028,32752215
2971,2,3117,278356
2972,1,449604,1755134
2973,2574,40506741,40572825
2974,2711,20289492,72013010
2975,3332,106492683,79957634
2976,6,4499757,2536665
2977,1,,62408
2978,55,150102,750587
2979,2331,5071954,12234694
2980,1,,30156
2981,3,294084,871445
2982,1,,27052
2983,2732,23369006,55389516
2984,1,,158741
2985,1862,1509030,16044025
2986,40,,104526
2987,11,,53760
2988,3461,204283568,155064265
2989,1,,102704
2990,11,62000,1081922
2991,1,450232,13439
2992,4,,421307
2993,3,417957,667911
2994,3118,89597017,79576189
2995,2727,3141574,24007324
2996,20,,80283
2997,3255,75307837,64167069
2998,61,,554434
2999,8,1044622,1725141
3000,6,1351022,2026756
3001,2,6500000,569672
3002,18,28771,80136
3003,2803,51814255,37017955
3004,1804,84761741,32011576
3005,1,,60336
3006,2309,9740697,23091010
3007,2,6179934,240159
3008,2541,5703069,68261644
3009,482,,315000
3010,2024,6668866,31853584
3011,1,,115778
3012,11,79378,887918
3013,1161,4740415,1647083
3014,3175,47262776,55250026
3015,3,,308040
3016,3,189889,426688
3017,,,347977
3018,1,,41343
3019,4099,194942603,179883157
3020,3849,129109595,257730019
3021,10,90000,294244
3022,3,1300000,65108
3023,12,,481586
3024,1138,145472,10027047
3025,5,,287198
3026,70,10160264,1827660
3027,3527,357500000,133375846
3028,3,990,60105
3029,212,1500000,934658
3030,4,2000000,3531756
3031,3530,240169323,125322469
3032,2450,6430606,25794018
3033,10,17880957,2656784
3034,4096,224987342,177243721
3035,8,1500000,302232
3036,5,,55513
3037,30,310000,695840
3038,1,,44802
3039,1,28051,3865
3040,3766,438459213,293004164
3041,11,,5290
3042,1,,306140
3043,1,11830,30799
3044,4,656070,9451946
3045,5,,22282
3046,2,,194721
3047,3521,20110271,49438370
3048,1164,11800000,8677425
3049,15,,16100
3050,3269,188165080,277322503
3051,2,,518522
3052,3,314270,4417674
3053,3008,6215752,16222392
3054,8,5665910,5010163
3055,1,,12069
3056,3056,150751686,163958031
3057,1,,98548
3058,9,29800000,5306706
3059,3022,14267444,43337279
3060,4234,434407829,402111870
3061,1,10807,102115
3062,2,1369046,27349
3063,4,32859173,17017811
3064,27,657143,655871
3065,4099,690113112,196573705
3066,3334,115178089,97104620
3067,3,,11004
3068,20,5427272,256682
3069,2,455314,407377
3070,1858,1581813,14800725
3071,1,,5685
3072,6,158912,207121
3073,2,,1134623
3074,4325,627321791,302089278
3075,1,,54526
3076,4,,23412
3077,3697,173381071,119436770
3078,8,5400000,2388804
3079,2750,37173177,41596251
3080,2,,189621
3081,6,22499,26676
3082,2882,116383693,88915214
3083,4,551194,2283291
3084,3106,34350871,25200412
3085,3007,20025260,51855045
3086,1325,2761722,7712114
3087,4,646484,869730
3088,,13158962,
3089,2159,7300000,15515460
3090,1,,46590
3091,7,220000,905209
3092,4007,152267519,150201498
3093,1,,7066
3094,2354,37390752,94125426
3095,38,22909,1274062
3096,2121,7756841,5210988
3097,3049,96807196,115646235
3098,1,,26748
3099,7,,1610163
3100,103,4234319,250617
3101,2,,11408
3102,1838,174642,15122676
3103,1,,106542
3104,4,,139418
3105,,997921,
3106,1,,15676
3107,3165,196140670,120774594
3108,4,792396,2556558
3109,1959,181224,6382178
3110,3105,8951635,20919166
3111,2,223742,167047
3112,10,390000,4033
3113,1,73945,221805
3114,1399,,1391434
3115,1393,2606162,7460204
3116,2,,234540
3117,22,,659483
3118,3121,120906927,66477700
3119,6,3260982,3820700
3120,1,10362,44344
3121,1,,46710
3122,2251,6264356,33862903
3123,4,,627436
3124,70,181475,242578
3125,1611,26000,10823158
3126,2502,21467122,20534907
3127,1661,16810105,31749894
3128,1,16150,170295
3129,5,1428707,32917
3130,3,,53723
3131,2665,14770515,11965282
3132,8,,149530
3133,2745,1979108,10275638
3134,19,12775454,4444637
3135,3119,111957402,124870275
3136,3,,69705
3137,2702,15738608,16204793
3138,1898,13167904,22965110
3139,21,966362,200730
3140,2505,8454347,33316821
3141,4,4758134,14363397
3142,,310555,
3143,,,110175
3144,1,,8449
3145,1,,33745
3146,3096,57772109,22455510
3147,120,154,1429299
3148,2506,6702578,10330853
3149,12,86264224,107918810
3150,2951,81090578,38577772
3151,14,,62500
3152,,,156612
3153,6,21131782,9228788
3154,1,,3911
3155,1,,11799
3156,14,9712,950675
3157,1707,14263567,18451251
3158,1721,5812788,13077184
3159,3036,26646310,75590286
3160,1,,195037
3161,2,,17738
3162,4,17077822,12574914
3163,1,2598783,104979
3164,3000,63244763,109205660
3165,186,65719,4157223
3166,3,,11495
3167,6,3750009,449865
3168,10,,52429
3169,1,,102463
3170,2890,57802054,73357727
3171,119,8136973,1588087
3172,,,402088
3173,2734,165000,29062561
3174,3735,21890189,77233467
3175,820,5476502,14279575
3176,6,2088582,404122
3177,3014,22085176,19551067
3178,2754,25707362,14046595
3179,48,630000,93388
3180,3036,42059110,27693292
3181,1,,31160
3182,2,4800,115155
3183,,,7246
3184,4,,203305
3185,3,1597,101215
3186,1,,56436
3187,1,,16392
3188,1,,281350
3189,2635,19304783,15051977
3190,2527,23268704,26218170
3191,2443,34920023,32428195
3192,3404,591565581,166112167
3193,2,,18087
3194,4,25998172,21002919
3195,3,,38245
3196,4,635292,1109660
3197,1,,36689
3198,2,,57769
3199,3,,18521
3200,2,119000000,627047
3201,4,,12038
3202,1,,9580
3203,3035,66802053,42194060
3204,3110,49746319,255959475
3205,1,,17896
3206,4024,390934093,296623634
3207,4,,1190003
3208,2503,24087009,38122883
3209,3425,45612244,49492060
3210,2,166596479,104400899
3211,111,21092462,8114270
3212,1,44777735,15433
3213,12,,337356
3214,1915,7672162,15988876
3215,2088,16499713,28544157
3216,2133,,9208876
3217,8,310000,25339
3218,8,,5107
3219,1007,10588,397641
3220,,,130441
3221,15,83019358,83823381
3222,9,18966379,9176000
3223,2125,87022647,37491364
3224,3,50780216,44114232
3225,11,19000,41430
3226,1,,165509
3227,4,7945509,39471742
3228,1,,3457
3229,3452,2085391916,760507625
3230,2718,50900479,29580087
3231,4,37307254,19676965
3232,20,20877619,11001272
3233,3700,223868601,219614612
3234,3626,289409533,209028679
3235,48,56663000,7689607
3236,6,,119790
3237,,,207473
3238,74,,88335
3239,2523,21343926,30101577
3240,2511,6700000,25918920
3241,1,,10501
3242,4,,9309
3243,1873,4400000,15285588
3244,1,,39033
3245,2,5547617,374675
3246,3111,63915758,94835059
3247,2924,22445752,24307106
3248,7,,341323
3249,2545,3344243,12482741
3250,2476,27479494,40168080
3251,441,47658,3777210
3252,3344,52588130,60022256
3253,3066,39498566,43313890
3254,4,,711421
3255,2,,102645
3256,2456,11116304,32680633
3257,3,2099237,621859
3258,2969,62018667,80014842
3259,1,,25846
3260,106,48286888,246177
3261,1,,26185
3262,3356,134282571,88768303
3263,3222,80444474,62189884
3264,3665,107083674,110485654
3265,1,,32790
3266,1,,9408
3267,95,,109383
3268,15,,22464
3269,,,5992
3270,2991,171448848,128012934
3271,4,49990942,15541549
3272,9,5772,100688
3273,3150,11034429,44875481
3274,15,,225341
3275,1,,73544
3276,3,,544890
3277,2477,17321945,39123589
3278,7,,318623
3279,3728,691300000,334191110
3280,1936,12069640,27163593
3281,1,2892507,690290
3282,2,,11183
3283,3003,62025683,35497337
3284,1605,1155265,20255281
3285,2212,37437880,19068240
3286,2956,16670117,32010860
3287,1,,7943
3288,1,,25572
3289,2,1502203,6671283
3290,3077,12950686,64003625
3291,3,3128812,4234170
3292,2521,4253231,13942007
3293,3074,68747609,67061228
3294,244,1704959,3573673
3295,2,793703,619162
3296,350,10101357,3075255
3297,1,,66166
3298,2754,15697891,50269859
3299,4055,277289760,217581232
3300,1,,29866
3301,6,,133411
3302,5,,80741
3303,2673,29728564,62950384
3304,3777,330000000,163214888
3305,1,,115592
3306,7,,13722
3307,,15461,70066
3308,8,1934,115862
3309,1,,7376
3310,2155,735215,60095852
3311,41,2373329,108596
3312,3374,53557629,98711404
3313,897,388865,2848587
3314,,,
3315,2,334716,406216
3316,3,,200899
3317,2459,6237886,42739347
3318,8,3841439,3291250
3319,4,,22878
3320,3065,49459831,48071303
3321,2,,6569
3322,1,860000,493296
3323,193,2065819,1475746
3324,417,2841922,1089445
3325,,,
3326,1206,67365211,19422319
3327,1,,23889
3328,1,,109895
3329,3,,15389
3330,3280,37791172,37490007
3331,2936,6272408,23591432
3332,3332,54654610,63075011
3333,2997,21709712,17630465
3334,19,10204925,1818681
3335,1,,6780
3336,5,533088,4033574
3337,5,728756,20930
3338,534,4826496,7320323
3339,9,,176865
3340,1,,7199
3341,4380,308723058,312433331
3342,4,5426670,1110509
3343,15,,29731
3344,1,,42273
3345,2,3172,21826
3346,1,4303513,13461
3347,1,,15930
3348,1831,327302,21540363
3349,2968,29116085,53032453
3350,2,10504168,55804
3351,33,,883887
3352,3503,216971858,105487148
3353,1,,12232
3354,3,,110594
3355,1,,12085
3356,3,,303064
3357,,,67519
3358,207,15469924,1685269
3359,2551,104295,8525600
3360,33,,615028
3361,4359,517507886,238736787
3362,4,,4360548
3363,3445,199333086,95347692
3364,2,38372869,619423
3365,,,530491
3366,4,17561883,1259693
3367,1,,42392
3368,1,,6783
3369,2697,31841401,61153526
3370,2859,48512786,47059963
3371,3213,56251142,33644788
3372,5,7073,550472
3373,2450,11532324,17010170
3374,1,,5427
3375,7,,2930687
3376,3535,100019072,77222099
3377,3663,175183320,176591618
3378,1,,54543
3379,4,9600048,6531503
3380,1,,1909
3381,16,,100280
3382,4,2593960,7468936
3383,2825,475579,10547117
3384,4,,128203
3385,1,5236092,217277
3386,4028,653874642,415004880
3387,3098,182328335,76423035
3388,3534,110221814,162001186
3389,2,99709,1330894
3390,1,70000,198600
3391,11,8264,137885
3392,4468,405571077,300531751
3393,3169,187941694,131772187
3394,1,,17921
3395,3476,291950588,251513985
3396,2669,75233701,52000688
3397,7,15464104,20811365
3398,2,,181039
3399,5,18500000,27766
3400,3504,154835329,63150991
3401,3792,436006270,292576195
3402,2,,81680
3403,1,700975,30638
3404,1,2316,256242
3405,3,,272040
3406,1,,281447
3407,1,,7924
3408,2719,1302619,26167002
3409,3612,172339126,118311368
3410,1,,32961
3411,3705,69440630,43585753
3412,2718,17271821,31206263
3413,2911,13770165,73026337
3414,4,1651372,9176933
3415,4,,21878
3416,1,,23671
3417,5,,11777
3418,2,38731,453377
3419,5,257743,1603616
3420,45,2539423,1755212
3421,2,1596701,368088
3422,252,,754301
3423,10,1438159,166980
3424,3651,51716492,119219978
3425,,,5100135
3426,231,,183920
3427,7,7034644,1044039
3428,3082,126024779,80574010
3429,64,7790133,754836
3430,3270,165199650,103068524
3431,1,,19137
3432,4,,320486
3433,3233,44763484,36661504
3434,1973,,24719879
3435,33,21134687,4806750
3436,2,23070560,276901
3437,2012,22100000,27758465
3438,4,,798940
3439,12,7761478,123570
3440,2206,12842548,57744720
3441,2874,29131550,41034350
3442,1,64317,246574
3443,2823,32344347,35606376
3444,3030,25799691,17804299
3445,1,,288328
3446,2670,19777324,26593646
3447,1,,20450
3448,,,5000
3449,4,,11711
3450,1,,33024
3451,16,6698962,113568
3452,3,,167508
3453,19,328662,408983
3454,177,,200393
3455,2,155123,127564
3456,3203,235745624,60128566
3457,2,,106524
3458,700,,636706
3459,2,,336386
3460,4,8739066,2434652
3461,2625,23851086,25107267
3462,12,561391,3237343
3463,2809,29674459,33679655
3464,2856,17799257,58401464
3465,4,,541992
3466,1,,8300
3467,2861,60380619,92186262
3468,6,35287932,3247816
3469,11,20226147,1044143
3470,3,1129281,337997
3471,6,,617334
3472,3575,84041404,55675313
3473,2548,7136892,25702053
3474,2211,15511976,13261851
3475,1,,20615
3476,20,71597,101270
3477,68,,62000
3478,2021,16135464,12134935
3479,1,,3394
3480,2771,127959441,96962694
3481,12,1185420,93051
3482,2,3487423,4311834
3483,742,269322,6363628
3484,,1642939,
3485,,,
3486,3150,52513156,53374681
3487,1,,112036
3488,2572,1983035,14744435
3489,4,6339863,1445366
3490,3072,676734,59699513
3491,6,2254942,1810078
3492,4,6167359,560391
3493,2,1473627,145526
3494,11,5029284,6797696
3495,2,,9812
3496,,,
3497,6,75913329,32746941
3498,1,,43710
3499,2,,4115
3500,,,
3501,3216,92759125,84752907
3502,,,
3503,1,,11445
3504,1,,68719
3505,,,
3506,3,5402429,237301
3507,2808,88025106,45710178
3508,1,,594
3509,1,,12095
3510,1,,187716
3511,10,203062,152857
3512,4,5204856,109338
3513,4,41881941,18335230
3514,3,,189416
3515,3355,111200000,100539043
3516,2127,288175,37729698
3517,8,8297686,310007
3518,1,,33841
3519,3944,173471355,148415853
3520,5,323310,21087
3521,2518,28783338,31011732
3522,41,7876,62713
3523,2880,46848618,21416355
3524,1,32475,391674
3525,3207,84157979,81562942
3526,1,,46380
3527,4125,656469821,296131568
3528,1,16738,3697
3529,3,14548827,1095369
3530,2564,46107265,21148651
3531,55,,317831
3532,3,,304020
3533,3037,51112020,39440655
3534,2454,12552925,23240020
3535,2455,70349316,32367005
3536,3603,384077883,200821936
3537,1,,38083
3538,2,291593,582024
3539,2,4616,100202
3540,18,224312032,106954678
3541,4,,76185
3542,6,,178308
3543,1,76409,236347
3544,1622,2847985,5666340
3545,14,,22083
3546,3555,313800000,104386950
3547,4,35645379,93617009
3548,5,,277943
3549,2756,211100212,67631157
3550,7,232317,2039869
3551,5,3975976,2229058
3552,3515,104528679,100246011
3553,2,383066,20218921
3554,3536,162211974,148438600
3555,7,15237476,1785645
3556,3047,81033923,171243005
3557,1,,5006
3558,2546,189238587,42779261
3559,6,16799907,3205706
3560,4,6828348,9737892
3561,2816,66299372,24827228
3562,1,,32869
3563,42,1343015,7502560
3564,3,,46029
3565,2940,22071575,48475290
3566,3584,130375461,98780042
3567,1,,46623
3568,,,
3569,3018,78565858,70662220
3570,106,125355,4444612
3571,678,23805693,2719296
3572,256,1100069,3033623
3573,1,7932,118919
3574,2703,47225895,29121498
3575,2985,64096354,33047633
3576,1,,55366
3577,1,,141358
3578,2787,85747788,23209310
3579,2,1430104,25423
3580,2534,15245600,37300107
3581,3,,25517
3582,5,4873834,85526
3583,15,1001029,6861102
3584,1,,7826
3585,2994,93770307,99967670
3586,3105,26020215,73013910
3587,1,,49001
3588,2296,19503507,19490041
3589,1,,85974
3590,1,,10357
3591,2821,44417036,37915414
3592,30,,24554
3593,1,,48644
3594,1,,14400
3595,4,,635325
3596,3043,72436686,63686397
3597,1,,22729
3598,2950,42112741,45060734
3599,352,,2430735
3600,1952,10162659,27865571
3601,2,734906,216110
3602,3917,122246993,123477607
3603,2003,648536,6928068
3604,2840,64435680,62495645
3605,,,64014
3606,1,,39475
3607,3417,129911547,83552429
3608,3,,22554
3609,4,,11514
3610,1,,1591034
3611,4,22741195,11242660
3612,5,,1188194
3613,1,,33833
3614,3117,18157000,21392758
3615,1,,21527
3616,3030,54016280,37662162
3617,,,
3618,1,744228,1510026
3619,6,,29683
3620,3,18360936,44348
3621,2756,76315464,79249455
3622,2802,63749161,37412945
3623,2707,29135886,58009200
3624,32,42865,258538
3625,5,1689788,10179275
3626,1,,242706
3627,4,,377014
3628,3,,14351
3629,7,32533743,1618844
3630,3033,53365887,36392502
3631,5,,31056
3632,102,,30100
3633,1,,77466
3634,3579,80408777,108085305
3635,2408,45861736,54009150
3636,5,580544,100370
3637,2961,85716272,54712227
3638,11,266217,327716
3639,28,,120016
3640,1,,8020
3641,1,,116037
3642,,,
3643,1,,174796
3644,3276,14752546,33035397
3645,3,,22270
3646,2535,25084575,40259119
3647,2,,102541
3648,2,892156,977772
3649,2,,33042
3650,2214,3282065,43853424
3651,2769,4525193,21596445
3652,1,2676313,14566
3653,1,,15378
3654,,,
3655,,,
3656,3827,343900000,143619809
3657,3305,57808662,38180928
3658,,,
3659,707,4369207,11538204
3660,,,
3661,1220,7517860,15428747
3662,1,,13400
3663,18,145257,638476
3664,1,646237,33245
3665,9,13265,124791
3666,,6842,3178
3667,2817,58100000,58709717
3668,1,,21610
3669,5,4064709,5304920
3670,875,4907187,1186538
3671,,,
3672,13,,87727
3673,3644,420132129,210031325
3674,2730,632964,10130219
3675,2,,13826
3676,10,,6400
3677,,,1279
3678,,500,
3679,6,61500,27000
3680,2,131581,703372
3681,2035,863207,37295394
3682,10,12534432,112087
3683,2,,3669
3684,2904,26037627,39046489
3685,22,4075222,970816
3686,,,
3687,259,2951656,1069334
3688,3955,268295994,181030624
3689,2918,120420305,169211718
3690,1,,20840
3691,218,108879,2712131
3692,42,,382946
3693,1,,60630
3694,,,
3695,2864,55017400,29136626
3696,2,,19412
3697,,7300,
3698,3,23425,332306
3699,50,,29000
3700,6,105458551,56816662
3701,4155,804642000,241071802
3702,3925,499588484,165249063
3703,3615,332300000,254464305
3704,4,48416161,13305665
3705,1,10515,32977
3706,4,53976,77247
3707,5,8523513,5790894
3708,2,49991,1926
3709,,13302,
3710,1,,100237
3711,4,4114335,467602
3712,2,,122959
3713,3641,209000000,146408305
3714,,3394,
3715,19,3659927,501360
3716,2524,2016232,15013650
3717,,,
3718,3,,40294
3719,3379,130968566,127004179
3720,6,1424259,2030962
3721,3,,61759
3722,1,,17981
3723,4,487797,4036175
3724,3816,102934320,116601172
3725,610,558794,1430241
3726,4,124999,1759252
3727,,,
3728,3049,115156141,100292856
3729,4115,368704508,191450875
3730,24,,267965
3731,,,
3732,24,966898,391942
3733,1,1350,5558
3734,4088,771403536,352390543
3735,2973,25840890,35608245
3736,2,,43593
3737,2473,16500000,23186769
3738,2,45257,31133
3739,6,,655802
3740,2,2823,48764
3741,1,,45759
3742,1,,1131261
3743,,,53256
3744,3040,94879042,117538559
3745,,5297411,
3746,4,1172349,411184
3747,,,
3748,2,327560,9216
3749,,,
3750,11,1244254,7760
3751,3482,90444659,80360866
3752,1,,4171
3753,5,,134078
3754,,,
3755,4,,28468
3756,24,10000000,1348205
3757,2,,71158
3758,10,,100085
3759,2405,23452761,26692846
3760,24,,96868
3761,4,781585,1321194
3762,3715,193915271,176654505
3763,2926,90793137,55802754
3764,1,358753,237181
3765,8,5435008,1024175
3766,3020,62142777,84351197
3767,3,,7072
3768,11,,252788
3769,,,
3770,5,4604134,1361512
3771,1,670512,568662
3772,4,15837680,5359774
3773,,,236957
3774,3395,421135165,142614158
3775,2,,168226
3776,3,,148994
3777,4,7376,154521
3778,2,,2968
3779,3648,294226015,176760185
3780,2913,38753649,37243418
3781,7,1082740,1120914
3782,2534,43414417,169705587
3783,2888,4093011,37053924
3784,3155,112423522,42587643
3785,2040,5600000,11862398
3786,1,,17309
3787,2,9312217,1612430
3788,1,,49976
3789,2,70314,17479
3790,10,,184705
3791,3015,42061112,21295021
3792,2,1167248,5043
3793,3114,22222000,18298649
3794,6,5157,20778
3795,1721,45324921,13843771
3796,,,
3797,3295,42144807,38536376
3798,1,,40548
3799,12,,229653
3800,11,,28850
3801,7,504857,454121
3802,2614,35629408,36665854
3803,2760,15079745,24046682
3804,3,1637,841056
3805,2555,1046419,24814830
3806,2,,6035
3807,1826,15426506,31177548
3808,143,,154604
3809,3328,8830890,17686929
3810,,,
3811,1,,12358
3812,1,,20726
3813,2806,,18877153
3814,,,
3815,1500,,2529395
3816,3222,61893497,75658097
3817,1507,24521,508714
3818,,,
3819,10,35000000,66099
3820,5,,5073
3821,1869,10558270,13657115
3822,,,
3823,,,38151
3824,1,,312187
3825,4,235718,59774
3826,2886,46297241,35060689
3827,2476,14815389,9659074
3828,1,,27253
3829,5,2608758,163753
3830,,,23901
3831,2408,929380,10324441
3832,10,,471334
3833,3118,58561204,28087155
3834,3507,23781945,72286779
3835,2986,40284060,25124986
3836,1,,60335
3837,4,3183298,538690
3838,2993,35695343,75605492
3839,4,18883,67071
3840,1,,183342
3841,2,,81212
3842,35,,143986
3843,,168968,
3844,1,1092993,484592
3845,2458,6318617,35016118
3846,2,,35148
3847,1,,13420
3848,,,
3849,1161,663663,35017223
3850,2661,20339826,21302340
3851,1,,55518
3852,2,576107,47185
3853,6,,10935
3854,3,3243063,1728953
3855,3002,16152701,14011084
3856,1,111664,40634
3857,8,1016749,200558
3858,9,53993,53630
3859,,,
3860,3440,178417032,85463309
3861,2199,36773391,40962534
3862,1,,3242
3863,33,7451541,4430650
3864,,,
3865,,,
3866,5,3550307,36884
3867,3549,11187092,51802742
3868,3,1641521,45470
3869,2150,480386,7204138
3870,2996,10573144,16999934
3871,,,
3872,10,769716,16816
3873,1,,36056
3874,2,918167,1065429
3875,1,,4373
3876,1,28644,303791
3877,1,,5580
3878,1552,156233690,8406711
3879,,,
3880,6,12868487,611709
3881,56,15079641,5353586
3882,4,2457873,2981038
3883,,,
3884,,,
3885,3321,103011037,104028807
3886,,,150886
3887,975,,1891936
3888,,1628770,
3889,3017,119500000,20377913
3890,,3317662,
3891,265,11352217,4463292
3892,3122,127550020,37553932
3893,,,6840
3894,4,333009,3395391
3895,2,3293,92822
3896,3952,405726973,149260504
3897,11,2841276,99612
3898,2272,8434917,13109815
3899,2,,53714
3900,,1019343,
3901,1,,49852
3902,,,
3903,10,1117898,30680
3904,3367,72376376,78046570
3905,6,,162138
3906,1910,47300000,37306030
3907,3112,128058418,83504017
3908,12,326765,223880
3909,3438,76361060,74158157
3910,1,6095119,16075
3911,19,18786450,3030848
3912,,,
3913,29,92882839,82624961
3914,1,4150054,130271
3915,2,969407,9120
3916,3606,93950000,64006466
3917,1,,11740
3918,4,18957408,10352
3919,,,
3920,5,277000,22088
3921,4,9105448,5702083
3922,3376,101705691,46462469
3923,1277,106183277,73864507
3924,244,19643167,14597405
3925,4,83446549,44667095
3926,3440,72346000,88625922
3927,1,,39522
3928,,,
3929,21,,22049
3930,3,,2647
3931,10,16410548,4002293
3932,2,,37710
3933,2,,6361
3934,,,
3935,2750,8206828,30542576
3936,4,57278995,24149393
3937,8,6438785,16311571
3938,1,,40106
3939,3723,215981134,133107389
3940,5,35565407,2546747
3941,5,,17977
3942,3703,348815025,186848418
3943,2914,136858177,102515793
3944,,5524307,3014696
3945,3087,296402120,77591831
3946,3,,10189
3947,3,20940300,3520458
3948,3117,43104523,75624550
3949,6,23400000,31847881
3950,2324,41388221,21443494
3951,2376,76932170,79883359
3952,4,,769552
3953,1,1205,832
3954,,,
3955,4,2379,176669
3956,9,,9600
3957,1,,7825
3958,2285,48496545,53262945
3959,1,421859,3519
3960,,,
3961,2863,31878855,66528000
3962,,,
3963,2735,225801,30932113
3964,2,39956,47718
3965,7,138362,18000
3966,1,75489,154691
3967,2,,20370
3968,2439,17432304,18942396
3969,2512,489121,49876377
3970,1,,44883
3971,1,,10357
3972,3078,98058891,62321039
3973,,,
3974,2998,31001440,18620000
3975,2737,9782694,26414527
3976,3185,29669040,51580136
3977,,,
3978,2129,5111380,20157300
3979,2907,59106615,64575175
3980,1,137301,1567
3981,20,933139,78396
3982,2855,74622608,54333290
3983,2,,6504
3984,1,79046,197785
3985,3,9698557,6994218
3986,3470,214285872,103860290
3987,5,571101,969239
3988,3119,81702771,126181630
3989,2958,72604130,125014030
3990,5,24779,561054
3991,1,,15151
3992,1,305,3163
3993,3174,97443353,51774002
3994,4,,70526
3995,,,10082
3996,53,,789752
3997,3189,102213766,54760791
3998,3039,12484188,70012847
3999,2186,6417984,11682205
4000,3,102294,122593
4001,2002,6871779,17288155
4002,4,4519704,540152
4003,1,,7643
4004,3055,48296323,54731865
4005,24,22216,201436
4006,1890,2340359,18450127
4007,1,,42582
4008,369,7106679,7251073
4009,2,237557,2552478
4010,3749,209719421,73058679
4011,18,23967116,9041540
4012,,,
4013,2124,3871023,12739737
4014,3,,24565
4015,,,
4016,1,78146,759
4017,3121,64364762,138447667
4018,382,2537469,5909483
4019,2,3671957,70740
4020,,,46635
4021,2,,13569
4022,231,,411746
4023,,,
4024,3,19105,17801
4025,,,
4026,2,97943,4876
4027,,,
4028,9,,31478
4029,14,36145,5355847
4030,31,2726137,1126027
4031,4137,269912687,408010692
4032,2,11098,75233
4033,5,,3483795
4034,258,2853692,4164911
4035,33,5770061,48366
4036,3603,108678315,64935167
4037,,,
4038,3545,221600000,83670083
4039,2,1035296,3010
4040,3192,180040376,56758835
4041,3,,34665
4042,4,316764,1007535
4043,1,,22393
4044,4,2379,176669
4045,,,
4046,1,,9750
4047,136,,595018
4048,,,
4049,1,,26464
4050,1,,34025
4051,,,
4052,2308,19616184,14326865
4053,2811,28609857,42073277
4054,,2066306,135985
4055,3477,9714025,44338224
4056,,,
4057,1563,7869364,28965459
4058,4,406994,793352
4059,1,,1333
4060,3,,13714
4061,42,3906254,1413480
4062,2,,53953
4063,3155,36176695,60457138
4064,2,727223,3838
4065,2015,21826559,91547205
4066,3,,59736
4067,,,
4068,3,902486,9204489
4069,,,5549
4070,1,,625
4071,6,1160723,157427
4072,,,
4073,2266,24353133,17142080
4074,5,21433,408015
4075,2936,32923534,28700285
4076,,,7396
4077,3358,105092479,31051126
4078,2203,14593529,16008272
4079,11,1090276,10011
4080,5,1001666,908235
4081,3,,40846
4082,,,
4083,4349,891742301,623357910
4084,27,88256141,46383639
4085,6,,110013
4086,,,
4087,3755,158475519,79727149
4088,322,1971122,2609412
4089,14,804082,122550
4090,,,
4091,,,
4092,1,,8631
4093,50,,92476
4094,2,13882,4321
4095,,,
4096,3008,120498675,59650222
4097,,,
4098,3690,248244317,65233400
4099,2,,56491
4100,,,809590
4101,1,729309,232070
4102,1,,112679
4103,5,13538774,1804139
4104,,,
4105,,349858,18464
4106,20,,18395
4107,3,22567144,176988
4108,2,,15674
4109,2,,13266
4110,3,12699,2521
4111,5,,9915
4112,3021,47320813,41152203
4113,1,173309,109983
4114,2433,24292081,18119640
4115,30,,27900
4116,4,23335980,45512466
4117,1,,14057
4118,,80805,
4119,55,,1832541
4120,1,,30655
4121,200,109099,139034
4122,3,,26608
4123,86,6159892,370904
4124,3773,245884991,155136755
4125,,,
4126,16,6044657,120462
4127,1,88797,166228
4128,4,257351,252603
4129,4258,530529789,216391482
4130,,,38691
4131,3396,275971181,126477084
4132,9,411361,4010957
4133,2,14576364,86637
4134,,,
4135,3470,22513319,38518613
4136,,,
4137,9,95492,107921
4138,13,1493107,1597486
4139,3108,99970591,37519139
4140,4164,317324350,237282182
4141,1625,4688221,7078738
4142,4,,71968
4143,5,57605953,16684352
4144,4,10469386,12795746
4145,2930,56828182,113721571
4146,3,16887,214588
4147,2055,185680,12431792
4148,3,8948401,3965090
4149,30,3623640,1239692
4150,3239,337350887,218665740
4151,4318,495859604,262030663
4152,2730,7374368,25326071
4153,1,,10550
4154,,3696,
4155,2,,6106
4156,2628,35190390,47323100
4157,8,,10000
4158,4,23029,102388
4159,,5804574,
4160,10,,44689
4161,1,,6497
4162,3881,718443294,161321843
4163,2,14469363,49521
4164,1,2330763,901954
4165,3,908575,240381
4166,4,,44830
4167,,135888,510334
4168,15,38095,14686
4169,4404,634089008,448139099
4170,3,103101,2401999
4171,1,2045,2011
4172,13,6235398,2540106
4173,5,318682,489074
4174,3,3367465,1291645
4175,,,
4176,2567,130477613,35074677
4177,3168,32777045,34353000
4178,2,4040908,100343
4179,4,684282,3103407
4180,3391,28221033,49008662
4181,1,,6559
4182,,,
4183,1,,5757
4184,10,250772,5783
4185,1,,28450
4186,2361,69549284,63536011
4187,2,6785462,633210
4188,,,
4189,4,,338803
4190,3745,167152050,113203870
4191,3205,18000000,86907746
4192,,,
4193,2598,3395709,51853450
4194,1,511415,319285
4195,24,6116988,743636
4196,1,,16594
4197,3429,52116611,56003051
4198,1,8229,58825
4199,2244,262854,24397469
4200,70,6828388,95933
4201,3316,226951064,85028192
4202,,,
4203,3,,2432
4204,1,,38492
4205,2255,11117755,20275446
4206,2,3294258,2672413
4207,1,,213299
4208,810,5700462,4936819
4209,,,
4210,2888,16996396,37397291
4211,12,3702,20984
4212,,,
4213,2,11242,5206
4214,2816,33794476,49130588
4215,,6770790,
4216,1,8350,12396
4217,47,12130631,446770
4218,1,146,390024
4219,1,1109,21154
4220,2,,106709
4221,5,213069,246112
4222,1511,21597623,3763583
4223,7,2143322,83566
4224,2801,4874870,11494838
4225,3,783986,203654
4226,197,27911139,7919574
4227,,,
4228,4,824774,319176
4229,3012,198302098,42345531
4230,5,34631972,16247159
4231,3,,3003
4232,5,,61465
4233,3,261633,1004821
4234,2506,28052892,13414714
4235,2730,16583235,41003371
4236,,,14056
4237,3083,12492066,31611916
4238,4,9575,123814
4239,1,,24090
4240,4,15326355,17742948
4241,3212,12055776,35763137
4242,1,,4975
4243,,,79627
4244,3349,229910141,148313048
4245,2992,103980200,66486205
4246,335,51043254,65001093
4247,,22024849,
4248,,,
4249,2,180335,134109
4250,1,,244092
4251,2515,434949,5310554
4252,1,,7426
4253,90,31706,73000
4254,3,,9050
4255,12,,126238
4256,,,
4257,3005,45863000,35287788
4258,3661,237953117,139854287
4259,2,,210752
4260,110,1576792,364875
4261,11,3350463,677200
4262,16,1824984,100345
4263,1,2620619,100915
4264,,,
4265,3232,91115254,136025503
4266,1,6885,14062
4267,3014,27948940,45290318
4268,4,,28026
4269,6,,236806
4270,2,,7711
4271,1480,18011687,15024049
4272,2527,39640904,48086903
4273,4,123128,375981
4274,,,
4275,2,282702,471842
4276,2,3589372,641054
4277,3412,88917657,53900335
4278,2539,9538347,25888412
4279,,,1428
4280,2,,219407
4281,2,,25342
4282,31,24578459,212094
4283,,,
4284,19,,22836
4285,4,5492753,6002451
4286,2002,2298065,6002756
4287,2008,103564882,27108272
4288,3014,1757077,9409538
4289,1,,34577
4290,2933,38445453,17530219
4291,,,
4292,2,115141,129579
4293,,,
4294,9,6477215,1561577
4295,4,,5102
4296,,,
4297,1884,66786063,93772375
4298,1,,60064
4299,2,,1142
4300,23,1514640,30668
4301,14,,63595
4302,1868,6384898,15634090
4303,2,14034415,142242
4304,1,91451,3361
4305,3752,307098844,189412677
4306,1,,18869
4307,,268337,612089
4308,1,,13377
4309,,,
4310,11,91138308,182207973
4311,2,,646
4312,3505,806166704,304360277
4313,6,58010,88212
4314,6,,41113
4315,,,
4316,16,58188260,12816367
4317,,,
4318,,64323,
4319,1,,7413
4320,16,104319495,132092958
4321,2927,494323346,124987022
4322,2725,3357367,44806783
4323,3653,203488144,103412758
4324,1,,601
4325,17,18734167,6008677
4326,3,,325653
4327,1,,116476
4328,,,
4329,1,,14518
4330,2424,24292902,14945541
4331,,,
4332,1403,2079340,6810754
4333,3,1539728,5460
4334,1,45127,2651
4335,11,1607284,66351
4336,,2126384,
4337,4,4866293,6376145
4338,1,,6543
4339,61,1074136,20998
4340,1,,15312
4341,2837,14702360,13103272
4342,1,,19375
4343,4,,50292
4344,2,16470,37745
4345,11,3557,19537
4346,,,
4347,16,56505,201395
4348,2,3262,1294
4349,1,,3386
4350,2,,5719
4351,4045,711934977,303003568
4352,,,
4353,3,30048090,6738954
4354,2431,4160459,37134215
4355,5,38891719,95720716
4356,,5901752,
4357,840,21640239,12512862
4358,3352,137300000,80070736
4359,3,,610792
4360,4,8592474,720828
4361,15,150570724,19019882
4362,3010,287036132,162805434
4363,3367,43565087,77267296
4364,5,97653,309864
4365,,,
4366,,,
4367,2,37790578,18388357
4368,1,,701278
4369,2654,13324068,34341945
4370,2160,19880875,40041683
4371,,,
4372,3103,58100000,46000903
4373,1,,18529
4374,,,
4375,2620,17413813,19701164
4376,,10390,
4377,45,,156996
4378,2647,76467386,71628180
4379,2913,36280458,12050299
4380,1,,141951
4381,,,2019
4382,2224,30926747,17616641
4383,,,4917
4384,2404,13108140,9489829
4385,2,,7529
4386,2,,342941
4387,1,,37731
4388,3,183755,2408553
4389,3009,48453650,66380662
4390,,,35586
4391,3141,40854658,134506920
4392,4,,10443
4393,2605,34569381,32172757
4394,,,5964
4395,3553,236900000,67349198
4396,2950,40830738,19452138
4397,3223,22651831,71399120
4398,4,2924599,2341226
4399,,,
4400,,,
4401,263,,1559556
4402,2313,10285444,17418667
4403,,,
4404,2,,4327
4405,1,,4150
4406,1,,4150
4407,2511,14977272,42930462
4408,2771,16513386,25682380
4409,35,,231378
4410,1,,368724
4411,3525,132500000,65187603
4412,1,,76202
4413,,,
4414,1118,164921,1034589
4415,7,10331788,1703125
4416,2,,9342
4417,2700,10269404,15179303
4418,1,,6115
4419,,,
4420,2188,8704679,10895295
4421,23,,61018
4422,261,11559205,3346264
4423,50,,45000
4424,,,19186
4425,3912,255588055,234770996
4426,1,,89435
4427,19,13304,21832
4428,,,
4429,9,,9432
4430,,,
4431,,,
4432,3,17024965,14124286
4433,2507,17949098,51872378
4434,3160,4854728,22537881
4435,,,
4436,2160,726349,18007317
4437,10,,2638
4438,9,,13737
4439,1,145263,99070
4440,1,,53692
4441,2,60216,16769
4442,2,,200238
4443,3098,73951336,98927592
4444,4046,385900000,187168425
4445,2,4200068,7034
4446,,,
4447,,,
4448,3719,253217645,122523060
4449,3202,37853350,26623701
4450,4,25607930,21403519
4451,,,
4452,,708753,
4453,2,,6558
4454,5,,1632
4455,3025,44802091,54239856
4456,16,,129102
4457,,,
4458,1,9918,24082
4459,2,406736,6997
4460,4,20271459,2322593
4461,1,140783,444098
4462,3003,2450488,95020213
4463,,123407,
4464,15,70448,1436862
4465,3,,60818
4466,,,
4467,17,977377,584563
4468,,,111794
4469,188,90054,2850357
4470,1,,4956
4471,3783,198809398,89107235
4472,355,375250,1165881
4473,,,
4474,2,,71906
4475,248,,207853
4476,4,510,379791
4477,15,,24529
4478,363,9966873,21590086
4479,3277,31400000,49875291
4480,,,
4481,2633,26606623,21819348
4482,,36211,
4483,3,,528731
4484,,,
4485,,,
4486,1,,29634
4487,,,11157
4488,4253,806400000,408992272
4489,2,,14752
4490,4,16173,516719
4491,4,1693327,1930282
4492,1,221501,1065000
4493,1,,100401
4494,110,,40179
4495,,,
4496,,,
4497,53,284621,75121
4498,2041,130101,9177065
4499,3535,208800000,144840419
4500,4,,51271
4501,3868,238602923,228778661
4502,,,
4503,5,,107352
4504,4,7151223,4067398
4505,2,2161,60166
4506,5,15130568,8110621
4507,3882,155275759,107518682
4508,1,6502580,717205
4509,3401,190977568,60522097
4510,,,
4511,,,
4512,2925,225045211,117723989
4513,4,753307,2274649
4514,1,,17646
4515,4,47109,1315500
4516,4,43314,371245
4517,,,
4518,5,,4328850
4519,,,
4520,3366,49000000,44672764
4521,2536,26793466,64473115
4522,17,,27160
4523,16,,66680
4524,1,,35431
4525,,,
4526,4207,376954000,291045518
4527,2,,117090
4528,5,6561759,5845732
4529,,1217880,
4530,1,,26826
4531,4004,474967481,268488329
4532,5,,153620
4533,2,9511765,1698952
4534,3607,329154939,202706711
4535,5,,39192
4536,13,,6388
4537,15,,127257
4538,6,7292,85252
4539,59,,171740
4540,19,13556787,36686
4541,3181,70146187,159581587
4542,3222,132336603,73103784
4543,2,,105998
4544,3997,607151450,368065385
4545,876,83204,32244051
4546,3904,170700000,89302115
4547,,,
4548,,39319,78950
4549,,,
4550,3,587000,16119
4551,,,
4552,,,16757
4553,7,1450647,16098998
4554,3491,113355283,133668525
4555,,48922,
4556,3275,309200000,101802906
4557,15,,8088
4558,,24436,1154466
4559,1,33293,55824
4560,,,
4561,,,20669
4562,2,25811,102041
4563,3806,203868448,83028130
4564,5,281293,2073582
4565,,1212304,
4566,,27680,
4567,351,1193150,1378591
4568,,,
4569,78,3718711,775849
4570,2852,45457823,33618855
4571,3016,88244795,53262560
4572,1,740397,486919
4573,2903,180344261,137400141
4574,6,69508090,33404871
4575,,,
4576,,,
4577,,285593,
4578,,,5274
4579,591,637159,3491669
4580,3924,283900000,132556852
4581,1,,18938
4582,3866,277529739,71017784
4583,,,365548
4584,3025,56880555,75612460
4585,,,
4586,3,,125687
4587,1,2704,59671
4588,4,63980,6852971
4589,3031,132300000,68559554
4590,,,
4591,3284,193141974,93050117
4592,2,28293874,34657
4593,3,175940,2963271
4594,,,
4595,118,85015,352755
4596,,,
4597,14,575972,205139
4598,,,
4599,3,683398,391611
4600,4,75833,2137573
4601,3,5660,199274
4602,1,,3078
4603,2381,27271105,16131410
4604,2940,34333924,28795985
4605,2933,60393403,116632095
4606,2459,8952113,7388654
4607,2,,120459
4608,3118,44800146,31165421
4609,,5272302,
4610,2,63394,343706
4611,14,,36746
4612,,,
4613,4,1295435,1013100
4614,,5617460,
4615,1,,59081
4616,1551,21119787,26004851
4617,3,529766,79813
4618,2437,8393171,18494006
4619,870,796531,5750995
4620,2,,174496
4621,2,,45175
4622,2130,1312051,10501938
4623,14,,14928
4624,3,,20486
4625,14,181697,85726
4626,,,
4627,2,,8348
4628,57,535014,302020
4629,,210,
4630,,15557,36228
4631,1,,138811
4632,10,,4980
4633,,6452,
4634,,3104,9722
4635,,,77619
4636,2,14448,9939
4637,3107,52738623,42025135
4638,4,,583633
4639,412,,1327841
4640,2,,36128
4641,32,,61847
4642,,,
4643,,,
4644,1,,92336
4645,1,1972,39901
4646,,,
4647,1,,38933
4648,2,,10068
4649,11,,14836
4650,1,,157937
4651,,,
4652,3091,43670131,36918811
4653,4,8070577,17550872
4654,,,
4655,10,,18642
4656,2,,67414
4657,2008,7835022,8888355
4658,20,,55301
4659,53,52128,849521
4660,3260,52359418,61002302
4661,5,71283215,26947624
4662,269,2752348,1066256
4663,,,
4664,20,,38856
4665,,129288,30743
4666,1,,10278
4667,2027,1316327,21569509
4668,4001,154599082,119793567
4669,2422,16790875,24477704
4670,28,20690,1205079
4671,4,,4029
4672,1,,696241
4673,,,
4674,2,271689,81381
4675,,,
4676,1,,49128
4677,3,,157690
4678,6,573392,4556
4679,,,
4680,2,,38361
4681,1,10559,5788
4682,3575,414121586,274092705
4683,1,,16987
4684,9,30345,258427
4685,5,1667495,7886
4686,257,974914,641439
4687,387,7882858,5842961
4688,3026,41196034,19316646
4689,,,
4690,8,34101,219346
4691,,1960521,
4692,1,,15009
4693,1,,27595
4694,3020,113511767,107136417
4695,3,,2241
4696,30,,171962
4697,15,,9195
4698,1,,51229
4699,,,
4700,2538,10264848,8008161
4701,461,63396,1162635
4702,,,6147
4703,147,11695,494608
4704,,,
4705,,,9417
4706,4,1054866,1029949
4707,19,124093068,56671993
4708,2,,146702
4709,6,,9802
4710,1,,2254
4711,3157,47142901,35266619
4712,,,
4713,2883,78600000,25135965
4714,,144420,
4715,457,115662,2387730
4716,,,
4717,1769,2900000,3254172
4718,,,42733
4719,1,,16772
4720,,34242,
4721,3336,58900000,102003019
4722,3,42234,99127
4723,3044,54035619,16973715
4724,1,52018,124244
4725,175,71685717,15323921
4726,,,
4727,,,4734
4728,9,33313560,27298285
4729,,11611623,335360
4730,3407,66246092,61737191
4731,3736,54636592,55750480
4732,,,
4733,,2054941,
4734,1,,33300
4735,1,,49072
4736,1,,14000
4737,,,
4738,,,
4739,2,,31736
4740,,,9796
4741,86,661443,258656
4742,68,1071499,60360
4743,5,262182,381703
4744,4,54598230,21488481
4745,1,,20709
4746,,,
4747,3841,438240376,206362140
4748,,,
4749,,,
4750,,,
4751,,,
4752,,,
4753,4,7106448,17654912
4754,2024,2310515,70525195
4755,1,,108118
4756,3036,24956505,30659817
4757,3,,132409
4758,1,,145088
4759,4,61253413,37709979
4760,5,301829,1632000
4761,4163,440200000,424668047
4762,1516,435996,7018188
4763,1,864643776,400953009
4764,2570,31536870,20158492
4765,583,1149909,2193658
4766,4,21567317,8323085
4767,3,23258,121418
4768,2101,4103526,11330849
4769,,,
4770,4,19695038,13248209
4771,,,
4772,,2035221,
4773,,,
4774,3,237280,24084
4775,,,
4776,1,,4960
4777,6,107760487,150098456
4778,,1722399,
4779,15,31662764,83299761
4780,,,6420
4781,3903,701116914,258241522
4782,2194,,52543354
4783,3507,44833047,127413176
4784,,,
4785,2,694217,21648
4786,3231,87292721,36076121
4787,,,
4788,2689,113354340,38362475
4789,5,13000000,37738810
4790,2838,40000000,29817991
4791,3,262051,1233347
4792,2909,129624345,58236838
4793,2537,272969720,116949183
4794,2,24709031,125095601
4795,,,40862
4796,2867,58442482,32462372
4797,21,15332,16971
4798,1,,43393
4799,2,,3453
4800,1,,4790
4801,,,
4802,2104,40104781,18848538
4803,2,534926,56823
4804,,,4404
4805,6,258007,32828
4806,2544,20324626,15821461
4807,3387,80800000,50577412
4808,16,48362,4304
4809,2663,19531235,134202565
4810,3427,58278428,64251538
4811,,,
4812,,,
4813,385,,1359910
4814,3,,2110357
4815,2753,55500000,19075290
4816,2,,11805
4817,1,,81470
4818,,,
4819,20,29156,53837
4820,,18861,
4821,,,
4822,2809,27000000,26068955
4823,1,4743,2109
4824,2,,172120
4825,,,
4826,13,,32846
4827,,,
4828,,,
4829,4,,143178
4830,,,6047
4831,,379584,
4832,3083,80671128,78031620
4833,,,
4834,1,,13769
4835,2676,42846,7791979
4836,,,
4837,3372,184374792,58607007
4838,2253,1808176,48637684
4839,2,,19731
4840,,,
4841,2896,11279923,23438250
4842,52,,91401
4843,,,25274
4844,,,
4845,2872,8261901,30697999
4846,18,,15071
4847,10,,2734
4848,2,,330083
4849,266,252048,444179
4850,2658,85300000,23169033
4851,,,
4852,3090,130640895,91742160
4853,,1321097,
4854,3260,11249729,59700064
4855,2,80697,56574
4856,3,11286386,4231500
4857,3,,869838
4858,3470,224200000,106580051
4859,26,,127115
4860,,2648068,
4861,3934,158300000,111506430
4862,4,104427495,59076019
4863,6,63531,7779614
4864,61,,72273
4865,1,,55032
4866,1,3585010,1005824
4867,,,
4868,,,
4869,1,,40169
4870,60,,61446
4871,1896,,15995891
4872,291,163256,3322127
4873,2,,59424
4874,3936,125067070,150947895
4875,1,,33817
4876,,,
4877,,,
4878,3194,28133408,51178893
4879,29,1308406,785896
4880,1,,206909
4881,,,
4882,,,
4883,18,74239,88100
4884,664,,5571497
4885,3,2087419,1509131
4886,,,3576
4887,9,109406,138991
4888,3567,251631021,101200044
4889,2486,7867925,10508518
4890,1,,50257
4891,18,,275658
4892,3,8100000,153426
4893,13,,12087
4894,3938,454654931,259746958
4895,,,
4896,,650881,
4897,37,419850,11269741
4898,2,326747,327167
4899,1,,247159
4900,4,4615682,2614251
4901,79,4100000,57105
4902,9,159903,136257
4903,2781,1005243,28842237
4904,1,,16878
4905,3,,51610
4906,,,373375
4907,,,6796
4908,2648,16420250,27695246
4909,,,
4910,3948,361307856,131538435
4911,4,19471772,4438438
4912,3455,80016949,23022309
4913,45,38418,9134
4914,2310,3877374,17329487
4915,,1505231,
4916,,,
4917,1720,371552,17780194
4918,5,22022226,3747833
4919,,,
4920,,,
4921,7,,11428
4922,7,178618,258384
4923,2647,53024395,20396829
4924,2,,67105
4925,10,16923,9326
4926,4,717744,1370646
4927,,,
4928,3205,111200000,83911193
4929,2027,9903937,8509867
4930,,,
4931,,,21130
4932,,,
4933,,3361,
4934,4,5784718,10726630
4935,,,34768
4936,13,9219,39850
4937,1,,30662
4938,,,
4939,3,11471295,3827060
4940,3,,49591
4941,4324,506142403,202853933
4942,51,5506050,59209
4943,6,15405305,31424004
4944,18,7330,1538898
4945,3279,120857628,150086800
4946,4,388577,767732
4947,11,48,7078
4948,2,2065775,200406
4949,,,
4950,,,
4951,,,
4952,3952,328400000,200676069
4953,1,37870,54529
4954,3019,2769953,36447959
4955,,,
4956,3,5571555,2013456
4957,,165329,
4958,3555,81700000,46290741
4959,,1369354,423223
4960,,,133296
4961,1,,17282
4962,,127167,
4963,,2890810,
4964,10,1174538,2171257
4965,3996,513941241,233921534
4966,,,
4967,1,,25866
4968,1,1228,101310
4969,1,32824,48995
4970,3948,517129407,241407328
4971,2,1102676,271755
4972,94,260554,3409304
4973,,1200000,
4974,,,
4975,1,,153908
4976,3490,266822724,100206256
4977,3,201454,3122616
4978,17,50382,31900
4979,3,2544,212701
4980,,,18823
4981,,5365,
4982,3173,182294484,124872350
4983,,,
4984,1,,9221
4985,,247123,
4986,,,
4987,3306,139614539,191719337
4988,,,
4989,1,,51748
4990,4253,437583346,177002924
4991,,,
4992,2,,99555
4993,,,
4994,,,
4995,5,2071053,1109199
4996,120,2064426,600896
4997,1,,190229
4998,2,,102617
4999,,,14344
5000,2905,18235719,47047013
5001,,,
5002,2225,4999246,65028687
5003,5,1070272,1019038
5004,1,,13137
5005,2,769801,723593
5006,,2589,7791
5007,5,51584966,16170632
5008,,8660022,
5009,1,,60537
5010,,82780,
5011,,,
5012,,,4419
5013,3,,75881
5014,3,,14444502
5015,3230,3239703,38934842
5016,,,
5017,3465,11882223,84525432
5018,,,4804
5019,23,8791,810454
5020,1,743933,13347
5021,,,
5022,5,31893074,25379975
5023,3967,502098977,208545589
5024,4,,727430
5025,,,
5026,,2191,
5027,1,,2955
5028,1,,256682
5029,,,
5030,4,515927,336472
5031,736,,1557494
5032,3062,87526036,38543473
5033,2806,39972331,71562550
5034,68,3000066,3591299
5035,1,,46874
5036,361,18831035,17237855
5037,1762,2759212,15160801
5038,,,
5039,4,,30312
5040,3595,170700000,72688614
5041,3173,330933816,126573960
5042,17,22983998,10534510
5043,432,,2827393
5044,1,,19183
5045,,,
5046,,39952,
5047,,,
5048,4,13287735,3600006
5049,8,,37949
5050,,2882,120980
5051,4080,437168283,333714112
5052,,,
5053,,,
5054,,,5338
5055,,,
5056,1,9813,24545
5057,3434,102827177,47602194
5058,3845,293800000,191204754
5059,2,,44582
5060,2023,40035047,54235441
5061,,,
5062,20,97207,3493000
5063,,,2500
5064,1,2138297,645186
5065,2,254176,80315
5066,,,
5067,3221,170138834,39322544
5068,3003,21449831,45090374
5069,3,3110849,2873758
5070,,,
5071,,978503,
5072,,,
5073,2907,27881327,50474843
5074,8,95214,511635
5075,,2736371,
5076,,,
5077,22,,51481
5078,2673,10949,30127963
5079,2,66792,54915
5080,2776,9802216,25018119
5081,2640,20601751,21222315
5082,,,
5083,1,,26111
5084,37,,265452
5085,,,
5086,2,,171138
5087,1,,34236
5088,3,,59696
5089,2,,102757
5090,490,,292824
5091,1,,15297
5092,2,,466114
5093,1,,16086
5094,,,21286
5095,,,
5096,1956,,2827666
5097,,,
5098,10,62578429,4091
5099,11,11208778,4011530
5100,1,118826,25209
5101,3656,15800000,42024533
5102,2,,9318
5103,2,,300968
5104,2175,1779578,52543632
5105,12,,68598
5106,809,8330145,10724389
5107,4,222171,258237
5108,15,512883,5284309
5109,1,1701281,279558
5110,19,1737140,369911
5111,2712,36090902,26017685
5112,2,,237091
5113,,,
5114,4,1794354,1124445
5115,3,,89787
5116,,,
5117,,,
5118,,,
5119,3604,245891999,102427862
5120,,,
5121,2,765347,257706
5122,4,6896415,509815
5123,602,65571,1821983
5124,1,138994,87909
5125,,,
5126,,2766137,
5127,1,20981,26699
5128,,575371,
5129,6,5838077,1447022
5130,3464,61061436,50837305
5131,3236,91372886,101530738
5132,6,9693877,507463
5133,5,852481,15600
5134,3185,172589107,84273813
5135,,,
5136,3014,199393592,167767189
5137,,,
5138,,,
5139,,2088,
5140,1825,6749285,14019924
5141,461,63354,2722209
5142,69,630000,32188
5143,846,108472,17390770
5144,3088,34425138,66954149
5145,2887,164249843,55991880
5146,11,,6526
5147,374,4205859,2450846
5148,,,
5149,4,10699522,44137712
5150,3003,28954168,47119388
5151,1,9846,110764
5152,6,26031987,13092006
5153,,921741,
5154,1,91216,9837
5155,11,999617,4404154
5156,,,
5157,3173,124497775,85817906
5158,,236863,
5159,2,28137,200126
5160,18,528498,56001
5161,2936,14293205,26766213
5162,3071,47500000,50151543
5163,4,,19339
5164,,112814,
5165,617,,549185
5166,,43426,3650
5167,10,,365522
5168,2589,32972675,43037835
5169,5,1822098,440338
5170,1,,52337
5171,2858,52444622,50856010
5172,,210664,2500
5173,,,
5174,4,583598,33821
5175,1,,11861
5176,3,,9952
5177,1935,16321122,3242457
5178,,,
5179,105,85918,164480
5180,2766,17953200,32381218
5181,,,
5182,,,
5183,3561,463976974,188017894
5184,1,1357828,253941
5185,,,
5186,,,
5187,,,19365
5188,1,,12111
5189,3761,427129579,222527828
5190,,130244,67657
5191,,6998359,
5192,231,,509916
5193,,473486,
5194,,,
5195,,,
5196,5,87434155,35893537
5197,,,
5198,,,
5199,1789,,14618727
5200,3154,70345582,86208010
5201,6,7206758,12096300
5202,,,
5203,371,56776,3128941
5204,4,5787582,2429989
5205,,94953,
5206,4,,23868
5207,,83988,544032
5208,,71103,
5209,,,
5210,,,
5211,4151,429439246,337135885
5212,1,50604,2636
5213,4,57225,2756
5214,3375,51500000,54445357
5215,3764,283591620,83350911
5216,8,,288757
5217,1,,8251
5218,,,
5219,3,6531595,950792
5220,4,136203442,91125143
5221,21,14580187,37880356
5222,1,25819,116044
5223,,,7194
5224,,,12680
5225,,74639,
5226,3,,8265
5227,,863895,
5228,,,
5229,2,16023,6871
5230,1,,423143
5231,,,
5232,589,12274961,2756333
5233,3503,203300000,65014513
5234,1,,935
5235,5,6661371,8110975
5236,,,
5237,,,
5238,,,106323
5239,134,276310,451457
5240,,199,
5241,979,684362,25317379
5242,2,,1088
5243,,,13790
5244,3875,685269770,255119788
5245,3116,53918363,85911262
5246,5,21228480,3958546
5247,3785,240010000,113746621
5248,1,8514384,857524
5249,4,197200000,350126372
5250,1307,12835841,14482031
5251,2440,84548204,128002372
5252,,5037039,33680992
5253,,6237457,6105175
5254,3131,47889929,115637895
5255,4,3120588,5749134
5256,,6854,7192
5257,2,,41455
5258,2602,18505369,26501323
5259,,,
5260,,,
5261,3594,238400000,89256424
5262,,,
5263,3,,30566
5264,11,62185,46912
5265,2567,11659024,8005980
5266,17,,8649
5267,,,
5268,,,9313
5269,440,82369,3618912
5270,3003,15711385,64460211
5271,,935485,
5272,,,
5273,5,2160512,1171559
5274,482,303623,1951776
5275,,,
5276,2648,22700000,7696134
5277,10,,24956
5278,27,404838,32251
5279,3020,1311760,12429583
5280,2602,17395873,36006065
5281,3,121802,56657
5282,,341495,
5283,1,,288751
5284,,45769,
5285,1823,399832,21571189
5286,2893,10561196,22348241
5287,,4312589,3200
5288,2,,333554
5289,,,
5290,3885,134500000,47482519
5291,,,
5292,,3820123,
5293,3641,148019149,162994032
5294,,2238672,5000
5295,3646,404627720,166167230
5296,2,160469,988150
5297,2,,15156
5298,3204,276300000,128261724
5299,3,,1914090
5300,3,57999,147299
5301,,266744,41297
5302,,,
5303,2880,511993,12314651
5304,2575,9498291,34030343
5305,1,,9795
5306,,,
5307,,,
5308,1,24334,16831
5309,3323,114202737,53862963
5310,66,533395,350741
5311,,,
5312,,1096461,
5313,2,5198,405917
5314,2666,12557740,25801570
5315,,35470,
5316,2,,180590
5317,11,,14591
5318,3201,73432788,31569268
5319,,,
5320,,3237282,
5321,4,8200,192362
5322,22,,113169
5323,1573,56322596,33078266
5324,2777,2994550,10219501
5325,,2455,
5326,3845,341200000,201151353
5327,,18122,
5328,,449344,
5329,4,8562219,14674077
5330,3171,45100000,26461644
5331,2,238569,729744
5332,,4161533,
5333,,53899,
5334,7,7831,801606
5335,4,150958,623383
5336,,,71191
5337,2,,22326
5338,5,2828779,5637066
5339,,,135392
5340,1,,5319
5341,3875,164896810,130179072
5342,2816,13813864,10664749
5343,,2878901,2000
5344,,19787,4484
5345,,,
5346,1,,9129
5347,3175,21300000,90411453
5348,3708,208600386,177397510
5349,4,,92918
5350,,,
5351,,,
5352,1,2591267,6041
5353,4,9921763,7582065
5354,258,25278614,33307793
5355,2,451230,137112
5356,,3399299,366474
5357,,213012,
5358,,,
5359,4003,1163874506,353007020
5360,3,,183320
5361,,1975720,
5362,,3471,
5363,26,1309289,1028953
5364,4,12917421,25440971
5365,,,
5366,3366,26356811,37446117
5367,10,,6870
5368,,588,
5369,510,6779891,1224330
5370,2012,727208,16432322
5371,,52750,
5372,3633,36362313,71091594
5373,3,44385,5240
5374,,11910,
5375,831,1174515,4719695
5376,2739,31574553,32789645
5377,3,,133443
5378,10,,104808
5379,1045,11283338,6485961
5380,2991,26354760,42629776
5381,,330605,
5382,6,1183124,1310678
5383,,37104,
5384,4276,936311111,459005868
5385,10,17492950,12236500
5386,1,4158,4916
5387,1,222484,11720
5388,,,
5389,2,4159,625727
5390,1,7311,67845
5391,2,33502,40674
5392,,36036,10983
5393,87,3371673,1020921
5394,,,
5395,3003,11091311,34580201
5396,79,840648,187112
5397,175,638271,347321
5398,1,,1242
5399,1009,102678,669688
5400,11,,22001
5401,1,,103536
5402,2,961341,317072
5403,3,15084,7449681
5404,3702,213821520,153636354
5405,3473,102918966,184296230
5406,,1859978,229094
5407,276,10052,1156000
5408,2,478053,53086
5409,3240,48287944,47425125
5410,3,8610,88097
5411,3972,113191196,93436322
5412,2815,4335061,21052030
5413,2,508391,4912
5414,12,864757,425080
5415,2,3683,80312
5416,,,
5417,3,,104507
5418,3777,301067707,155190832
5419,,,
5420,,1703281,
5421,,,3778
5422,3108,14075134,32363404
5423,,,
5424,,,
5425,,,
5426,1,554098,6921
5427,481,2398877,12551031
5428,4,4824419,1822250
5429,,2642,28281
5430,,34362,
5431,,,
5432,,143,
5433,4274,1017673342,652306625
5434,15,2507764,6758416
5435,1,,7280
5436,,,
5437,2,331078,1301696
5438,2002,684361,17506470
5439,3,168427,65460
5440,1,,6959
5441,5,699431,1430655
5442,3946,496368396,356461711
5443,3,665169,132270
5444,,,7416
5445,,,
5446,3,56188,1109808
5447,,,
5448,4,647801,319391
5449,83,9526450,558173
5450,1,,7125
5451,4,,74709
5452,11,3595577,24752
5453,105,3721887,195792
5454,,,
5455,,5376,
5456,2855,1001902,42656255
5457,1,,30186
5458,3442,135737758,81476385
5459,3355,57567364,66013057
5460,1,,10761
5461,6,15365441,8413144
5462,2,443388,704352
5463,,991329,
5464,,,
5465,,,
5466,1,194267,126150
5467,1,3209,108620
5468,4301,823585370,336045770
5469,22,143625,17472
5470,4,233546,702354
5471,2720,18892064,22764410
5472,1,34518,22898
5473,3856,338656286,180202163
5474,5,25053237,4030360
5475,22,,38263
5476,361,11241075,17737646
5477,,,
5478,1,228242,109089
5479,2,18860,649690
5480,3158,30911197,110212700
5481,,100575,
5482,,,
5483,,,
5484,,,
5485,,,
5486,3031,53450180,32000304
5487,2,3056173,3166858
5488,3723,165275818,78765986
5489,2772,41734503,52421953
5490,,,
5491,427,13144421,1784763
5492,,,
5493,2,91663,426130
5494,3411,43422312,58884188
5495,3,48134,892802
5496,,,8374
5497,10,2379483,3500
5498,4,111460,3002883
5499,100,180840,176847
5500,,,
5501,,,
5502,3,9106,134552
5503,151,5477009,208588
5504,3995,111731639,56117548
5505,2,739826,340536
5506,1603,14326535,26839498
5507,4,802957,1477002
5508,,663738,
5509,2503,15191212,43787265
5510,,20106,
5511,,,
5512,,,
5513,,,
5514,7,16592,2334228
5515,4,1632695,2500431
5516,,,
5517,,120881,
5518,1,,433924
5519,2757,40985196,161197785
5520,,5356447,
5521,,,50921
5522,,,
5523,2778,15855043,14439985
5524,,,
5525,3,,119364
5526,4,460440,6980524
5527,2,,6194
5528,3261,59715353,22467450
5529,4,2684931,3447633
5530,26,5834649,111993
5531,2766,26363270,27740955
5532,,,
5533,,545,
5534,,,
5535,3355,15555644,27288872
5536,2,45771,86616
5537,,,28180
5538,1135,6196787,67790117
5539,2333,6561998,3591417
5540,,,
5541,1960,7619964,29499394
5542,1,28557,516893
5543,21,446787,37151
5544,,37838,
5545,,,
5546,,,
5547,,,
5548,3434,53668825,16029670
5549,,148518,
5550,4,146998,164849
5551,1,381,36010
5552,877,,4816142
5553,5,,1700680
5554,5,1558846,814775
5555,2221,3250731,57027435
5556,3069,33471711,65206105
5557,33,1702439,2436308
5558,,,26632
5559,3188,36262194,62575678
5560,806,208672,2583301
5561,29,521022,60058
5562,545,177814791,43482270
5563,,,
5564,3791,228868970,81697192
5565,6,37446410,46889293
5566,5,417385,28066
5567,2,577700,1411927
5568,15,113593,4631
5569,,1563,
5570,5,,35555
5571,3754,300131095,169700110
5572,1,318100,130541
5573,,2242988,
5574,129,104529,187674
5575,1540,5739129,7192291
5576,3305,121351038,75764672
5577,2,37427,27166
5578,448,51330921,10161183
5579,5,1186027,546201
5580,4,1665280,2668936
5581,10,,8886
5582,,149329,
5583,,1160888,
5584,3831,425175444,228433663
5585,1,2360,16692
5586,,13660,34404
5587,280,3503,1009984
5588,22,6292180,36336
5589,3515,116437653,35088320
5590,4,17812349,17766658
5591,17,6535702,17484
5592,,6718979,6971
5593,2,,166872
5594,31,,90777
5595,2811,90184584,72313754
5596,2984,43876534,31090320
5597,3,83673,155575
5598,3501,78842110,80069458
5599,,,
5600,4,21638056,14677674
5601,,,85812
5602,,1644,
5603,6,4300726,2541854
5604,1,29609,420813
5605,,475846,
5606,,42174,49667
5607,,,
5608,2,,58738
5609,2413,184297,2184640
5610,2,1028,79800
5611,1656,59662250,18297124
5612,2012,365488,3020665
5613,3082,103451252,27367660
5614,,,
5615,3003,23114347,13651946
5616,2,565310,249665
5617,1509,11851809,3703046
5618,5,23753398,38322743
5619,1,,121094
5620,384,7001396,1162653
5621,,37801,
5622,,90508,
5623,2,497260,498428
5624,,,28059
5625,5,46846662,45055776
5626,1,2073774,8967
5627,3897,119913199,130178411
5628,3,207205,283024
5629,5,5442440,7857741
5630,2,12979,40119
5631,10,3189286,538460
5632,2,,55506
5633,24,3273995,50136
5634,1,11583,101368
5635,2603,17960682,26302731
5636,,3056781,
5637,,,
5638,2,81102,6843
5639,2452,16059767,12227722
5640,,,
5641,4,29774149,12711491
5642,,386744,
5643,4,40552456,1872994
5644,2,378655,5846
5645,3,4707120,845464
5646,2392,12427864,20180155
5647,4175,367262885,281723902
5648,2960,9532374,43035725
5649,,,
5650,3284,63800000,109767581
5651,3749,210683917,123087120
5652,2797,25349291,5775076
5653,2,1994001,410465
5654,,,
5655,4,55428886,11114018
5656,3,352132,304899
5657,156,4866510,228136
5658,,588112,
5659,2902,19062918,42725475
5660,,5536354,
5661,5,11997345,1110707
5662,4,32299328,10021175
5663,886,,1647416
5664,,272,
5665,4,21298277,2703296
5666,1,,2634
5667,40,,31309
5668,3103,64672551,25020758
5669,8,62902882,70259870
5670,10,73134,8245
5671,3,3783,3240
5672,3653,163630969,85886987
5673,4,1590608,21130
5674,2962,18986015,87044645
5675,3,10025087,4250507
5676,2841,15831958,34531832
5677,2896,44682827,56451232
5678,2910,97922110,28782481
5679,100,98249368,54117416
5680,4,349300408,183637894
5681,2,,13931
5682,1,35121,26799
5683,,,
5684,2,16402,14547
5685,,,
5686,2451,14154969,26594261
5687,4,9109,29462
5688,2389,16558151,52853219
5689,17,,20555
5690,,189033,
5691,2411,13473161,17062499
5692,3175,33964631,90862685
5693,5,,108110
5694,2912,69485336,35593113
5695,,52225,
5696,,1548909,
5697,26,960,8253
5698,5,,4505
5699,2908,76423416,34912982
5700,2671,32401396,35819556
5701,35,219122,1186426
5702,,8236,
5703,2075,10426135,11686940
5704,3955,377642206,143528619
5705,3143,21683203,27569558
5706,2232,34139971,30080225
5707,,3025,
5708,,2352511,
5709,2931,5731009,10907291
5710,4,19695,205048
5711,2631,5593585,18730891
5712,10,,14966
5713,,53111,
5714,3558,421086402,363070709
5715,6,8382,146487
5716,3394,26500000,28848693
5717,,,
5718,2369,4630581,19115191
5719,2915,9364033,36880033
5720,,,
5721,2046,15300269,25138705
5722,,,
5723,,905669,
5724,,38452981,
5725,2042,29271091,15789389
5726,3117,107683292,31153464
5727,4,,51663
5728,13,1479,52482
5729,2205,13304495,12639297
5730,4,,78288
5731,,,
5732,3490,132669825,62524260
5733,546,9904765,3000342
5734,3,,63240
5735,2374,2267413,23083334
5736,3827,663361687,341268248
5737,3391,36203423,72082999
5738,4,71985,608799
5739,3,,63014
5740,5,16698206,18704596
5741,10,,1430
5742,2235,21856454,6864016
5743,925,512529,9669521
5744,1761,843884,6469813
5745,3047,12109309,61705123
5746,1,,13739
5747,2,,144822
5748,5,3967968,3712282
5749,1,,28041
5750,1167,,615816
5751,,33006,
5752,3740,105838466,66184051
5753,1,,60438
5754,,318156,
5755,4242,542034897,330360194
5756,,,
5757,,,
5758,5,121175,1646788
5759,,66522,
5760,3133,32406953,59689605
5761,4,2506202,2610896
5762,3,,24132
5763,,,25223
5764,,,
5765,1,24748,82143
5766,854,2274705,1978592
5767,3015,7935396,9252038
5768,35,795680,34694
5769,,14284,
5770,3480,15574647,63077560
5771,10,123098,231738
5772,2661,374151,54030051
5773,,3266146,15709
5774,3,587132,3220371
5775,5,9419954,3237118
5776,30,,13191
5777,20,553054,527474
5778,4028,589553295,364001123
5779,401,7633516,4212494
5780,381,711419,1055284
5781,4,110972,120745
5782,,51392,
5783,,,
5784,4,1259723,4267219
5785,1,2969,157481
5786,9,579848,1148304
5787,2658,96288,20591853
5788,325,3523922,1115615
5789,1,341681,262921
5790,6,8504200,3877922
5791,2,,11314
5792,14,245883,178008
5793,4,,30400
5794,4226,743834172,408084349
5795,14,,12173
5796,39,5033599,346472
5797,,6948,
5798,4,6880369,14016568
5799,3104,52454020,41012075
5800,10,,4571
5801,,60231,
5802,,155424,
5803,3384,53416891,55340730
5804,3932,244818521,107509366
5805,2865,23334984,36261763
5806,1,,8074
5807,5,75924,1675196
5808,1,,27284
5809,3763,199885731,77042381
5810,3,,18051
5811,3,,60197
5812,4,95903,12488
5813,4150,387095057,155442489
5814,,,10232
5815,2,,19600
5816,,,
5817,2704,151819833,56245075
5818,2311,40990,9496130
5819,4071,163276773,82051601
5820,1,2817,166425
5821,1,3787,159305
5822,6,,29233
5823,,,
5824,3,2805,165237
5825,16,5904238,1361045
5826,,9241,
5827,,,
5828,3232,263249467,65075540
5829,41,,102890
5830,3,424554,1169214
5831,2,,13358
5832,3400,391534534,47365290
5833,3508,89753934,127440871
5834,1,2055,25856
5835,4305,538710564,486295561
5836,,,
5837,,1346495,
5838,1,362,18654
5839,2,411989,613956
5840,,,44230
5841,1,,4212
5842,2,10466,355074
5843,2815,2427216,20810036
5844,5,18695371,5205471
5845,4068,281025138,103144286
5846,3,1626657,4210454
5847,,,
5848,,,
5849,783,2226679,1333124
5850,2962,63641819,55121623
5851,23,15023705,119550
5852,2,257352,470575
5853,,,
5854,3,127465,254738
5855,373,4864780,3153157
5856,3357,144162910,55483770
5857,3561,222258964,126643061
5858,2796,39472287,79042440
5859,4,15460399,5879835
5860,,,17575
5861,2982,29888427,46009673
5862,2,,70950
5863,4370,516918170,368384330
5864,18,2255,109649
5865,1601,6715329,15436808
5866,,,
5867,2,2091101,33258
5868,3963,100658084,128350574
5869,25,,11722
5870,,,
5871,313,30900000,4772155
5872,,,3000
5873,3992,338093674,64063008
5874,2818,81537675,67268835
5875,3928,176825368,158848340
5876,,240099,
5877,1,1643,29361
5878,2538,47000319,38583626
5879,3215,67228304,113257297
5880,4,70011,1605463
5881,9,1899,585233
5882,4,234370,3401155
5883,15,122311,9995
5884,4026,253975396,162192920
5885,,,
5886,2,,43756
5887,10,,15587
5888,,,26409
5889,2,1336977,702537
5890,2264,38114413,19700032
5891,4255,420644926,325100054
5892,452,2301076,2963630
5893,,6820000,
5894,,,
5895,1528,28616569,27383770
5896,32,10558273,27007844
5897,,,
5898,1,48173812,1022720
5899,3103,43673897,97670358
5900,1,,7500
5901,1,,12080
5902,2,144953,572212
5903,3084,65259171,26410477
5904,,349876,
5905,3260,29525034,48023088
5906,2,,91151
5907,1,1716,38578
5908,3258,43199980,43034523
5909,1,1800,25564
5910,2,16864,187145
5911,1,138578,50105
5912,810,319183,4712792
5913,,26403,
5914,2258,104511232,21218403
5915,813,308745,6304223
5916,4,122517,1016985
5917,17,,32919
5918,2,888483,20444
5919,1,32779,16738
5920,,,
5921,1,,66880
5922,2020,3383535,3915251
5923,1,131200745,1792
5924,,,
5925,,509487,
5926,1500,9735753,12545979
5927,3,,200242
5928,,38767,
5929,,2784,
5930,,902362,
5931,5,10605,85999
5932,1,8375,102033
5933,1,1256995,62578
5934,3,,104039
5935,,,80141
5936,,,
5937,3,,150191
5938,12,,91441
5939,3525,113454523,125070033
5940,1554,1080294,2423467
5941,,,
5942,2246,1020846,29747603
5943,1,,57635
5944,3121,18208516,20777061
5945,2,,39928
5946,2,134149,4611
5947,354,,685780
5948,,51882,
5949,,,
5950,,,
5951,,,
5952,1,364548,9033
5953,1,194,42166
5954,1,151348,60289
5955,,,
5956,,1718502,
5957,,,
5958,52,1181092,8874389
5959,3922,110674153,72679278
5960,33,51407834,540268
5961,,,
5962,3674,68689987,93432655
5963,,398,
5964,4,1948503,663247
5965,1,,4189
5966,16,,44213
5967,3259,61170297,61433527
5968,5,5190492,4073448
5969,1,,72791
5970,3042,13493772,17356894
5971,,,11271
5972,,566,
5973,1,,21626
5974,,,
5975,,1124,
5976,2822,3304144,20007149
5977,2,,14109
5978,2105,1029445,15861566
5979,3144,98883179,75395035
5980,11,43723,45878
5981,,67054,
5982,,,
5983,,123039,28884
5984,5,,101987
5985,3,2385576,285930
5986,5,152200,1068054
5987,1,51168,298525
5988,73,2938383,2002036
5989,,,
5990,2567,,23591043
5991,,,
5992,2034,744416,3818664
5993,,,
5994,,277761,
5995,3332,66702038,86260045
5996,2,,149090
5997,14,142907,779820
5998,50,1348077,544098
5999,,2825,
6000,33,,53647
6001,3780,101249413,58697076
6002,3022,13900000,14904426
6003,2,,74712
6004,4,37302208,27854931
6005,3167,46687361,35144505
6006,,1772492,
6007,14,1189618,242867
6008,3576,185175793,34343574
6009,,4861,
6010,,126668,
6011,4,2462577,3168664
6012,,,
6013,3882,443712561,232641920
6014,,219319,
6015,2886,101814311,67209615
6016,4,5187830,7710234
6017,,,34249
6018,1,,18123
6019,,105,
6020,4060,189535549,153707064
6021,2376,428321,42065185
6022,2317,102317164,100546139
6023,,4052,
6024,2,14177973,2339735
6025,1,,10656
6026,2058,4460330,6900335
6027,,52169,228894
6028,18,73744,12544
6029,,1663785,
6030,,,
6031,,104094,
6032,25,17299990,82703
6033,2,,106986
6034,1549,2087414,5083906
6035,,2297612,
6036,4144,577686810,234037575
6037,,,
6038,1,1120,6921
6039,4,30038496,47695371
6040,37,21735324,10663357
6041,1945,4664370,14431633
6042,,2202,
6043,3160,79168597,40098064
6044,2920,5562937,17782176
6045,3875,386208516,248757044
6046,1,,16140
6047,,61388,
6048,3,121898,23538
6049,4,97378405,51739495
6050,1,,52969
6051,3,4267654,3500605
6052,,289938,
6053,2,,3016
6054,1737,4571262,4799774
6055,5,22628118,13960394
6056,,19623,
6057,,10864,
6058,,,
6059,,6088454,
6060,5,21440,27099
6061,,581142,
6062,,,
6063,,,
6064,26,,9188
6065,3,,18092
6066,5,290788276,151101803
6067,3210,60330380,54767494
6068,,,5902
6069,3,88234,2915
6070,,,
6071,3528,54293072,31016021
6072,4,6599977,57682904
6073,3,5161492,939099
6074,4157,522958274,532177324
6075,1,,6226
6076,,,
6077,,21390594,1489848
6078,3478,202224973,100014699
6079,7,20951628,31886361
6080,4022,360735137,270329045
6081,,6152973,
6082,4,42673707,3740823
6083,,15626833,260354
6084,4,16626449,7100177
6085,2970,57101370,60323786
6086,25,62164429,169607287
6087,4,11395877,10378555
6088,3,9822272,1478960
6089,4,3688966,5664763
6090,4,8586113,2141423
6091,,,
6092,,,
6093,,,
6094,1803,12512955,20783704
6095,2220,8791921,22395806
6096,,,
6097,5,5812,1788
6098,10,,4252
6099,3038,140613009,138141585
6100,,,
6101,3600,300134946,44898413
6102,2166,4951070,7227038
6103,,3996,
6104,,1327,
6105,,362,
6106,,2107509,
6107,,,
6108,2931,55124265,27793018
6109,848,,1658706
6110,2812,8596111,7885294
6111,,,
6112,3710,266933036,114434010
6113,1,,50454
6114,2704,16349994,8106986
6115,,,
6116,3185,8099399,32187017
6117,2,,8109
6118,,214182,
6119,1,,10545
6120,7,24757,30911
6121,,,
6122,127,48921,557241
6123,2781,76459470,175837935
6124,,,
6125,1,,15305
6126,2346,6704610,12241072
6127,,2665,
6128,2,,61406
6129,,49783,
6130,2,,12795
6131,,,
6132,4071,387925247,226277068
6133,,,
6134,868,1005503,3614896
6135,,,
6136,4,2649590,1779620
6137,,,
6138,2888,39522040,57386418
6139,,,
6140,,,
6141,,2125810,
6142,3846,393019247,168052812
6143,2,2637090,514870
6144,1,4761,5954
6145,216,172866,240978
6146,4,3568197,1274420
6147,,,29736
6148,,,
6149,4210,769095055,504014165
6150,,,
6151,4,1302135,443684
6152,1341,1626122,10166820
6153,,,
6154,,,
6155,1,,97711
6156,3146,71581638,30234022
6157,,94100,
6158,1,115381,3040
6159,310,56432,653951
6160,,,
6161,,11909,
6162,6,7932,18957
6163,1,144967,171419
6164,3440,127347133,40563557
6165,,,
6166,,,
6167,3773,352962903,175003033
6168,,434353,
6169,4,1270826,3194575
6170,56,12163444,24801212
6171,3061,35793883,45018541
6172,3610,152558304,45020282
6173,,601082,
6174,,,
6175,1,6524,21926
6176,31,226582,151042
6177,4,10203605,3603484
6178,1,,406284
6179,1,,23116
6180,,,
6181,3,,68883
6182,5,2254131,3814868
6183,4310,1010939031,225764765
6184,4,8547484,8574339
6185,2,34944,313411
6186,1070,1994417,1799322
6187,2,,228153
6188,2251,2327129,8224288
6189,2,,312777
6190,,35696,
6191,,,
6192,1118,30406824,32149404
6193,565,3460,3930990
6194,3163,20154020,20497844
6195,,,
6196,,,
6197,2,1994,18440
6198,4,148762,322005
6199,1,,8679
6200,34,87562,200219
6201,505,1168689,1323312
6202,4,21853,2194521
6203,1,271236,161101
6204,,,
6205,,,
6206,,245909,
6207,3702,100455270,39175066
6208,295,8466,6179955
6209,,816452,
6210,4,9869510,5608745
6211,3501,11999999,45852178
6212,1,,17744
6213,540,2692198,1803064
6214,,,
6215,1,,113279
6216,3761,164259216,74262031
6217,3157,14870853,20738724
6218,2801,27481996,34121140
6219,1,,5510
6220,1,611588,262599
6221,2,,147780
6222,3647,117803597,58060186
6223,,759531,28660
6224,,359182,
6225,2,1004,43132
6226,4276,622302918,172558876
6227,,,
6228,3,,248370
6229,3434,52501949,73921000
6230,215,6302515,1279681
6231,15,,254536
6232,2,143428,336223
6233,4,25113,180099
6234,2,125608,708972
6235,4165,405494813,412563408
6236,5,178182,7115854
6237,,,
6238,1,,132369
6239,2533,5735086,13985117
6240,1956,1058534,13406304
6241,523,7116924,2716368
6242,1,,4663
6243,,,
6244,4,35036,4077333
6245,4035,329852780,80101125
6246,2270,18326512,44307193
6247,4256,230640254,152901115
6248,,163348,
6249,4,5679577,6170998
6250,3162,24738714,22105643
6251,,83050,
6252,579,91801,4288104
6253,2,306348,164994
6254,4069,472724657,130168683
6255,,,
6256,30,1375,180851
6257,4,17462369,10576669
6258,5,13996210,42872467
6259,3226,119424240,107825862
6260,,2049823,
6261,1,82636,77895
6262,4529,768337687,264624300
6263,3134,5607921,25584504
6264,2,,1647175
6265,,1608,
6266,4,1174984,1594798
6267,2,82832,128015
6268,4348,544145300,334201140
6269,,,
6270,5,4115855,1129408
6271,4022,342712105,146880162
6272,2250,9175840,14301505
6273,1,,2684
6274,3720,327990546,190068280
6275,,135979,
6276,2591,25777838,115108515
6277,,44186,
6278,,,
6279,4,,940854
6280,3553,174618986,40479370
6281,,,
6282,,2435792,
6283,3304,46771498,51573925
6284,3,149418,515765
6285,20,9243424,16790139
6286,3,241304,1702996
6287,3,,48499
6288,,,
6289,4075,130475327,86089513
6290,,703883,
6291,14,,14105
6292,2,93404,1017107
6293,,24877,
6294,2387,4117973,30718107
6295,29,30002,1146292
6296,3451,62760202,50701325
6297,4,11184120,33800859
6298,1,4621,9710
6299,3502,203292664,102092201
6300,4,2117630,2026498
6301,3,250335,3021133
6302,,4080,
6303,2,21390,14733
6304,1461,4807990,17273059
6305,2,3840764,80953
6306,4003,29054430,28370522
6307,15,1431826,624332
6308,3,824454,1157604
6309,24,,182799
6310,,317072,
6311,1,,200379
6312,3,,238553
6313,,,
6314,2,1409,250130
6315,2,,29258
6316,3031,21267479,27778642
6317,6,44237,180608
6318,14,670942,800148
6319,,2812006,
6320,,403589,
6321,846,144039,5802208
6322,3,105030,471286
6323,1618,318525,6901965
6324,,42,
6325,1,,555309
6326,,115697,
6327,,8242805,
6328,,,
6329,765,4337133,2455635
6330,,6607476,
6331,,,
6332,2940,10316590,27020284
6333,4103,372254168,328828874
6334,4,489167,378294
6335,,70212,
6336,1,,11043
6337,,2174568,
6338,1,3599,21439
6339,,,
6340,,,2077
6341,3154,32060466,36249674
6342,3,4831,60056
6343,2,,35195
6344,2368,24731072,17800004
6345,,,
6346,21,5806853,12638526
6347,1,,18579
6348,4003,308568858,100234838
6349,1,37342131,6735118
6350,574,4575158,4211129
6351,4,,58154
6352,42,,62398
6353,1,32437,40081
6354,4,46026076,22245070
6355,3,1081,42469
6356,,,
6357,3024,84227212,51342000
6358,2552,28290623,16883115
6359,,,
6360,5,1644107,955925
6361,5,1037620,768646
6362,,,
6363,21,,33109
6364,1,16247,176160
6365,14,,73236
6366,4,94510,148666
6367,,,
6368,,26423,21906
6369,25,168387,20369
6370,4058,166774899,92054159
6371,,79208,
6372,1,6016,90491
6373,2528,39409537,21885107
6374,1,5881,14873
6375,4,5371279,5904366
6376,3088,32268992,30348555
6377,,432418,
6378,2,60127,102394
6379,4,4379141,489322
6380,,,23136
6381,9,5564411,1735251
6382,3149,69326415,55683845
6383,3,1254157,527845
6384,821,65157,10051659
6385,1,,24661
6386,2515,110980592,34393507
6387,,646363,
6388,,156272,378296
6389,1,,30414
6390,3246,187095849,33700160
6391,3,232704,1723379
6392,,1287789,
6393,,958650,
6394,,,
6395,2577,6215126,18340051
6396,1362,2027,6423605
6397,,,
6398,4,3824019,2291900
6399,1812,36493914,6670765
6400,2,14721,5853
6401,2,71270,61899
6402,4,1915230,1033632
6403,1,,74909
6404,1,,32059
6405,2941,66170483,38052832
6406,,,
6407,,,
6408,3,,580346
6409,2046,6246328,5775178
6410,2054,505926,9479390
6411,4,7255996,1502347
6412,2,97135,1005719
6413,3615,55599891,72110659
6414,,,
6415,,,
6416,,,
6417,,,
6418,659,38498,2468683
6419,4,29986725,48958273
6420,4,662502,965481
6421,,6596,
6422,4,119600,1361611
6423,,126003,
6424,,,
6425,4080,535424489,315058289
6426,,689,
6427,,4771,
6428,,17366,
6429,3341,248940604,102826543
6430,,167619,
6431,1,1324265,147391
6432,4,106943006,54513740
6433,1,5161,16182
6434,1,,160308
6435,4051,426920914,229024295
6436,,53559,
6437,1,78816,15626
6438,4,1004300,11962712
6439,1,6600,11753
6440,3,2954368,312381
6441,2837,21847832,40847995
6442,3096,179446086,132422809
6443,3987,587206410,210460015
6444,4,94388966,56443120
6445,626,2882583,5676110
6446,2,214517,820300
6447,4,23643396,18065180
6448,,51075,
6449,19,7597051,21120616
6450,,,
6451,2,131931359,63859435
6452,1,,11603
6453,5,12333635,1403237
6454,,153930,
6455,4,23782875,30014534
6456,2161,686807,6069605
6457,,6976,
6458,1,2211,47807
6459,,7729,
6460,,617186,
6461,3621,205428533,84410380
6462,2,,7856
6463,3765,557104283,404508916
6464,3006,259266004,174340174
6465,,,
6466,,3286395,
6467,2668,30013217,24449754
6468,2902,3537197,17501244
6469,,104503,
6470,3,2015194,293163
6471,3,7157222,29819114
6472,3447,80838882,104897530
6473,9,97865999,81903458
6474,2074,31784324,25106325
6475,4,26613994,21198205
6476,,,
6477,3116,105066641,67745330
6478,,28374,
6479,1,961,19696
6480,1,,38419
6481,1,,12554
6482,2125,840901,20868638
6483,,1895,
6484,2892,82165978,36343858
6485,1,1211,23884
6486,2,12886,65410
6487,3002,25298665,45819713
6488,2432,35199544,44947622
6489,1114,,16376066
6490,,,
6491,35,73172,191900
6492,19,,35757
6493,,92242,
6494,3,,12965
6495,3787,207846093,58032443
6496,5,394488,9868
6497,,6959,
6498,1,,1926
6499,,826472,
6500,,5765,
6501,2,,3392
6502,2480,20868439,25091816
6503,,,
6504,,,
6505,,,
6506,3768,271577258,100407760
6507,1,,37801
6508,,55369,
6509,3725,231493279,115234093
6510,3042,19819914,36276286
6511,2,,21786
6512,4020,636434755,700059566
6513,2494,37018346,8267544
6514,,80612,
6515,3,,86301
6516,1,61407,13638
6517,1,114509,41042
6518,2012,10338614,32732301
6519,1667,6713117,6112914
6520,3488,48199018,69179066
6521,,,
6522,,136485,
6523,1,,8620
6524,3,77896,26630
6525,17,794424,7362
6526,2847,14558937,34017028
6527,,,
6528,,,
6529,3,233711,375393
6530,3056,99077356,46874505
6531,,,39985
6532,,,
6533,3980,32735941,100478608
6534,2404,6188487,4969853
6535,2,106015,618626
6536,,23284,
6537,2402,27106490,6115824
6538,28,16116412,3224126
6539,,,
6540,2464,7712790,24431472
6541,549,401616,3072605
6542,838,6407229,3189220
6543,,39,
6544,,585333,
6545,,9765,
6546,3,62615,328188
6547,1627,2301215,83482352
6548,2402,24694292,40826341
6549,2,,57346
6550,3854,215226698,58250803
6551,,49,
6552,,256092,
6553,27,26814354,32015231
6554,2173,17391444,9561064
6555,3708,231055623,59874525
6556,1473,8530501,17547999
6557,3662,44284780,43242871
6558,2023,6606665,7690044
6559,4234,441365481,137690172
6560,14,14061390,1418682
6561,4,,200340
6562,1,,121098
6563,9,,68492
6564,20,,48650
6565,3508,146852309,188024361
6566,3379,34212286,60311495
6567,1560,752570,17395521
6568,4,1291971,1163056
6569,,,
6570,,69593,
6571,1,685674,272020
6572,1707,49035,10230620
6573,755,2741154,5019226
6574,,,
6575,,,
6576,,,37516
6577,4101,326918984,101028233
6578,1633,769335,3054285
6579,,723779,
6580,,869,22257
6581,3,1787265,2418679
6582,,357394,
6583,,,
6584,1,4003081,148747
6585,3440,42648494,48795601
6586,,119948,
6587,9,,199069
6588,2038,958239,30617396
6589,8,,20449
6590,1046,375075,9186156
6591,4474,1369544272,678815482
6592,5,3714403,3480702
6593,2,,6877
6594,214,600179,274320
6595,,3368,
6596,,,
6597,,657829,
6598,2007,1356894,3424744
6599,1623,40928790,50316123
6600,34,395136,14051361
6601,1353,6582933,9369755
6602,3,,19037
6603,4,945231,800365
6604,2,26904,166616
6605,2537,4644792,46840590
6606,1,10226,102609
6607,3656,12800000,53059911
6608,,,
6609,37,1274279,99197
6610,,626799,
6611,,377045,14018
6612,6,588696,1252960
6613,2781,22762167,68566296
6614,,61864,
6615,,27672,
6616,4349,461770635,324591735
6617,4,540356,3448256
6618,4,2674367,745972
6619,3212,22270313,17744685
6620,1,10110,34556
6621,1,297297,84809
6622,,236409,
6623,2,2683416,108900
6624,4381,179383835,213767512
6625,1,,26123
6626,1,,19128
6627,1,3466,58403
6628,2032,44067,5059608
6629,3015,26452180,31445011
6630,4,1681883,2853526
6631,1,3206203,37109
6632,,,
6633,1457,4999431,11977130
6634,,937961,
6635,,,
6636,4,83256,2386254
6637,2964,37194033,44069456
6638,2407,6608490,6708137
6639,3,11885,64011
6640,,,
6641,1,297994,58799
6642,2,4380,149614
6643,503,2315625,4286367
6644,4410,634223615,608581744
6645,3382,22294319,54730625
6646,,,
6647,,9770,
6648,5,53407,701828
6649,3,17312,305136
6650,4475,890614245,417719760
6651,,7438,
6652,,1786,
6653,2,14319,259291
6654,2,191502,7714
6655,,191791,
6656,9,1645863,6046104
6657,3055,26280244,50065850
6658,5,1047103,12320845
6659,2742,4124315,42469946
6660,2,570010,57528
6661,3031,67565852,69488745
6662,4206,406495920,216648740
6663,1,861126,117460
6664,16,792464,17493096
6665,451,1677151,3026558
6666,1,,217932
6667,4,808310,13539710
6668,4267,360348811,167500092
6669,,5364,
6670,,29936,
6671,,447485,
6672,3782,236448841,68420120
6673,14,651960,4333394
6674,,9855,
6675,4,52660,237709
6676,4,1435769,1257275
6677,,76336,
6678,3388,88291819,102084362
6679,1546,7567843,8866745
6680,,403625,
6681,5,235611,2031242
6682,1,,461689
6683,2,10252,73304
6684,,,
6685,3602,98529335,99215042
6686,,409,
6687,1005,,5885881
6688,,,
6689,3127,25665737,12695691
6690,2,1114763,905111
6691,3111,43741545,33562069
6692,2442,1387146,6809080
6693,,485074,14453
6694,1512,44136086,49275340
6695,25,,178471
6696,,,
6697,1,31222,236799
6698,2358,21381124,30564825
6699,,6146,
6700,,19096814,
6701,4118,381926973,145443742
6702,3384,63566790,174532921
6703,2719,63773494,35851379
6704,3,42838,704955
6705,,2842176,
6706,4,904597,3444895
6707,3520,30186363,36108758
6708,4,78390,11998
6709,,,
6710,,,
6711,4,9131427,9599982
6712,1710,1758372,6501381
6713,,,
6714,,33626,
6715,3,,18644
6716,544,5440324,2335896
6717,9,49620898,26015149
6718,3256,6799960,20706452
6719,,,
6720,1818,,17612099
6721,2,,19862
6722,,1660230,
6723,2141,4665428,5718096
6724,2,171524,578717
6725,,180437,
6726,474,1112714,713143
6727,1,1360,45889
6728,2980,16382035,35418723
6729,3876,245941528,117450119
6730,,,
6731,3102,44080131,53548586
6732,26,,7616
6733,2,189303,80134
6734,,776594,
6735,2,,112300
6736,4,224380,642157
6737,75,251308,1233694
6738,1,71694,148505
6739,1,1141,278350
6740,3,13577789,457803
6741,4037,108462855,51024708
6742,1620,,6216897
6743,103,32314,67743
6744,2504,1943150,24004833
6745,,,
6746,1403,847617,2005142
6747,4,10783198,5126985
6748,1719,301409,6352306
6749,2609,2645316,4095431
6750,82,,626318
6751,4,11493011,3143056
6752,,,
6753,1,,18399
6754,4,,100335
6755,196,5619,148568
6756,4,11070000,17541090
6757,2297,7187452,11107431
6758,,,
6759,643,83480,1379497
6760,18,10886,500101
6761,3010,25774316,77339130
6762,4131,130441970,83240103
6763,,,
6764,,,
6765,1,66896,199767
6766,36,5348182,29719483
6767,4250,642569645,213511408
6768,1,,44045
6769,8,1930124,464495
6770,,2220,
6771,2808,13339827,17839115
6772,4,5679795,7634767
6773,3640,60766780,44936545
6774,3521,46594157,46697321
6775,,1629431,
6776,,,
6777,,552188,
6778,10,2389,401464
6779,,448184,
6780,5,3713514,8803865
6781,,,
6782,,190320,
6783,3928,96050074,159366015
6784,4,1825136,7362439
6785,1,28228,28288
6786,1,35238,87400
6787,4,242572,257869
6788,4,2703923,1050616
6789,,2184870,
6790,,34710,
6791,2720,13544661,15767460
6792,544,154966608,4412170
6793,613,181056,252676
6794,1,652,67475
6795,,,
6796,2,4539820,2483472
6797,3,,60607
6798,4,2310956,1633209
6799,14,,113956
6800,4000,670614987,216303339
6801,5,5073958,6788692
6802,16,,58090
6803,,,
6804,,12,
6805,3766,115165449,54858851
6806,,,
6807,,,
6808,4,1239783,1994179
6809,1,1136,68407
6810,2,5495072,109608
6811,51,11559,13337
6812,,,
6813,,,
6814,2859,17473345,21704844
6815,,,
6816,1,,4667
6817,,,
6818,2,,4461
6819,4163,491724574,159555901
6820,25,234949217,85080171
6821,3286,52372951,67363237
6822,,,
6823,,52923,
6824,1,,449
6825,,158621,
6826,2803,33582068,42402632
6827,3441,97875633,115715889
6828,2827,54385384,30824628
6829,,1109544,
6830,,50984,
6831,4,61505365,34366783
6832,,,
6833,5,301930,545597
6834,,,
6835,,,
6836,,2845516,
6837,2065,28037556,14836174
6838,,1391586,
6839,5,,21456
6840,,,
6841,15,,38510
6842,4,30371647,16648499
6843,6,556862,727119
6844,,,
6845,4,6482598,14915773
6846,3103,69529231,15951040
6847,32,2395079,259017
6848,2588,69649587,103804407
6849,1142,3021370,17956913
6850,4090,176942594,171958438
6851,4125,808696893,335061807
6852,3550,338000000,127195589
6853,2607,24006627,39282227
6854,3,4332165,1533324
6855,2776,11357862,30568743
6856,33,14132499,24704837
6857,2442,23057500,47836282
6858,5,23592439,5470235
6859,2717,98614971,57000756
6860,,,
6861,,760869,
6862,,,
6863,,,
6864,10,54719,9277
6865,3080,17582943,108235497
6866,,,
6867,1,,32452
6868,3841,135950571,111048468
6869,,,
6870,2561,4461759,8547045
6871,3521,11506193,16790790
6872,4,1395666,2409826
6873,2203,366605,14998027
6874,18,132875,15856
6875,,635964,
6876,,,
6877,,116114,
6878,2630,30460297,32138862
6879,4,91157,252245
6880,1,,20873
6881,4303,84324528,105806508
6882,2530,7556854,14856291
6883,1,,184495
6884,11,,6291
6885,,,
6886,2912,15300000,54611903
6887,3790,316061830,85838210
6888,3207,36538385,28148130
6889,80,,26284
6890,4259,361947969,160799505
6891,,,
6892,8,,204881
6893,1,,26597
6894,120,3085294,9040224
6895,1,,14500
6896,,,
6897,,,
6898,55,156836,39275
6899,,1713,
6900,,,
6901,4,,386166
6902,,,
6903,4310,702897549,426829839
6904,5,4098408,5611123
6905,268,84580,1508593
6906,2548,3404895,5958315
6907,10,,14242
6908,2803,46824988,45729221
6909,,1443,623088
6910,,150264,
6911,5,6623918,1618497
6912,,,
6913,4,737121,371784
6914,4,1362207,5336840
6915,3838,69895325,45216793
6916,4,11513355,9619500
6917,,,6133
6918,3741,81007339,175084580
6919,,43366,
6920,3,,339838
6921,4259,238400000,114766307
6922,13,,13967
6923,1100,765208,3502600
6924,4,8662,106059
6925,2,825765,600654
6926,1059,2289193,19005109
6927,3585,57085036,54724696
6928,4217,223292877,140371656
6929,56,4285603,71760
6930,1705,63133,10205616
6931,,19712,
6932,263,121247,573503
6933,30,86904,28611
6934,,,
6935,2138,45951960,12138565
6936,3303,32052732,21903748
6937,3,4881,255599
6938,2667,8347436,40860481
6939,3413,8740663,16649539
6940,,,
6941,,503632,
6942,4,1132237,441366
6943,,,
6944,2824,8518592,40713082
6945,3,43011,424284
6946,1815,,7699452
6947,3,,196322
6948,25,,76916
6949,33,21900,150010
6950,3372,68400000,54733739
6951,1,,44253
6952,4662,1939427564,858373000
6953,8,,5123
6954,,,
6955,5,9030076,1827604
6956,605,,700261
6957,3230,23308153,30316271
6958,2,76075,251837
6959,2222,5208425,35388976
6960,3652,8212905,20150241
6961,,,
6962,104,22089,297195
6963,38,57485,51044
6964,2750,2832117,13631124
6965,5,2158562,4367816
6966,3007,61992741,35417038
6967,1495,4432377,4535154
6968,,12918,
6969,1,94760,84933
6970,19,,40124
6971,,,
6972,13,640492,344534
6973,,3143346,
6974,4,802483,1030502
6975,109,,148504
6976,2,84762,98358
6977,,52071,
6978,4,,354103
6979,4476,691090490,355559216
6980,2505,2268808,22680962
6981,1,36760,151991
6982,1,,45149
6983,1,,519525
6984,,440108,
6985,4108,272799777,110500138
6986,3610,95768860,96368160
6987,3721,180510921,65845974
6988,1,,145626
6989,1,,15152
6990,,,
6991,4,6873333,15500045
6992,,,
6993,2,14769,84703
6994,48,3882750,4686402
6995,7,122595,4515719
6996,,,
6997,4561,287401543,158874395
6998,,,
6999,117,8799,236637
7000,3,,67343
7001,4224,173018657,80001807
7002,,42628,
7003,2952,,21360215
7004,2114,25081424,7743794
7005,,,
7006,,109835,
7007,6,,37012
7008,4,43110,903018
7009,4575,639042321,434038008
7010,5,5191302,1635118
7011,3613,157100000,74152591
7012,6,294235,3162490
7013,58,307148,50722
7014,,,
7015,2603,81467748,73286650
7016,2707,19404461,27426363
7017,4,1046642,1013820
7018,,,
7019,,61028,
7020,,62987,
7021,3170,52785307,39014193
7022,,,
7023,,465303,
7024,,2000,
7025,3050,7264317,22370452
7026,,,
7027,2,,322598
7028,7,3604,2410914
7029,4,4800209,17700478
7030,,,
7031,,,
7032,4,,732515
7033,,9687,
7034,,,
7035,4725,1110729382,543638043
7036,,,
7037,,,
7038,3,1037704,43796
7039,2,438087,815082
7040,2,,61035
7041,1,,151331
7042,4253,586424771,173956935
7043,,1520,
7044,1,12732,50168
7045,5,257762,2010613
7046,2,1305236,504443
7047,2,509347,400741
7048,,1432010,
7049,3,13625,159218
7050,5,1366951,1573276
7051,1240,,4376820
7052,3735,60119165,60477943
7053,2,5291,17303
7054,2,1716,252734
7055,3135,26660285,68947075
7056,,849,
7057,2765,4594209,26402818
7058,2745,3599621,12180032
7059,17,2743045,20457158
7060,,60339,
7061,1,,10771
7062,3869,110361736,41657076
7063,,103252,
7064,2853,25321663,22260900
7065,5,385223,301429
7066,2307,6243499,11901145
7067,,103035,
7068,3204,28033292,83140306
7069,,27672,
7070,,,
7071,2855,28083161,28714231
7072,3286,64335016,69030436
7073,7,24080,549385
7074,3,381418,242734
7075,,,
7076,1,850341,614201
7077,4,777799,62350
7078,,161290,
7079,3,,151307
7080,322,261930,291477
7081,4,7138464,1996766
7082,,,
7083,,226184,
7084,4570,257973578,211593228
7085,7,,4252657
7086,1,,80657
7087,,929713,
7088,,1652,
7089,,284831,
7090,2,,17370
7091,,,
7092,111,73531,276591
7093,3250,45509115,104963598
7094,,499881,
7095,5,1607936,406473
7096,1,,33841
7097,2542,4097528,5332621
7098,2,1981,20171
7099,31,10126309,2528913
7100,1,9084,41265
7101,3460,85243649,50188370
7102,,,
7103,,3503,
7104,,2645994,
7105,3079,97840859,96853865
7106,3618,46600000,44819352
7107,,59731,
7108,,,
7109,,65424,
7110,4242,127897801,60761390
7111,461,21161508,24319961
7112,,,
7113,30,524540,26972
7114,30,,33856
7115,,,
7116,4374,737056206,335451311
7117,37,5967,319976
7118,,7617,31378
7119,21,2575,14938
7120,,173622,
7121,2,,130897
7122,,98477,1573734
7123,3642,118076935,48546770
7124,,783,
7125,2332,4054968,6546159
7126,,943159,
7127,4007,102747294,97864733
7128,10,,8320
7129,,127936,
7130,1,121017,4589490
7131,17,21265,57384
7132,5,53697566,33370906
7133,3790,375416890,113929605
7134,,,
7135,2,97594,62625
7136,,,
7137,8,7466107,10867104
7138,3468,49147888,73118130
7139,2062,717415,22012729
7140,,,
7141,2675,16557198,25621766
7142,,87885,
7143,4,541370,167169
7144,3,10864,53144
7145,,475763,
7146,,239812,481924
7147,,372311,
7148,537,2000000,1581681
7149,,,
7150,,,
7151,1,,51891
7152,,,
7153,2059,166219,43082155
7154,2,,24808
7155,1342,9200000,9277736
7156,4086,188119290,62253077
7157,,910234,
7158,,320349,
7159,1,,3868
7160,3855,40274527,31581712
7161,4,402927,3012615
7162,,,
7163,3448,88295422,35150750
7164,3242,69982261,56846802
7165,3125,16797656,44451847
7166,2,229687,122587
7167,,,
7168,,7957,
7169,1,,57716
7170,,,
7171,1,,55632
7172,13,,18759
7173,2439,16060159,17156058
7174,,242788,
7175,277,10478,177437
7176,4,916823,1658790
7177,2665,14123703,28539757
7178,3235,6853786,61696436
7179,1,28908,119466
7180,4,11971933,11136084
7181,4440,967808702,477373578
7182,,,
7183,1,23015,9988
7184,,,
7185,1,859,9337
7186,1,,483685
7187,3461,147588118,165364060
7188,1690,4128089,43808310
7189,,246283,
7190,1,100195,23911
7191,,161047,
7192,,80971,
7193,,198651,
7194,,,
7195,12,191504,23862
7196,1,34895,42310
7197,,6628720,
7198,5,2560221,1730597
7199,2625,8099059,10429730
7200,4,29641586,31762808
7201,1,,4140
7202,4,102858,265102
7203,4227,481501654,316831246
7204,,,
7205,2502,20755028,22345542
7206,,3157609,
7207,5,,50023780
7208,,,
7209,3380,48319581,27166770
7210,11,211375735,159227644
7211,4,14400000,36001502
7212,3308,110799479,108095955
7213,3502,98381468,66757013
7214,10,42248,1077584
7215,2,236,364716
7216,,,
7217,3078,4398388,22169514
7218,31,,37788
7219,22,,47037
7220,4155,174362895,77047065
7221,10,,8101
7222,81,302086,765561
7223,614,371899,2949212
7224,2571,2987964,15472775
7225,23,,282149
7226,3007,6711557,15347654
7227,4,251065,1100310
7228,3049,545072,5437971
7229,1,,27317
7230,29,23692,96713
7231,6,951806,2138907
7232,9,,29118
7233,,55047,
7234,2301,873011,8287061
7235,3,,29450
7236,,,
7237,2516,126196,20578185
7238,2,,134288
7239,,,
7240,2151,6364941,12611536
7241,5,16391992,10055355
7242,4,107388,449561
7243,4,,23071
7244,3752,45018568,62342368
7245,,245884,
7246,,,
7247,5,311740,139270
7248,4,1075674,355308
7249,,847947,
7250,1,14923,127275
7251,1,,4075
7252,3610,74082724,64914050
7253,4,123252,143518
7254,4,449058,101068
7255,,,
7256,4310,71761885,61555145
7257,,,
7258,3,243362,33419
7259,,2990000,
7260,1,151480,25694
7261,4,558175,144201
7262,2718,972895,13590514
7263,,,
7264,3250,5963470,10410004
7265,1,,8140
7266,,,
7267,,,
7268,3028,6588479,5812500
7269,3,101895,3518
7270,,,
7271,,,
7272,1,1483,6024
7273,,255584,
7274,,3671,
7275,,,
7276,,,
7277,12,2778781,1815440
7278,,,
7279,,,
7280,6,,70632
7281,,362,
7282,,,
7283,58,4194,5000
7284,,,
7285,,,
7286,2500,24087785,2188425
7287,,82548,
7288,,,
7289,,124430,
7290,3,270991,8340
7291,,,
7292,45,60345,1002852
7293,216,672369,409363
7294,,308898,
7295,,,
7296,,,
7297,,1988,
7298,,,
7299,12,1151366,4507
7300,,38355,
7301,,1541585,
7302,,,
7303,,338763,
7304,,705110,
7305,74,1913018,186634
7306,,,
7307,,670133,
7308,,,
7309,,68080,
7310,,1781,
7311,,1030842,
7312,69,2199610,1047083
7313,,125224,
7314,,1434,
7315,,32845,
7316,,143321,
7317,,2878528,
7318,68,1292,514107
7319,250,2339286,1637548
7320,,27,
7321,,18340,
7322,,3404,
7323,,,
7324,99,1060507,58434
7325,,,
7326,,,
7327,,3311907,
7328,,300173,
7329,,,
7330,,491840,
7331,111,2624085,101339
7332,,7809322,
7333,129,265759,1044212
7334,,745818,
7335,,,
7336,33,20722,28771
7337,32,239811,18853
7338,,8903,855894
7339,,,
7340,,28711,
7341,108,285963,93147
7342,,,
7343,299,16490071,20831465
7344,924,574835,2542518
7345,,,
7346,,90654,
7347,1007,2826949,3439660
7348,28,15606,16263
7349,,,
7350,,589719,
7351,,58978,
7352,,,
7353,2412,20756711,23855569
7354,1360,11334973,1876298
7355,2810,303946852,58504105
7356,,69965374,
7357,,,
7358,,,
7359,,442992,
7360,56,152,29615
7361,,,
7362,2209,713473,4066487
7363,471,407340,231119
7364,,,
7365,174,61401,538358
7366,,7021017,
7367,301,1624244,137852
7368,,196926,
7369,222,1894690,497747
7370,529,1083741,531430
7371,,2024073,
7372,26,188290,4962
7373,871,660,643658
7374,,115709,
7375,,,
7376,12,,6820
7377,,2674,
7378,75,685240,159014
7379,,68960,
7380,,991415,
7381,388,,301162
7382,,,
7383,2250,18951827,21277892
7384,112,81937,185026
7385,,351083,
7386,900,,367849
7387,,307160,
7388,2425,12580964,14163574
7389,387,60969,1070714
7390,865,3770,364138
7391,,185528,
7392,,,
7393,,,
7394,327,699943,636673
7395,,2012769,
7396,2183,2148184,10475990
7397,,,
7398,,,
7399,50,49181,8921
7400,2454,1414983,9358025
7401,1,,10236
7402,,38852,
7403,280,969170,160930
7404,475,1562383,184477
7405,216,672369,409363
7406,259,1064036,278378
7407,,,
7408,2472,7213561,9030855
7409,,326891,7574
7410,,32208,
7411,,99752,
7412,408,482205,234429
7413,,3241142,
7414,68,,32259
7415,,96750,
7416,,7427,
7417,,4518862,
7418,,516819,
7419,912,199844,685380
7420,,,
7421,,2113583,
7422,,168705,
7423,44,45907,9087
7424,2211,156334183,58568815
7425,70,196627,15502
7426,,,
7427,,,
7428,970,1101537,913935
7429,,117741,
7430,,,
7431,1369,1037261,2241980
7432,,658011,
7433,,191874,
7434,94,892,121642
7435,,67840,
7436,19,,4689
7437,5,265590,113591
7438,,12551441,2964816
7439,,,
7440,,75615,
7441,,,
7442,450,1268831,213441
7443,,283826,
7444,1107,516423,6306897
7445,,40610111,
7446,30,,32705
7447,1736,29295751,15162470
7448,1900,,12668325
7449,,,
7450,1310,9676528,6460965
7451,,118708427,
7452,160,54760,57000
7453,2151,119559196,46801036
7454,40,862624,6000
7455,,103653,
7456,,680,
7457,,6391,
7458,51,,282332
7459,54,9796,45068
7460,,696,
7461,1975,5631181,15566093
7462,,,
7463,543,56744,657511
7464,173,6122,36693
7465,259,2392576,1251184
7466,,6259122,
7467,330,3146619,234220
7468,2171,14392476,15342746
7469,33,,26136
7470,19,,2238
7471,84,,39053
7472,,,
7473,175,321645,143532
7474,,122945,
7475,,815612,741895
7476,1888,1580271,5478009
7477,1231,592245,2577830
7478,,639055,
7479,248,6056082,836536
7480,277,89799,113079
7481,,200382,
7482,,138565,
7483,,59,
7484,,,
7485,93,,23614
7486,,,
7487,237,8491,52733
7488,,1135988,
7489,,,
7490,1252,12403,4178620
7491,,1988846,
7492,1980,13787752,13287908
7493,123,914119,54730
7494,,602674,
7495,2045,61959873,54723032
7496,17,,13325
7497,,1020742,521202
7498,96,8286,62080
7499,,,
7500,814,,1018532
7501,,,
7502,,,
7503,2460,29942483,27568035
7504,,6228,
7505,3064,367148534,100916094
7506,,294303,
7507,12,152486,159294
7508,,169214,
7509,,,
7510,1850,15299045,15532137
7511,,29603,
7512,129,,142817
7513,4,554423,1052
7514,1972,981195,3149935
7515,,226267,
7516,,,
7517,,,4504
7518,1094,217240,1113722
7519,54,,30932
7520,,62673,
7521,35,,15063
7522,3073,41182338,42326031
7523,,5241,
7524,,1219,
7525,665,,1436324
7526,298,6119,837849
7527,208,537849,224405
7528,,,
7529,,3684,
7530,1200,39613,2807494
7531,76,4728,35481
7532,,,
7533,208,,62873
7534,65,,112691
7535,311,,354087
7536,,7742,
7537,2875,76500000,27466489
7538,,,
7539,1312,573972,2753985
7540,,,
7541,2033,93465,1744740
7542,41,145577,124649
7543,34,32459,72110
7544,3188,10194431,7407200
7545,1254,3569563,2913328
7546,,,
7547,308,44080,308976
7548,186,16987526,364397
7549,,,
7550,3892,140789236,86103234
7551,,,
7552,,7132,
7553,2,,37266
7554,3211,24597037,17716215
7555,3102,134640795,65631050
7556,132,23686,3688723
7557,93,275688,90050
7558,31,,28706
7559,3456,13704661,29975167
7560,3346,112158529,40501717
7561,500,388295,1926706
7562,,,
7563,,855245,100671
7564,,,
7565,,7912,126126
7566,,49788012,
7567,227,,264626
7568,1,6762,11546
7569,,1471,
7570,534,475591,648665
7571,16,,54149
7572,4179,548072000,173005945
7573,,5519303,
7574,270,247546,575783
7575,1468,154595,4844399
7576,21,,15974
7577,3644,89332267,57300280
7578,3051,32455000,44539245
7579,4160,196100000,183651655
7580,2,,72012
7581,75,,107799
7582,,859503,
7583,1,,9723
7584,2815,26599753,25314753
7585,,,15508
7586,552,652436,3186667
7587,927,134676,5354970
7588,3965,73411521,70592228
7589,10,,16104
7590,2,9469,204512
7591,1094,333276,1405488
7592,,97518,
7593,3355,41859439,48276510
7594,30,,29183
7595,3521,6402656,28264325
7596,,,
7597,13,,8495
7598,4310,93396628,116987516
7599,,,12642
7600,2,274355,694849
7601,,239599,
7602,,3830,10450
7603,2531,2723212,14465535
7604,2790,1696639,17173321
7605,,3348707,
7606,42,,25386
7607,,,
7608,1,6405,3050
7609,,,
7610,4002,111302807,55817425
7611,,41059088,
7612,,1248676,
7613,4165,201972771,121626598
7614,,,
7615,3207,7526100,24278399
7616,3,125953,445740
7617,17,,12804
7618,45,1535,33765
7619,85,94539,71334
7620,24,83376,424667
7621,,,
7622,,63828,
7623,3265,11550815,3900193
7624,3569,16209219,61186570
7625,,188759,
7626,250,,214390
7627,,,
7628,,,
7629,4300,207700000,224543292
7630,3,,12245
7631,27,,13589
7632,,,
7633,,174857,
7634,63,3639,32124
7635,2,20764,53932
7636,,,
7637,44,,73257
7638,3485,20594492,13391791
7639,,641682,
7640,205,,110995
7641,172,445341,844743
7642,,,
7643,580,1612488,2657850
7644,16,283572,15243
7645,477,162336,788675
7646,3967,4398328,10310734
7647,,,
7648,1,31160,28204
7649,450,239840,2404127
7650,46,5738,54094
7651,3364,2487031,15002646
7652,1,131,7181
7653,,34454,
7654,,,
7655,,7740,
7656,30,,42068
7657,4207,63303466,56489153
7658,3181,4494636,8237403
7659,562,3472999,1442988
7660,3,,17200
7661,583,413122,2676410
7662,4,3008,145175
7663,4407,601594234,160891007
7664,,,
7665,5,124596,787460
7666,115,596247,145191
7667,3705,38852060,92002155
7668,172,,69496
7669,,,
7670,1,,39948
7671,,,
7672,,,
7673,3065,19201288,10853945
7674,,,
7675,,194444,
7676,1,,4501
7677,,,
7678,319,58562,232285
7679,,2408,
7680,,976289,
7681,52,29512278,16124375
7682,,8265,
7683,,,
7684,816,,269435
7685,2800,25065912,10619670
7686,3016,12754100,10127625
7687,,,
7688,,,
7689,,,171208
7690,4090,237194665,164870264
7691,1,56219,13755
7692,,173638,
7693,996,8320533,7086632
7694,25,7019,30520
7695,3700,29572767,48947356
7696,580,33287848,9115240
7697,5,91531,399811
7698,,,
7699,,245378,
7700,,704046,
7701,,1627,
7702,4315,67870063,128885266
7703,,,
7704,343,29368,288714
7705,3302,23000000,15083946
7706,69,,60389
7707,,813201,
7708,22,,8316
7709,11,2860,62376
7710,,2542336,
7711,3980,132115435,95947860
7712,3471,97522229,53809574
7713,2803,24914303,16937037
7714,,19212,
7715,,13023,
7716,4,11725570,17094694
7717,201,3589252,354481
7718,,300,
7719,,,
7720,4,356808,339754
7721,308,5980,147595
7722,5,331953,2113
7723,,,
7724,2,1248569,49351
7725,1197,,475488
7726,6,188234,1039866
7727,2820,35694643,38451444
7728,2145,24635047,11315374
7729,4336,1086628014,798588139
7730,,,
7731,,333298,
7732,36,,24322
7733,,,
7734,3892,217648124,158976880
7735,3552,118781012,37686805
7736,2500,68499,6400032
7737,,176248,
7738,1,410205,52656
7739,3,12346,108161
