movieid,userscore,metascore
1,72,59
2,81,72
3,79,61
4,63,41
5,58,19
6,54,13
8,18,29
14,84,42
16,82,56
18,30,37
19,80,34
20,82,43
21,69,53
23,25,63
24,68,33
25,77,73
26,87,49
28,86,47
32,15,37
35,80,73
36,45,11
37,76,25
38,78,67
39,76,25
40,65,41
43,66,34
44,87,44
45,80,73
46,82,73
47,87,36
49,66,56
51,72,52
52,67,68
53,73,36
54,86,25
55,70,74
56,85,80
57,73,59
58,66,20
59,41,40
60,76,91
61,85,79
62,80,32
63,73,51
64,70,24
65,56,47
69,84,23
71,65,54
72,65,45
74,70,82
75,60,46
76,87,64
77,66,74
78,84,60
79,74,80
80,53,69
81,58,75
84,66,75
86,11,31
88,80,70
90,74,76
91,68,62
93,53,44
94,88,67
95,70,56
96,41,27
97,73,47
98,14,65
99,69,30
101,88,67
102,85,53
103,72,33
104,68,34
105,65,66
107,60,57
110,66,57
111,20,9
112,48,52
114,64,70
115,53,21
116,40,70
117,81,7
119,74,55
120,73,56
122,50,55
123,67,69
124,80,59
125,26,36
127,86,44
128,52,28
129,85,77
130,58,30
131,65,33
132,79,64
133,50,22
134,84,78
135,52,59
136,81,35
137,85,54
138,66,35
140,81,71
141,69,29
142,72,69
143,74,77
144,68,76
145,40,72
146,81,50
148,84,48
149,80,88
150,78,49
152,68,63
154,58,36
155,61,59
156,60,39
157,77,39
158,74,81
159,38,48
162,64,45
163,76,76
164,83,26
165,65,56
166,81,58
167,64,73
168,78,64
169,24,14
174,87,35
175,76,28
176,61,69
177,69,51
178,58,19
180,74,75
181,56,38
182,76,86
183,84,71
185,59,27
186,48,24
187,85,42
188,69,62
189,63,73
190,80,70
192,70,72
193,70,67
194,74,24
195,39,17
196,72,57
197,77,80
198,79,33
200,82,30
201,70,41
203,46,36
205,87,40
206,59,73
207,80,47
208,43,52
211,70,44
212,72,52
214,71,58
215,75,30
216,86,37
219,74,75
220,58,21
221,68,76
223,17,10
225,18,18
226,13,29
227,11,69
228,76,65
229,78,75
230,13,22
231,23,49
232,63,78
233,61,90
234,78,85
236,40,39
237,58,32
238,81,40
241,74,79
242,64,73
244,87,61
246,63,51
247,58,48
248,54,38
250,67,55
251,38,43
252,30,16
253,85,41
254,76,78
256,20,23
257,70,70
258,81,48
259,64,51
261,66,54
262,77,45
263,83,55
264,71,20
265,56,24
266,86,73
267,88,68
268,70,75
270,85,93
271,70,65
272,74,74
274,80,64
275,87,45
276,21,16
277,88,61
278,72,76
279,69,59
280,49,22
281,76,49
282,40,84
284,52,43
285,82,40
286,87,74
287,74,38
288,81,58
289,70,85
290,80,65
291,79,78
292,34,15
293,74,82
295,45,31
298,74,45
299,48,14
300,57,64
301,75,57
304,84,52
305,62,75
307,86,47
309,88,76
310,77,38
311,79,38
312,77,56
315,83,34
317,84,85
318,73,52
319,65,46
320,52,66
322,84,82
323,62,62
324,59,57
325,63,49
326,51,35
327,73,70
328,51,58
329,83,62
330,43,74
332,75,79
333,81,94
334,48,14
335,68,45
336,29,5
338,61,48
339,71,64
340,60,30
341,87,77
342,84,70
344,78,47
345,85,62
346,82,62
347,68,85
348,77,73
349,83,26
350,73,55
351,38,43
352,78,69
353,62,75
354,82,42
355,76,78
356,66,55
358,80,54
359,76,67
360,67,44
361,88,86
362,76,79
363,85,71
364,79,62
365,87,31
366,76,25
367,75,77
368,77,53
369,81,64
370,60,72
372,87,55
373,81,29
374,66,71
375,73,40
376,86,48
377,46,33
378,76,79
379,68,41
381,46,27
382,79,85
383,45,22
384,58,59
385,53,40
386,76,25
387,86,18
388,61,70
389,71,57
391,66,22
392,63,60
393,69,78
394,72,18
395,83,32
396,72,43
397,73,27
399,32,21
400,70,80
401,78,40
402,34,78
403,83,73
405,73,66
406,63,24
407,73,55
408,38,44
409,24,27
410,84,43
411,39,38
412,86,83
413,62,34
415,81,52
417,80,53
418,79,72
419,82,74
420,85,50
421,69,53
422,78,39
423,56,63
424,89,80
425,83,47
426,19,21
427,75,50
429,54,83
431,82,32
432,79,71
433,65,66
434,21,15
436,65,42
438,87,52
440,77,38
441,58,53
442,68,22
444,62,84
445,78,34
446,42,65
447,77,20
448,86,47
449,72,48
450,80,66
451,52,62
452,70,59
454,63,21
455,61,85
457,54,37
458,58,13
459,66,75
463,55,29
464,81,46
465,73,35
466,67,62
467,51,34
468,52,49
469,78,16
470,67,78
471,84,26
472,31,48
474,83,60
475,74,86
478,69,56
479,71,57
480,63,47
481,70,75
482,55,52
483,64,27
484,42,39
485,35,36
486,73,83
487,84,66
488,88,84
490,76,77
491,81,73
492,56,44
493,75,40
494,82,71
495,59,66
496,58,52
497,62,55
498,85,59
499,9,35
500,40,43
501,67,37
502,73,52
504,46,49
505,76,69
506,83,68
507,64,40
508,23,76
509,77,42
510,74,32
511,66,56
512,73,79
515,57,33
517,79,63
518,80,63
519,83,67
521,80,68
522,58,49
523,72,59
524,77,58
525,70,64
526,74,55
527,45,78
528,68,65
529,82,68
530,85,61
531,82,80
532,53,60
533,81,31
534,60,72
535,73,49
536,59,47
537,57,29
538,79,72
540,82,68
541,82,58
542,78,53
545,62,49
546,87,45
547,39,54
548,70,59
549,82,62
550,78,88
551,80,71
552,62,42
553,57,44
554,72,47
555,81,88
556,84,85
557,54,68
558,63,68
559,83,70
560,81,46
561,60,55
562,65,49
563,48,50
565,76,52
566,66,42
567,88,92
568,75,33
569,81,48
570,81,52
571,85,63
572,63,60
573,81,69
574,68,78
575,77,46
576,51,43
577,83,51
578,62,57
579,69,58
580,87,74
581,66,65
582,69,78
583,61,25
584,75,36
585,82,73
586,83,52
587,32,57
588,75,41
589,85,83
590,61,35
591,66,60
592,83,51
593,65,46
594,30,21
595,65,52
596,79,84
597,66,58
598,47,49
599,28,53
601,77,51
603,64,73
604,72,73
605,62,54
606,61,20
607,29,50
608,59,27
609,77,35
610,66,64
611,66,61
613,69,51
614,43,48
615,64,34
616,23,34
617,76,85
618,37,14
620,80,74
621,85,85
622,78,62
624,62,78
625,61,79
626,84,38
627,81,55
629,72,61
630,59,79
631,72,75
634,82,75
635,72,40
636,81,52
637,84,60
638,88,69
639,73,77
640,79,92
641,77,60
642,78,20
644,82,79
646,70,85
647,76,48
651,79,68
652,77,73
653,78,41
654,63,53
655,53,54
656,75,69
657,71,90
658,78,43
659,72,43
660,80,83
661,75,42
662,72,66
663,72,47
664,79,71
665,81,70
666,75,39
668,75,49
669,49,32
670,74,45
671,63,34
672,73,65
673,64,30
674,78,73
676,75,69
677,67,41
678,85,29
679,75,63
680,78,59
681,86,79
683,73,71
684,71,25
686,88,66
690,54,48
691,54,18
693,78,65
694,68,45
695,73,53
696,79,46
697,65,54
698,83,32
700,74,22
701,74,49
702,74,63
703,85,78
704,42,45
705,75,86
708,62,49
709,68,74
710,62,29
711,51,42
713,66,40
714,71,79
715,30,30
717,73,71
718,60,78
719,80,84
720,87,74
722,70,43
723,63,67
724,69,58
725,73,73
726,73,76
727,71,76
728,83,84
729,63,32
730,80,40
731,79,76
732,83,45
733,78,42
734,78,74
735,91,92
736,81,72
738,48,29
739,65,65
740,87,44
741,75,27
742,68,65
743,72,47
744,73,90
745,40,69
746,79,74
747,75,48
748,76,56
749,75,28
750,76,82
751,76,33
752,72,57
755,71,48
756,72,79
758,80,77
759,63,29
760,32,9
761,82,30
763,83,35
764,79,61
765,59,50
766,82,43
767,85,14
768,45,66
769,74,75
770,72,50
771,87,61
772,85,52
773,75,73
774,56,63
776,80,35
777,79,51
778,38,12
779,77,36
780,74,33
781,14,14
782,66,49
783,60,50
785,65,27
786,57,49
787,65,30
788,64,49
789,45,77
790,76,48
792,43,63
793,68,49
794,59,25
795,68,40
797,80,45
798,76,77
799,77,30
800,65,46
801,63,56
802,75,53
803,81,47
804,55,46
805,58,36
806,67,65
807,66,34
808,67,46
809,67,42
811,55,49
812,80,61
813,47,70
814,82,80
815,67,33
816,39,32
817,67,88
818,84,52
819,53,51
820,80,66
821,73,68
822,66,25
823,64,33
825,64,40
826,74,38
827,82,36
828,85,65
829,35,32
830,83,79
831,77,72
832,69,88
833,76,37
834,80,46
835,85,47
836,66,48
839,86,63
840,65,26
841,24,67
842,86,69
843,87,64
844,66,56
846,48,13
847,87,63
848,84,38
849,59,32
850,48,58
851,63,34
852,61,64
853,25,68
854,72,50
855,85,78
857,74,62
858,85,80
859,86,69
860,55,45
864,80,76
865,61,25
866,44,31
867,45,32
868,47,71
870,45,44
872,88,41
873,24,5
875,61,62
876,75,66
877,68,73
878,66,51
879,69,46
880,78,67
881,86,73
883,63,69
885,82,84
886,18,30
887,49,48
888,82,72
889,82,24
890,51,60
891,77,63
892,63,67
894,61,54
895,74,75
896,67,82
897,87,75
898,73,60
899,71,48
900,69,56
901,65,25
902,80,78
903,77,52
904,86,74
905,66,70
906,36,55
908,58,76
909,60,45
910,76,69
911,53,51
912,81,91
913,78,37
915,56,48
916,74,67
921,85,60
922,57,35
923,76,68
924,81,69
925,73,60
926,62,51
927,44,58
928,63,79
930,71,63
931,50,24
932,84,73
933,71,80
934,65,64
935,60,69
937,14,49
938,62,47
939,75,75
940,70,24
941,48,66
942,86,46
943,80,77
944,59,47
945,74,49
946,78,77
947,69,65
949,73,67
950,70,82
951,76,84
952,75,58
953,76,73
954,51,19
957,30,30
958,61,39
959,81,72
960,74,65
961,67,50
963,80,53
964,40,59
965,67,58
966,66,66
967,63,71
968,86,47
969,78,62
970,42,63
971,40,66
974,47,37
975,80,75
976,72,36
977,54,82
978,73,63
979,48,45
981,56,65
982,74,59
983,24,12
984,67,66
985,73,71
986,88,85
987,81,64
988,73,48
991,61,48
993,73,86
994,59,60
995,45,61
996,82,72
997,77,52
998,78,12
999,76,64
1000,87,36
1003,82,52
1004,54,73
1005,85,49
1006,24,18
1007,72,61
1008,64,58
1010,73,16
1011,55,55
1012,74,74
1014,84,50
1016,74,62
1017,23,29
1018,81,73
1019,81,84
1021,60,66
1022,64,48
1023,73,72
1024,65,61
1025,16,25
1026,60,37
1028,76,60
1029,64,64
1030,44,19
1031,76,55
1032,58,63
1033,75,32
1034,90,96
1035,85,48
1036,74,49
1037,73,69
1038,81,42
1040,73,72
1041,71,63
1042,70,51
1045,72,59
1047,83,80
1048,63,57
1049,72,45
1050,81,57
1051,20,30
1052,68,53
1053,84,90
1054,78,68
1055,74,58
1057,85,60
1058,62,61
1060,66,40
1061,67,55
1062,71,72
1063,59,58
1064,74,62
1066,14,30
1067,72,25
1068,79,78
1069,62,82
1070,53,18
1071,54,50
1072,73,51
1073,84,66
1074,77,61
1076,50,36
1077,82,66
1078,69,44
1079,24,23
1080,70,69
1082,58,59
1083,46,71
1084,75,49
1085,78,58
1086,45,57
1088,71,72
1089,58,19
1090,82,47
1091,85,46
1092,72,61
1093,79,28
1094,72,42
1095,60,49
1096,78,75
1097,85,54
1098,61,55
1099,78,28
1101,64,77
1102,35,35
1104,50,62
1105,60,48
1106,53,45
1107,83,73
1108,81,60
1109,56,59
1111,69,55
1112,86,77
1115,80,84
1117,79,54
1119,77,62
1120,83,23
1121,73,63
1125,80,76
1126,72,60
1127,85,63
1128,62,53
1129,76,56
1130,58,35
1131,62,70
1132,75,36
1134,82,86
1135,73,49
1136,87,84
1137,45,23
1138,28,17
1139,68,65
1140,85,31
1141,49,34
1142,77,80
1143,76,86
1145,81,83
1146,53,37
1148,55,38
1149,83,33
1150,76,85
1151,63,63
1152,72,55
1153,68,59
1154,57,45
1155,80,70
1156,63,51
1158,56,29
1159,88,70
1160,90,87
1161,86,68
1162,81,62
1163,75,72
1164,57,78
1165,85,70
1167,72,83
1168,67,69
1169,73,42
1170,86,75
1171,42,11
1172,79,81
1173,77,56
1174,61,71
1175,87,31
1176,86,80
1177,79,85
1178,67,58
1179,84,67
1180,83,65
1181,57,28
1182,81,86
1183,48,47
1184,85,81
1185,60,27
1186,90,79
1187,63,74
1189,46,16
1190,48,31
1191,34,33
1192,75,57
1193,76,79
1194,66,23
1196,87,81
1197,65,36
1198,43,38
1199,77,74
1200,54,47
1201,61,56
1202,56,46
1203,65,45
1204,24,36
1205,12,58
1206,84,58
1207,72,50
1208,71,72
1209,68,71
1210,78,42
1211,50,54
1212,78,63
1214,70,78
1215,44,38
1218,83,57
1219,54,30
1220,86,75
1221,81,54
1222,73,77
1223,77,24
1224,67,31
1227,81,36
1230,65,69
1231,84,36
1232,82,86
1233,63,39
1234,74,51
1235,84,61
1236,79,72
1237,66,48
1238,73,58
1239,76,66
1240,57,41
1241,87,41
1242,83,40
1243,75,77
1244,71,61
1245,68,76
1246,48,76
1247,33,18
1248,83,54
1250,52,35
1251,58,44
1252,55,64
1253,78,62
1254,13,27
1255,73,61
1257,75,34
1258,74,44
1259,63,83
1260,81,72
1261,52,48
1263,69,67
1264,76,68
1265,52,36
1266,82,61
1268,61,45
1269,37,45
1270,88,56
1271,76,84
1272,66,41
1273,86,52
1274,72,67
1275,64,67
1276,47,31
1277,84,71
1279,35,52
1280,72,81
1281,80,40
1282,57,33
1284,77,71
1285,81,82
1286,80,43
1287,65,53
1288,63,31
1289,82,82
1290,72,67
1291,83,57
1292,84,59
1293,58,52
1294,89,64
1295,51,44
1297,85,60
1298,77,88
1299,74,53
1301,76,34
1302,77,80
1303,67,76
1304,80,72
1305,20,53
1306,71,70
1308,71,64
1309,70,56
1310,87,68
1311,53,50
1312,57,39
1313,83,52
1314,77,75
1315,38,59
1316,85,59
1317,71,47
1318,65,65
1319,58,84
1320,73,62
1321,77,71
1322,70,67
1325,74,65
1326,76,27
1328,81,86
1330,75,55
1331,76,46
1332,68,64
1333,77,65
1334,67,46
1335,80,90
1336,87,90
1337,58,33
1338,86,68
1340,74,60
1341,78,32
1342,73,77
1343,74,38
1345,75,42
1346,69,66
1347,66,81
1348,56,80
1349,27,19
1350,77,64
1351,82,47
1352,64,53
1353,82,71
1355,60,38
1359,74,49
1360,84,32
1361,86,58
1362,26,14
1363,53,54
1365,77,73
1366,53,48
1367,43,36
1369,54,44
1370,59,47
1371,68,48
1372,62,70
1373,74,66
1376,55,59
1377,88,63
1378,64,68
1379,67,63
1381,51,64
1382,81,69
1383,75,58
1384,56,30
1385,40,38
1386,88,78
1387,41,50
1388,86,45
1389,69,51
1390,76,61
1391,54,36
1392,81,71
1393,83,57
1394,78,36
1396,83,32
1397,79,56
1399,69,55
1400,48,47
1401,75,43
1403,86,64
1404,71,72
1405,54,57
1406,73,43
1407,68,54
1408,19,18
1409,79,83
1411,63,69
1412,81,70
1413,61,51
1414,79,45
1415,85,72
1416,60,59
1417,79,90
1418,82,37
1419,82,30
1420,80,75
1421,88,67
1423,88,68
1424,73,33
1426,84,70
1428,80,66
1431,87,20
1432,60,15
1433,58,71
1434,78,69
1435,37,33
1436,37,38
1439,53,29
1440,76,36
1443,60,47
1444,50,71
1445,61,36
1446,82,85
1447,76,43
1448,66,36
1449,54,61
1450,8,21
1451,75,56
1453,29,56
1454,86,48
1455,75,89
1456,87,61
1457,78,70
1458,85,56
1459,70,66
1460,57,43
1461,62,55
1462,77,37
1463,59,64
1465,70,75
1466,77,41
1467,86,52
1468,76,53
1469,79,75
1470,77,87
1471,87,42
1472,68,70
1473,87,35
1474,76,57
1475,67,50
1476,68,47
1477,86,57
1478,85,48
1480,86,59
1481,76,52
1482,71,82
1483,81,63
1484,83,82
1485,46,42
1486,86,81
1487,58,43
1488,76,83
1489,71,84
1491,69,52
1492,57,49
1493,15,15
1494,65,71
1495,87,69
1497,80,58
1499,77,21
1500,87,70
1501,68,36
1502,88,61
1503,65,56
1504,64,38
1505,65,55
1506,78,46
1508,57,32
1509,65,48
1510,71,70
1512,81,38
1513,68,49
1515,62,45
1516,70,69
1517,58,54
1518,77,73
1520,85,57
1521,50,47
1522,65,81
1523,83,50
1524,85,64
1525,76,60
1529,84,55
1531,82,81
1534,77,77
1535,69,64
1536,66,81
1537,20,1
1538,82,52
1539,84,66
1540,67,55
1541,77,70
1544,80,45
1545,65,38
1546,56,70
1547,39,19
1548,86,70
1549,68,66
1550,83,76
1551,68,69
1552,59,34
1553,78,91
1554,50,28
1555,86,78
1556,78,65
1559,62,37
1560,82,69
1561,80,55
1563,86,58
1565,71,72
1566,82,37
1569,62,66
1570,85,62
1571,60,45
1572,90,94
1573,71,60
1574,86,71
1575,69,45
1576,82,64
1577,75,87
1578,60,41
1580,73,74
1581,71,46
1582,58,73
1583,81,43
1584,76,64
1585,69,73
1587,73,73
1588,57,73
1589,54,55
1590,40,63
1591,66,71
1592,51,46
1593,46,23
1594,81,44
1596,79,74
1597,69,71
1598,80,73
1600,78,41
1602,57,52
1603,85,30
1604,86,82
1605,78,52
1607,76,45
1609,20,42
1610,58,35
1611,64,37
1612,78,78
1614,61,59
1615,54,33
1616,67,67
1617,76,68
1618,65,83
1619,87,62
1620,58,45
1621,83,82
1622,65,48
1624,80,80
1625,64,45
1626,83,66
1628,66,65
1629,80,86
1630,65,78
1631,13,36
1633,70,49
1634,61,33
1635,79,45
1636,71,75
1638,70,43
1639,35,33
1640,68,47
1642,74,45
1644,73,39
1645,87,68
1646,67,52
1647,83,58
1648,19,26
1651,75,54
1652,43,65
1654,83,55
1655,50,49
1656,45,32
1657,84,84
1658,70,32
1659,86,75
1661,61,58
1662,53,46
1663,75,60
1664,79,69
1666,81,68
1667,75,68
1668,84,59
1669,89,89
1670,75,64
1671,23,38
1673,82,60
1674,65,43
1675,78,71
1676,66,56
1677,70,38
1679,55,34
1680,61,56
1682,52,28
1683,80,72
1684,56,50
1687,84,85
1689,87,47
1690,73,37
1691,72,44
1692,81,29
1694,79,53
1695,76,73
1696,76,37
1697,63,47
1698,83,47
1699,76,32
1700,31,24
1701,51,43
1703,68,44
1704,76,47
1705,82,83
1707,82,33
1708,66,67
1710,66,53
1711,79,57
1712,80,45
1713,60,57
1714,83,75
1715,86,47
1718,84,82
1719,84,82
1720,57,45
1722,21,31
1723,61,24
1724,59,38
1725,81,66
1726,68,69
1727,77,85
1728,86,75
1729,66,78
1731,60,53
1732,52,33
1733,81,79
1735,75,73
1736,66,62
1737,58,52
1738,63,35
1739,39,30
1740,75,44
1742,74,71
1743,69,65
1745,74,70
1746,86,56
1748,61,75
1749,87,75
1750,80,79
1751,80,45
1756,63,38
1757,69,79
1758,84,75
1759,72,77
1760,73,62
1761,84,33
1762,66,47
1763,80,72
1766,58,32
1767,65,71
1769,83,82
1771,81,73
1772,84,81
1774,83,72
1775,53,27
1777,74,64
1778,76,38
1779,35,42
1781,58,49
1782,46,55
1783,67,55
1784,71,64
1785,71,46
1786,51,56
1788,81,59
1791,82,55
1792,35,38
1793,69,52
1794,61,67
1796,65,41
1797,66,40
1799,85,53
1800,68,71
1801,87,63
1802,88,83
1803,63,55
1804,86,90
1805,70,59
1806,70,53
1807,79,60
1808,76,46
1809,79,63
1810,67,74
1812,38,33
1813,84,68
1816,88,67
1817,66,25
1818,74,46
1819,83,63
1820,80,59
1821,26,87
1822,52,46
1824,74,59
1825,28,27
1827,74,65
1828,75,48
1829,60,26
1830,44,49
1831,76,75
1832,87,73
1833,85,67
1834,83,86
1835,86,30
1837,62,85
1838,75,58
1839,82,64
1840,76,71
1842,77,76
1843,67,44
1844,74,36
1845,70,59
1846,59,57
1847,87,71
1849,83,73
1850,86,36
1851,54,63
1852,73,58
1853,85,87
1854,87,62
1855,52,82
1856,69,56
1857,56,43
1858,58,29
1859,76,66
1860,55,15
1862,42,49
1863,55,64
1864,75,74
1865,50,30
1867,80,74
1868,65,49
1869,59,74
1870,54,49
1871,73,60
1872,81,29
1873,63,79
1874,50,40
1877,89,85
1879,21,9
1880,55,37
1881,69,51
1882,58,53
1883,20,38
1886,81,64
1887,58,15
1889,57,54
1890,85,40
1892,81,60
1893,85,61
1895,73,54
1896,54,60
1897,62,35
1898,73,34
1899,58,39
1900,77,51
1901,74,66
1902,59,82
1903,82,40
1904,66,62
1906,73,57
1907,25,6
1908,68,48
1909,57,47
1910,76,64
1911,78,59
1912,75,66
1914,53,56
1915,56,29
1916,74,77
1918,65,31
1921,67,75
1922,59,46
1925,55,32
1926,87,76
1927,76,43
1928,78,47
1929,76,75
1930,71,68
1931,72,76
1932,82,70
1933,67,55
1934,78,47
1935,66,48
1936,78,27
1938,70,55
1939,71,87
1940,48,27
1941,80,73
1942,81,46
1943,76,70
1945,75,68
1946,61,33
1948,86,64
1950,75,69
1952,75,83
1953,65,73
1954,75,65
1955,68,34
1957,73,39
1958,80,91
1959,50,55
1960,58,37
1961,75,56
1962,67,47
1963,75,64
1964,86,43
1965,55,63
1966,46,42
1968,52,40
1969,72,68
1971,77,62
1972,70,94
1974,73,19
1975,34,49
1976,87,61
1977,41,56
1978,61,63
1980,49,51
1982,64,50
1983,87,61
1984,30,62
1985,37,32
1986,44,43
1987,89,73
1988,84,46
1989,68,66
1991,76,49
1992,80,57
1993,55,63
1994,54,49
1995,60,59
1997,88,90
1999,70,60
2000,69,61
2001,79,38
2002,72,44
2004,78,67
2005,56,79
2007,60,29
2008,36,46
2009,80,77
2011,77,81
2012,75,75
2013,69,39
2014,83,66
2015,63,54
2016,53,39
2017,79,22
2018,79,77
2019,69,64
2020,78,76
2021,73,65
2022,38,47
2024,78,68
2027,87,65
2029,63,66
2030,88,89
2031,61,47
2032,45,67
2033,46,29
2034,81,75
2035,79,54
2036,78,60
2037,29,38
2038,81,78
2039,80,65
2040,57,75
2041,69,71
2042,69,58
2043,77,62
2044,75,86
2045,64,46
2046,80,47
2047,62,53
2048,69,62
2049,80,48
2050,86,77
2051,82,74
2052,88,79
2053,71,74
2054,74,41
2055,73,74
2056,84,40
2057,74,70
2058,79,72
2059,82,15
2060,64,39
2061,75,48
2062,84,66
2063,82,63
2064,74,63
2065,53,53
2066,54,30
2067,69,40
2068,78,57
2069,46,34
2070,61,43
2071,79,55
2072,80,56
2073,79,54
2074,77,76
2076,87,61
2077,41,27
2078,76,66
2079,83,78
2081,63,52
2082,46,67
2084,79,71
2085,17,9
2086,32,13
2087,83,61
2088,86,35
2090,80,57
2091,76,71
2092,72,57
2095,61,32
2096,68,58
2097,61,31
2098,85,88
2099,79,59
2100,72,80
2101,77,58
2102,81,71
2103,59,32
2104,84,70
2105,66,55
2106,81,58
2107,74,64
2108,70,74
2109,86,69
2110,71,64
2111,68,80
2112,72,44
2114,71,54
2115,69,21
2116,85,50
2117,86,82
2118,67,49
2119,57,46
2120,75,67
2121,56,20
2122,75,76
2123,87,85
2124,73,44
2125,85,31
2126,70,36
2127,60,35
2129,61,78
2130,88,89
2131,75,37
2132,84,63
2134,82,70
2135,76,76
2136,87,44
2137,55,30
2138,75,65
2139,68,66
2141,73,59
2142,82,39
2143,85,44
2144,76,44
2145,58,61
2146,82,74
2148,76,68
2149,76,64
2150,69,59
2151,87,63
2152,61,57
2153,73,64
2154,65,55
2155,59,54
2157,87,66
2159,34,44
2161,76,67
2162,50,34
2163,65,42
2164,83,49
2166,75,61
2167,87,77
2168,69,59
2169,61,53
2171,84,72
2172,66,61
2173,56,37
2174,72,79
2175,87,74
2179,74,58
2181,36,28
2182,68,51
2183,66,56
2184,87,78
2185,61,62
2186,78,41
2189,83,59
2190,74,53
2191,48,33
2192,72,33
2193,81,56
2195,79,33
2197,75,62
2198,75,62
2199,62,34
2200,58,70
2201,72,48
2202,73,70
2203,82,82
2204,14,11
2205,51,43
2206,63,54
2207,75,47
2208,74,62
2209,75,49
2210,51,44
2211,83,72
2214,52,78
2215,80,61
2217,65,63
2218,69,75
2219,65,72
2220,61,37
2221,82,63
2223,57,37
2224,84,76
2225,85,66
2226,80,53
2227,79,41
2228,66,41
2229,80,63
2230,81,73
2233,84,45
2234,80,84
2235,86,73
2236,68,71
2237,80,33
2238,64,25
2239,66,31
2240,61,35
2241,62,72
2242,87,58
2244,80,80
2245,78,68
2246,65,65
2247,59,55
2248,68,44
2249,45,24
2251,57,63
2252,59,66
2253,73,52
2255,68,57
2256,74,65
2257,85,78
2258,74,48
2259,75,67
2260,57,64
2261,76,66
2262,72,83
2263,82,53
2264,73,63
2265,88,69
2266,66,71
2267,78,56
2269,73,67
2270,66,62
2271,73,80
2272,74,65
2273,66,42
2274,88,80
2275,83,55
2276,59,31
2277,45,38
2278,64,25
2279,35,31
2280,79,43
2282,86,70
2283,77,58
2284,60,65
2285,57,29
2286,60,59
2287,55,55
2288,70,76
2289,88,82
2290,78,70
2291,79,46
2293,55,27
2295,47,47
2296,81,70
2297,55,34
2298,78,55
2299,67,71
2300,74,57
2301,78,79
2302,84,82
2303,84,74
2305,76,55
2308,74,78
2309,75,73
2310,59,36
2311,79,75
2312,80,81
2314,58,34
2316,64,63
2317,86,52
2318,78,64
2319,63,40
2320,84,87
2321,79,80
2323,81,64
2324,53,66
2325,73,58
2326,67,72
2328,70,57
2330,60,65
2331,87,64
2332,51,43
2333,64,65
2334,88,68
2335,51,67
2337,77,47
2338,68,53
2339,79,68
2340,86,50
2341,67,67
2342,47,57
2343,66,65
2344,52,46
2345,56,51
2346,80,62
2347,58,35
2348,60,72
2349,82,80
2350,75,84
2351,79,80
2352,75,78
2353,61,79
2354,84,82
2355,63,51
2356,85,51
2357,84,48
2358,66,41
2359,49,33
2362,25,1
2363,71,75
2364,46,23
2365,63,49
2366,72,87
2367,81,45
2368,71,70
2369,83,67
2370,78,48
2371,88,47
2373,49,63
2374,46,26
2376,69,68
2377,86,71
2378,80,56
2379,80,73
2380,66,69
2381,52,45
2382,58,43
2383,65,51
2384,73,51
2385,75,30
2386,81,73
2387,45,29
2388,51,61
2389,58,66
2390,51,71
2391,70,82
2392,70,69
2394,37,24
2395,51,40
2396,40,56
2397,21,19
2398,69,75
2399,72,49
2400,47,51
2402,85,55
2403,69,56
2404,76,79
2405,47,75
2406,74,67
2408,66,46
2409,79,33
2412,78,65
2413,78,73
2414,79,83
2415,86,39
2416,80,58
2418,55,42
2420,65,45
2421,85,47
2422,86,62
2423,71,64
2424,71,64
2425,72,71
2426,58,56
2427,74,48
2428,71,69
2429,67,25
2430,74,81
2431,79,30
2432,70,33
2433,23,9
2434,82,52
2435,57,53
2437,46,66
2438,73,65
2439,63,59
2440,87,74
2442,77,88
2444,57,45
2445,87,52
2446,75,55
2447,35,32
2448,84,80
2449,83,74
2450,81,55
2451,74,58
2452,77,61
2454,71,63
2455,74,82
2456,82,87
2457,80,65
2458,57,62
2459,73,80
2460,68,60
2462,66,65
2463,58,46
2464,25,50
2465,60,30
2467,59,62
2468,52,36
2469,61,45
2470,83,66
2471,78,62
2472,68,80
2473,74,68
2474,82,51
2475,23,27
2477,66,47
2479,74,70
2480,73,74
2481,56,34
2482,66,59
2483,78,61
2484,78,78
2485,79,38
2486,87,72
2487,86,51
2488,66,60
2489,65,62
2490,85,41
2491,77,62
2493,72,71
2494,80,81
2495,81,72
2496,78,71
2497,64,58
2498,74,40
2499,49,47
2500,83,61
2501,77,66
2503,73,57
2505,53,48
2506,81,56
2507,60,65
2508,57,39
2509,71,58
2510,71,62
2511,86,71
2512,51,45
2514,50,54
2515,77,59
2516,55,40
2517,68,53
2518,77,51
2519,73,69
2520,86,82
2521,60,63
2522,67,67
2523,74,59
2524,76,82
2525,81,70
2526,81,65
2527,65,51
2528,79,81
2529,82,31
2531,73,84
2532,83,72
2533,73,56
2534,20,31
2535,66,47
2536,73,53
2537,77,76
2538,87,62
2539,71,44
2540,43,38
2541,62,76
2542,82,67
2543,67,71
2544,78,69
2546,79,76
2548,78,66
2549,56,36
2550,83,68
2551,82,87
2553,65,50
2554,68,54
2556,72,71
2557,60,75
2558,38,60
2559,74,81
2561,67,70
2562,69,45
2563,53,56
2564,77,52
2565,76,77
2566,45,34
2567,55,47
2568,73,60
2569,66,84
2570,80,74
2571,49,85
2572,87,65
2573,60,46
2574,66,57
2575,40,35
2576,68,69
2577,60,54
2578,52,66
2579,84,72
2580,50,53
2581,75,18
2582,76,87
2583,72,33
2584,41,55
2585,79,64
2586,52,52
2589,79,35
2591,78,58
2593,70,52
2594,69,64
2595,79,49
2600,80,45
2601,62,60
2603,59,53
2605,79,78
2606,85,36
2607,77,68
2608,50,37
2609,53,34
2610,62,63
2611,40,63
2612,74,49
2614,70,46
2615,63,59
2616,66,58
2617,60,80
2619,77,57
2620,73,64
2621,56,34
2622,53,46
2624,61,45
2625,53,27
2626,65,53
2628,72,62
2629,62,41
2630,72,45
2631,79,24
2632,85,85
2633,68,88
2634,61,38
2635,75,65
2636,65,62
2637,58,56
2638,29,11
2639,77,64
2640,51,43
2641,64,58
2642,83,76
2643,70,52
2644,75,56
2645,69,85
2646,78,81
2647,51,37
2648,37,23
2649,68,69
2650,72,77
2651,67,45
2652,82,41
2654,77,70
2655,39,65
2656,68,67
2657,77,71
2658,73,43
2659,78,63
2660,77,51
2661,75,84
2662,87,78
2663,81,70
2664,31,18
2666,66,62
2667,76,58
2668,85,74
2669,76,61
2670,55,47
2671,71,56
2672,71,74
2673,68,27
2674,62,52
2675,53,43
2676,82,69
2677,70,41
2679,65,55
2681,74,65
2682,81,61
2683,66,45
2684,77,74
2685,76,71
2686,82,81
2687,76,62
2688,64,48
2689,73,76
2690,86,87
2691,28,21
2692,72,54
2694,75,24
2695,60,41
2698,75,61
2699,39,60
2700,74,63
2701,69,48
2702,71,68
2703,29,26
2704,72,72
2705,75,60
2707,64,74
2708,76,40
2709,67,69
2710,79,77
2712,58,62
2714,71,72
2717,56,68
2718,86,53
2719,66,62
2720,71,36
2721,77,74
2722,64,55
2723,53,25
2724,73,64
2725,69,37
2727,71,54
2728,80,58
2729,76,54
2730,68,57
2731,74,41
2732,62,64
2733,81,73
2734,75,77
2735,66,69
2736,58,40
2737,68,64
2738,55,40
2739,49,47
2740,45,45
2742,79,31
2743,75,73
2744,78,38
2745,75,61
2746,44,23
2747,62,49
2748,81,86
2749,64,80
2750,78,72
2752,80,75
2754,53,33
2755,78,27
2756,72,53
2757,80,47
2759,76,90
2760,70,77
2761,50,38
2762,62,54
2763,65,65
2764,62,46
2765,78,66
2766,76,44
2767,81,73
2768,69,67
2769,78,52
2770,80,61
2771,73,53
2772,64,29
2773,61,57
2774,59,50
2775,61,62
2776,78,71
2777,68,61
2778,67,65
2779,77,47
2780,80,67
2781,60,17
2782,60,46
2783,73,58
2784,83,65
2785,81,75
2786,66,71
2788,74,64
2789,60,58
2791,85,70
2792,46,65
2793,76,40
2794,75,45
2796,53,73
2797,77,77
2799,66,43
2800,44,40
2801,65,75
2804,74,73
2805,79,73
2806,78,74
2807,80,60
2808,56,37
2809,66,32
2810,57,45
2811,73,61
2812,69,52
2813,54,70
2814,65,45
2815,79,52
2816,61,38
2817,69,73
2818,70,68
2819,66,45
2820,73,31
2821,70,57
2822,71,76
2823,76,64
2825,75,37
2826,73,56
2827,48,64
2828,66,57
2829,68,72
2830,69,70
2831,80,70
2833,75,62
2834,77,73
2835,67,53
2836,71,73
2837,67,52
2838,72,67
2839,72,53
2840,78,64
2841,51,61
2842,52,79
2843,49,26
2844,79,45
2845,70,57
2846,77,48
2847,74,67
2848,83,46
2849,77,49
2851,72,65
2853,63,36
2854,82,68
2855,84,50
2856,58,33
2857,69,55
2858,75,80
2859,74,61
2860,85,43
2861,63,37
2862,75,67
2863,73,71
2864,57,41
2865,55,66
2866,65,48
2867,56,59
2868,56,42
2869,65,61
2871,70,74
2872,77,72
2873,65,66
2874,73,74
2875,87,71
2876,50,51
2877,72,63
2878,56,66
2879,77,62
2880,78,85
2881,86,70
2882,49,36
2883,85,27
2884,74,48
2885,62,52
2886,44,26
2887,67,36
2888,80,47
2889,67,71
2891,43,17
2892,79,78
2893,77,72
2894,73,58
2895,87,68
2896,63,43
2899,85,64
2900,65,46
2901,47,56
2902,79,55
2903,77,63
2904,50,49
2905,83,30
2906,83,45
2907,87,29
2908,83,86
2910,46,57
2911,20,30
2912,74,66
2913,71,84
2915,61,84
2916,82,73
2917,22,36
2918,73,75
2919,79,67
2920,82,32
2921,59,62
2922,67,53
2923,72,68
2924,79,71
2925,73,71
2926,64,60
2928,78,66
2929,60,19
2930,82,52
2932,67,49
2933,65,58
2935,54,51
2936,77,52
2937,61,37
2938,74,53
2939,28,49
2940,65,74
2941,52,57
2942,82,64
2943,61,84
2944,60,61
2945,56,37
2947,80,69
2948,83,70
2949,70,43
2950,69,47
2951,71,66
2952,71,62
2953,81,57
2955,78,70
2956,69,27
2957,81,74
2958,69,67
2959,76,67
2960,61,35
2961,62,49
2962,77,44
2963,77,53
2964,80,63
2965,67,91
2967,73,64
2969,86,84
2970,73,69
2971,53,36
2972,52,36
2973,32,38
2974,74,75
2975,59,67
2976,70,85
2977,61,30
2979,46,42
2980,79,86
2981,77,56
2982,81,68
2983,52,39
2985,80,38
2986,54,33
2987,57,45
2988,86,76
2989,66,26
2990,71,41
2991,77,77
2993,81,75
2994,70,79
2995,64,57
2996,79,79
2997,58,65
2998,79,82
2999,61,52
3000,57,63
3001,88,66
3002,73,58
3004,67,69
3005,66,62
3006,80,72
3007,77,59
3008,57,35
3009,62,49
3010,73,48
3011,78,77
3012,66,58
3013,69,65
3014,71,68
3015,74,89
3017,53,55
3018,75,74
3019,83,36
3020,44,32
3021,85,44
3022,84,84
3023,82,61
3024,66,47
3025,70,59
3027,75,64
3028,71,59
3029,75,58
3030,55,50
3031,77,56
3032,67,84
3033,85,67
3034,84,73
3035,80,38
3036,64,49
3037,77,70
3038,63,54
3039,73,57
3040,85,80
3041,59,64
3042,60,68
3043,62,77
3044,60,27
3045,80,78
3046,62,66
3047,61,74
3049,77,28
3050,58,59
3051,73,56
3052,72,55
3053,79,51
3054,29,39
3055,78,86
3056,58,54
3060,88,89
3061,76,52
3062,83,36
3063,73,44
3064,41,21
3065,73,82
3066,74,73
3067,76,68
3068,85,64
3069,82,66
3070,54,59
3071,73,62
3072,66,55
3073,85,52
3074,55,43
3076,68,56
3077,69,68
3078,73,76
3079,35,38
3080,66,42
3082,70,49
3083,72,64
3084,81,68
3086,82,89
3087,68,59
3088,82,63
3089,85,69
3090,75,70
3091,71,82
3092,68,48
3093,66,61
3094,79,53
3095,47,22
3096,85,84
3097,79,73
3098,61,39
3099,63,45
3100,71,57
3101,87,98
3102,76,56
3103,85,65
3104,76,49
3105,79,22
3106,76,59
3107,44,33
3108,80,64
3109,78,64
3110,41,28
3111,66,34
3113,62,53
3114,81,72
3115,52,35
3116,69,44
3117,63,69
3118,64,65
3119,72,76
3120,61,28
3121,76,74
3123,74,68
3124,53,33
3125,79,43
3127,23,17
3129,72,62
3130,62,45
3131,81,75
3132,32,26
3134,52,41
3138,83,54
3139,52,34
3142,48,35
3143,45,27
3144,84,37
3145,64,81
3146,55,49
3147,82,59
3148,72,57
3149,75,64
3150,72,74
3151,74,74
3153,40,35
3154,71,71
3155,81,65
3156,84,60
3157,72,31
3158,51,47
3159,73,69
3160,59,42
3161,56,55
3162,74,45
3163,85,78
3164,64,52
3165,71,52
3166,62,33
3167,87,73
3168,51,27
3169,84,78
3171,71,52
3172,74,71
3173,54,65
3174,69,85
3175,79,82
3176,85,49
3177,77,51
3178,78,44
3179,80,66
3180,63,34
3181,62,49
3182,44,49
3183,39,29
3184,79,82
3185,81,72
3186,70,56
3188,70,58
3189,80,70
3190,79,85
3191,65,55
3192,85,61
3193,79,53
3194,69,41
3195,49,32
3196,55,59
3197,79,67
3198,78,67
3199,75,14
3200,78,74
3201,80,78
3202,69,64
3203,70,96
3204,66,61
3205,40,50
3206,80,70
3207,72,48
3208,87,73
3209,40,36
3210,80,71
3211,62,43
3212,64,36
3213,79,77
3214,79,59
3215,84,70
3216,66,65
3218,79,62
3221,73,54
3223,70,57
3224,72,60
3225,48,29
3226,51,31
3227,68,77
3228,76,73
3229,37,24
3230,62,34
3231,66,70
3232,82,71
3234,86,68
3235,87,81
3236,55,47
3238,69,77
3239,71,68
3240,86,54
3241,69,83
3242,59,63
3243,65,66
3244,50,57
3245,59,65
3246,48,18
3248,60,42
3249,84,54
3251,49,23
3252,57,36
3254,69,52
3255,71,75
3256,80,88
3257,73,48
3259,66,49
3260,69,66
3261,68,59
3262,68,54
3263,74,79
3264,57,61
3265,69,78
3267,46,17
3268,67,53
3269,57,25
3271,78,73
3272,74,32
3275,82,88
3276,37,53
3277,62,34
3278,67,52
3279,70,67
3280,73,52
3281,82,67
3282,79,68
3283,82,78
3284,73,62
3285,63,58
3286,68,38
3287,68,44
3288,73,71
3290,58,48
3291,51,62
3292,77,74
3293,81,81
3294,64,50
3296,69,69
3297,66,59
3298,81,52
3299,53,36
3300,67,85
3301,85,45
3302,78,68
3303,64,82
3304,79,77
3305,52,46
3306,79,66
3307,65,62
3308,81,64
3309,63,64
3311,79,59
3313,77,38
3314,70,55
3315,67,45
3316,86,70
3317,65,51
3318,63,53
3320,82,73
3321,60,79
3322,82,64
3323,71,74
3324,57,62
3325,65,61
3326,47,37
3327,64,44
3328,63,80
3329,83,64
3330,78,64
3332,69,69
3334,49,45
3335,86,96
3336,75,74
3337,83,63
3338,47,25
3339,69,61
3341,74,77
3342,62,69
3343,73,65
3344,73,71
3345,47,24
3346,69,64
3347,70,65
3348,76,69
3349,73,65
3350,75,73
3351,83,78
3352,81,54
3353,68,52
3354,76,81
3355,55,37
3356,73,64
3357,82,64
3358,79,78
3359,31,16
3360,75,59
3361,82,89
3362,67,50
3364,77,80
3365,78,86
3366,28,18
3367,69,55
3368,33,21
3369,61,46
3370,80,43
3371,84,74
3373,76,85
3374,67,50
3375,59,37
3376,20,13
3377,70,60
3378,65,67
3379,84,71
3381,65,45
3382,69,73
3383,64,44
3384,64,33
3385,86,66
3386,76,68
3387,78,62
3388,69,67
3389,67,71
3391,80,76
3392,72,63
3393,71,45
3394,87,83
3395,52,37
3396,66,60
3397,47,63
3398,80,50
3399,82,80
3400,63,40
3401,68,56
3402,73,55
3403,64,57
3404,43,25
3405,70,45
3406,61,46
3407,81,36
3408,49,38
3409,74,66
3410,78,36
3411,62,73
3412,50,41
3413,56,47
3414,75,61
3415,81,51
3416,66,52
3417,59,60
3418,73,76
3419,66,54
3420,78,57
3421,75,84
3423,74,55
3424,80,49
3425,80,32
3426,79,61
3427,65,54
3428,73,56
3429,62,56
3430,30,33
3431,71,82
3432,62,72
3433,75,65
3434,66,62
3435,67,63
3436,77,41
3437,84,81
3438,56,39
3439,69,56
3440,76,77
3442,42,19
3443,81,73
3444,62,41
3445,70,45
3446,80,68
3447,64,61
3448,54,69
3449,68,51
3450,67,61
3451,73,70
3452,63,44
3453,63,56
3454,80,73
3455,58,42
3456,73,67
3457,76,69
3458,71,83
3459,46,36
3460,63,46
3461,84,73
3462,76,82
3463,81,74
3465,61,49
3466,51,46
3467,32,38
3468,76,78
3469,66,62
3470,59,67
3471,63,45
3472,60,53
3473,74,70
3474,81,70
3475,58,49
3476,53,75
3477,71,43
3478,61,59
3479,78,54
3480,42,39
3481,80,53
3482,77,72
3484,74,70
3485,71,55
3486,69,46
3487,31,25
3488,77,63
3489,74,62
3490,83,85
3491,77,47
3492,66,65
3493,59,58
3494,86,67
3496,74,53
3497,64,44
3498,60,36
3499,35,47
3500,76,76
3501,66,54
3502,63,66
3503,63,47
3504,76,79
3505,75,48
3506,76,59
3508,81,42
3509,68,51
3510,50,47
3511,79,91
3512,35,37
3514,74,72
3515,70,68
3516,62,44
3517,63,59
3518,52,43
3519,60,66
3520,57,48
3521,49,52
3522,58,71
3523,65,60
3524,75,38
3525,82,75
3526,65,35
3527,67,73
3528,42,44
3529,70,58
3530,67,63
3533,76,78
3534,71,69
3535,75,85
3536,61,33
3537,30,30
3540,83,92
3542,82,81
3544,79,85
3546,77,65
3547,65,44
3548,72,25
3549,61,51
3550,69,51
3551,71,76
3553,54,39
3554,71,72
3555,72,65
3556,43,50
3557,78,61
3558,67,43
3559,68,35
3560,69,67
3561,59,48
3562,69,39
3563,80,58
3564,77,83
3565,68,63
3566,63,29
3567,85,90
3568,74,42
3569,75,65
3570,75,71
3571,81,93
3572,62,68
3573,75,74
3574,64,49
3575,48,24
3576,68,68
3578,58,41
3579,77,15
3580,71,49
3581,58,47
3582,78,49
3583,64,64
3584,64,41
3585,83,81
3586,63,79
3587,72,82
3588,56,57
3589,79,97
3590,80,83
3592,53,63
3593,28,9
3594,78,46
3595,84,37
3596,59,32
3597,76,70
3598,60,59
3599,51,30
3601,51,12
3602,32,36
3603,66,75
3604,45,29
3605,86,67
3606,66,55
3607,81,80
3608,23,7
3609,54,46
3610,53,51
3612,72,59
3613,75,35
3614,73,50
3615,66,62
3616,53,66
3617,81,67
3618,67,52
3619,70,54
3620,79,78
3621,51,74
3622,62,63
3623,68,40
3624,77,83
3625,57,46
3626,57,69
3627,75,63
3628,86,48
3629,58,47
3630,63,50
3631,80,76
3632,75,72
3633,46,34
3634,53,46
3635,65,36
3638,75,65
3639,74,63
3640,66,83
3641,76,67
3642,76,69
3643,76,60
3644,76,38
3645,52,51
3646,72,44
3647,63,68
3648,78,71
3649,71,39
3650,84,40
3651,78,59
3652,66,47
3653,63,41
3654,83,55
3655,85,70
3656,61,45
3657,86,63
3658,83,66
3659,85,37
3660,68,57
3661,84,57
3662,73,85
3663,73,76
3664,64,48
3666,61,32
3667,71,57
3668,73,71
3669,70,72
3670,66,48
3671,67,61
3672,56,33
3674,57,86
3675,56,56
3676,81,67
3677,64,30
3678,67,51
3679,84,55
3680,47,24
3681,74,76
3682,72,44
3684,72,65
3685,85,60
3686,78,75
3687,58,55
3688,73,44
3689,56,49
3690,42,17
3691,75,57
3692,71,55
3693,73,67
3694,80,79
3695,49,17
3696,78,43
3697,35,20
3698,75,67
3699,65,55
3701,71,57
3702,71,38
3703,62,45
3704,66,45
3705,78,55
3706,58,35
3707,84,31
3708,82,57
3709,81,71
3710,76,70
3711,48,56
3712,77,84
3714,82,60
3715,85,79
3716,51,37
3717,66,53
3718,66,69
3719,71,66
3722,78,67
3723,66,65
3725,60,47
3726,63,55
3727,71,62
3728,79,37
3730,57,35
3731,84,64
3732,81,54
3733,56,55
3734,57,36
3736,70,79
3737,80,56
3738,66,62
3739,53,55
3740,86,85
3741,54,65
3742,65,22
3743,65,49
3744,78,37
3745,72,80
3746,58,51
3747,62,53
3748,57,61
3749,71,63
3750,80,47
3751,71,56
3753,83,74
3754,74,74
3755,62,52
3756,76,69
3757,72,51
3758,53,54
3759,77,80
3760,64,75
3761,79,81
3762,71,84
3763,63,55
3764,56,34
3765,71,61
3766,59,61
3768,70,54
3769,80,63
3770,64,62
3771,40,24
3773,70,52
3775,66,33
3776,78,78
3777,63,71
3778,89,95
3779,47,64
3780,66,51
3781,64,49
3782,75,82
3783,73,61
3785,77,73
3786,68,62
3788,85,63
3789,65,39
3791,59,48
3792,43,31
3794,75,78
3795,53,57
3796,53,43
3797,76,78
3801,77,58
3802,73,68
3803,69,51
3804,44,36
3805,66,22
3806,90,84
3807,67,72
3808,81,75
3809,73,66
3810,59,62
3811,57,64
3814,82,89
3815,79,51
3817,63,47
3818,50,40
3819,79,82
3820,69,64
3821,70,57
3822,62,47
3823,38,31
3824,58,56
3825,70,66
3826,72,64
3827,69,63
3828,74,59
3829,68,66
3830,82,25
3831,66,52
3832,69,61
3833,69,54
3834,74,71
3836,34,36
3837,70,44
3838,66,46
3839,75,35
3840,57,35
3841,63,73
3842,70,70
3843,65,53
3844,68,43
3845,63,54
3846,65,70
3847,50,84
3848,58,55
3849,60,52
3850,79,83
3851,85,61
3852,57,26
3853,35,15
3854,14,15
3855,82,72
3856,67,55
3857,73,53
3859,58,72
3861,52,24
3863,58,62
3864,71,55
3865,52,56
3866,66,63
3867,78,67
3869,49,36
3870,86,49
3871,47,27
3872,65,57
3875,60,64
3876,74,54
3877,86,33
3878,69,72
3879,65,31
3880,57,40
3881,49,47
3882,70,34
3883,74,62
3885,85,47
3886,67,43
3887,77,37
3888,81,54
3889,54,37
3890,46,39
3893,72,53
3894,78,84
3896,55,20
3897,41,41
3898,59,45
3899,74,57
3900,67,35
3901,62,64
3902,57,82
3903,76,56
3904,83,53
3905,71,57
3906,68,51
3907,64,58
3908,70,69
3909,57,54
3910,80,84
3911,59,53
3912,82,58
3914,60,26
3915,52,31
3917,74,49
3918,76,57
3919,51,56
3920,74,69
3921,76,82
3922,78,63
3923,51,57
3924,76,79
3925,67,41
3926,87,82
3927,63,40
3928,63,45
3929,57,20
3930,80,67
3932,84,82
3933,64,65
3934,69,36
3935,68,58
3936,46,28
3938,65,56
3939,81,64
3940,69,61
3941,71,78
3942,79,32
3943,81,61
3944,63,49
3945,73,55
3946,78,84
3947,69,84
3948,68,53
3949,42,63
3952,63,58
3955,73,79
3956,82,67
3957,52,29
3958,87,57
3959,83,78
3960,49,56
3961,78,41
3962,76,83
3963,58,51
3964,72,65
3965,78,80
3966,77,82
3967,73,28
3968,60,30
3969,70,68
3970,73,58
3971,63,80
3972,54,58
3973,70,64
3974,60,38
3975,37,27
3976,79,68
3977,79,72
3978,80,50
3979,47,40
3980,71,68
3981,55,71
3982,69,64
3983,76,65
3984,82,80
3986,58,36
3987,74,92
3988,64,53
3989,76,46
3990,73,83
3992,52,33
3993,63,57
3994,68,53
3995,74,70
3996,75,30
3997,64,56
3998,79,91
3999,74,69
4000,59,58
4001,49,40
4002,76,79
4003,42,24
4004,70,69
4005,61,43
4006,52,30
4007,51,44
4008,82,62
4009,55,51
4010,69,51
4011,58,60
4012,51,39
4013,60,81
4014,57,43
4015,61,49
4016,75,40
4017,55,17
4018,71,44
4020,54,29
4021,63,76
4022,74,51
4023,63,43
4024,51,38
4025,84,80
4026,77,45
4027,60,47
4028,70,36
4029,63,52
4030,52,36
4031,63,34
4032,72,87
4033,85,74
4034,62,77
4035,71,81
4037,57,31
4038,52,50
4039,74,75
4041,80,31
4042,57,38
4043,32,45
4044,32,17
4045,70,77
4046,74,72
4047,74,80
4049,69,70
4050,84,56
4052,67,63
4053,81,56
4055,43,7
4056,60,52
4057,63,61
4058,53,60
4059,66,39
4060,62,42
4061,87,80
4062,77,68
4063,51,69
4064,78,70
4065,61,41
4066,80,77
4067,80,44
4068,72,63
4069,50,38
4070,83,59
4071,75,89
4073,69,56
4074,50,70
4075,53,20
4076,68,50
4077,61,33
4078,63,88
4079,73,76
4080,63,48
4081,66,57
4082,65,46
4083,80,85
4084,52,38
4085,40,40
4086,79,82
4087,64,56
4088,79,74
4089,72,64
4090,83,82
4091,22,45
4092,57,47
4093,62,54
4094,53,38
4095,59,48
4096,83,56
4097,66,41
4098,76,76
4099,78,54
4100,73,74
4101,68,59
4102,78,64
4103,64,72
4104,76,75
4105,86,61
4106,72,81
4107,58,25
4108,58,20
4109,69,61
4111,80,83
4112,66,54
4113,78,34
4114,81,84
4115,65,41
4116,60,55
4117,76,73
4118,53,40
4119,79,82
4120,56,64
4121,82,62
4122,81,41
4123,60,46
4124,82,64
4125,74,67
4126,63,48
4127,52,62
4129,60,50
4130,71,85
4131,84,55
4132,82,82
4133,60,49
4134,40,40
4135,71,58
4136,57,42
4137,72,78
4138,69,78
4139,59,66
4140,80,72
4141,80,68
4142,82,83
4143,68,54
4144,87,88
4145,76,22
4146,56,66
4147,76,75
4148,68,58
4149,75,19
4151,51,32
4152,71,34
4153,77,84
4154,79,42
4155,78,73
4156,67,65
4157,82,80
4158,56,54
4159,83,67
4161,63,55
4162,68,59
4163,66,68
4164,66,61
4165,77,68
4166,68,48
4167,72,63
4168,64,45
4169,48,34
4170,54,35
4171,76,78
4172,66,63
4173,65,51
4174,63,51
4175,55,31
4176,73,95
4177,85,50
4178,69,50
4179,75,70
4180,71,86
4181,44,17
4183,62,28
4184,59,54
4185,68,74
4186,78,32
4189,65,69
4190,73,78
4191,68,77
4192,81,76
4193,70,74
4195,45,41
4196,79,83
4197,87,42
4198,61,40
4199,78,44
4200,53,28
4201,80,56
4202,73,81
4203,55,42
4204,84,74
4205,64,60
4206,71,80
4207,82,76
4208,66,29
4209,82,84
4210,75,73
4211,62,63
4212,66,69
4213,82,71
4214,58,69
4215,53,32
4216,62,62
4217,73,66
4218,54,54
4219,66,66
4220,81,81
4222,83,70
4223,77,86
4224,53,43
4225,75,83
4226,57,39
4227,79,47
4229,68,81
4230,65,62
4231,43,55
4232,73,57
4233,78,62
4234,78,69
4235,83,62
4236,73,85
4237,66,35
4238,45,53
4239,86,89
4240,75,76
4241,46,30
4242,74,69
4244,67,55
4246,69,70
4247,48,35
4249,58,39
4250,49,30
4251,68,69
4252,70,69
4255,72,66
4256,42,17
4257,79,73
4258,84,65
4259,61,61
4260,48,27
4261,72,60
4262,70,75
4264,59,35
4265,59,55
4266,57,66
4267,59,48
4268,85,24
4269,50,34
4271,58,28
4272,64,92
4273,71,81
4274,76,75
4275,76,66
4276,65,71
4278,72,47
4279,57,33
4280,51,68
4281,74,45
4282,53,66
4283,67,61
4286,33,51
4287,66,44
4288,70,65
4289,45,39
4290,45,26
4291,66,28
4292,59,68
4293,59,45
4294,56,57
4297,17,13
4298,67,84
4299,62,66
4301,52,59
4302,58,58
4303,68,68
4304,86,73
4306,80,71
4307,72,39
4308,78,85
4309,75,71
4310,57,23
4311,70,72
4312,64,44
4313,84,81
4314,73,61
4317,69,34
4318,52,49
4320,84,82
4321,55,33
4322,65,71
4323,68,58
4324,55,37
4325,72,49
4326,59,53
4327,57,43
4328,73,34
4329,65,47
4330,64,30
4332,79,67
4333,58,28
4336,60,24
4337,68,73
4338,72,55
4339,79,71
4340,81,78
4341,78,41
4342,66,75
4343,25,47
4344,56,34
4345,64,54
4346,56,49
4347,59,54
4348,83,83
4349,66,30
4350,65,58
4351,56,49
4352,76,77
4353,66,45
4355,67,43
4356,74,73
4357,74,76
4359,59,51
4360,53,39
4361,68,69
4362,74,53
4364,68,85
4365,41,44
4366,74,73
4367,67,34
4368,50,19
4369,73,73
4370,75,64
4371,70,67
4372,59,49
4373,72,50
4376,84,58
4377,73,47
4378,16,64
4379,51,36
4380,76,76
4382,84,8
4383,79,54
4384,74,83
4385,83,77
4386,71,74
4387,59,59
4388,62,42
4389,61,40
4390,82,70
4391,76,83
4393,75,83
4394,51,27
4395,45,49
4396,79,64
4397,45,41
4398,61,81
4399,54,57
4400,74,57
4401,72,93
4402,71,65
4403,80,64
4404,59,51
4405,79,82
4407,46,21
4408,67,57
4409,62,33
4410,56,66
4412,85,63
4413,52,47
4414,75,81
4415,71,53
4416,30,27
4417,72,51
4418,66,45
4419,45,32
4421,53,68
4422,68,19
4423,46,36
4424,66,55
4425,79,67
4426,62,32
4427,50,25
4428,81,82
4429,62,43
4430,77,64
4431,84,70
4432,72,42
4433,62,43
4434,73,74
4435,86,50
4437,51,47
4438,55,43
4439,51,34
4441,71,71
4443,59,35
4445,85,63
4446,74,77
4447,74,47
4448,85,90
4449,50,31
4450,54,72
4451,65,52
4453,78,75
4454,71,56
4455,70,62
4457,59,53
4458,56,43
4459,79,81
4461,65,63
4462,81,79
4463,54,38
4464,77,40
4466,66,46
4467,69,34
4468,67,69
4469,82,75
4470,82,66
4471,64,56
4472,55,76
4473,81,79
4475,60,32
4476,41,22
4477,76,76
4478,79,65
4479,70,85
4480,72,73
4481,57,48
4484,65,63
4485,87,75
4487,61,67
4488,75,70
4489,55,33
4491,50,39
4494,66,58
4495,69,45
4497,63,70
4498,64,43
4499,82,36
4500,58,56
4501,81,71
4503,65,47
4504,53,31
4505,53,31
4506,72,54
4507,71,75
4508,81,55
4510,55,68
4511,51,51
4512,81,85
4514,84,66
4515,71,71
4517,75,52
4518,67,55
4519,85,42
4520,85,80
4522,76,75
4524,72,61
4525,63,37
4526,56,34
4527,76,69
4528,62,44
4529,68,75
4530,41,33
4531,49,35
4532,30,23
4533,69,55
4535,75,78
4536,78,40
4537,58,63
4538,83,68
4540,64,57
4541,76,64
4543,77,58
4545,66,33
4547,54,75
4550,55,51
4551,63,50
4552,69,66
4554,63,53
4555,45,37
4558,50,51
4559,78,57
4560,74,62
4561,64,43
4562,79,47
4563,59,78
4564,67,58
4565,53,69
4567,41,27
4568,75,55
4569,70,76
4570,71,82
4572,75,62
4574,72,50
4575,41,43
4576,65,24
4577,63,73
4578,78,30
4579,68,65
4580,39,21
4582,45,30
4583,69,65
4585,56,66
4587,50,56
4588,78,53
4589,80,79
4590,73,63
4591,71,47
4592,66,61
4593,75,72
4594,73,90
4595,74,88
4596,67,55
4597,62,74
4598,70,79
4599,39,33
4600,48,72
4602,76,53
4603,89,92
4605,63,46
4606,77,73
4607,50,30
4608,75,85
4609,63,45
4610,64,65
4611,82,37
4613,51,58
4614,24,20
4615,50,49
4616,77,72
4617,63,51
4618,69,66
4619,72,86
4620,65,71
4621,69,52
4622,62,46
4623,77,77
4624,88,74
4625,70,68
4626,61,61
4627,75,74
4628,65,70
4629,74,74
4630,55,69
4631,84,77
4632,76,56
4633,64,65
4635,50,30
4636,53,37
4637,57,56
4638,68,77
4640,78,77
4641,75,68
4642,73,60
4644,53,56
4648,68,67
4649,78,45
4650,64,85
4651,86,60
4652,73,65
4654,63,45
4655,69,65
4656,68,64
4657,68,57
4658,57,22
4659,78,83
4660,51,50
4663,73,69
4665,81,69
4666,61,47
4667,64,45
4669,77,88
4670,28,18
4671,56,50
4672,53,55
4673,54,52
4674,58,53
4675,76,76
4676,70,76
4677,62,52
4678,73,86
4679,61,62
4681,81,71
4682,79,45
4683,62,63
4684,70,68
4685,68,80
4686,68,61
4687,61,57
4688,65,51
4689,79,86
4690,71,60
4691,77,60
4692,77,72
4694,63,57
4695,71,53
4698,44,54
4699,64,72
4700,65,59
4702,61,48
4703,66,39
4704,66,57
4705,55,37
4706,59,43
4707,49,40
4710,77,69
4711,57,36
4712,71,65
4713,85,44
4714,72,72
4715,70,64
4717,74,74
4718,63,51
4719,57,65
4720,71,69
4721,67,63
4722,70,53
4723,73,81
4724,57,59
4725,55,28
4726,66,25
4728,55,58
4729,72,49
4730,83,59
4731,66,56
4732,85,79
4734,82,95
4735,44,42
4736,60,27
4737,84,88
4738,73,63
4741,56,39
4742,78,82
4743,73,25
4744,73,67
4745,63,61
4746,58,58
4747,64,64
4748,53,68
4749,79,94
4750,70,61
4751,55,68
4753,61,56
4754,70,56
4755,69,60
4756,77,75
4758,66,39
4760,58,53
4765,44,71
4766,71,31
4767,65,63
4768,54,24
4770,69,60
4772,84,78
4773,82,50
4774,79,41
4775,82,59
4776,81,82
4777,70,68
4778,65,51
4779,68,69
4780,65,50
4781,78,68
4782,64,83
4784,76,63
4785,67,62
4786,66,57
4789,34,26
4790,51,72
4791,70,69
4793,76,65
4794,55,58
4795,65,65
4796,73,52
4798,66,81
4799,75,47
4800,66,44
4801,29,55
4802,84,71
4804,27,18
4805,83,88
4806,83,76
4807,77,57
4809,81,79
4810,62,47
4811,67,65
4812,83,65
4813,72,42
4814,72,71
4815,65,45
4816,80,76
4817,48,28
4818,61,53
4819,81,79
4820,64,43
4821,63,37
4823,58,21
4824,50,51
4825,43,46
4826,76,76
4827,72,49
4828,46,35
4829,61,45
4830,74,27
4832,63,67
4833,77,80
4834,54,83
4835,45,33
4836,74,82
4837,75,80
4838,73,58
4839,70,81
4840,70,63
4842,55,64
4843,82,72
4844,51,28
4845,67,74
4846,82,68
4847,65,67
4848,62,48
4849,56,46
4850,75,39
4852,73,74
4853,71,68
4854,42,55
4855,55,50
4856,65,69
4857,65,68
4858,72,66
4860,52,39
4861,76,67
4862,64,64
4863,80,64
4864,61,49
4865,55,38
4866,53,65
4869,47,64
4870,50,42
4871,49,37
4872,40,23
4873,65,26
4874,77,66
4876,70,70
4877,53,35
4878,78,69
4879,57,53
4880,64,33
4881,29,52
4883,78,64
4884,80,87
4885,61,55
4888,55,22
4889,60,36
4892,56,78
4893,65,33
4894,84,69
4895,66,56
4896,49,50
4897,64,65
4898,58,44
4899,56,45
4900,73,70
4901,69,86
4902,72,43
4903,54,40
4904,61,45
4905,79,67
4906,77,75
4907,63,42
4908,71,60
4910,71,87
4911,67,69
4912,58,37
4913,67,71
4914,78,82
4915,65,50
4916,54,38
4918,74,76
4919,67,50
4921,44,49
4923,44,29
4925,78,76
4927,68,54
4928,79,54
4929,63,59
4930,81,91
4931,70,57
4932,74,63
4933,76,60
4934,77,75
4935,75,66
4936,73,90
4937,70,51
4938,76,87
4939,48,44
4940,87,45
4941,49,27
4942,62,68
4943,63,33
4944,77,51
4945,70,80
4946,49,33
4948,49,41
4949,79,65
4950,73,52
4951,63,70
4952,60,59
4953,77,74
4954,79,50
4955,72,60
4956,58,61
4959,67,55
4960,50,36
4961,74,66
4963,77,65
4964,54,49
4965,62,85
4966,79,51
4967,71,53
4968,65,69
4970,50,31
4972,72,72
4973,54,28
4977,76,63
4978,64,52
4980,66,55
4981,73,72
4982,68,62
4983,64,78
4984,71,61
4986,81,80
4987,60,49
4988,49,45
4989,69,66
4990,71,66
4991,60,48
4993,69,52
4994,76,88
4995,80,84
4996,68,86
4997,51,31
4999,72,55
5000,74,66
5001,51,20
5003,63,50
5004,46,44
5005,56,53
5006,59,65
5007,47,23
5009,69,57
5010,76,57
5011,74,55
5012,48,56
5013,69,50
5014,48,22
5015,52,36
5016,64,60
5017,51,55
5018,81,33
5019,70,57
5020,79,85
5021,71,75
5023,63,65
5024,70,45
5025,72,64
5027,70,63
5028,50,59
5029,52,41
5030,67,51
5031,48,25
5032,72,56
5034,18,62
5037,80,81
5038,63,45
5041,78,67
5042,57,44
5044,70,85
5045,60,81
5047,46,64
5048,58,54
5049,63,62
5050,81,81
5051,29,13
5052,63,60
5054,78,76
5056,78,65
5059,38,37
5061,60,67
5062,83,59
5063,73,72
5064,65,82
5065,72,61
5067,50,49
5069,67,76
5070,60,39
5072,60,53
5073,68,68
5074,65,36
5076,69,65
5078,73,64
5080,53,47
5081,57,57
5082,64,64
5083,74,71
5084,15,26
5085,68,62
5089,58,42
5090,77,72
5091,58,41
5093,77,43
5094,68,66
5095,68,72
5096,67,48
5097,67,71
5099,81,76
5101,75,57
5102,66,42
5103,75,83
5105,58,34
5107,71,38
5108,45,30
5109,55,72
5110,82,85
5111,71,65
5113,58,35
5114,70,42
5115,71,74
5116,56,58
5117,19,32
5118,75,74
5119,48,54
5120,63,66
5121,71,66
5122,67,63
5123,64,59
5124,64,67
5126,75,76
5127,65,61
5128,71,75
5129,59,50
5130,74,68
5131,59,60
5133,73,58
5134,73,75
5136,73,52
5137,59,67
5138,73,78
5139,68,86
5140,44,30
5141,57,72
5144,59,82
5146,78,68
5147,59,39
5148,32,31
5149,74,59
5150,79,62
5151,58,36
5152,56,49
5153,66,50
5154,61,48
5156,86,79
5158,15,31
5160,51,36
5161,66,37
5162,72,64
5163,53,49
5164,63,71
5165,61,48
5166,63,33
5167,29,37
5168,78,64
5169,59,70
5170,58,57
5171,38,52
5172,62,65
5173,56,45
5174,52,56
5175,69,74
5177,64,60
5179,75,68
5180,71,24
5181,65,58
5182,66,65
5183,75,44
5184,49,24
5185,69,75
5187,48,63
5188,83,78
5191,58,37
5192,42,22
5193,78,76
5195,19,9
5196,54,46
5197,70,70
5198,43,31
5199,47,28
5200,72,53
5201,48,40
5203,63,73
5204,86,71
5205,69,94
5207,66,80
5208,62,55
5209,82,78
5210,65,60
5211,35,38
5212,62,49
5213,54,59
5214,72,47
5216,83,76
5217,59,45
5218,79,59
5219,46,25
5220,68,64
5221,58,44
5223,67,43
5224,80,87
5225,71,54
5227,58,64
5229,54,57
5230,83,81
5231,84,72
5234,65,28
5235,76,42
5236,84,35
5238,77,61
5239,72,81
5241,78,85
5242,80,65
5243,56,35
5245,65,81
5246,61,37
5247,63,61
5248,80,37
5249,72,69
5250,71,56
5251,31,17
5252,71,67
5254,72,64
5255,63,52
5256,78,74
5258,22,36
5259,75,34
5260,61,58
5261,69,79
5263,63,49
5264,63,53
5265,81,70
5266,63,49
5267,63,58
5269,62,37
5270,78,68
5271,63,50
5273,70,71
5275,64,46
5277,71,82
5278,72,76
5279,70,75
5281,69,60
5282,61,59
5283,54,63
5284,62,49
5285,50,26
5286,52,35
5287,58,60
5288,50,29
5290,61,50
5291,64,53
5292,65,52
5293,72,68
5295,74,65
5296,59,37
5297,63,56
5298,71,60
5299,73,41
5300,69,61
5301,52,71
5302,55,46
5304,64,64
5306,44,36
5307,69,59
5308,56,55
5310,65,59
5312,87,71
5313,58,46
5314,75,74
5315,23,23
5316,60,52
5317,67,80
5320,61,65
5321,77,84
5322,76,74
5323,76,46
5326,55,67
5327,55,50
5329,58,53
5330,59,40
5332,46,45
5333,76,65
5334,65,76
5335,74,69
5336,77,83
5337,78,65
5338,81,89
5339,78,75
5341,75,75
5342,75,69
5346,69,79
5347,75,65
5348,71,67
5349,78,72
5350,46,57
5352,75,70
5353,72,26
5354,83,67
5355,47,22
5356,71,39
5357,83,85
5358,66,85
5359,69,37
5360,75,68
5361,65,71
5363,38,24
5364,72,61
5366,79,73
5367,74,48
5368,80,71
5369,63,57
5370,78,68
5371,72,46
5372,32,56
5374,72,83
5375,69,58
5376,59,46
5377,52,18
5378,68,72
5379,62,79
5380,89,95
5381,57,38
5382,62,52
5384,80,82
5385,71,76
5386,49,22
5387,72,58
5388,70,61
5389,26,18
5390,63,35
5391,46,42
5392,61,51
5394,44,29
5395,63,44
5396,21,44
5398,58,73
5399,61,28
5401,72,67
5402,58,54
5403,76,67
5404,59,46
5405,51,59
5406,78,70
5407,52,34
5408,63,39
5411,53,19
5412,40,73
5413,63,40
5414,48,22
5415,69,64
5417,60,61
5418,74,69
5419,65,67
5420,68,55
5421,72,63
5422,61,64
5423,64,62
5425,73,76
5426,70,74
5427,58,41
5429,59,70
5430,67,52
5431,83,80
5432,65,43
5433,74,71
5434,69,64
5435,71,68
5437,42,34
5438,50,59
5440,81,80
5441,70,60
5442,61,31
5443,65,40
5444,57,36
5445,49,43
5446,71,67
5447,50,66
5448,65,73
5449,64,53
5450,63,53
5451,70,66
5452,75,70
5453,59,46
5455,73,66
5456,60,48
5458,69,66
5459,63,90
5460,66,40
5461,48,26
5462,66,73
5463,81,96
5464,63,83
5465,59,55
5466,79,77
5467,70,51
5468,64,58
5469,30,59
5470,78,49
5471,63,72
5473,69,42
5474,53,77
5475,80,69
5476,55,52
5477,72,53
5478,78,52
5479,85,58
5480,65,60
5481,68,57
5483,59,38
5484,65,48
5485,75,87
5486,42,54
5488,48,38
5491,60,32
5492,65,82
5493,70,68
5494,82,73
5495,38,38
5496,80,72
5497,73,74
5499,72,64
5500,55,45
5502,52,46
5503,84,70
5504,69,48
5505,52,37
5506,55,34
5507,72,49
5508,69,64
5509,54,67
5510,34,63
5512,71,63
5513,61,64
5516,79,78
5517,61,48
5518,61,45
5520,73,52
5521,55,53
5522,48,44
5523,78,48
5524,77,82
5525,82,72
5526,65,43
5527,59,56
5529,65,57
5530,53,41
5532,66,80
5533,54,41
5534,80,82
5535,79,30
5536,72,59
5537,73,83
5538,56,39
5539,63,38
5540,62,51
5542,82,73
5543,66,82
5545,74,51
5546,72,75
5548,54,56
5549,54,50
5550,82,72
5552,71,55
5553,74,67
5554,62,62
5555,65,43
5556,70,73
5557,62,44
5558,81,62
5559,50,14
5560,81,72
5562,62,34
5563,80,69
5564,74,62
5566,68,50
5568,59,55
5569,60,45
5570,73,56
5571,69,28
5572,72,80
5573,52,63
5576,65,75
5578,64,71
5581,75,60
5582,64,58
5584,49,41
5585,65,49
5587,75,87
5589,59,53
5590,86,73
5591,64,50
5592,59,35
5593,70,74
5594,72,60
5595,62,53
5596,43,37
5597,52,33
5598,56,41
5599,74,78
5600,46,32
5601,64,58
5603,81,84
5605,78,84
5606,82,57
5608,70,63
5609,15,31
5611,74,35
5613,68,31
5615,42,24
5616,62,57
5619,78,42
5621,70,66
5622,54,49
5623,67,60
5624,80,72
5625,60,45
5626,65,64
5627,74,72
5628,76,74
5630,69,55
5632,59,47
5633,66,66
5634,50,31
5635,70,40
5636,37,9
5637,45,57
5638,64,72
5640,59,42
5641,72,69
5642,72,60
5643,70,59
5644,80,75
5646,62,54
5647,75,86
5650,50,42
5651,61,72
5652,50,74
5653,64,49
5654,83,79
5655,66,68
5656,70,62
5657,68,67
5658,70,66
5659,73,57
5663,64,59
5664,59,60
5665,58,46
5666,66,54
5667,65,75
5668,62,26
5669,62,69
5671,61,67
5673,58,49
5674,56,36
5675,78,77
5676,67,57
5678,83,72
5680,75,76
5681,88,78
5682,81,80
5683,70,67
5686,81,67
5687,78,81
5688,67,62
5689,74,62
5692,51,43
5693,56,36
5694,37,43
5695,44,20
5696,71,59
5697,67,54
5701,39,30
5702,58,43
5703,60,57
5704,66,65
5705,77,43
5706,54,61
5707,74,38
5709,45,48
5711,61,61
5712,60,50
5714,61,47
5715,68,55
5716,72,69
5717,64,68
5718,53,58
5719,79,41
5720,84,72
5721,83,67
5722,83,82
5723,63,54
5724,67,53
5725,71,51
5727,62,36
5728,59,50
5730,65,50
5731,79,77
5732,68,66
5733,79,65
5734,69,71
5736,82,70
5737,40,18
5738,70,57
5739,79,58
5740,65,41
5741,73,32
5742,70,66
5743,69,55
5745,72,67
5746,73,57
5747,47,52
5748,86,45
5749,63,52
5750,78,61
5751,49,53
5753,80,68
5754,66,68
5755,76,62
5756,81,79
5757,40,22
5758,58,55
5759,44,44
5760,67,37
5762,48,45
5763,69,61
5764,69,73
5766,72,55
5767,51,39
5769,73,86
5771,52,33
5772,39,43
5773,72,69
5774,87,60
5775,77,68
5778,52,31
5779,81,86
5783,86,67
5786,67,58
5787,52,34
5789,70,47
5790,83,84
5791,73,66
5792,67,48
5794,48,66
5795,62,57
5797,79,69
5799,69,42
5801,63,40
5804,70,54
5805,73,74
5806,87,90
5807,75,49
5808,68,81
5809,56,45
5810,81,77
5811,72,46
5812,56,45
5813,69,55
5814,65,70
5815,48,51
5816,76,86
5817,52,26
5819,52,58
5820,62,40
5821,45,37
5825,69,75
5827,69,66
5829,72,53
5830,80,71
5831,31,25
5832,65,71
5833,82,83
5834,43,41
5835,75,84
5836,47,40
5837,49,30
5838,54,57
5839,84,69
5841,67,77
5842,35,52
5843,54,51
5844,40,52
5846,68,55
5847,76,79
5848,62,45
5849,82,55
5850,57,37
5852,58,52
5853,47,16
5854,72,70
5856,57,76
5857,69,63
5858,78,71
5859,74,67
5860,54,45
5861,60,49
5863,58,53
5864,73,76
5865,67,87
5866,56,45
5867,74,63
5868,68,65
5869,85,56
5870,57,51
5871,71,61
5872,65,57
5873,83,72
5874,51,50
5875,77,73
5876,82,75
5877,68,60
5880,65,69
5881,75,86
5882,41,30
5883,77,81
5884,66,74
5885,69,46
5886,53,61
5888,64,63
5890,63,65
5892,78,73
5893,65,67
5894,85,81
5895,48,52
5896,79,79
5897,43,31
5898,74,58
5900,67,55
5901,79,73
5902,80,79
5903,72,78
5905,59,62
5906,72,62
5907,61,64
5908,79,51
5910,72,47
5911,66,38
5912,56,58
5914,50,49
5915,57,52
5917,58,55
5919,52,38
5920,48,71
5921,58,27
5922,51,81
5923,35,62
5924,77,74
5926,48,45
5928,82,60
5931,69,54
5932,79,41
5934,80,58
5935,43,48
5936,81,94
5937,65,50
5938,69,95
5940,71,86
5941,56,51
5942,64,50
5943,64,65
5944,59,56
5945,78,73
5946,58,59
5947,86,81
5948,74,63
5949,51,36
5950,73,80
5951,64,78
5953,61,55
5954,61,64
5955,84,83
5957,45,31
5958,50,20
5959,73,55
5961,62,40
5964,65,41
5965,70,33
5968,54,49
5969,63,56
5970,68,66
5973,64,57
5975,66,54
5977,58,23
5978,73,74
5979,67,53
5980,60,34
5981,31,18
5982,60,42
5984,45,54
5985,76,66
5986,80,76
5987,57,48
5988,37,17
5991,68,91
5992,70,60
5993,79,77
5994,46,28
5996,49,35
5997,76,76
6000,79,75
6002,65,41
6003,60,20
6004,45,28
6005,61,52
6006,57,34
6007,52,35
6008,71,76
6009,74,81
6010,58,21
6011,50,54
6013,75,68
6015,59,65
6016,72,50
6017,60,67
6018,63,37
6021,61,51
6022,54,34
6025,60,51
6026,60,81
6029,54,40
6030,86,58
6032,56,56
6033,38,35
6034,59,48
6035,75,84
6038,78,79
6039,87,39
6041,73,60
6042,60,48
6045,61,44
6046,55,58
6047,42,43
6049,62,72
6052,75,71
6053,65,69
6054,58,28
6056,73,76
6057,38,42
6058,59,63
6059,65,51
6060,58,44
6061,85,45
6062,76,63
6063,60,48
6064,47,44
6067,64,81
6070,57,28
6072,68,71
6073,68,58
6074,58,41
6075,71,49
6076,71,55
6077,75,67
6078,61,49
6079,78,82
6081,69,57
6082,40,35
6083,53,41
6084,48,42
6085,65,64
6086,63,80
6087,49,35
6088,85,68
6089,28,26
6090,45,63
6091,70,67
6092,63,58
6094,56,28
6098,73,57
6099,48,73
6100,73,36
6101,71,63
6102,69,43
6103,58,57
6104,87,61
6105,69,81
6106,75,62
6107,60,55
6108,78,64
6109,68,57
6110,45,36
6111,28,11
6112,68,66
6114,77,58
6116,84,79
6120,74,72
6121,71,54
6122,57,57
6125,74,42
6126,62,61
6127,58,75
6128,73,62
6129,54,56
6130,81,76
6131,65,45
6132,58,65
6134,45,28
6135,54,39
6136,72,54
6137,60,69
6140,56,76
6141,61,25
6143,65,62
6144,52,48
6145,70,60
6147,62,76
6148,85,60
6149,78,74
6151,62,39
6153,47,35
6154,66,26
6155,56,52
6156,65,69
6157,83,91
6158,72,55
6159,69,70
6160,52,65
6161,66,80
6163,77,72
6165,63,74
6166,45,46
6167,56,34
6168,78,82
6169,66,72
6170,72,42
6172,54,30
6173,83,94
6174,63,52
6175,70,61
6176,64,79
6177,65,76
6178,64,69
6179,39,33
6180,82,46
6182,71,50
6183,51,72
6184,66,71
6185,77,68
6186,87,67
6187,76,61
6188,80,67
6189,82,76
6191,75,78
6192,53,44
6193,59,42
6194,63,58
6195,53,41
6197,68,43
6198,71,60
6199,42,69
6201,77,70
6202,78,54
6203,71,67
6204,74,83
6206,68,80
6207,48,80
6209,55,25
6210,68,78
6211,75,55
6213,63,66
6215,44,29
6216,72,82
6217,68,47
6218,76,65
6219,75,58
6220,67,74
6221,67,57
6222,68,63
6223,80,69
6224,75,63
6225,66,77
6226,70,66
6227,25,34
6228,85,87
6229,57,55
6230,78,73
6231,68,84
6232,84,43
6233,45,48
6234,65,60
6236,58,52
6237,63,69
6238,72,62
6239,66,53
6240,64,37
6241,55,39
6242,71,49
6243,83,79
6244,48,57
6245,79,68
6247,58,67
6249,78,85
6250,32,19
6251,51,25
6252,75,65
6253,61,26
6254,80,72
6255,70,68
6257,84,77
6258,70,49
6260,60,40
6261,73,74
6262,63,58
6263,82,83
6264,73,53
6265,49,14
6266,59,38
6267,60,62
6268,58,56
6270,78,37
6271,47,25
6272,66,47
6273,84,91
6274,82,68
6276,76,78
6278,71,86
6279,45,49
6280,58,59
6281,25,27
6283,57,61
6284,68,61
6287,38,34
6289,66,55
6290,68,52
6291,38,35
6292,69,68
6293,82,79
6295,73,53
6296,58,36
6298,79,82
6300,51,39
6301,69,44
6302,60,44
6303,78,61
6304,57,50
6305,66,79
6306,46,58
6307,60,51
6309,39,39
6310,62,73
6313,80,64
6314,57,71
6315,69,74
6316,55,42
6317,71,83
6318,71,59
6319,52,44
6320,69,41
6321,68,65
6322,42,32
6326,62,33
6327,66,49
6328,65,71
6329,64,61
6330,56,25
6331,69,34
6332,84,82
6333,64,37
6334,68,73
6336,78,81
6337,64,49
6338,58,68
6339,70,66
6340,61,50
6343,60,50
6345,40,22
6346,73,58
6347,46,49
6348,65,72
6349,54,53
6350,67,34
6353,63,47
6354,57,37
6355,70,48
6358,49,41
6360,60,80
6363,69,58
6364,16,68
6365,70,49
6366,74,40
6367,51,19
6368,54,55
6370,34,51
6371,42,48
6373,70,76
6374,32,49
6375,60,75
6378,67,40
6379,70,48
6382,62,42
6383,73,81
6384,76,78
6386,67,53
6387,62,75
6388,31,29
6389,74,60
6390,76,61
6392,62,55
6394,86,70
6395,85,74
6396,67,54
6397,53,28
6398,77,51
6399,59,39
6401,47,34
6402,68,59
6403,69,66
6404,84,68
6405,81,61
6407,84,75
6408,69,70
6409,64,69
6411,53,71
6413,74,86
6415,79,77
6416,54,50
6417,54,54
6418,50,25
6419,62,62
6420,64,30
6421,62,56
6423,78,96
6424,46,69
6426,35,12
6427,64,51
6429,55,36
6430,69,65
6431,76,87
6432,60,63
6433,59,44
6434,62,50
6436,81,82
6437,33,32
6438,48,58
6439,54,21
6440,77,77
6441,58,17
6442,59,41
6443,64,41
6444,43,38
6445,73,61
6446,83,55
6447,77,63
6448,79,65
6449,67,65
6450,80,96
6452,66,87
6454,62,53
6455,73,65
6456,75,71
6457,61,53
6459,78,49
6460,52,49
6461,38,23
6462,48,35
6463,81,77
6464,62,49
6468,55,69
6469,68,52
6470,78,89
6471,55,56
6472,71,70
6473,64,54
6475,57,48
6476,79,84
6478,85,55
6479,74,62
6481,48,49
6482,82,79
6483,39,35
6484,66,51
6485,42,38
6486,58,36
6487,70,48
6488,66,52
6489,76,63
6492,79,70
6494,81,71
6495,78,82
6496,53,38
6497,72,74
6498,32,37
6499,78,81
6502,71,60
6503,68,57
6506,64,44
6507,72,67
6508,72,53
6510,72,61
6511,83,83
6512,70,54
6515,64,31
6519,74,65
6520,80,87
6521,70,61
6522,58,59
6523,80,86
6524,59,64
6525,62,44
6527,72,76
6528,47,74
6529,79,77
6531,79,76
6533,49,48
6536,75,75
6537,62,40
6538,45,49
6539,58,60
6540,83,75
6541,64,32
6542,74,63
6544,78,93
6546,70,30
6547,62,78
6550,54,46
6551,85,76
6552,72,34
6553,48,69
6555,73,90
6556,53,50
6557,67,55
6558,76,65
6560,78,66
6562,40,28
6563,62,61
6564,86,91
6567,83,85
6568,77,83
6569,40,37
6570,61,25
6571,62,28
6572,71,58
6573,64,35
6574,32,39
6575,71,75
6576,75,54
6577,65,75
6578,66,52
6579,75,60
6580,76,49
6581,65,53
6582,54,47
6583,51,42
6585,58,29
6586,53,37
6587,63,41
6589,78,72
6590,44,41
6591,50,40
6592,58,39
6593,64,62
6594,21,22
6595,79,72
6596,58,41
6597,74,57
6599,71,64
6600,27,34
6601,72,56
6602,59,57
6603,73,52
6604,79,73
6605,63,70
6606,56,41
6607,44,37
6608,30,42
6609,57,49
6610,73,37
6611,71,83
6612,44,30
6613,53,71
6614,65,82
6615,62,62
6617,46,68
6618,61,60
6619,44,17
6620,60,32
6621,57,49
6622,55,36
6625,86,72
6626,47,31
6627,66,73
6628,55,37
6629,40,19
6631,58,58
6632,46,29
6634,83,83
6635,54,52
6636,62,23
6637,73,53
6638,60,31
6639,41,25
6640,62,52
6641,60,62
6642,68,61
6643,60,56
6644,42,57
6645,43,30
6646,68,32
6647,57,58
6649,56,47
6650,51,31
6651,66,77
6652,57,40
6653,53,22
6655,78,81
6656,71,47
6657,71,75
6658,52,39
6660,77,86
6661,55,48
6662,70,56
6663,75,45
6664,41,37
6665,45,49
6666,54,28
6667,80,76
6668,81,87
6669,60,48
6670,75,68
6671,86,61
6672,49,33
6674,65,66
6675,68,68
6676,67,59
6677,65,51
6678,84,88
6679,51,33
6680,63,57
6681,59,40
6682,74,90
6683,61,22
6684,74,61
6686,71,73
6687,65,39
6689,60,29
6691,74,53
6692,27,31
6694,75,62
6695,56,61
6696,70,68
6697,66,45
6698,73,63
6699,60,48
6700,53,76
6701,82,79
6705,63,61
6706,71,64
6707,67,63
6709,75,65
6711,66,60
6712,55,51
6713,81,75
6714,71,69
6715,83,72
6716,54,68
6717,53,41
6718,85,71
6719,64,55
6720,78,75
6721,68,69
6722,69,66
6723,58,46
6724,85,70
6725,51,36
6726,77,85
6727,47,40
6728,52,66
6729,65,60
6730,69,69
6732,68,80
6733,57,68
6735,75,52
6737,67,54
6739,73,59
6740,72,74
6741,60,48
6742,31,61
6743,75,79
6744,65,44
6745,61,49
6746,71,59
6747,46,47
6748,60,42
6749,67,44
6750,37,17
6751,26,36
6753,71,68
6754,59,58
6755,47,40
6756,49,86
6757,54,57
6759,40,29
6760,78,51
6763,74,78
6764,55,40
6766,83,56
6767,55,66
6768,78,81
6769,55,71
6770,74,62
6772,69,52
6773,67,39
6774,45,41
6775,62,44
6776,69,63
6778,53,32
6779,36,25
6780,74,64
6781,68,62
6782,63,45
6783,75,56
6787,75,91
6789,63,53
6790,47,45
6791,48,25
6792,77,68
6793,58,42
6794,70,71
6795,54,51
6796,50,25
6797,53,25
6798,63,68
6799,68,69
6800,81,39
6801,64,68
6804,53,45
6807,58,64
6808,30,14
6809,68,62
6810,62,51
6811,71,56
6813,73,77
6814,60,44
6815,58,31
6816,73,73
6817,86,72
6818,68,86
6819,51,21
6820,61,76
6821,61,61
6822,39,44
6823,59,49
6824,82,75
6826,52,44
6827,67,51
6828,67,81
6829,56,56
6830,68,67
6831,64,65
6832,68,56
6833,69,75
6834,69,57
6835,75,87
6837,67,42
6838,65,66
6839,43,29
6842,86,71
6843,66,76
6844,61,52
6845,83,53
6846,66,64
6847,68,70
6848,75,78
6849,74,69
6851,59,49
6852,80,51
6853,59,62
6854,74,83
6855,80,71
6856,61,63
6857,58,45
6858,75,59
6859,68,55
6860,83,77
6863,56,35
6864,58,88
6865,65,79
6866,72,32
6867,71,64
6868,61,54
6869,70,72
6870,58,73
6871,63,77
6872,80,65
6873,63,72
6874,66,54
6875,59,43
6877,77,81
6879,39,38
6880,50,38
6881,74,69
6883,58,51
6884,66,82
6885,82,62
6887,78,51
6888,63,44
6890,72,84
6891,78,72
6892,60,60
6893,44,32
6895,55,74
6896,73,71
6897,57,15
6898,60,40
6899,51,53
6900,65,34
6901,30,39
6903,83,87
6906,73,81
6907,51,81
6908,62,34
6910,75,100
6911,82,79
6913,62,68
6914,41,48
6915,23,28
6916,69,44
6917,71,75
6918,78,81
6919,44,51
6921,78,67
6922,9,8
6924,76,57
6925,62,54
6926,28,11
6927,51,48
6928,31,36
6929,64,50
6930,62,40
6931,74,43
6932,55,65
6934,70,73
6935,61,38
6937,55,70
6938,63,47
6939,72,61
6940,64,54
6941,69,56
6942,72,72
6943,51,35
6944,41,50
6945,65,18
6946,40,30
6947,74,77
6948,42,50
6949,75,64
6950,70,71
6951,84,76
6953,69,66
6954,79,75
6956,76,80
6957,54,67
6958,51,45
6960,67,58
6961,70,76
6962,52,44
6963,52,45
6964,51,31
6966,70,55
6968,72,59
6969,64,30
6971,53,74
6972,73,45
6973,67,66
6974,71,75
6975,53,66
6976,66,50
6977,31,8
6978,58,35
6979,63,47
6980,59,75
6984,58,37
6985,73,28
6986,59,46
6988,71,82
6990,81,65
6992,80,46
6993,69,66
6994,46,34
6995,36,19
6996,48,66
6997,71,41
6998,81,81
6999,56,38
7001,63,38
7002,58,49
7003,71,56
7004,51,40
7005,64,60
7006,69,66
7007,60,46
7008,71,63
7009,41,46
7011,66,53
7013,73,58
7014,71,58
7016,47,64
7017,78,86
7021,34,25
7022,50,34
7023,53,47
7024,68,77
7026,67,52
7027,64,47
7028,21,9
7029,71,70
7030,54,58
7031,67,65
7033,46,26
7034,63,84
7035,38,56
7036,61,57
7037,74,69
7038,57,67
7039,72,74
7040,66,83
7041,87,76
7042,64,57
7043,78,68
7044,66,68
7045,84,29
7046,24,77
7049,41,26
7050,55,49
7052,68,57
7053,76,32
7054,66,50
7055,66,44
7056,72,78
7057,54,55
7060,53,42
7062,50,66
7063,63,61
7064,38,32
7065,77,79
7066,70,61
7067,70,57
7068,64,66
7069,64,45
7070,63,38
7071,78,72
7073,50,37
7074,34,29
7075,65,79
7076,82,79
7077,66,61
7078,53,35
7080,26,12
7081,49,43
7082,47,73
7083,72,65
7084,22,33
7085,66,51
7086,23,32
7087,59,54
7088,63,37
7089,72,59
7090,64,40
7091,76,55
7092,71,60
7093,27,19
7094,72,52
7095,75,64
7096,67,67
7097,75,63
7098,71,48
7099,75,89
7100,52,37
7101,89,88
7102,67,56
7103,66,72
7104,82,87
7105,73,54
7106,43,79
7107,56,52
7108,73,64
7109,77,76
7110,64,76
7111,86,52
7112,53,29
7113,73,67
7114,85,89
7116,52,47
7118,68,57
7119,38,45
7120,76,88
7121,52,22
7122,76,87
7123,77,79
7124,81,68
7125,66,63
7126,55,70
7127,70,58
7128,79,38
7129,69,36
7131,57,51
7132,59,75
7135,57,53
7136,54,41
7137,45,31
7138,64,46
7139,86,76
7143,85,74
7145,49,51
7146,58,28
7149,78,74
7150,49,49
7151,53,37
7152,50,53
7153,80,47
7154,64,66
7155,40,53
7156,78,71
7157,86,71
7158,74,68
7160,69,62
7161,65,73
7163,55,36
7164,71,81
7165,11,18
7166,66,43
7167,60,58
7168,77,83
7169,73,67
7170,73,67
7171,65,68
7173,59,37
7174,70,74
7175,75,76
7176,58,63
7177,71,81
7179,48,38
7181,53,51
7182,79,85
7183,52,21
7184,63,64
7186,35,38
7187,59,40
7188,66,53
7189,80,69
7190,71,47
7192,84,86
7193,81,71
7195,79,75
7196,72,74
7197,75,69
7198,86,52
7200,31,31
7201,59,57
7202,71,56
7203,25,31
7204,56,58
7205,40,61
7206,78,80
7207,78,72
7209,52,24
7210,46,67
7212,48,52
7213,40,33
7214,73,81
7216,60,86
7218,52,36
7221,68,81
7223,70,62
7225,70,59
7226,52,33
7227,69,94
7228,60,47
7229,83,85
7230,85,88
7231,85,89
7232,65,72
7233,72,62
7234,60,69
7235,73,92
7236,72,80
7237,55,55
7238,61,52
7239,65,59
7241,70,79
7242,77,79
7244,73,61
7245,44,42
7246,64,66
7247,35,31
7250,79,69
7251,40,44
7253,47,26
7255,55,67
7256,76,63
7257,60,62
7258,71,73
7259,55,51
7260,85,89
7261,53,56
7264,79,77
7265,75,50
7266,80,45
7267,33,35
7268,18,17
7269,28,36
7270,66,62
7271,63,49
7272,46,35
7273,84,74
7274,35,27
7275,60,57
7276,61,49
7277,69,48
7278,51,25
7279,53,30
7280,69,87
7281,54,59
7283,73,92
7284,80,69
7285,51,26
7286,75,58
7287,73,45
7288,71,85
7289,54,90
7290,54,47
7291,50,38
7292,35,24
7293,53,40
7294,78,73
7295,60,74
7297,44,40
7298,68,44
7299,58,52
7300,76,75
7301,37,33
7302,41,30
7303,66,62
7304,69,58
7305,51,52
7306,29,46
7307,77,90
7308,82,45
7309,80,60
7310,49,29
7311,72,60
7312,70,51
7313,79,76
7315,66,54
7316,63,68
7319,55,45
7321,35,29
7322,73,60
7323,67,56
7324,85,77
7326,75,83
7330,68,74
7331,64,35
7332,62,56
7333,70,64
7334,59,67
7335,82,50
7336,33,33
7337,73,77
7338,48,31
7339,71,64
7342,77,76
7343,57,77
7344,72,41
7345,80,70
7346,56,33
7347,82,70
7348,63,48
7349,56,50
7350,63,62
7351,60,51
7352,69,61
7353,42,32
7354,55,56
7355,80,59
7356,74,67
7357,38,54
7358,82,80
7359,21,22
7360,79,83
7361,80,59
7362,87,83
7363,51,23
7364,39,19
7365,76,67
7366,75,69
7367,69,68
7368,32,20
7369,63,62
7370,55,33
7371,66,58
7372,63,86
7374,58,77
7375,70,74
7377,71,70
7378,55,42
7379,46,39
7380,71,45
7382,69,71
7383,61,54
7384,81,67
7386,43,34
7387,71,55
7388,59,69
7390,52,36
7391,37,39
7392,58,54
7393,83,83
7394,54,71
7395,65,77
7396,72,80
7397,77,67
7398,72,51
7399,77,52
7400,68,51
7401,63,44
7402,55,54
7403,68,67
7404,45,75
7405,72,27
7409,86,87
7410,74,76
7411,38,32
7412,70,79
7413,58,49
7414,72,70
7415,80,78
7416,49,30
7417,69,42
7418,63,68
7419,52,33
7420,56,60
7421,87,56
7422,48,34
7423,56,41
7424,73,66
7425,74,72
7426,43,42
7427,26,13
7428,82,73
7429,60,59
7431,60,50
7432,54,59
7435,63,57
7436,66,66
7437,77,83
7438,64,30
7439,38,51
7440,76,51
7441,69,32
7443,68,50
7444,74,80
7446,79,55
7447,70,66
7448,52,58
7449,81,74
7450,74,71
7452,62,56
7454,39,49
7455,53,48
7456,68,69
7457,54,71
7458,75,69
7460,66,55
7461,41,36
7462,41,31
7463,50,57
7464,63,52
7466,65,30
7467,61,52
7468,52,39
7469,67,58
7470,57,55
7472,58,62
7473,40,46
7474,61,63
7475,70,75
7476,86,90
7477,60,63
7478,66,72
7479,69,67
7480,71,41
7481,71,77
7482,44,34
7483,72,63
7484,36,47
7485,75,70
7487,25,5
7488,65,60
7489,79,72
7490,43,40
7491,51,44
7492,64,58
7493,66,75
7495,52,73
7496,56,43
7498,40,28
7499,66,79
7500,68,68
7502,69,81
7503,52,38
7507,80,24
7509,55,48
7510,65,52
7511,81,80
7512,49,75
7513,74,76
7514,38,68
7515,7,1
7516,63,65
7517,53,44
7518,81,50
7520,68,59
7522,44,52
7523,81,74
7526,67,75
7528,78,78
7529,55,77
7530,25,58
7531,46,37
7532,75,72
7533,65,81
7534,78,67
7536,74,64
7537,87,94
7538,51,56
7541,51,37
7542,71,65
7543,79,75
7544,54,35
7545,53,73
7546,65,51
7547,70,70
7548,65,59
7549,48,63
7550,49,53
7551,66,56
7552,73,54
7555,61,47
7556,81,64
7557,62,48
7558,65,46
7560,56,60
7562,58,38
7563,83,85
7564,77,76
7567,58,55
7568,73,63
7569,43,47
7571,48,46
7572,61,64
7573,74,75
7574,60,52
7575,50,65
7576,45,51
7577,55,56
7578,82,34
7579,74,68
7580,54,42
7581,74,86
7582,61,30
7583,72,54
7584,84,83
7585,75,76
7586,51,72
7587,79,64
7589,67,53
7590,73,45
7591,75,67
7592,41,26
7593,83,92
7594,77,67
7595,55,75
7596,78,81
7599,59,40
7601,52,84
7602,63,56
7603,78,89
7604,51,27
7605,43,53
7606,78,57
7607,59,41
7609,38,38
7610,60,65
7611,83,87
7612,64,34
7613,49,51
7614,79,77
7616,45,58
7617,56,33
7618,79,75
7619,28,30
7620,66,56
7621,75,82
7623,72,53
7624,78,81
7625,84,81
7626,49,64
7627,60,64
7628,62,66
7629,62,39
7630,26,27
7631,71,61
7632,64,54
7633,65,87
7634,62,71
7635,84,77
7636,50,39
7638,46,36
7639,59,70
7640,83,77
7641,65,75
7642,57,47
7643,76,68
7645,34,23
7647,77,72
7648,60,62
7649,56,45
7650,75,56
7651,75,67
7655,61,50
7656,71,72
7657,53,69
7658,69,77
7660,42,28
7661,64,59
7662,68,45
7663,58,32
7664,52,11
7668,64,38
7669,65,77
7670,51,56
7671,84,74
7672,87,82
7673,55,26
7674,53,46
7675,52,54
7676,58,68
7677,54,39
7678,58,51
7679,54,79
7681,72,31
7682,76,83
7683,54,50
7684,40,57
7686,58,35
7688,60,41
7689,66,72
7690,48,32
7691,71,81
7693,69,75
7694,73,78
7695,28,28
7696,67,65
7697,65,78
7698,78,81
7699,82,70
7700,69,64
7701,64,36
7702,62,55
7703,62,58
7704,74,65
7706,81,83
7707,75,68
7708,51,36
7709,66,49
7710,70,64
7711,44,34
7712,62,43
7713,56,83
7714,70,77
7715,81,82
7716,55,56
7717,66,74
7718,77,76
7719,59,70
7720,61,46
7721,26,63
7722,73,74
7723,65,80
7724,71,44
7726,69,77
7728,48,23
7729,35,30
7730,66,27
7731,48,38
7732,68,51
7733,56,58
7734,71,89
7735,67,62
7737,75,70
7738,45,34
7739,60,65
7740,76,50
7741,61,61
7742,71,91
7743,62,64
7744,63,50
7745,57,36
7746,76,93
7747,81,80
7750,74,83
7751,41,39
7753,70,53
7754,52,36
7755,71,82
7756,77,59
7757,68,50
7758,77,77
7759,63,79
7760,53,62
7761,79,73
7762,82,79
7763,76,81
7764,77,66
7765,75,81
7766,67,60
7767,70,67
7768,83,86
7769,85,60
7770,64,80
7771,56,74
7772,69,66
7773,58,84
7774,73,72
7775,80,61
7776,66,59
7777,68,59
7778,28,42
7779,55,64
7780,39,30
7781,41,29
7782,68,64
7783,65,34
7784,86,80
7785,48,58
7786,59,42
7787,83,63
7788,58,51
7790,65,53
7791,78,32
7793,65,76
7794,80,88
7797,73,59
7798,83,87
7799,61,73
7800,58,68
7801,68,60
7803,82,93
7804,62,65
7805,80,67
7806,73,80
7807,73,60
7808,75,69
7809,56,44
7810,61,65
7811,65,37
7812,84,75
7813,70,83
7814,49,31
7815,69,69
7816,64,34
7817,77,43
7819,63,55
7821,31,42
7822,80,94
7823,61,72
7824,68,51
7825,84,55
7826,81,77
7827,77,83
7828,56,45
7829,66,65
7830,64,58
7831,67,63
7833,80,82
7834,66,66
7835,55,36
7836,64,74
7837,60,70
7838,68,66
7839,80,79
7840,78,79
7841,62,58
7843,70,80
7844,54,77
7846,76,49
7847,61,59
7848,62,47
7849,72,71
7850,72,65
7851,50,37
7852,68,70
7853,22,25
7854,54,49
7855,71,64
7859,81,80
7860,64,39
7861,68,47
7862,81,81
7863,78,68
7864,35,18
7867,40,33
7868,65,80
7870,63,58
7871,73,91
7872,67,80
7873,73,94
7874,74,64
7875,63,55
7876,80,42
7877,65,56
7878,40,34
7879,76,68
7880,80,76
7881,75,88
7882,70,59
7883,62,55
7884,26,35
7885,58,62
7887,73,38
7888,67,34
7889,70,85
7891,70,48
7892,66,60
7893,66,57
7894,85,74
7895,56,39
7896,60,39
7897,12,21
7898,46,32
7899,51,40
7901,77,84
7902,40,21
7903,70,57
7904,47,45
7905,33,22
7906,48,41
7907,49,53
7909,59,39
7910,53,33
7911,72,42
7912,67,42
7913,69,73
7914,23,28
7915,53,49
7916,74,66
7918,66,58
7919,76,82
7920,59,43
7921,59,38
7922,53,60
7923,60,72
7924,80,66
7925,65,24
7926,55,45
7927,53,32
7928,58,58
7929,46,26
7930,76,73
7931,65,60
7932,74,81
7933,53,54
7934,29,14
7935,80,65
7936,68,66
7937,60,51
7939,77,79
7940,78,75
7941,48,62
7942,41,34
7943,78,82
7945,73,55
7946,66,56
7947,69,51
7950,71,69
7951,73,83
7952,50,46
7953,49,43
7954,54,47
7955,72,54
7956,45,25
7957,68,71
7960,64,78
7961,62,52
7962,68,68
7963,51,53
7964,65,87
7966,56,62
7967,63,53
7968,53,28
7969,52,41
7970,63,68
7972,65,57
7973,86,78
7974,77,76
7975,56,59
7976,74,72
7977,68,58
7978,71,73
7979,71,63
7980,59,44
7981,68,50
7982,66,76
7983,73,52
7984,60,44
7985,50,41
7986,54,33
7987,83,84
7988,60,44
7990,79,86
7991,68,76
7992,68,87
7993,69,63
7994,78,60
7995,48,65
7996,65,44
7997,71,73
7998,66,65
7999,43,33
8000,64,53
8001,65,54
8002,75,85
8003,61,58
8004,70,44
8005,65,64
8006,58,74
8007,50,31
8008,50,47
8009,60,75
8010,53,37
8011,69,39
8012,51,59
8013,70,83
8014,53,60
8015,51,71
8016,22,22
8017,58,45
8018,63,64
8019,70,81
8022,69,77
8023,42,32
8025,75,51
8026,75,49
8027,78,51
8028,68,67
8029,68,70
8030,65,52
8031,75,80
8033,46,40
8034,71,74
8036,58,67
8037,71,33
8038,81,36
8039,72,79
8042,85,79
8043,73,42
8044,70,57
8045,75,77
8046,70,74
8047,60,66
8048,58,58
8049,65,59
8051,43,50
8052,71,64
8053,59,27
8055,66,72
8056,52,35
8057,61,68
8061,63,63
8062,57,58
8063,27,18
8065,46,37
8066,65,29
8067,53,36
8068,67,67
8069,71,56
8070,22,55
8071,77,69
8072,67,74
8073,56,47
8075,82,75
8076,70,75
8077,71,76
8078,57,66
8079,64,29
8080,82,71
8081,51,65
8082,66,73
8083,58,67
8084,68,87
8085,66,55
8086,55,90
8087,72,39
8088,46,22
8089,75,72
8090,24,27
8091,71,82
8092,53,58
8093,54,60
8095,73,85
8096,63,76
8097,48,44
8098,55,58
8099,85,80
8100,64,43
8101,77,70
8103,73,84
8104,50,31
8106,60,34
8107,32,76
8108,67,64
8109,56,70
8111,46,22
8112,68,66
8113,52,63
8114,64,52
8115,30,53
8118,68,51
8119,82,68
8120,57,40
8121,70,72
8122,66,90
8124,79,81
8125,68,79
8127,70,73
8128,32,32
8129,77,83
8131,67,56
8132,63,72
8133,68,70
8135,63,46
8137,77,65
8138,86,70
8139,63,50
8141,81,32
8142,63,53
8143,64,52
8144,53,72
8145,71,62
8146,73,77
8149,58,29
8150,68,67
8151,56,70
8152,72,63
8153,75,76
8156,68,74
8157,71,53
8158,81,81
8159,45,32
8160,70,67
8161,81,81
8162,73,64
8163,69,42
8164,85,55
8165,44,51
8166,61,66
8167,63,59
8168,67,71
8169,58,66
8170,55,48
8171,80,75
8172,79,75
8173,63,57
8174,60,66
8175,76,78
8176,61,44
8177,60,55
8178,66,81
8179,78,72
8180,35,38
8181,67,31
8183,45,71
8184,76,51
8186,76,75
8187,62,61
8188,75,77
8190,72,66
8191,65,51
8192,66,64
8193,64,43
8194,28,60
8195,48,2
8197,50,40
8198,73,66
8199,48,59
8200,72,83
8203,43,34
8204,76,58
8205,67,68
8206,73,72
8207,69,68
8209,79,73
8211,66,58
8212,53,60
8213,62,68
8214,85,80
8215,73,78
8216,58,59
8217,64,58
8220,75,63
8224,77,86
8226,30,11
8228,59,40
8229,66,58
8230,77,70
8234,72,59
8235,66,66
8236,70,66
8237,67,50
8238,70,71
8239,81,88
8240,58,62
8241,51,68
8242,49,50
8243,67,71
8244,56,66
8247,59,55
8248,50,38
8249,66,68
8250,83,83
8251,84,35
8252,81,84
8253,75,76
8254,68,75
8255,71,76
8256,70,61
8257,79,57
8258,63,75
8259,62,58
8260,79,71
8262,60,54
8263,70,54
8264,72,74
8265,54,38
8266,62,70
8267,59,74
8268,69,53
8269,60,57
8270,51,23
8272,44,56
8273,55,37
8276,57,48
8277,56,50
8279,62,41
8280,69,60
8281,64,65
8282,45,23
8283,57,55
8284,87,92
8285,75,74
8287,70,86
8290,63,80
8291,84,74
8293,69,69
8294,66,71
8295,65,67
8296,76,74
8298,30,31
8299,37,36
8300,52,73
8301,27,28
8304,49,47
8305,66,59
8306,27,7
8307,77,65
8308,74,37
8309,67,69
8310,70,58
8312,71,75
8313,85,72
8315,62,73
8316,56,39
8317,65,69
8318,77,81
8319,63,67
8320,73,64
8321,43,27
8322,52,60
8323,65,73
8324,63,56
8325,70,78
8326,72,47
8329,65,54
8330,60,74
8331,74,70
8332,72,78
8333,71,79
8336,73,68
8337,62,63
8339,66,70
8340,72,47
8341,67,57
8343,77,83
8344,82,83
8345,86,52
8346,78,69
8349,60,51
8350,83,87
8351,45,48
8352,54,69
8353,61,48
8354,58,58
8355,61,47
8356,34,34
8357,76,83
8358,77,77
8359,74,67
8360,80,92
8361,50,57
8362,86,88
8363,61,82
8364,67,72
8366,49,51
8367,48,38
8368,46,60
8369,62,74
8370,29,22
8371,79,74
8372,58,55
8374,73,51
8375,38,54
8376,69,35
8377,60,43
8378,81,63
8379,47,30
8380,67,76
8381,70,87
8382,66,64
8383,56,47
8384,73,34
8385,59,48
8386,71,99
8387,78,65
8388,86,84
8389,54,46
8391,83,71
8393,83,72
8394,44,68
8395,56,42
8396,78,76
8397,52,28
8398,77,77
8399,65,72
8400,54,42
8401,81,72
8402,58,53
8403,82,71
8404,71,79
8408,79,73
8409,65,55
8410,51,55
8411,82,81
8412,60,53
8413,56,46
8414,72,89
8416,40,25
8417,60,82
8418,60,69
8419,35,30
8422,78,54
8424,68,62
8425,70,71
8426,73,66
8427,69,65
8428,46,24
8430,82,96
8431,77,67
8432,76,77
8433,63,48
8435,67,60
8436,54,38
8437,78,81
8438,54,60
8439,55,72
8441,68,77
8442,78,69
8443,80,64
8444,71,64
8446,39,43
8450,49,30
8451,73,81
8452,50,28
8453,66,48
8454,63,54
8455,72,55
8456,60,63
8457,69,88
8458,44,40
8460,62,48
8461,55,60
8462,58,56
8464,53,95
8465,84,94
8466,76,75
8467,50,42
8469,72,70
8470,56,50
8471,59,72
8472,62,23
8473,73,79
8474,71,82
8475,76,65
8476,59,36
8478,56,41
8479,57,61
8480,60,36
8481,72,73
8482,68,41
8483,71,69
8484,63,59
8485,69,65
8486,78,76
8487,79,78
8488,76,79
8489,80,39
8490,75,74
8491,80,49
8492,70,93
8493,74,83
8494,78,90
8495,53,25
8496,50,47
8497,56,47
8498,54,23
8499,61,44
8500,65,52
8503,54,41
8505,46,34
8506,32,37
8510,79,59
8512,55,46
8514,70,62
8516,75,65
8517,74,66
8518,78,86
8520,45,50
8521,48,42
8522,68,69
8523,62,43
8524,57,85
8525,64,49
8526,54,56
8527,47,50
8528,62,74
8529,51,49
8530,71,62
8531,75,85
8533,71,72
8535,50,45
8536,64,74
8537,40,25
8538,52,40
8539,52,33
8541,57,50
8543,59,65
8544,71,54
8545,30,33
8546,81,75
8547,85,78
8550,76,75
8551,82,47
8552,60,55
8553,52,37
8555,76,43
8556,71,74
8557,57,42
8558,31,64
8560,76,67
8561,68,34
8562,81,33
8563,75,85
8564,72,75
8566,83,85
8567,70,48
8568,64,67
8570,70,77
8571,64,58
8572,60,66
8573,75,72
8574,66,61
8576,42,46
8577,84,77
8579,59,40
8582,75,40
8584,56,32
8585,42,74
8586,54,46
8588,60,45
8589,44,63
8590,67,62
8591,63,62
8592,64,77
8593,71,81
8596,87,26
8597,61,61
8598,68,51
8599,85,89
8600,76,73
8602,80,84
8603,67,65
8604,82,72
8606,69,64
8607,59,54
8608,73,67
8609,51,44
8610,71,72
8612,52,56
8613,50,28
8614,61,67
8615,67,90
8617,64,54
8618,61,71
8619,68,44
8620,61,81
8621,58,41
8622,53,49
8625,74,52
8627,83,75
8628,60,33
8629,68,52
8631,80,56
8632,67,68
8633,51,50
8635,62,54
8636,70,57
8637,62,44
8638,75,70
8639,61,70
8640,76,60
8641,62,50
8642,73,84
8643,58,40
8644,44,39
8646,43,44
8647,58,40
8648,65,34
8649,63,52
8650,70,65
8651,58,62
8652,63,76
8653,77,81
8654,71,77
8655,89,79
8656,70,83
8657,62,78
8658,74,69
8660,68,82
8663,49,72
8664,62,75
8665,45,40
8666,69,56
8667,70,78
8669,61,57
8671,62,63
8673,63,45
8674,60,66
8675,82,83
8676,71,49
8677,78,76
8679,66,76
8680,38,45
8681,80,72
8682,78,42
8683,62,63
8684,63,74
8685,83,75
8686,54,54
8687,79,66
8689,50,35
8690,51,62
8691,50,43
8692,56,42
8693,35,80
8694,35,47
8695,70,74
8698,69,68
8699,77,67
8701,73,74
8702,73,72
8703,65,56
8704,44,57
8705,62,76
8706,73,72
8707,62,43
8708,56,31
8710,79,75
8711,73,73
8712,72,41
8713,65,57
8714,69,70
8715,50,48
8716,31,45
8717,70,75
8719,59,57
8720,70,72
8721,60,64
8722,75,51
8724,69,73
8725,64,75
8726,57,65
8727,34,39
8728,52,52
8732,63,80
8733,65,83
8734,64,62
8735,40,87
8736,47,37
8737,60,70
8738,54,43
8741,58,72
8742,76,78
8743,63,39
8744,61,56
8745,60,67
8746,69,69
8747,80,44
8748,38,58
8751,63,79
8752,62,60
8754,58,76
8755,54,68
8757,61,86
8758,63,78
8759,68,66
8761,60,63
8764,68,61
8765,47,34
8767,52,52
8768,45,38
8769,69,59
8770,77,84
8771,38,31
8772,58,74
8773,75,65
8774,45,28
8775,47,51
8776,64,67
8777,47,31
8778,64,53
8779,41,27
8781,48,88
8782,41,87
8783,31,68
8785,55,62
8786,62,77
8787,71,86
8788,59,85
8789,78,86
8790,75,75
8792,69,58
8793,57,49
8794,70,48
8797,45,30
8798,61,69
8801,71,84
8802,64,86
8803,69,82
8804,75,73
8807,60,36
8808,68,86
8809,74,78
8812,68,76
8813,41,65
8814,66,64
8815,80,82
8816,81,32
8819,82,94
8820,58,39
8821,56,71
8822,52,59
8823,66,51
8824,62,66
8826,70,82
8827,75,66
8828,65,72
8829,64,51
8830,80,72
8831,82,73
8832,54,21
8833,63,68
8834,67,63
8835,75,67
8836,66,77
8837,63,40
8838,64,81
8841,21,12
8842,69,72
8843,76,16
8846,74,89
8847,66,46
8848,74,68
8850,50,44
8851,86,81
8852,45,34
8853,79,73
8856,78,69
8857,68,62
8858,77,80
8859,78,73
8860,71,71
8861,69,71
8862,73,60
8864,67,87
8865,59,56
8866,74,70
8867,44,36
8868,53,33
8869,68,66
8871,72,80
8872,70,36
8874,74,64
8875,70,60
8876,62,69
8877,52,59
8878,69,78
8879,74,82
8880,73,67
8881,76,59
8882,65,47
8884,65,47
8885,73,64
8886,60,63
8887,66,78
8888,45,35
8889,65,44
8890,70,78
8891,32,43
8892,58,45
8893,63,48
8894,50,65
8895,71,64
8896,72,77
8897,72,81
8898,54,48
8899,46,43
8902,46,15
8903,46,38
8904,59,46
8905,58,53
8906,64,82
8908,85,81
8910,56,41
8911,79,69
8912,65,46
8913,56,48
8916,55,63
8917,66,65
8919,85,43
8921,77,91
8922,57,45
8923,65,71
8924,74,72
8927,53,83
8928,59,86
8929,69,75
8931,63,73
8933,46,31
8934,79,63
8935,64,44
8936,82,62
8937,74,76
8938,53,80
8939,71,64
8940,54,55
8942,84,80
8943,60,58
8944,36,39
8945,45,85
8946,80,68
8947,72,65
8948,41,27
8949,66,77
8950,63,28
8951,74,80
8952,55,49
8953,68,69
8955,71,75
8958,80,68
8959,66,78
8961,63,67
8962,84,81
8963,72,79
8965,69,94
8966,69,39
8967,60,52
8968,84,76
8969,74,92
8970,51,48
8971,49,62
8972,58,79
8973,79,74
8974,62,51
8976,69,54
8977,68,58
8978,69,77
8979,66,66
8980,62,68
8982,85,85
8983,71,55
8984,72,79
8985,75,37
8986,71,56
8988,69,70
8989,87,78
8990,80,84
8992,42,21
8993,83,87
8994,67,48
8995,49,53
8996,48,40
8997,36,66
8998,79,78
8999,73,72
9000,50,47
9002,68,73
9003,40,23
9004,75,84
9005,63,58
9006,21,17
9007,63,71
9008,83,85
9009,52,43
9010,66,73
9012,78,75
9013,60,39
9016,56,73
9017,75,73
9018,46,42
9019,66,68
9020,66,67
9021,72,73
9022,76,73
9023,48,42
9026,59,74
9028,67,72
9031,76,54
9032,76,93
9033,73,65
9034,63,73
9035,72,68
9036,69,50
9037,78,72
9038,78,74
9041,58,30
9043,72,62
9044,64,52
9046,77,74
9047,78,88
9049,70,86
9051,83,77
9052,60,45
9053,67,85
9054,77,80
9056,63,58
9057,72,72
9058,80,78
9059,64,42
9060,77,66
9061,83,81
9062,73,75
9063,65,60
9064,75,70
9065,80,93
9066,80,86
9067,72,86
9068,40,37
9070,76,76
9072,69,84
9073,70,87
9074,54,49
9075,67,59
9076,61,45
9077,58,51
9078,73,88
9079,78,77
9080,39,21
9081,73,52
9082,65,88
9083,64,54
9085,52,46
9086,73,76
9087,67,72
9088,68,58
9089,41,84
9090,63,64
9092,68,58
9093,75,48
9094,71,29
9095,58,59
9096,53,63
9097,76,22
9098,38,31
9099,65,72
9100,72,65
9101,58,40
9102,70,83
9103,64,72
9104,74,71
9105,77,90
9106,74,65
9107,70,65
9109,77,54
9110,73,49
9112,55,49
9113,47,26
9114,57,57
9115,82,54
9117,80,69
9119,82,88
9120,45,35
9121,76,72
9122,64,56
9123,82,72
9124,62,65
9125,63,68
9127,73,59
9128,63,54
9129,64,49
9130,60,36
9131,69,75
9132,57,59
9133,66,68
9134,57,67
9136,66,70
9137,66,55
9139,63,77
9140,54,60
9141,65,50
9142,67,49
9143,60,21
9146,68,77
9147,66,64
9148,59,61
9150,79,77
9152,44,28
9153,53,37
9154,27,30
9155,83,64
9157,35,31
9158,64,71
9159,67,62
9160,64,51
9161,49,45
9163,69,57
9164,62,70
9165,66,74
9166,63,88
9167,65,68
9168,51,34
9169,51,33
9170,38,47
9172,63,73
9173,73,81
9174,71,79
9175,60,52
9176,72,66
9178,80,63
9179,52,35
9180,77,79
9181,61,57
9182,53,52
9183,64,62
9184,57,78
9186,68,31
9187,71,78
9189,58,70
9190,65,69
9191,61,53
9193,70,52
9194,68,18
9195,75,49
9196,29,53
9197,64,80
9198,55,46
9200,68,76
9201,84,78
9202,74,88
9203,63,41
9204,46,35
9205,73,45
9206,68,30
9207,78,48
9208,70,75
9209,57,49
9210,48,54
9211,76,53
9212,47,44
9213,54,45
9214,79,30
9215,64,73
9216,80,73
9217,81,72
9219,63,48
9220,74,56
9221,75,55
9222,74,58
9224,57,70
9225,50,32
9226,68,74
9227,80,82
9228,73,65
9229,55,38
9230,48,44
9231,76,52
9232,63,74
9233,44,36
9234,63,74
9235,61,63
9236,73,64
9238,65,53
9239,83,68
9240,60,71
9241,38,33
9242,57,84
9243,73,76
9244,72,67
9245,63,46
9246,39,32
9247,68,66
9248,71,82
9249,76,72
9250,62,69
9251,73,67
9253,77,80
9254,71,66
9255,58,44
9256,71,88
9257,73,80
9258,82,44
9259,72,72
9260,73,84
9261,63,69
9265,41,35
9266,69,63
9269,73,75
9271,55,39
9272,57,45
9273,76,58
9274,43,38
9276,75,92
9277,61,58
9278,74,89
9281,64,68
9282,65,55
9283,40,48
9284,74,57
9286,40,76
9287,67,41
9288,60,46
9289,43,37
9290,71,70
9292,87,68
9293,51,48
9294,73,74
9295,62,58
9297,34,34
9298,60,79
9301,63,59
9302,47,41
9303,82,78
9304,59,54
9305,63,42
9306,44,68
9307,53,42
9308,67,71
9309,60,50
9310,78,70
9312,57,81
9313,74,75
9315,80,60
9316,69,74
9318,40,42
9319,76,73
9320,51,46
9321,67,62
9322,74,53
9323,55,82
9324,64,81
9326,49,27
9327,80,72
9328,60,75
9329,60,58
9330,49,53
9331,60,65
9332,48,24
9333,77,66
9334,74,85
9335,62,62
9336,53,63
9337,14,31
9339,50,50
9340,56,56
9341,58,59
9342,59,49
9343,61,62
9344,69,81
9347,60,83
9348,73,90
9349,58,58
9350,40,36
9351,63,56
9352,77,68
9353,83,71
9356,78,67
9357,35,21
9358,68,62
9360,75,87
9361,72,65
9362,66,87
9363,55,58
9364,64,67
9365,53,61
9369,85,85
9370,59,52
9372,83,69
9374,45,24
9375,78,80
9376,77,62
9377,65,56
9378,60,61
9379,78,56
9381,47,50
9382,50,63
9383,75,51
9384,56,51
9385,80,77
9387,64,49
9388,51,70
9389,65,76
9390,75,83
9391,68,69
9392,69,62
9393,76,88
9395,70,61
9396,77,74
9398,77,81
9399,60,57
9400,80,63
9401,64,51
9402,43,40
9403,47,54
9404,71,70
9405,53,43
9406,74,78
9407,69,80
9408,56,49
9409,58,75
9410,76,75
9411,66,54
9412,84,67
9413,79,72
9414,70,67
9415,79,89
9416,64,54
9418,79,63
9419,75,74
9420,55,47
9421,31,34
9422,55,51
9423,63,50
9424,66,69
9425,75,77
9426,67,36
9427,48,71
9428,80,70
9429,78,53
9430,67,60
9431,80,72
9432,77,84
9433,57,74
9434,66,50
9435,69,68
9436,46,53
9437,65,39
9438,81,73
9439,66,44
9440,83,86
9441,72,66
9443,72,67
9444,63,69
9445,77,74
9446,78,67
9447,61,75
9448,79,71
9449,84,68
9450,75,60
9452,43,1
9453,60,91
9454,52,52
9455,69,62
9456,64,79
9457,57,39
9458,68,69
9459,75,52
9460,56,47
9461,68,76
9462,73,83
9463,73,68
9464,60,54
9465,67,78
9466,72,72
9467,25,30
9468,66,57
9469,71,65
9470,55,46
9473,67,74
9475,66,63
9476,58,75
9477,48,56
9478,68,67
9479,65,57
9480,54,38
9481,81,89
9482,44,52
9484,73,77
9485,76,64
9486,65,82
9487,84,65
9488,61,82
9489,55,29
9490,74,41
9494,66,51
9495,79,71
9496,67,85
9497,65,62
9498,46,27
9499,49,66
9500,66,58
9501,75,68
9502,68,46
9503,50,35
9504,75,62
9506,46,19
9507,61,67
9508,51,87
9509,80,73
9511,74,79
9513,58,29
9514,43,60
9516,54,46
9517,35,61
9518,69,67
9520,63,50
9522,49,53
9523,60,85
9524,58,51
9525,61,59
9526,69,81
9527,76,86
9529,77,79
9530,69,62
9531,59,71
9532,42,48
9534,45,39
9535,61,44
9536,65,59
9538,50,35
9539,63,56
9540,69,74
9541,49,69
9542,58,87
9543,57,21
9544,76,74
9545,64,60
9546,75,85
9547,59,57
9549,74,78
9552,85,70
9553,76,66
9554,70,65
9555,82,83
9556,83,26
9557,52,63
9558,44,40
9559,71,70
9560,65,68
9561,49,43
9562,69,60
9563,68,80
9565,84,88
9566,87,72
9567,63,42
9568,78,83
9569,62,70
9570,82,71
9571,70,81
9572,63,35
9573,69,69
9574,70,80
9575,66,64
9576,50,67
9577,62,62
9578,72,60
9579,72,62
9580,74,84
9581,47,53
9582,67,31
9584,75,75
9585,47,58
9587,71,79
9589,73,54
9590,76,87
9592,55,57
9593,69,67
9594,76,66
9596,80,83
9599,66,69
9600,74,80
9601,82,82
9602,64,68
9603,82,71
9606,65,75
9607,78,90
9609,64,43
9610,62,39
9611,44,16
9612,60,77
9613,75,88
9614,72,64
9615,70,57
9616,70,75
9617,83,75
9618,77,49
9619,72,69
9621,67,71
9622,36,39
9623,69,68
9626,49,39
9627,79,78
9628,82,77
9630,62,61
9632,72,61
9636,73,59
9637,69,60
9639,75,79
9640,49,43
9641,63,51
9642,46,64
9643,73,55
9647,71,76
9648,64,71
9649,57,52
9650,80,69
9651,73,57
9652,40,75
9653,45,62
9655,66,70
9656,65,59
9657,66,75
9658,69,84
9659,70,66
9660,64,71
9661,38,32
9662,77,96
9663,71,52
9664,85,94
9665,73,71
9666,84,93
9667,55,70
9668,77,91
9670,65,51
9671,64,63
9672,63,78
9674,79,87
9675,76,81
9677,58,70
9678,58,60
9679,49,37
9680,56,73
9682,36,71
9685,65,42
9686,69,66
9687,69,71
9688,64,53
9689,55,60
9690,64,44
9692,81,68
9693,61,67
9694,45,53
9696,59,51
9697,82,75
9699,71,87
9700,60,44
9701,86,87
9702,68,42
9703,78,58
9704,58,70
9705,85,91
9706,67,66
9707,58,59
9708,43,33
9709,69,55
9710,69,66
9711,79,90
9712,59,46
9713,61,40
9714,57,62
9715,28,24
9716,65,59
9717,66,61
9718,74,75
9719,75,48
9720,66,59
9722,60,64
9723,60,50
9724,56,42
9726,66,79
9728,56,54
9729,46,19
9731,61,46
9733,71,77
9737,58,40
9738,47,51
9740,40,74
9741,77,75
9742,65,43
9743,68,62
9745,55,47
9746,79,68
9747,64,19
9748,47,37
9749,53,76
9751,61,66
9752,79,86
9753,69,71
9755,52,41
9756,62,63
9757,75,44
9758,56,61
9759,15,34
9760,60,57
9761,71,68
9762,60,78
9763,69,78
9764,50,48
9766,67,65
9767,51,51
9768,53,45
9769,52,57
9770,51,66
9773,34,49
9774,78,85
9775,56,60
9776,85,53
9777,72,68
9778,63,57
9779,52,53
9780,70,79
9781,43,35
9782,83,75
9783,84,73
9784,63,76
9785,80,71
9786,79,70
9787,68,69
9791,68,78
9792,82,88
9793,74,67
9794,72,67
9795,79,54
9796,48,44
9797,83,51
9798,73,76
9799,76,68
9800,53,63
9801,62,57
9802,65,82
9803,39,39
9804,67,81
9805,68,61
9806,64,78
9807,82,86
9809,39,86
9810,29,64
9811,67,79
9813,73,68
9814,62,51
9816,71,85
9817,54,54
9818,73,56
9819,71,53
9820,78,53
9821,63,73
9822,69,69
9823,53,55
9824,68,65
9825,60,43
9826,80,75
9827,72,58
9828,60,58
9829,67,77
9830,55,45
9831,65,52
9832,69,60
9833,76,62
9834,58,49
9835,70,62
9836,65,82
9837,81,83
9839,77,65
9840,68,39
9841,64,81
9842,46,68
9843,71,86
9844,58,51
9845,83,72
9847,55,55
9849,66,49
9850,93,10
9851,52,79
9852,63,77
9853,54,57
9854,55,66
9855,76,71
9856,72,67
9858,65,49
9859,30,8
9860,65,46
9861,61,66
9862,32,44
9863,55,63
9864,80,75
9865,68,58
9868,44,30
9869,83,71
9870,76,51
9871,56,31
9872,45,69
9873,55,49
9874,71,88
9875,64,48
9876,65,72
9877,69,68
9879,78,54
9880,55,57
9881,59,74
9883,63,46
9884,59,76
9885,74,69
9886,76,76
9887,68,60
9888,70,64
9889,53,77
9890,56,74
9891,68,68
9892,47,45
9893,58,63
9894,46,41
9895,67,60
9897,79,78
9898,41,53
9899,62,47
9900,55,55
9901,63,61
9902,5,80
9903,60,46
9904,68,52
9905,66,67
9906,66,72
9907,72,78
9908,73,81
9909,56,50
9910,48,39
9911,47,39
9912,46,56
9913,78,68
9914,52,57
9916,70,71
9917,75,53
9918,64,36
9919,75,73
9920,39,35
9921,57,48
9923,77,71
9924,74,43
9925,70,61
9926,74,68
9927,77,73
9928,43,36
9929,65,65
9930,50,74
9931,78,37
9932,63,91
9933,59,52
9934,71,51
9936,54,63
9937,66,49
9938,67,53
9939,48,84
9940,73,44
9941,72,75
9942,83,69
9943,68,64
9944,61,60
9947,55,67
9948,68,64
9949,44,40
9950,71,48
9951,54,53
9952,74,69
9953,70,55
9954,78,80
9957,54,43
9958,79,67
9959,70,79
9960,72,64
9961,75,53
9962,59,70
9963,77,69
9964,87,65
9965,83,42
9966,78,66
9967,81,65
9968,72,83
9971,62,55
9973,84,86
9975,73,68
9979,70,67
9980,43,38
9981,54,38
9982,80,56
9983,62,65
9984,66,40
9985,55,53
9986,53,81
9987,79,40
9989,61,48
9990,58,60
9991,49,55
9992,75,56
9994,76,82
9995,79,84
9996,87,80
9997,63,53
9998,75,81
9999,55,32
10000,82,82
10001,61,60
10005,62,55
10006,74,69
10007,64,72
10008,56,25
10009,75,69
10011,69,81
10012,73,57
10013,61,60
10014,55,80
10015,61,50
10016,61,37
10017,66,76
10018,74,72
10019,59,42
10021,70,70
10022,65,65
10023,82,89
10024,53,42
10025,60,67
10028,74,80
10031,50,63
10032,66,83
10033,66,55
10035,63,67
10037,76,89
10038,86,85
10039,68,72
10040,75,83
10041,60,58
10042,70,83
10044,51,73
10046,67,29
10047,65,60
10049,76,78
10050,74,72
10051,70,57
10053,68,77
10054,63,47
10055,58,57
10056,63,50
10057,64,58
10058,51,63
10059,62,67
10060,75,38
10061,67,85
10062,64,61
10064,75,43
10065,41,35
10066,76,70
10067,72,63
10068,58,69
10070,68,60
10071,20,64
10072,84,92
10073,51,43
10074,58,80
10075,67,71
10076,79,74
10077,70,76
10078,70,55
10079,69,80
10080,61,60
10081,53,52
10083,66,51
10084,77,86
10085,76,64
10086,61,45
10087,62,72
10090,76,82
10091,16,31
10092,15,74
10093,81,76
10094,72,76
10095,61,43
10096,60,47
10098,61,49
10099,58,42
10100,74,63
10101,63,74
10102,44,18
10106,65,58
10107,80,77
10109,48,31
10110,50,51
10111,62,55
10112,77,61
10114,66,69
10115,70,63
10116,61,79
10117,80,48
10118,74,78
10120,80,86
10121,68,40
10123,97,76
10124,70,79
10125,61,80
10127,57,59
10130,83,78
10131,68,64
10132,73,56
10133,75,26
10134,55,42
10135,70,63
10136,70,70
10137,49,28
10138,33,71
10139,58,61
10140,74,77
10141,41,48
10142,67,66
10144,64,70
10145,58,69
10146,66,38
10147,56,57
10149,90,59
10150,75,76
10151,50,46
10152,52,64
10153,43,36
10154,67,70
10155,80,87
10158,60,59
10159,82,42
10160,74,72
10161,72,70
10162,54,38
10163,63,84
10164,42,39
10165,33,31
10166,89,96
10167,52,46
10169,52,63
10170,79,62
10171,50,46
10172,75,75
10173,78,61
10174,57,69
10175,79,58
10176,64,43
10177,80,69
10178,70,83
10179,58,69
10180,80,83
10181,36,51
10182,65,55
10183,58,54
10184,36,74
10185,61,31
10187,60,55
10188,58,80
10189,59,49
10190,58,84
10191,65,55
10193,58,60
10194,67,80
10197,68,53
10199,63,34
10200,64,51
10201,71,66
10202,73,80
10203,73,60
10205,79,67
10206,39,54
10208,81,94
10209,81,94
10210,58,47
10211,72,59
10212,74,73
10213,87,65
10214,58,50
10215,61,47
10216,43,24
10217,46,32
10218,61,76
10219,61,48
10220,49,48
10222,67,79
10223,64,85
10224,31,52
10225,82,71
10227,83,81
10228,79,81
10231,55,55
10232,72,66
10233,30,27
10234,74,80
10235,61,51
10236,72,80
10237,56,76
10238,79,73
10239,68,64
10240,36,75
10243,70,85
10245,72,89
10246,77,82
10247,64,74
10248,76,75
10250,60,76
10252,53,45
10253,67,61
10254,71,65
10255,54,81
10257,53,60
10258,66,81
10259,26,25
10260,86,95
10261,57,60
10263,56,41
10264,74,78
10265,19,49
10266,62,64
10269,64,58
10270,49,43
10271,75,68
10272,45,54
10273,58,28
10274,72,91
10276,53,32
10277,86,81
10278,46,53
10279,83,69
10280,84,78
10281,67,62
10282,71,68
10283,75,91
10284,70,54
10285,70,51
10286,67,77
10287,40,41
10288,73,73
10290,66,78
10291,35,33
10292,84,41
10294,55,39
10295,66,48
10296,58,52
10297,85,72
10298,48,34
10299,67,59
10300,53,26
10301,45,80
10302,69,51
10303,59,58
10304,60,70
10305,53,83
10306,79,51
10307,70,51
10308,41,35
10309,65,75
10310,65,84
10311,83,41
10312,50,64
10313,62,77
10314,70,75
10315,90,65
10316,53,79
10317,42,45
10318,67,64
10319,74,68
10320,28,60
10322,62,64
10323,65,61
10324,59,64
10325,65,60
10326,54,54
10327,71,79
10328,45,22
10329,68,61
10330,68,71
10331,43,49
10334,72,70
10335,81,47
10336,55,32
10337,31,35
10338,61,62
10340,51,72
10342,80,77
10343,80,63
10344,74,53
10345,44,29
10346,62,71
10348,77,61
10349,50,81
10350,66,70
10351,64,48
10352,64,44
10353,20,57
10354,69,86
10355,50,66
10356,80,70
10357,66,61
10358,76,63
10359,70,57
10361,57,52
10362,62,42
10363,69,83
10364,69,66
10365,69,72
10366,29,44
10367,65,76
10368,67,55
10369,80,82
10370,79,82
10371,69,56
10372,67,72
10373,70,89
10374,58,51
10375,65,58
10376,73,61
10378,60,49
10379,64,65
10380,75,59
10382,62,57
10383,67,66
10384,67,76
10386,70,64
10387,50,44
10389,83,77
10390,59,41
10392,57,67
10394,8,92
10395,74,61
10396,65,50
10397,30,42
10398,55,72
10399,80,44
10400,63,51
10402,69,73
10403,74,86
10404,50,63
10405,63,53
10407,62,62
10408,53,64
10409,55,42
10411,33,35
10412,65,61
10414,63,64
10415,40,41
10416,61,60
10419,44,52
10420,75,65
10421,64,51
10422,53,55
10423,41,56
10424,73,81
10427,58,42
10428,40,69
10429,62,55
10430,37,53
10431,76,69
10433,65,74
10434,68,68
10435,62,56
10436,73,74
10437,64,56
10438,60,42
10439,76,60
10440,52,75
10441,75,79
10442,36,63
10443,80,77
10444,50,51
10445,67,60
10447,62,70
10448,64,68
10452,62,53
10453,81,74
10455,64,61
10456,54,55
10457,68,69
10458,69,66
10459,80,83
10460,63,65
10462,59,69
10464,40,49
10465,67,87
10466,83,73
10467,57,53
10468,70,44
10469,51,46
10470,45,33
10471,45,72
10473,65,53
10475,57,43
10476,82,86
10479,42,31
10481,75,71
10484,52,59
10485,81,79
10486,61,69
10488,83,84
10489,74,74
10490,69,58
10491,66,84
10493,55,54
10496,65,59
10497,65,76
10498,21,15
10499,55,66
10502,28,31
10504,57,82
10508,68,67
10509,69,67
10511,84,60
10512,63,58
10513,56,46
10514,73,77
10515,68,79
10516,63,73
10517,75,68
10519,52,54
10520,70,85
10523,77,50
10524,71,82
10525,48,47
10526,60,46
10529,62,29
10531,77,86
10533,72,71
10534,68,41
10536,76,90
10537,78,70
10538,65,75
10539,73,83
10540,71,76
10541,61,64
10542,71,64
10544,77,83
10545,62,77
10546,59,70
10549,31,34
10551,55,74
10552,42,38
10553,57,72
10556,53,62
10557,67,45
10559,59,62
10560,50,56
10563,33,39
10564,57,62
10565,57,71
10566,63,73
10568,88,84
10569,58,67
10570,57,68
10571,57,70
10572,50,80
10573,69,56
10576,76,81
10577,56,32
10579,48,58
10580,76,79
10581,52,81
10582,56,46
10585,62,44
10588,52,59
10589,53,22
10590,64,52
10591,73,58
10592,69,79
10593,78,84
10595,51,51
10596,58,42
10597,64,61
10601,85,57
10602,62,67
10605,49,67
10607,75,58
10608,53,46
10609,50,51
10610,52,40
10611,64,61
10613,23,70
10614,60,61
10616,71,69
10617,84,64
10618,61,65
10621,77,50
10622,67,69
10624,67,60
10625,46,35
10626,71,64
10628,42,43
10629,49,77
10630,70,74
10631,68,73
10632,73,69
10634,72,69
10636,74,79
10637,30,66
10638,68,78
10639,36,79
10640,9,67
10641,70,73
10642,77,78
10643,2,61
10647,68,61
10648,48,59
10650,82,57
10651,78,55
10652,56,48
10653,45,82
10654,68,70
10655,52,43
10656,70,53
10658,53,57
10659,66,80
10660,78,67
10661,25,68
10663,51,39
10664,72,78
10665,42,62
10667,33,34
10669,51,58
10670,77,76
10671,67,70
10672,43,58
10673,53,66
10674,58,63
10675,55,39
10676,57,65
10677,75,89
10678,72,71
10679,63,73
10680,72,72
10681,54,67
10682,67,78
10683,67,80
10684,59,62
10685,40,45
10686,55,42
10687,52,53
10688,83,62
10689,78,38
10690,53,34
10691,64,67
10692,54,91
10693,74,70
10694,54,54
10695,60,58
10696,67,80
10697,71,69
10698,83,55
10699,60,46
10700,75,63
10701,74,75
10702,49,46
10703,76,72
10704,62,50
10705,72,74
10707,82,87
10709,74,93
10710,59,68
10711,47,47
10712,46,61
10715,24,80
10716,68,60
10717,56,64
10718,56,88
10719,52,44
10720,36,54
10721,60,58
10723,72,72
10727,65,53
10729,62,63
10730,65,71
10731,62,72
10732,61,61
10734,27,73
10735,75,38
10736,67,72
10737,17,40
10739,73,86
10740,56,57
10741,64,40
10742,63,72
10743,64,67
10744,28,69
10745,59,69
10746,30,81
10747,63,79
10749,70,82
10750,73,66
10751,87,87
10755,80,95
10756,60,56
10758,31,27
10759,72,67
10760,74,90
10761,79,82
10762,70,56
10764,54,34
10765,70,72
10766,58,51
10767,74,69
10769,67,87
10770,42,35
10771,52,51
10772,66,56
10773,73,58
10774,59,41
10775,70,52
10776,62,95
10777,70,76
10781,60,39
10782,81,79
10784,73,79
10786,61,49
10787,26,30
10788,61,63
10790,72,93
10791,67,84
10792,80,76
10793,65,55
10794,4,62
10795,62,72
10796,61,56
10797,66,74
10799,69,89
10800,80,89
10802,63,55
10803,59,77
10804,50,27
10805,46,58
10806,51,38
10807,73,85
10808,73,66
10809,53,42
10811,81,78
10812,50,42
10813,63,64
10814,53,61
10815,40,47
10816,69,87
10817,61,74
10818,68,82
10819,68,73
10820,69,83
10821,57,65
10822,72,73
10823,82,83
10824,77,81
10825,48,51
10826,34,60
10827,78,70
10828,67,66
10829,36,66
10832,82,83
10834,70,76
10835,56,52
10836,58,47
10837,54,42
10839,81,24
10840,58,81
10842,45,45
10843,45,73
10844,68,73
10845,59,44
10847,68,85
10849,79,82
10850,69,85
10851,80,52
10853,67,57
10854,70,67
10858,80,77
10859,43,46
10860,64,54
10861,72,81
10862,61,69
10863,72,53
10864,70,83
10865,70,73
10866,57,54
10867,50,68
10869,69,95
10870,46,46
10871,58,62
10872,60,40
10873,65,63
10874,63,71
10875,60,53
10877,62,62
10878,54,31
10880,57,82
10882,62,82
10884,60,64
10885,50,24
10886,76,66
10887,55,73
10888,58,56
10889,74,85
10890,54,61
10891,66,23
10892,72,61
10893,73,53
10894,63,73
10895,59,65
10896,77,44
10897,58,26
10899,51,62
10900,30,66
10902,53,41
10904,51,81
10906,80,70
10907,72,44
10908,67,41
10910,47,82
10911,86,88
10912,55,52
10913,71,69
10914,53,32
10915,72,62
10917,24,75
10918,47,54
10919,70,65
10920,60,54
10921,71,56
10922,53,38
10923,44,52
10925,62,50
10926,48,45
10927,82,97
10928,69,75
10929,74,83
10931,72,84
10933,63,68
10934,50,40
10935,46,67
10937,68,88
10938,42,86
10939,49,46
10940,72,70
10941,86,54
10942,70,44
10943,41,64
10944,50,58
10945,46,83
10946,70,65
10948,25,90
10949,46,70
10950,74,32
10951,62,61
10952,76,64
10953,70,50
10955,77,81
10957,69,59
10958,64,67
10959,51,32
10961,74,79
10962,57,64
10964,47,36
10965,62,91
10968,55,60
10969,63,46
10970,67,69
10971,50,77
10972,32,34
10973,50,44
10977,66,87
10978,43,63
10979,38,59
10980,73,58
10981,6,22
10983,49,63
10984,84,72
10985,63,44
10988,77,82
10990,69,70
10992,46,49
10993,63,87
10995,70,40
10996,51,52
10997,70,83
10998,70,56
11000,73,83
11001,80,81
11003,42,24
11004,38,41
11005,52,46
11006,60,40
11007,50,36
11008,64,56
11009,76,68
11014,70,67
11015,48,68
11017,69,57
11018,69,67
11019,49,57
11020,69,41
11021,58,49
11022,64,54
11023,77,81
11024,53,40
11025,58,59
11026,69,82
11027,50,71
11028,51,41
11030,56,59
11031,64,68
11033,78,76
11034,37,62
11035,58,45
11037,64,69
11039,67,48
11040,73,71
11041,71,59
11043,68,74
11046,3,77
11047,61,60
11050,42,49
11051,64,53
11053,63,75
11054,70,77
11055,33,35
11056,50,28
11057,66,44
11060,58,69
11061,67,76
11062,69,84
11063,50,43
11064,42,52
11065,69,67
11066,42,25
11067,54,32
11068,64,53
11069,51,64
11071,77,71
11074,71,65
11075,50,74
11077,64,80
11079,49,54
11081,47,58
11082,44,54
11084,72,76
11085,60,45
11087,49,42
11088,62,66
11090,47,38
11091,62,76
11092,61,76
11093,57,67
11095,73,96
11096,51,39
11097,47,53
11098,64,45
11100,64,67
11101,70,61
11104,85,69
11106,43,47
11108,54,48
11109,65,68
11110,60,58
11112,72,82
11113,60,79
11114,34,36
11115,18,57
11118,57,54
11119,54,48
11120,57,57
11121,68,74
11122,15,24
11123,53,55
11125,41,56
11126,47,43
11127,78,73
11128,34,73
11129,48,74
11130,61,50
11133,69,72
11136,61,60
11137,63,85
11138,46,48
11139,69,76
11140,66,67
11141,57,61
11143,39,36
11144,68,66
11146,73,72
11147,65,66
11148,63,63
11149,16,36
11151,45,52
11152,79,74
11154,66,46
11155,50,71
11156,76,84
11157,71,62
11158,42,85
11160,72,61
11161,74,79
11163,60,74
11164,33,36
11165,62,53
11167,65,50
11169,54,46
11170,47,46
11171,67,68
11172,56,48
11173,77,55
11175,51,72
11176,31,36
11177,71,67
11178,53,59
11179,52,49
11181,70,41
11184,71,71
11186,32,48
11188,57,74
11189,67,67
11190,15,34
11192,72,83
11193,67,62
11194,6,70
11195,61,47
11197,63,51
11198,58,45
11199,63,57
11200,78,67
11202,68,77
11203,53,54
11204,63,54
11205,66,58
11206,64,61
11207,54,58
11208,44,80
11210,41,53
11211,59,55
11212,53,72
11213,70,60
11214,50,31
11215,64,79
11216,47,57
11217,53,39
11219,77,78
11222,65,63
11224,69,41
11226,48,55
11227,52,53
11228,38,29
11229,72,69
11230,36,37
11231,49,60
11232,65,75
11233,59,49
11234,68,75
11235,42,45
11236,59,63
11237,52,82
11239,63,68
11240,80,81
11241,63,68
11243,81,84
11244,65,81
11246,56,42
11247,72,56
11253,72,67
11254,75,87
11255,74,86
11256,73,76
11257,51,72
11259,63,42
11262,70,74
11263,80,74
11265,75,65
11266,76,63
11267,72,74
11268,65,68
11269,67,85
11271,57,57
11272,68,49
11273,73,88
11274,71,65
11276,66,37
11278,58,90
11280,71,80
11283,63,52
11284,69,57
11286,73,42
11288,59,37
11289,68,76
11290,67,72
11291,61,55
11293,65,75
11294,17,35
11296,18,63
11298,75,74
11299,43,52
11300,76,80
11301,69,89
11302,65,74
11303,78,73
11305,69,82
11306,68,82
11307,78,45
11310,68,76
11313,60,90
11314,55,68
11315,72,85
11316,58,66
11317,44,61
11318,55,61
11319,74,91
11320,70,75
11321,79,59
11322,36,44
11323,58,78
11324,67,78
11325,66,41
11326,67,90
11328,64,81
11329,71,73
11331,45,57
11332,73,91
11333,78,94
11334,55,52
11335,73,76
11337,23,52
11339,61,60
11340,65,49
11341,58,57
11342,68,80
11344,66,75
11345,68,77
11346,73,85
11347,57,66
11348,46,43
11349,71,70
11350,89,71
11351,70,66
11352,61,86
11353,61,85
11354,55,53
11355,70,49
11356,51,44
11357,38,63
11359,76,88
11360,42,42
11361,63,53
11362,70,87
11363,72,91
